scene_stimulus,scene_label,scene_img,correct_key,thisN,thisTrialN,thisRepN,key_sceneLearn.keys,key_sceneLearn.rt,key_sceneLearn.duration,scene_image,key_resp.keys,key_resp.rt,key_resp.duration,key_part2.keys,key_part2.corr,key_part2.rt,key_part2.duration,qst_num,question,options,correct_answer,label_current,scene_again,key_part3_instructions.keys,key_part3_instructions.rt,key_part3_instructions.duration,key_rate.keys,key_rate.corr,key_rate.rt,key_rate.duration,key_question.keys,key_question.corr,key_question.rt,key_question.duration,key_sceneLearn_2.keys,key_sceneLearn_2.rt,key_sceneLearn_2.duration,scene_cat,item_stimulus,item_cat,item_type,congruency,key_resp_congruency.keys,key_resp_congruency.corr,key_resp_congruency.rt,key_resp_congruency.duration,key_resp_context.keys,key_resp_context.corr,key_resp_context.rt,key_resp_context.duration,key_resp_context_conf.keys,key_resp_scenes.keys,key_resp_scenes.corr,key_resp_scenes.rt,key_resp_scenes.duration,key_resp_scene_conf.keys,key_resp_context_conf.rt,key_resp_context_conf.duration,key_resp_scene_conf.rt,key_resp_scene_conf.duration,trials_part1.thisRepN,trials_part1.thisTrialN,trials_part1.thisN,trials_part1.thisIndex,skip_to_part4_debug.thisRepN,skip_to_part4_debug.thisTrialN,skip_to_part4_debug.thisN,skip_to_part4_debug.thisIndex,skip_loop_debug.thisRepN,skip_loop_debug.thisTrialN,skip_loop_debug.thisN,skip_loop_debug.thisIndex,part2_loop.thisRepN,part2_loop.thisTrialN,part2_loop.thisN,part2_loop.thisIndex,part3_loop.thisRepN,part3_loop.thisTrialN,part3_loop.thisN,part3_loop.thisIndex,visualization_loop.thisRepN,visualization_loop.thisTrialN,visualization_loop.thisN,visualization_loop.thisIndex,skip_loop.thisRepN,skip_loop.thisTrialN,skip_loop.thisN,skip_loop.thisIndex,loop_msg.thisRepN,loop_msg.thisTrialN,loop_msg.thisN,loop_msg.thisIndex,trials_enc.thisRepN,trials_enc.thisTrialN,trials_enc.thisN,trials_enc.thisIndex,trials_retrieval.thisRepN,trials_retrieval.thisTrialN,trials_retrieval.thisN,trials_retrieval.thisIndex,thisRow.t,notes,piloting,get_sub_vars.started,get_sub_vars.stopped,overall_instructions.started,text_instructions.started,key_welcome.started,overall_instructions.stopped,key_welcome.keys,key_welcome.rt,key_welcome.duration,part1_instructions.started,text_instructions_part1.started,key_instructions_part1.started,part1_instructions.stopped,key_instructions_part1.keys,key_instructions_part1.rt,key_instructions_part1.duration,part1.started,scene_image_part1.started,scene_name_part1.started,text_scenename.started,text_memorize.started,key_sceneLearn.started,part1.stopped,trials_part1.key_sceneLearn.keys,trials_part1.key_sceneLearn.rt,trials_part1.key_sceneLearn.duration,part1_instructions_2.started,text_instructions_part1_2.started,key_instructions_part1_2.started,part1_instructions_2.stopped,key_instructions_part1_2.keys,key_instructions_part1_2.rt,key_instructions_part1_2.duration,part1_compare.started,image1.started,image2.started,image3.started,image4.started,textbox1.started,textbox2.started,textbox3.started,textbox4.started,key_compare.started,part1_compare.stopped,key_compare.keys,key_compare.rt,key_compare.duration,part2_instructions.started,text_instructions_part2.started,key_resp.started,part2_instructions.stopped,skip_to_part4_debug.key_resp.keys,skip_to_part4_debug.key_resp.rt,skip_to_part4_debug.key_resp.duration,part2.started,scene_part2.started,part2.stopped,part2_question.started,text_part2_question.started,key_part2.started,part2_question.stopped,part2_loop.key_part2.keys,part2_loop.key_part2.corr,part2_loop.key_part2.rt,part2_loop.key_part2.duration,part2_feedback.started,text_part2_feedback.started,text_part2_feedback.stopped,part2_feedback.stopped,scene_part2.stopped,part3_instructions.started,text_part3_instructions.started,key_part3_instructions.started,part3_instructions.stopped,skip_loop_debug.key_part3_instructions.keys,skip_loop_debug.key_part3_instructions.rt,skip_loop_debug.key_part3_instructions.duration,reset_vis_vars.started,reset_vis_vars.stopped,skip_answered_questions.started,skip_answered_questions.stopped,blank1000.started,text_2.started,text_2.stopped,blank1000.stopped,part3_visualize.started,text_visualize.started,textbox_scene_name.started,part3_visualize.stopped,part3_rate.started,text_rate.started,key_rate.started,part3_rate.stopped,visualization_loop.key_rate.keys,visualization_loop.key_rate.corr,visualization_loop.key_rate.rt,visualization_loop.key_rate.duration,part3_question.started,text_question.started,text_option.started,key_question.started,text_5.started,part3_question.stopped,visualization_loop.key_question.keys,visualization_loop.key_question.corr,visualization_loop.key_question.rt,visualization_loop.key_question.duration,study_again.started,study_image1.started,study_name1.started,key_sceneLearn_2.started,text_3.started,text_4.started,study_again.stopped,skip_loop.key_sceneLearn_2.keys,skip_loop.key_sceneLearn_2.rt,skip_loop.key_sceneLearn_2.duration,text_visualize.stopped,textbox_scene_name.stopped,msg_next_scene.started,text_next_scene.started,text_next_scene.stopped,msg_next_scene.stopped,part4_instructions.started,text_part4_instructions.started,key_part4_instructions.started,part4_instructions.stopped,key_part4_instructions.keys,key_part4_instructions.rt,key_part4_instructions.duration,enc_instruction_screen.started,text_enc_instruction.started,key_proceed.started,enc_instruction_screen.stopped,key_proceed.keys,key_proceed.rt,key_proceed.duration,enc_inst_2.started,text_relatedness_keys.started,key_proceed_2.started,enc_inst_2.stopped,key_proceed_2.keys,key_proceed_2.rt,key_proceed_2.duration,get_stim_list.started,get_stim_list.stopped,scene_item_presentation.started,image_scene.started,image_item.started,scene_item_presentation.stopped,congruency_response.started,text_congruency.started,key_resp_congruency.started,congruency_response.stopped,trials_enc.key_resp_congruency.keys,trials_enc.key_resp_congruency.corr,blank1000_2.started,text_6.started,text_6.stopped,blank1000_2.stopped,text_congruency.stopped,key_resp_congruency.stopped,trials_enc.key_resp_congruency.rt,trials_enc.key_resp_congruency.duration,ret_inst_gen.started,text_7.started,ret_inst_gen.stopped,key_continue_7.keys,key_continue_7.rt,key_continue_7.duration,ret_inst_1.started,image_inst1.started,key_continue.started,ret_inst_1.stopped,key_continue.keys,key_continue.rt,key_continue.duration,ret_inst_2.started,image_inst2.started,ret_inst_2.stopped,key_continue_2.keys,key_continue_2.rt,key_continue_2.duration,ret_inst_3.started,image_inst3.started,ret_inst_3.stopped,key_continue_3.keys,key_continue_3.rt,key_continue_3.duration,ret_inst_4.started,image_inst4.started,ret_inst_4.stopped,key_continue_4.keys,key_continue_4.rt,key_continue_4.duration,ret_inst_5.started,image_inst5.started,ret_inst_5.stopped,key_continue_5.keys,key_continue_5.rt,key_continue_5.duration,ret_inst_6.started,image_inst6.started,ret_inst_6.stopped,key_continue_6.keys,key_continue_6.rt,key_continue_6.duration,item_imagine_scene.started,item_cue.started,item_imagine_scene.stopped,select_context.started,text_contrext_headline.started,text_sea.started,text_jungle.started,key_resp_context.started,select_context.stopped,trials_retrieval.key_resp_context.keys,trials_retrieval.key_resp_context.corr,trials_retrieval.key_resp_context.rt,trials_retrieval.key_resp_context.duration,blank500.started,text_blank.started,text_blank.stopped,blank500.stopped,context_confidence.started,text_context_choice.started,slider_context_conf.started,key_resp_context_conf.started,key_resp_context_conf.stopped,text_context_choice.stopped,slider_context_conf.stopped,context_confidence.stopped,trials_retrieval.key_resp_context_conf.keys,select_scene_name.started,text_scene_headline.started,text_actual_context.started,text_q_scene.started,text_labels.started,key_resp_scenes.started,select_scene_name.stopped,trials_retrieval.key_resp_scenes.keys,trials_retrieval.key_resp_scenes.corr,trials_retrieval.key_resp_scenes.rt,trials_retrieval.key_resp_scenes.duration,select_confidence.started,text_chosen_scene.started,slider_scene_conf.started,key_resp_scene_conf.started,key_resp_scene_conf.stopped,text_chosen_scene.stopped,slider_scene_conf.stopped,select_confidence.stopped,trials_retrieval.key_resp_scene_conf.keys,blank3000.started,text_blank3000.started,text_blank3000.stopped,blank3000.stopped,item_cue.stopped,trials_retrieval.key_resp_context_conf.rt,trials_retrieval.key_resp_context_conf.duration,text_scene_headline.stopped,text_actual_context.stopped,text_q_scene.stopped,text_labels.stopped,key_resp_scenes.stopped,trials_retrieval.key_resp_scene_conf.rt,trials_retrieval.key_resp_scene_conf.duration,end_screen_2.started,text_end_screen.started,key_resp_exit.started,text_end_screen.stopped,key_resp_exit.stopped,end_screen_2.stopped,key_resp_exit.keys,participant,session,date,expName,expVersion,psychopyVersion,frameRate,expStart,
,,,,,,,,,,,,,,,,,,,,,,,,,,,,,,,,,,,,,,,,,,,,,,,,,,,,,,,,,,,,,,,,,,,,,,,,,,,,,,,,,,,,,,,,,,,,,,,,,,,,,,,False,0.003566299972590059,0.0036312000011093915,,,,,,,,,,,,,,,,,,,,,,,,,,,,,,,,,,,,,,,,,,,,,,,,,,,,,,,,,,,,,,,,,,,,,,,,,,,,,,,,,,,,,,,,,,,,,,,,,,,,,,,,,,,,,,,,,,,,,,,,,,,,,,,,,,,,,,,,,,,,,,,,,,,,,,,,,,,,,,,,,,,,,,,,,,,,,,,,,,,,,,,,,,,,,,,,,,,,,,,,,,,,,,,,,,,,,,,,,,,,,,,,,,,,,,,,,,,,,,,,,,,,,,,,,,,,,,,,,,,,,,,,,,,,,,,,,203,1,2026-07-10_10h00.19.295,SBL_superimposed_training_task,,2026.1.3,120.29727860177769,2026-07-10 10h00.20.646196 -0400,
,,,,,,,,,,,,,,,,,,,,,,,,,,,,,,,,,,,,,,,,,,,,,,,,,,,,,,,,,,,,,,,,,,,,,,,,,,,,,,,,,,,,,,,,,,,,,,,,,,,,,,,,,,0.003651999984867871,0.00804349995451048,0.9999528999906033,48.08956729999045,space,47.06729770003585,None,,,,,,,,,,,,,,,,,,,,,,,,,,,,,,,,,,,,,,,,,,,,,,,,,,,,,,,,,,,,,,,,,,,,,,,,,,,,,,,,,,,,,,,,,,,,,,,,,,,,,,,,,,,,,,,,,,,,,,,,,,,,,,,,,,,,,,,,,,,,,,,,,,,,,,,,,,,,,,,,,,,,,,,,,,,,,,,,,,,,,,,,,,,,,,,,,,,,,,,,,,,,,,,,,,,,,,,,,,,,,,,,,,,,,,,,,,,,,,,,,,,,,,,,,,,,,,,,,,,,,,,,,,203,1,2026-07-10_10h00.19.295,SBL_superimposed_training_task,,2026.1.3,120.29727860177769,2026-07-10 10h00.20.646196 -0400,
,,,,,,,,,,,,,,,,,,,,,,,,,,,,,,,,,,,,,,,,,,,,,,,,,,,,,,,,,,,,,,,,,,,,,,,,,,,,,,,,,,,,,,,,,,,,,,,,,,,,,,,,,,,,,,,,,48.08961470000213,48.09231599996565,48.09231599996565,51.509151500009466,space,3.414874400012195,None,,,,,,,,,,,,,,,,,,,,,,,,,,,,,,,,,,,,,,,,,,,,,,,,,,,,,,,,,,,,,,,,,,,,,,,,,,,,,,,,,,,,,,,,,,,,,,,,,,,,,,,,,,,,,,,,,,,,,,,,,,,,,,,,,,,,,,,,,,,,,,,,,,,,,,,,,,,,,,,,,,,,,,,,,,,,,,,,,,,,,,,,,,,,,,,,,,,,,,,,,,,,,,,,,,,,,,,,,,,,,,,,,,,,,,,,,,,,,,,,,,,,,,,,,,,,,,,,,,,203,1,2026-07-10_10h00.19.295,SBL_superimposed_training_task,,2026.1.3,120.29727860177769,2026-07-10 10h00.20.646196 -0400,
J1,Malbow,stimuli/scenes/scene_J1.jpg,1,0,0,0,space,19.870599700021558,None,,,,,,,,,,,,,,,,,,,,,,,,,,,,,,,,,,,,,,,,,,,,,,,,,,,,0,0,0,0,,,,,,,,,,,,,,,,,,,,,,,,,,,,,,,,,,,,,51.657786299998406,,,,,,,,,,,,,,,,,,,51.63691179995658,51.657786299998406,51.657786299998406,51.657786299998406,51.657786299998406,52.5009132999694,72.37667979998514,space,19.870599700021558,None,,,,,,,,,,,,,,,,,,,,,,,,,,,,,,,,,,,,,,,,,,,,,,,,,,,,,,,,,,,,,,,,,,,,,,,,,,,,,,,,,,,,,,,,,,,,,,,,,,,,,,,,,,,,,,,,,,,,,,,,,,,,,,,,,,,,,,,,,,,,,,,,,,,,,,,,,,,,,,,,,,,,,,,,,,,,,,,,,,,,,,,,,,,,,,,,,,,,,,,,,,,,,,,,,,,,,,,,,,,,,,,,,,,,,,,,,,,,,,,,,,,,,,,,,203,1,2026-07-10_10h00.19.295,SBL_superimposed_training_task,,2026.1.3,120.29727860177769,2026-07-10 10h00.20.646196 -0400,
U2,Tulon,stimuli/scenes/scene_U2.jpg,4,1,1,0,space,11.19503339997027,None,,,,,,,,,,,,,,,,,,,,,,,,,,,,,,,,,,,,,,,,,,,,,,,,,,,,0,1,1,3,,,,,,,,,,,,,,,,,,,,,,,,,,,,,,,,,,,,,72.48874969995813,,,,,,,,,,,,,,,,,,,72.45986090000952,72.48874969995813,72.48874969995813,72.48874969995813,72.48874969995813,73.36830239999108,84.56846809998387,space,11.19503339997027,None,,,,,,,,,,,,,,,,,,,,,,,,,,,,,,,,,,,,,,,,,,,,,,,,,,,,,,,,,,,,,,,,,,,,,,,,,,,,,,,,,,,,,,,,,,,,,,,,,,,,,,,,,,,,,,,,,,,,,,,,,,,,,,,,,,,,,,,,,,,,,,,,,,,,,,,,,,,,,,,,,,,,,,,,,,,,,,,,,,,,,,,,,,,,,,,,,,,,,,,,,,,,,,,,,,,,,,,,,,,,,,,,,,,,,,,,,,,,,,,,,,,,,,,,,203,1,2026-07-10_10h00.19.295,SBL_superimposed_training_task,,2026.1.3,120.29727860177769,2026-07-10 10h00.20.646196 -0400,
J2,Negvi,stimuli/scenes/scene_J2.jpg,2,2,2,0,space,5.547671299951617,None,,,,,,,,,,,,,,,,,,,,,,,,,,,,,,,,,,,,,,,,,,,,,,,,,,,,0,2,2,1,,,,,,,,,,,,,,,,,,,,,,,,,,,,,,,,,,,,,84.66992439999012,,,,,,,,,,,,,,,,,,,84.66553379996913,84.66992439999012,84.66992439999012,84.66992439999012,84.66992439999012,85.55972249998013,91.11045789998025,space,5.547671299951617,None,,,,,,,,,,,,,,,,,,,,,,,,,,,,,,,,,,,,,,,,,,,,,,,,,,,,,,,,,,,,,,,,,,,,,,,,,,,,,,,,,,,,,,,,,,,,,,,,,,,,,,,,,,,,,,,,,,,,,,,,,,,,,,,,,,,,,,,,,,,,,,,,,,,,,,,,,,,,,,,,,,,,,,,,,,,,,,,,,,,,,,,,,,,,,,,,,,,,,,,,,,,,,,,,,,,,,,,,,,,,,,,,,,,,,,,,,,,,,,,,,,,,,,,,,203,1,2026-07-10_10h00.19.295,SBL_superimposed_training_task,,2026.1.3,120.29727860177769,2026-07-10 10h00.20.646196 -0400,
U1,Somar,stimuli/scenes/scene_U1.jpg,3,3,3,0,space,9.389424599998165,None,,,,,,,,,,,,,,,,,,,,,,,,,,,,,,,,,,,,,,,,,,,,,,,,,,,,0,3,3,2,,,,,,,,,,,,,,,,,,,,,,,,,,,,,,,,,,,,,91.16579850000562,,,,,,,,,,,,,,,,,,,91.1613331999979,91.16579850000562,91.16579850000562,91.16579850000562,91.16579850000562,92.10170689999359,101.4935201999615,space,9.389424599998165,None,,,,,,,,,,,,,,,,,,,,,,,,,,,,,,,,,,,,,,,,,,,,,,,,,,,,,,,,,,,,,,,,,,,,,,,,,,,,,,,,,,,,,,,,,,,,,,,,,,,,,,,,,,,,,,,,,,,,,,,,,,,,,,,,,,,,,,,,,,,,,,,,,,,,,,,,,,,,,,,,,,,,,,,,,,,,,,,,,,,,,,,,,,,,,,,,,,,,,,,,,,,,,,,,,,,,,,,,,,,,,,,,,,,,,,,,,,,,,,,,,,,,,,,,,203,1,2026-07-10_10h00.19.295,SBL_superimposed_training_task,,2026.1.3,120.29727860177769,2026-07-10 10h00.20.646196 -0400,
,,,,,,,,,,,,,,,,,,,,,,,,,,,,,,,,,,,,,,,,,,,,,,,,,,,,,,,,,,,,,,,,,,,,,,,,,,,,,,,,,,,,,,,,,,,,,,,,,,,,,,,,,,,,,,,,,,,,,,,,,,,,,,,,,,101.49362259998452,101.50151450000703,101.50151450000703,102.45172199996887,space,0.9497223000507802,None,,,,,,,,,,,,,,,,,,,,,,,,,,,,,,,,,,,,,,,,,,,,,,,,,,,,,,,,,,,,,,,,,,,,,,,,,,,,,,,,,,,,,,,,,,,,,,,,,,,,,,,,,,,,,,,,,,,,,,,,,,,,,,,,,,,,,,,,,,,,,,,,,,,,,,,,,,,,,,,,,,,,,,,,,,,,,,,,,,,,,,,,,,,,,,,,,,,,,,,,,,,,,,,,,,,,,,,,,,,,,,,,,,,,,,,,,,,,,,,,,,203,1,2026-07-10_10h00.19.295,SBL_superimposed_training_task,,2026.1.3,120.29727860177769,2026-07-10 10h00.20.646196 -0400,
,,,,,,,,,,,,,,,,,,,,,,,,,,,,,,,,,,,,,,,,,,,,,,,,,,,,,,,,,,,,,,,,,,,,,,,,,,,,,,,,,,,,,,,,,,,,,,,,,,,,,,,,,,,,,,,,,,,,,,,,,,,,,,,,,,,,,,,,,102.5773257999681,102.65821520000463,102.65821520000463,102.65821520000463,102.65821520000463,102.65821520000463,102.65821520000463,102.65821520000463,102.65821520000463,102.65821520000463,111.07704969996121,space,8.417171499982942,None,,,,,,,,,,,,,,,,,,,,,,,,,,,,,,,,,,,,,,,,,,,,,,,,,,,,,,,,,,,,,,,,,,,,,,,,,,,,,,,,,,,,,,,,,,,,,,,,,,,,,,,,,,,,,,,,,,,,,,,,,,,,,,,,,,,,,,,,,,,,,,,,,,,,,,,,,,,,,,,,,,,,,,,,,,,,,,,,,,,,,,,,,,,,,,,,,,,,,,,,,,,,,,,,,,,,,,,,,,,,,,,,,,,,203,1,2026-07-10_10h00.19.295,SBL_superimposed_training_task,,2026.1.3,120.29727860177769,2026-07-10 10h00.20.646196 -0400,
,,,2,0,0,0,,,,stimuli/scenes/scene_J2.png,space,2.1981945000006817,None,1,0,2.596492999990005,None,,,,,,,,,,,,,,,,,,,,,,,,,,,,,,,,,,,,,,,,,,,,,,,,0,0,0,0,0,0,0,0,0,0,0,1,,,,,,,,,,,,,,,,,,,,,,,,,113.3330280999653,,,,,,,,,,,,,,,,,,,,,,,,,,,,,,,,,,,,,,,,,,,,,,,,,,111.07729049999034,111.085270999989,111.085270999989,113.28558450000128,space,2.1981945000006817,None,113.31709819997195,113.3330280999653,114.2934055000078,114.30065920000197,114.30293309997069,114.30293309997069,116.9021188999759,1,0,2.596492999990005,None,116.90393939998467,116.9101846999838,117.913999899989,117.89343479997478,,,,,,,,,,,,,,,,,,,,,,,,,,,,,,,,,,,,,,,,,,,,,,,,,,,,,,,,,,,,,,,,,,,,,,,,,,,,,,,,,,,,,,,,,,,,,,,,,,,,,,,,,,,,,,,,,,,,,,,,,,,,,,,,,,,,,,,,,,,,,,,,,,,,,,,,,,,,,,,,,,,,,,,,,,,,,,,,,,,,,,,,,,,,,,,,,,,,,,,,,,,,,,203,1,2026-07-10_10h00.19.295,SBL_superimposed_training_task,,2026.1.3,120.29727860177769,2026-07-10 10h00.20.646196 -0400,
,,,3,1,1,0,,,,stimuli/scenes/scene_U1.png,space,2.1981945000006817,None,4,0,5.333129500038922,None,,,,,,,,,,,,,,,,,,,,,,,,,,,,,,,,,,,,,,,,,,,,,,,,0,0,0,0,0,0,0,0,0,1,1,2,,,,,,,,,,,,,,,,,,,,,,,,,117.913999899989,,,,,,,,,,,,,,,,,,,,,,,,,,,,,,,,,,,,,,,,,,,,,,,,,,,,,,,,,117.91035759996157,117.913999899989,118.90233700000681,118.90237629995681,118.91016539995326,118.91016539995326,124.24394899996696,4,0,5.333129500038922,None,124.2440215999959,124.25203450000845,125.2683573999675,125.23556529998314,118.91016539995326,,,,,,,,,,,,,,,,,,,,,,,,,,,,,,,,,,,,,,,,,,,,,,,,,,,,,,,,,,,,,,,,,,,,,,,,,,,,,,,,,,,,,,,,,,,,,,,,,,,,,,,,,,,,,,,,,,,,,,,,,,,,,,,,,,,,,,,,,,,,,,,,,,,,,,,,,,,,,,,,,,,,,,,,,,,,,,,,,,,,,,,,,,,,,,,,,,,,,,,,,,,,,203,1,2026-07-10_10h00.19.295,SBL_superimposed_training_task,,2026.1.3,120.29727860177769,2026-07-10 10h00.20.646196 -0400,
,,,4,2,2,0,,,,stimuli/scenes/scene_U2.png,space,2.1981945000006817,None,2,0,9.230870400031563,None,,,,,,,,,,,,,,,,,,,,,,,,,,,,,,,,,,,,,,,,,,,,,,,,0,0,0,0,0,0,0,0,0,2,2,3,,,,,,,,,,,,,,,,,,,,,,,,,125.2683573999675,,,,,,,,,,,,,,,,,,,,,,,,,,,,,,,,,,,,,,,,,,,,,,,,,,,,,,,,,125.25367919995915,125.2683573999675,126.2520239999867,126.25206939998316,126.26029439998092,126.26029439998092,135.4939664999838,2,0,9.230870400031563,None,135.4940355999861,135.50242649996653,136.5232546000043,136.4858963000006,,,,,,,,,,,,,,,,,,,,,,,,,,,,,,,,,,,,,,,,,,,,,,,,,,,,,,,,,,,,,,,,,,,,,,,,,,,,,,,,,,,,,,,,,,,,,,,,,,,,,,,,,,,,,,,,,,,,,,,,,,,,,,,,,,,,,,,,,,,,,,,,,,,,,,,,,,,,,,,,,,,,,,,,,,,,,,,,,,,,,,,,,,,,,,,,,,,,,,,,,,,,,,203,1,2026-07-10_10h00.19.295,SBL_superimposed_training_task,,2026.1.3,120.29727860177769,2026-07-10 10h00.20.646196 -0400,
,,,1,3,3,0,,,,stimuli/scenes/scene_J1.png,space,2.1981945000006817,None,1,1,0.709205299965106,None,,,,,,,,,,,,,,,,,,,,,,,,,,,,,,,,,,,,,,,,,,,,,,,,0,0,0,0,0,0,0,0,0,3,3,0,,,,,,,,,,,,,,,,,,,,,,,,,136.5232546000043,,,,,,,,,,,,,,,,,,,,,,,,,,,,,,,,,,,,,,,,,,,,,,,,,,,,,,,,,136.50799939996796,136.5232546000043,137.49444689997472,137.49455229996238,137.50203380000312,137.50203380000312,138.2193553999532,1,1,0.709205299965106,None,138.22214609995717,138.2271955999895,139.23083600000245,139.2104981999728,,,,,,,,,,,,,,,,,,,,,,,,,,,,,,,,,,,,,,,,,,,,,,,,,,,,,,,,,,,,,,,,,,,,,,,,,,,,,,,,,,,,,,,,,,,,,,,,,,,,,,,,,,,,,,,,,,,,,,,,,,,,,,,,,,,,,,,,,,,,,,,,,,,,,,,,,,,,,,,,,,,,,,,,,,,,,,,,,,,,,,,,,,,,,,,,,,,,,,,,,,,,,,203,1,2026-07-10_10h00.19.295,SBL_superimposed_training_task,,2026.1.3,120.29727860177769,2026-07-10 10h00.20.646196 -0400,
,,,4,4,0,1,,,,stimuli/scenes/scene_U2.png,space,2.1981945000006817,None,2,0,2.2879857000079937,None,,,,,,,,,,,,,,,,,,,,,,,,,,,,,,,,,,,,,,,,,,,,,,,,0,0,0,0,0,0,0,0,1,0,4,3,,,,,,,,,,,,,,,,,,,,,,,,,139.23083600000245,,,,,,,,,,,,,,,,,,,,,,,,,,,,,,,,,,,,,,,,,,,,,,,,,,,,,,,,,139.22775379999075,139.23083600000245,140.21928630000912,140.21935249998933,140.22730099997716,140.22730099997716,142.5189110999927,2,0,2.2879857000079937,None,142.52107939997222,142.5271488999715,143.5315521999728,143.51052769995295,140.22730099997716,,,,,,,,,,,,,,,,,,,,,,,,,,,,,,,,,,,,,,,,,,,,,,,,,,,,,,,,,,,,,,,,,,,,,,,,,,,,,,,,,,,,,,,,,,,,,,,,,,,,,,,,,,,,,,,,,,,,,,,,,,,,,,,,,,,,,,,,,,,,,,,,,,,,,,,,,,,,,,,,,,,,,,,,,,,,,,,,,,,,,,,,,,,,,,,,,,,,,,,,,,,,,203,1,2026-07-10_10h00.19.295,SBL_superimposed_training_task,,2026.1.3,120.29727860177769,2026-07-10 10h00.20.646196 -0400,
,,,1,5,1,1,,,,stimuli/scenes/scene_J1.png,space,2.1981945000006817,None,1,1,1.748410000000149,None,,,,,,,,,,,,,,,,,,,,,,,,,,,,,,,,,,,,,,,,,,,,,,,,0,0,0,0,0,0,0,0,1,1,5,0,,,,,,,,,,,,,,,,,,,,,,,,,143.5315521999728,,,,,,,,,,,,,,,,,,,,,,,,,,,,,,,,,,,,,,,,,,,,,,,,,,,,,,,,,143.5287731999997,143.5315521999728,144.51934589998564,144.51941059995443,144.52714029996423,144.52714029996423,146.27741340000648,1,1,1.748410000000149,None,146.27910970000084,146.28562409995357,147.30749839998316,147.26919169997564,,,,,,,,,,,,,,,,,,,,,,,,,,,,,,,,,,,,,,,,,,,,,,,,,,,,,,,,,,,,,,,,,,,,,,,,,,,,,,,,,,,,,,,,,,,,,,,,,,,,,,,,,,,,,,,,,,,,,,,,,,,,,,,,,,,,,,,,,,,,,,,,,,,,,,,,,,,,,,,,,,,,,,,,,,,,,,,,,,,,,,,,,,,,,,,,,,,,,,,,,,,,,,203,1,2026-07-10_10h00.19.295,SBL_superimposed_training_task,,2026.1.3,120.29727860177769,2026-07-10 10h00.20.646196 -0400,
,,,2,6,2,1,,,,stimuli/scenes/scene_J2.png,space,2.1981945000006817,None,3,0,4.221455599996261,None,,,,,,,,,,,,,,,,,,,,,,,,,,,,,,,,,,,,,,,,,,,,,,,,0,0,0,0,0,0,0,0,1,2,6,1,,,,,,,,,,,,,,,,,,,,,,,,,147.30749839998316,,,,,,,,,,,,,,,,,,,,,,,,,,,,,,,,,,,,,,,,,,,,,,,,,,,,,,,,,147.29134979995433,147.30749839998316,148.28545309999026,148.28549839998595,148.2939778,148.2939778,152.51956389995757,3,0,4.221455599996261,None,152.52137009997386,152.52715259999968,153.53219759999774,153.51084770000307,,,,,,,,,,,,,,,,,,,,,,,,,,,,,,,,,,,,,,,,,,,,,,,,,,,,,,,,,,,,,,,,,,,,,,,,,,,,,,,,,,,,,,,,,,,,,,,,,,,,,,,,,,,,,,,,,,,,,,,,,,,,,,,,,,,,,,,,,,,,,,,,,,,,,,,,,,,,,,,,,,,,,,,,,,,,,,,,,,,,,,,,,,,,,,,,,,,,,,,,,,,,,,203,1,2026-07-10_10h00.19.295,SBL_superimposed_training_task,,2026.1.3,120.29727860177769,2026-07-10 10h00.20.646196 -0400,
,,,3,7,3,1,,,,stimuli/scenes/scene_U1.png,space,2.1981945000006817,None,4,0,1.5243327000061981,None,,,,,,,,,,,,,,,,,,,,,,,,,,,,,,,,,,,,,,,,,,,,,,,,0,0,0,0,0,0,0,0,1,3,7,2,,,,,,,,,,,,,,,,,,,,,,,,,153.53219759999774,,,,,,,,,,,,,,,,,,,,,,,,,,,,,,,,,,,,,,,,,,,,,,,,,,,,,,,,,153.52816019998863,153.53219759999774,154.51946469995892,154.51952420000453,154.52711049997015,154.52711049997015,156.05239629995776,4,0,1.5243327000061981,None,156.05247239995515,156.06092969997553,157.0585318999947,157.04431769996881,154.52711049997015,,,,,,,,,,,,,,,,,,,,,,,,,,,,,,,,,,,,,,,,,,,,,,,,,,,,,,,,,,,,,,,,,,,,,,,,,,,,,,,,,,,,,,,,,,,,,,,,,,,,,,,,,,,,,,,,,,,,,,,,,,,,,,,,,,,,,,,,,,,,,,,,,,,,,,,,,,,,,,,,,,,,,,,,,,,,,,,,,,,,,,,,,,,,,,,,,,,,,,,,,,,,,203,1,2026-07-10_10h00.19.295,SBL_superimposed_training_task,,2026.1.3,120.29727860177769,2026-07-10 10h00.20.646196 -0400,
,,,3,8,0,2,,,,stimuli/scenes/scene_U1.png,space,2.1981945000006817,None,2,0,1.086909800011199,None,,,,,,,,,,,,,,,,,,,,,,,,,,,,,,,,,,,,,,,,,,,,,,,,0,0,0,0,0,0,0,0,2,0,8,2,,,,,,,,,,,,,,,,,,,,,,,,,157.0585318999947,,,,,,,,,,,,,,,,,,,,,,,,,,,,,,,,,,,,,,,,,,,,,,,,,,,,,,,,,157.05569660000037,157.0585318999947,158.04484829999274,158.04488709999714,158.0524116999586,158.0524116999586,159.14470849995269,2,0,1.086909800011199,None,159.1447782999603,159.15234359999886,160.16655009996612,160.13613050000276,158.0524116999586,,,,,,,,,,,,,,,,,,,,,,,,,,,,,,,,,,,,,,,,,,,,,,,,,,,,,,,,,,,,,,,,,,,,,,,,,,,,,,,,,,,,,,,,,,,,,,,,,,,,,,,,,,,,,,,,,,,,,,,,,,,,,,,,,,,,,,,,,,,,,,,,,,,,,,,,,,,,,,,,,,,,,,,,,,,,,,,,,,,,,,,,,,,,,,,,,,,,,,,,,,,,,203,1,2026-07-10_10h00.19.295,SBL_superimposed_training_task,,2026.1.3,120.29727860177769,2026-07-10 10h00.20.646196 -0400,
,,,1,9,1,2,,,,stimuli/scenes/scene_J1.png,space,2.1981945000006817,None,1,1,1.2263864999986254,None,,,,,,,,,,,,,,,,,,,,,,,,,,,,,,,,,,,,,,,,,,,,,,,,0,0,0,0,0,0,0,0,2,1,9,0,,,,,,,,,,,,,,,,,,,,,,,,,160.16655009996612,,,,,,,,,,,,,,,,,,,,,,,,,,,,,,,,,,,,,,,,,,,,,,,,,,,,,,,,,160.1637553999899,160.16655009996612,161.152425999986,161.15247059997637,161.1609013999696,161.1609013999696,162.39444399997592,1,1,1.2263864999986254,None,162.39647209999384,162.4023990999558,163.41191639995668,163.38625270000193,,,,,,,,,,,,,,,,,,,,,,,,,,,,,,,,,,,,,,,,,,,,,,,,,,,,,,,,,,,,,,,,,,,,,,,,,,,,,,,,,,,,,,,,,,,,,,,,,,,,,,,,,,,,,,,,,,,,,,,,,,,,,,,,,,,,,,,,,,,,,,,,,,,,,,,,,,,,,,,,,,,,,,,,,,,,,,,,,,,,,,,,,,,,,,,,,,,,,,,,,,,,,,203,1,2026-07-10_10h00.19.295,SBL_superimposed_training_task,,2026.1.3,120.29727860177769,2026-07-10 10h00.20.646196 -0400,
,,,2,10,2,2,,,,stimuli/scenes/scene_J2.png,space,2.1981945000006817,None,2,1,0.6885706000030041,None,,,,,,,,,,,,,,,,,,,,,,,,,,,,,,,,,,,,,,,,,,,,,,,,0,0,0,0,0,0,0,0,2,2,10,1,,,,,,,,,,,,,,,,,,,,,,,,,163.41191639995668,,,,,,,,,,,,,,,,,,,,,,,,,,,,,,,,,,,,,,,,,,,,,,,,,,,,,,,,,163.40829120000126,163.41191639995668,164.39463870000327,164.39467730000615,164.40266809996683,164.40266809996683,165.09449559997302,2,1,0.6885706000030041,None,165.09456489997683,165.10267519997433,166.10759490000783,166.08581089996733,164.40266809996683,,,,,,,,,,,,,,,,,,,,,,,,,,,,,,,,,,,,,,,,,,,,,,,,,,,,,,,,,,,,,,,,,,,,,,,,,,,,,,,,,,,,,,,,,,,,,,,,,,,,,,,,,,,,,,,,,,,,,,,,,,,,,,,,,,,,,,,,,,,,,,,,,,,,,,,,,,,,,,,,,,,,,,,,,,,,,,,,,,,,,,,,,,,,,,,,,,,,,,,,,,,,,203,1,2026-07-10_10h00.19.295,SBL_superimposed_training_task,,2026.1.3,120.29727860177769,2026-07-10 10h00.20.646196 -0400,
,,,4,11,3,2,,,,stimuli/scenes/scene_U2.png,space,2.1981945000006817,None,3,0,1.6367056000162847,None,,,,,,,,,,,,,,,,,,,,,,,,,,,,,,,,,,,,,,,,,,,,,,,,0,0,0,0,0,0,0,0,2,3,11,3,,,,,,,,,,,,,,,,,,,,,,,,,166.10759490000783,,,,,,,,,,,,,,,,,,,,,,,,,,,,,,,,,,,,,,,,,,,,,,,,,,,,,,,,,166.10378559998935,166.10759490000783,167.09462119999807,167.09466529998463,167.10251729999436,167.10251729999436,168.74439929996151,3,0,1.6367056000162847,None,168.74617439997382,168.75278320000507,169.75668629998108,169.73667279997608,,,,,,,,,,,,,,,,,,,,,,,,,,,,,,,,,,,,,,,,,,,,,,,,,,,,,,,,,,,,,,,,,,,,,,,,,,,,,,,,,,,,,,,,,,,,,,,,,,,,,,,,,,,,,,,,,,,,,,,,,,,,,,,,,,,,,,,,,,,,,,,,,,,,,,,,,,,,,,,,,,,,,,,,,,,,,,,,,,,,,,,,,,,,,,,,,,,,,,,,,,,,,,203,1,2026-07-10_10h00.19.295,SBL_superimposed_training_task,,2026.1.3,120.29727860177769,2026-07-10 10h00.20.646196 -0400,
,,,1,12,0,3,,,,stimuli/scenes/scene_J1.png,space,2.1981945000006817,None,1,1,2.9625555999809876,None,,,,,,,,,,,,,,,,,,,,,,,,,,,,,,,,,,,,,,,,,,,,,,,,0,0,0,0,0,0,0,0,3,0,12,0,,,,,,,,,,,,,,,,,,,,,,,,,169.75668629998108,,,,,,,,,,,,,,,,,,,,,,,,,,,,,,,,,,,,,,,,,,,,,,,,,,,,,,,,,169.75370239996118,169.75668629998108,170.74466639995808,170.7447120999568,170.7527670999989,170.7527670999989,173.7195098999655,1,1,2.9625555999809876,None,173.72123779996764,173.7278096000082,174.73593649995746,174.71125019999454,,,,,,,,,,,,,,,,,,,,,,,,,,,,,,,,,,,,,,,,,,,,,,,,,,,,,,,,,,,,,,,,,,,,,,,,,,,,,,,,,,,,,,,,,,,,,,,,,,,,,,,,,,,,,,,,,,,,,,,,,,,,,,,,,,,,,,,,,,,,,,,,,,,,,,,,,,,,,,,,,,,,,,,,,,,,,,,,,,,,,,,,,,,,,,,,,,,,,,,,,,,,,,203,1,2026-07-10_10h00.19.295,SBL_superimposed_training_task,,2026.1.3,120.29727860177769,2026-07-10 10h00.20.646196 -0400,
,,,2,13,1,3,,,,stimuli/scenes/scene_J2.png,space,2.1981945000006817,None,2,1,3.0914721000008285,None,,,,,,,,,,,,,,,,,,,,,,,,,,,,,,,,,,,,,,,,,,,,,,,,0,0,0,0,0,0,0,0,3,1,13,1,,,,,,,,,,,,,,,,,,,,,,,,,174.73593649995746,,,,,,,,,,,,,,,,,,,,,,,,,,,,,,,,,,,,,,,,,,,,,,,,,,,,,,,,,174.73192679998465,174.73593649995746,175.7192161999992,175.71925739996368,175.72766809997847,175.72766809997847,178.81960069999332,2,1,3.0914721000008285,None,178.8196723999572,178.82740589999594,179.8323328999686,179.8112994999974,175.72766809997847,,,,,,,,,,,,,,,,,,,,,,,,,,,,,,,,,,,,,,,,,,,,,,,,,,,,,,,,,,,,,,,,,,,,,,,,,,,,,,,,,,,,,,,,,,,,,,,,,,,,,,,,,,,,,,,,,,,,,,,,,,,,,,,,,,,,,,,,,,,,,,,,,,,,,,,,,,,,,,,,,,,,,,,,,,,,,,,,,,,,,,,,,,,,,,,,,,,,,,,,,,,,,203,1,2026-07-10_10h00.19.295,SBL_superimposed_training_task,,2026.1.3,120.29727860177769,2026-07-10 10h00.20.646196 -0400,
,,,3,14,2,3,,,,stimuli/scenes/scene_U1.png,space,2.1981945000006817,None,4,0,2.1513618999742903,None,,,,,,,,,,,,,,,,,,,,,,,,,,,,,,,,,,,,,,,,,,,,,,,,0,0,0,0,0,0,0,0,3,2,14,2,,,,,,,,,,,,,,,,,,,,,,,,,179.8323328999686,,,,,,,,,,,,,,,,,,,,,,,,,,,,,,,,,,,,,,,,,,,,,,,,,,,,,,,,,179.82819349999772,179.8323328999686,180.81979209999554,180.81983009999385,180.82787959999405,180.82787959999405,182.98662350000814,4,0,2.1513618999742903,None,182.98874339996837,182.9943558999803,183.99746340001002,183.97767329995986,180.82787959999405,,,,,,,,,,,,,,,,,,,,,,,,,,,,,,,,,,,,,,,,,,,,,,,,,,,,,,,,,,,,,,,,,,,,,,,,,,,,,,,,,,,,,,,,,,,,,,,,,,,,,,,,,,,,,,,,,,,,,,,,,,,,,,,,,,,,,,,,,,,,,,,,,,,,,,,,,,,,,,,,,,,,,,,,,,,,,,,,,,,,,,,,,,,,,,,,,,,,,,,,,,,,,203,1,2026-07-10_10h00.19.295,SBL_superimposed_training_task,,2026.1.3,120.29727860177769,2026-07-10 10h00.20.646196 -0400,
,,,4,15,3,3,,,,stimuli/scenes/scene_U2.png,space,2.1981945000006817,None,4,1,0.944471099996008,None,,,,,,,,,,,,,,,,,,,,,,,,,,,,,,,,,,,,,,,,,,,,,,,,0,0,0,0,0,0,0,0,3,3,15,3,,,,,,,,,,,,,,,,,,,,,,,,,183.99746340001002,,,,,,,,,,,,,,,,,,,,,,,,,,,,,,,,,,,,,,,,,,,,,,,,,,,,,,,,,183.9944924999727,183.99746340001002,184.98665829998208,184.98669739998877,184.99476529995445,184.99476529995445,185.9451494999812,4,1,0.944471099996008,None,185.94685979996575,185.95280199998524,186.961595700006,186.93647909996798,184.99476529995445,,,,,,,,,,,,,,,,,,,,,,,,,,,,,,,,,,,,,,,,,,,,,,,,,,,,,,,,,,,,,,,,,,,,,,,,,,,,,,,,,,,,,,,,,,,,,,,,,,,,,,,,,,,,,,,,,,,,,,,,,,,,,,,,,,,,,,,,,,,,,,,,,,,,,,,,,,,,,,,,,,,,,,,,,,,,,,,,,,,,,,,,,,,,,,,,,,,,,,,,,,,,,203,1,2026-07-10_10h00.19.295,SBL_superimposed_training_task,,2026.1.3,120.29727860177769,2026-07-10 10h00.20.646196 -0400,
,,,1,16,0,4,,,,stimuli/scenes/scene_J1.png,space,2.1981945000006817,None,1,1,0.9783825000049546,None,,,,,,,,,,,,,,,,,,,,,,,,,,,,,,,,,,,,,,,,,,,,,,,,0,0,0,0,0,0,0,0,4,0,16,0,,,,,,,,,,,,,,,,,,,,,,,,,186.961595700006,,,,,,,,,,,,,,,,,,,,,,,,,,,,,,,,,,,,,,,,,,,,,,,,,,,,,,,,,186.95868099998916,186.961595700006,187.94516800000565,187.9452410999802,187.95287290000124,187.95287290000124,188.93631669995375,1,1,0.9783825000049546,None,188.93638699996518,188.944754199998,189.95227650000015,189.9281332999817,187.95287290000124,,,,,,,,,,,,,,,,,,,,,,,,,,,,,,,,,,,,,,,,,,,,,,,,,,,,,,,,,,,,,,,,,,,,,,,,,,,,,,,,,,,,,,,,,,,,,,,,,,,,,,,,,,,,,,,,,,,,,,,,,,,,,,,,,,,,,,,,,,,,,,,,,,,,,,,,,,,,,,,,,,,,,,,,,,,,,,,,,,,,,,,,,,,,,,,,,,,,,,,,,,,,,203,1,2026-07-10_10h00.19.295,SBL_superimposed_training_task,,2026.1.3,120.29727860177769,2026-07-10 10h00.20.646196 -0400,
,,,4,17,1,4,,,,stimuli/scenes/scene_U2.png,space,2.1981945000006817,None,3,0,2.0825322999735363,None,,,,,,,,,,,,,,,,,,,,,,,,,,,,,,,,,,,,,,,,,,,,,,,,0,0,0,0,0,0,0,0,4,1,17,3,,,,,,,,,,,,,,,,,,,,,,,,,189.95227650000015,,,,,,,,,,,,,,,,,,,,,,,,,,,,,,,,,,,,,,,,,,,,,,,,,,,,,,,,,189.9491801999975,189.95227650000015,190.93654689996038,190.93663359998027,190.94469239999307,190.94469239999307,193.02799189998768,3,0,2.0825322999735363,None,193.02979269996285,193.03638139995746,194.0398986999644,194.01965139998356,,,,,,,,,,,,,,,,,,,,,,,,,,,,,,,,,,,,,,,,,,,,,,,,,,,,,,,,,,,,,,,,,,,,,,,,,,,,,,,,,,,,,,,,,,,,,,,,,,,,,,,,,,,,,,,,,,,,,,,,,,,,,,,,,,,,,,,,,,,,,,,,,,,,,,,,,,,,,,,,,,,,,,,,,,,,,,,,,,,,,,,,,,,,,,,,,,,,,,,,,,,,,,203,1,2026-07-10_10h00.19.295,SBL_superimposed_training_task,,2026.1.3,120.29727860177769,2026-07-10 10h00.20.646196 -0400,
,,,3,18,2,4,,,,stimuli/scenes/scene_U1.png,space,2.1981945000006817,None,4,0,0.7590513000031933,None,,,,,,,,,,,,,,,,,,,,,,,,,,,,,,,,,,,,,,,,,,,,,,,,0,0,0,0,0,0,0,0,4,2,18,2,,,,,,,,,,,,,,,,,,,,,,,,,194.0398986999644,,,,,,,,,,,,,,,,,,,,,,,,,,,,,,,,,,,,,,,,,,,,,,,,,,,,,,,,,194.03681560000405,194.0398986999644,195.02795859996695,195.0279969999683,195.0362759999698,195.0362759999698,195.80339799996,4,0,0.7590513000031933,None,195.80346819997067,195.81125229998725,196.8200498999795,196.79480589996092,195.0362759999698,,,,,,,,,,,,,,,,,,,,,,,,,,,,,,,,,,,,,,,,,,,,,,,,,,,,,,,,,,,,,,,,,,,,,,,,,,,,,,,,,,,,,,,,,,,,,,,,,,,,,,,,,,,,,,,,,,,,,,,,,,,,,,,,,,,,,,,,,,,,,,,,,,,,,,,,,,,,,,,,,,,,,,,,,,,,,,,,,,,,,,,,,,,,,,,,,,,,,,,,,,,,,203,1,2026-07-10_10h00.19.295,SBL_superimposed_training_task,,2026.1.3,120.29727860177769,2026-07-10 10h00.20.646196 -0400,
,,,2,19,3,4,,,,stimuli/scenes/scene_J2.png,space,2.1981945000006817,None,1,0,2.7839390999870375,None,,,,,,,,,,,,,,,,,,,,,,,,,,,,,,,,,,,,,,,,,,,,,,,,0,0,0,0,0,0,0,0,4,3,19,1,,,,,,,,,,,,,,,,,,,,,,,,,196.8200498999795,,,,,,,,,,,,,,,,,,,,,,,,,,,,,,,,,,,,,,,,,,,,,,,,,,,,,,,,,196.81606969999848,196.8200498999795,197.8034225999727,197.80345989996567,197.81138319999445,197.81138319999445,200.60348489996977,1,0,2.7839390999870375,None,200.60355489997892,200.61169509997126,201.62651839997852,201.59532649995526,197.81138319999445,,,,,,,,,,,,,,,,,,,,,,,,,,,,,,,,,,,,,,,,,,,,,,,,,,,,,,,,,,,,,,,,,,,,,,,,,,,,,,,,,,,,,,,,,,,,,,,,,,,,,,,,,,,,,,,,,,,,,,,,,,,,,,,,,,,,,,,,,,,,,,,,,,,,,,,,,,,,,,,,,,,,,,,,,,,,,,,,,,,,,,,,,,,,,,,,,,,,,,,,,,,,,203,1,2026-07-10_10h00.19.295,SBL_superimposed_training_task,,2026.1.3,120.29727860177769,2026-07-10 10h00.20.646196 -0400,
,,,4,20,0,5,,,,stimuli/scenes/scene_U2.png,space,2.1981945000006817,None,3,0,5.199866299983114,None,,,,,,,,,,,,,,,,,,,,,,,,,,,,,,,,,,,,,,,,,,,,,,,,0,0,0,0,0,0,0,0,5,0,20,3,,,,,,,,,,,,,,,,,,,,,,,,,201.62651839997852,,,,,,,,,,,,,,,,,,,,,,,,,,,,,,,,,,,,,,,,,,,,,,,,,,,,,,,,,201.62283439998282,201.62651839997852,202.60358449997148,202.60362989996793,202.6114324000082,202.6114324000082,207.81195030000526,3,0,5.199866299983114,None,207.81202219997067,207.81957809999585,208.84166949999053,208.803454399982,,,,,,,,,,,,,,,,,,,,,,,,,,,,,,,,,,,,,,,,,,,,,,,,,,,,,,,,,,,,,,,,,,,,,,,,,,,,,,,,,,,,,,,,,,,,,,,,,,,,,,,,,,,,,,,,,,,,,,,,,,,,,,,,,,,,,,,,,,,,,,,,,,,,,,,,,,,,,,,,,,,,,,,,,,,,,,,,,,,,,,,,,,,,,,,,,,,,,,,,,,,,,,203,1,2026-07-10_10h00.19.295,SBL_superimposed_training_task,,2026.1.3,120.29727860177769,2026-07-10 10h00.20.646196 -0400,
,,,2,21,1,5,,,,stimuli/scenes/scene_J2.png,space,2.1981945000006817,None,2,1,1.4232186000444926,None,,,,,,,,,,,,,,,,,,,,,,,,,,,,,,,,,,,,,,,,,,,,,,,,0,0,0,0,0,0,0,0,5,1,21,1,,,,,,,,,,,,,,,,,,,,,,,,,208.84166949999053,,,,,,,,,,,,,,,,,,,,,,,,,,,,,,,,,,,,,,,,,,,,,,,,,,,,,,,,,208.82531609997386,208.84166949999053,209.8203380999621,209.82044819998555,209.82822699996177,209.82822699996177,211.25344840000616,2,1,1.4232186000444926,None,211.25550119997934,211.26159779995214,212.26729089999571,212.24522559996694,,,,,,,,,,,,,,,,,,,,,,,,,,,,,,,,,,,,,,,,,,,,,,,,,,,,,,,,,,,,,,,,,,,,,,,,,,,,,,,,,,,,,,,,,,,,,,,,,,,,,,,,,,,,,,,,,,,,,,,,,,,,,,,,,,,,,,,,,,,,,,,,,,,,,,,,,,,,,,,,,,,,,,,,,,,,,,,,,,,,,,,,,,,,,,,,,,,,,,,,,,,,,,203,1,2026-07-10_10h00.19.295,SBL_superimposed_training_task,,2026.1.3,120.29727860177769,2026-07-10 10h00.20.646196 -0400,
,,,3,22,2,5,,,,stimuli/scenes/scene_U1.png,space,2.1981945000006817,None,3,1,2.757978199981153,None,,,,,,,,,,,,,,,,,,,,,,,,,,,,,,,,,,,,,,,,,,,,,,,,0,0,0,0,0,0,0,0,5,2,22,2,,,,,,,,,,,,,,,,,,,,,,,,,212.26729089999571,,,,,,,,,,,,,,,,,,,,,,,,,,,,,,,,,,,,,,,,,,,,,,,,,,,,,,,,,212.2631335000042,212.26729089999571,213.25339329999406,213.2534314999939,213.26128779997816,213.26128779997816,216.02008349995594,3,1,2.757978199981153,None,216.02015439997194,216.02841159998206,217.03527329995995,217.01172319997568,213.26128779997816,,,,,,,,,,,,,,,,,,,,,,,,,,,,,,,,,,,,,,,,,,,,,,,,,,,,,,,,,,,,,,,,,,,,,,,,,,,,,,,,,,,,,,,,,,,,,,,,,,,,,,,,,,,,,,,,,,,,,,,,,,,,,,,,,,,,,,,,,,,,,,,,,,,,,,,,,,,,,,,,,,,,,,,,,,,,,,,,,,,,,,,,,,,,,,,,,,,,,,,,,,,,,203,1,2026-07-10_10h00.19.295,SBL_superimposed_training_task,,2026.1.3,120.29727860177769,2026-07-10 10h00.20.646196 -0400,
,,,1,23,3,5,,,,stimuli/scenes/scene_J1.png,space,2.1981945000006817,None,1,1,0.6468541999929585,None,,,,,,,,,,,,,,,,,,,,,,,,,,,,,,,,,,,,,,,,,,,,,,,,0,0,0,0,0,0,0,0,5,3,23,0,,,,,,,,,,,,,,,,,,,,,,,,,217.03527329995995,,,,,,,,,,,,,,,,,,,,,,,,,,,,,,,,,,,,,,,,,,,,,,,,,,,,,,,,,217.03212719998555,217.03527329995995,218.01974489999702,218.0197826999938,218.0284534000093,218.0284534000093,218.67881189996842,1,1,0.6468541999929585,None,218.67888279998442,218.68683749996126,219.68943460000446,219.6704449999961,218.0284534000093,,,,,,,,,,,,,,,,,,,,,,,,,,,,,,,,,,,,,,,,,,,,,,,,,,,,,,,,,,,,,,,,,,,,,,,,,,,,,,,,,,,,,,,,,,,,,,,,,,,,,,,,,,,,,,,,,,,,,,,,,,,,,,,,,,,,,,,,,,,,,,,,,,,,,,,,,,,,,,,,,,,,,,,,,,,,,,,,,,,,,,,,,,,,,,,,,,,,,,,,,,,,,203,1,2026-07-10_10h00.19.295,SBL_superimposed_training_task,,2026.1.3,120.29727860177769,2026-07-10 10h00.20.646196 -0400,
,,,2,24,0,6,,,,stimuli/scenes/scene_J2.png,space,2.1981945000006817,None,2,1,0.340218500001356,None,,,,,,,,,,,,,,,,,,,,,,,,,,,,,,,,,,,,,,,,,,,,,,,,0,0,0,0,0,0,0,0,6,0,24,1,,,,,,,,,,,,,,,,,,,,,,,,,219.68943460000446,,,,,,,,,,,,,,,,,,,,,,,,,,,,,,,,,,,,,,,,,,,,,,,,,,,,,,,,,219.68584719998762,219.68943460000446,220.67871710000327,220.67875510000158,220.68703629996162,220.68703629996162,221.02829049999127,2,1,0.340218500001356,None,221.0283581999829,221.03697389998706,222.03814389999025,222.02016049996018,220.68703629996162,,,,,,,,,,,,,,,,,,,,,,,,,,,,,,,,,,,,,,,,,,,,,,,,,,,,,,,,,,,,,,,,,,,,,,,,,,,,,,,,,,,,,,,,,,,,,,,,,,,,,,,,,,,,,,,,,,,,,,,,,,,,,,,,,,,,,,,,,,,,,,,,,,,,,,,,,,,,,,,,,,,,,,,,,,,,,,,,,,,,,,,,,,,,,,,,,,,,,,,,,,,,,203,1,2026-07-10_10h00.19.295,SBL_superimposed_training_task,,2026.1.3,120.29727860177769,2026-07-10 10h00.20.646196 -0400,
,,,1,25,1,6,,,,stimuli/scenes/scene_J1.png,space,2.1981945000006817,None,1,1,0.13417999999364838,None,,,,,,,,,,,,,,,,,,,,,,,,,,,,,,,,,,,,,,,,,,,,,,,,0,0,0,0,0,0,0,0,6,1,25,0,,,,,,,,,,,,,,,,,,,,,,,,,222.03814389999025,,,,,,,,,,,,,,,,,,,,,,,,,,,,,,,,,,,,,,,,,,,,,,,,,,,,,,,,,222.03407359996345,222.03814389999025,223.02868769998895,223.02873199997703,223.03703579999274,223.03703579999274,223.178683599981,1,1,0.13417999999364838,None,223.1787562999525,223.18687549995957,224.19150829996215,224.17043269996066,,,,,,,,,,,,,,,,,,,,,,,,,,,,,,,,,,,,,,,,,,,,,,,,,,,,,,,,,,,,,,,,,,,,,,,,,,,,,,,,,,,,,,,,,,,,,,,,,,,,,,,,,,,,,,,,,,,,,,,,,,,,,,,,,,,,,,,,,,,,,,,,,,,,,,,,,,,,,,,,,,,,,,,,,,,,,,,,,,,,,,,,,,,,,,,,,,,,,,,,,,,,,,203,1,2026-07-10_10h00.19.295,SBL_superimposed_training_task,,2026.1.3,120.29727860177769,2026-07-10 10h00.20.646196 -0400,
,,,4,26,2,6,,,,stimuli/scenes/scene_U2.png,space,2.1981945000006817,None,4,1,0.9447099000099115,None,,,,,,,,,,,,,,,,,,,,,,,,,,,,,,,,,,,,,,,,,,,,,,,,0,0,0,0,0,0,0,0,6,2,26,3,,,,,,,,,,,,,,,,,,,,,,,,,224.19150829996215,,,,,,,,,,,,,,,,,,,,,,,,,,,,,,,,,,,,,,,,,,,,,,,,,,,,,,,,,224.18875539995497,224.19150829996215,225.17871189996367,225.17875049996655,225.18663589999778,225.18663589999778,226.1372388000018,4,1,0.9447099000099115,None,226.13737599999877,226.1452292999602,227.13696470001014,227.1284146999824,225.18663589999778,,,,,,,,,,,,,,,,,,,,,,,,,,,,,,,,,,,,,,,,,,,,,,,,,,,,,,,,,,,,,,,,,,,,,,,,,,,,,,,,,,,,,,,,,,,,,,,,,,,,,,,,,,,,,,,,,,,,,,,,,,,,,,,,,,,,,,,,,,,,,,,,,,,,,,,,,,,,,,,,,,,,,,,,,,,,,,,,,,,,,,,,,,,,,,,,,,,,,,,,,,,,,203,1,2026-07-10_10h00.19.295,SBL_superimposed_training_task,,2026.1.3,120.29727860177769,2026-07-10 10h00.20.646196 -0400,
,,,,0,0,0,,,,,space,2.1981945000006817,None,,,,,2,Were there corals and seaweed? How did they look like?,"1. Green seaweed, no corals 
2. No seaweed, pink, orange and yellow corals. 
3. Yellow seaweed, colorful corals.",2,Somar,stimuli/scenes/scene_U1.jpg,space,2.274320600030478,None,3,0,11.165768600010779,None,1,0,14.044836300017778,None,space,5.1932341999490745,None,,,,,,,,,,,,,,,,,,,,,,,,,,,,0,0,0,0,0,0,0,0,,,,,0,0,0,0,0,0,0,2,0,0,0,0,,,,,,,,,,,,,259.722169799963,,,,,,,,,,,,,,,,,,,,,,,,,,,,,,,,,,,,,,,,,,,,,,,,,,,,,,,,,,,,,,,,,,,,,,,,,227.13162459997693,227.13696470001014,227.13696470001014,229.41224639996653,space,2.274320600030478,None,229.4125256999978,229.41256540000904,229.43748979998054,229.4375379999983,229.43755619996227,229.43996990000596,230.46919199998956,230.4283058999572,230.44267869996838,230.46919199998956,230.46919199998956,234.4454555999837,234.44553480000468,234.45354969997425,234.45354969997425,245.6206484999857,3,0,11.165768600010779,None,245.63841479999246,245.64220780000323,245.64220780000323,0.01774650003062561,245.64220780000323,259.68759220000356,1,0,14.044836300017778,None,259.70868019998306,259.722169799963,259.722169799963,259.722169799963,259.722169799963,259.722169799963,264.9207795999828,space,5.1932341999490745,None,,,,,,,,,,,,,,,,,,,,,,,,,,,,,,,,,,,,,,,,,,,,,,,,,,,,,,,,,,,,,,,,,,,,,,,,,,,,,,,,,,,,,,,,,,,,,,,,,,,,,,,,,,,,,,,,,,,,,,,,,,,,,,,,,,,,,,,,,,,,,,,,,,,,,,,,,,,,,,203,1,2026-07-10_10h00.19.295,SBL_superimposed_training_task,,2026.1.3,120.29727860177769,2026-07-10 10h00.20.646196 -0400,
,,,,0,0,0,,,,,space,2.1981945000006817,None,,,,,2,Were there corals and seaweed? How did they look like?,"1. Green seaweed, no corals 
2. No seaweed, pink, orange and yellow corals. 
3. Yellow seaweed, colorful corals.",2,Somar,stimuli/scenes/scene_U1.jpg,space,2.274320600030478,None,3,0,11.165768600010779,None,1,0,14.044836300017778,None,,,,,,,,,,,,,,,,,,,,,,,,,,,,,,,0,0,0,0,0,0,0,0,,,,,0,0,0,0,0,0,0,2,,,,,,,,,,,,,,,,,,,,,,,,,,,,,,,,,,,,,,,,,,,,,,,,,,,,,,,,,,,,,,,,,,,,,,,,,,,,,,,,,,,,,,,,,,,,,,,,,,,,,,,,,,,,,,,,,,,,,,,,,,,,,,,,,,,,,,,,,,,,,,,,,,,,,,,,,,,,,,,,,,,,,,,,,,,,,,,,,,,,,,,,,,,,,,,,,,,,,,,,,,,,,,,,,,,,,,,,,,,,,,,,,,,,,,,,,,,,,,,,,,,,,,,,,,,,,,,,,,,,,,,,,,,,,,,,,,,,,,,,,,,,,,,,,,,,,,203,1,2026-07-10_10h00.19.295,SBL_superimposed_training_task,,2026.1.3,120.29727860177769,2026-07-10 10h00.20.646196 -0400,
,,,,1,1,0,,,,,space,2.1981945000006817,None,,,,,1,How did the water look like?,"1. Clear blue water with bright sunlight streaming through.
2. Murky and greenish with low visibility.
3. Slightly cloudy with muted light and no strong sun rays",1,Somar,stimuli/scenes/scene_U1.jpg,space,2.274320600030478,None,4,0,7.0820181999588385,None,1,1,5.96911619999446,None,,,,,,,,,,,,,,,,,,,,,,,,,,,,,,,0,0,0,0,0,0,0,0,,,,,0,0,0,0,0,1,1,1,,,,,,,,,,,,,,,,,264.9370418000035,,,,,,,,,,,,,,,,,,,,,,,,,,,,,,,,,,,,,,,,,,,,,,,,,,,,,,,,,,,,,,,,,,,,,,,,,,,,,,,,,,264.9345008999808,264.9345495000016,264.9345678999671,264.9370418000035,265.92931429995224,265.9208953999914,265.92131030000746,265.92931429995224,265.92931429995224,269.91289139998844,269.91291849996196,269.92943819996435,269.92943819996435,277.01266529998975,4,0,7.0820181999588385,None,277.0260769999586,277.0286380999605,277.0286380999605,0.013391700049396604,277.0286380999605,282.9961631000042,1,1,5.96911619999446,None,,,,,,,,,,,269.9207813999965,269.9207813999965,,,,,,,,,,,,,,,,,,,,,,,,,,,,,,,,,,,,,,,,,,,,,,,,,,,,,,,,,,,,,,,,,,,,,,,,,,,,,,,,,,,,,,,,,,,,,,,,,,,,,,,,,,,,,,,,,,,,,,,,,,,,,,,,,,,,,,,,,,,,,,,,,,,,,,,,,,,,203,1,2026-07-10_10h00.19.295,SBL_superimposed_training_task,,2026.1.3,120.29727860177769,2026-07-10 10h00.20.646196 -0400,
,,,,2,2,0,,,,,space,2.1981945000006817,None,,,,,3,How open did the underwater space feel?,"1. Wide and open with clear space between features
2. Very crowded with dense coral structures everywhere
3. Narrow and enclosed with plants surrounding the view",1,Somar,stimuli/scenes/scene_U1.jpg,space,2.274320600030478,None,3,0,2.8628786000190303,None,1,1,6.224646500020754,None,,,,,,,,,,,,,,,,,,,,,,,,,,,,,,,0,0,0,0,0,0,0,0,,,,,0,0,0,0,0,2,2,3,,,,,,,,,,,,,,,,,283.0114322999725,,,,,,,,,,,,,,,,,,,,,,,,,,,,,,,,,,,,,,,,,,,,,,,,,,,,,,,,,,,,,,,,,,,,,,,,,,,,,,,,,,283.0092822999577,283.00932720000856,283.0093454999733,283.0114322999725,284.0040337999817,283.99637509998865,283.9967827000073,284.0040337999817,284.0040337999817,287.98777449998306,287.9878006000072,288.0044332999969,288.0044332999969,290.87172489997465,3,0,2.8628786000190303,None,290.8827317999676,290.8851447000052,290.8851447000052,0.010988100024405867,290.8851447000052,297.1131712999777,1,1,6.224646500020754,None,,,,,,,,,,,287.996040900005,287.996040900005,,,,,,,,,,,,,,,,,,,,,,,,,,,,,,,,,,,,,,,,,,,,,,,,,,,,,,,,,,,,,,,,,,,,,,,,,,,,,,,,,,,,,,,,,,,,,,,,,,,,,,,,,,,,,,,,,,,,,,,,,,,,,,,,,,,,,,,,,,,,,,,,,,,,,,,,,,,,203,1,2026-07-10_10h00.19.295,SBL_superimposed_training_task,,2026.1.3,120.29727860177769,2026-07-10 10h00.20.646196 -0400,
,,,,0,0,0,,,,,space,2.1981945000006817,None,,,,,0,How did the ground look?,"1. Completely covered with rocks. 
2. Mostly sandy with some rocks and corals. 
3. Covered by seaweed and corals.",2,Somar,stimuli/scenes/scene_U1.jpg,space,2.274320600030478,None,1,0,3.53011819999665,None,2,1,6.2918357999878936,None,space,3.6033457999583334,None,,,,,,,,,,,,,,,,,,,,,,,,,,,,0,0,0,0,0,0,0,0,,,,,0,0,0,0,0,3,3,0,0,0,0,0,,,,,,,,,,,,,312.0001137999934,,,,,,,,,,,,,,,,,,,,,,,,,,,,,,,,,,,,,,,,,,,,,,,,,,,,,,,,,,,,,,,,,,,,,,,,,,,,,,,,,,297.1267538999673,297.126799199963,297.12681739998516,297.1290982000064,298.1207560999901,298.11279549996834,298.1131948999828,298.1207560999901,298.1207560999901,302.1048019999871,302.1048274000059,302.12133339996217,302.12133339996217,305.6554017000017,1,0,3.53011819999665,None,305.6635210000095,305.66597589995945,305.66597589995945,0.008098700025584549,305.66597589995945,311.9634768999531,2,1,6.2918357999878936,None,311.9853976999875,312.0001137999934,312.0001137999934,312.0001137999934,312.0001137999934,312.0001137999934,315.6053019000101,space,3.6033457999583334,None,302.11282469995786,302.11282469995786,,,,,,,,,,,,,,,,,,,,,,,,,,,,,,,,,,,,,,,,,,,,,,,,,,,,,,,,,,,,,,,,,,,,,,,,,,,,,,,,,,,,,,,,,,,,,,,,,,,,,,,,,,,,,,,,,,,,,,,,,,,,,,,,,,,,,,,,,,,,,,,,,,,,,,,,,,,,203,1,2026-07-10_10h00.19.295,SBL_superimposed_training_task,,2026.1.3,120.29727860177769,2026-07-10 10h00.20.646196 -0400,
,,,,3,3,0,,,,,space,2.1981945000006817,None,,,,,0,How did the ground look?,"1. Completely covered with rocks. 
2. Mostly sandy with some rocks and corals. 
3. Covered by seaweed and corals.",2,Somar,stimuli/scenes/scene_U1.jpg,space,2.274320600030478,None,1,0,3.53011819999665,None,2,1,6.2918357999878936,None,,,,,,,,,,,,,,,,,,,,,,,,,,,,,,,0,0,0,0,0,0,0,0,,,,,0,0,0,0,0,3,3,0,,,,,,,,,,,,,,,,,,,,,,,,,,,,,,,,,,,,,,,,,,,,,,,,,,,,,,,,,,,,,,,,,,,,,,,,,,,,,,,,,,,,,,,,,,,,,,,,,,,,,,,,,,,,,,,,,,,,,,,,,,,,,,,,,,,,,,,,,,,,,,,,,,,,,,,,,,,,,,,,,,,,,,,,,,,,,,,,,,,,,,,,,,,,,,,,,,,,,,,,,,,,,,,,,,,,,,,,,,,,,,,,,,,,,,,,,,,,,,,,,,,,,,,,,,,,,,,,,,,,,,,,,,,,,,,,,,,,,,,,,,,,,,,,,,,,,,203,1,2026-07-10_10h00.19.295,SBL_superimposed_training_task,,2026.1.3,120.29727860177769,2026-07-10 10h00.20.646196 -0400,
,,,,0,0,0,,,,,space,2.1981945000006817,None,,,,,3,How open did the underwater space feel?,"1. Wide and open with clear space between features
2. Very crowded with dense coral structures everywhere
3. Narrow and enclosed with plants surrounding the view",1,Somar,stimuli/scenes/scene_U1.jpg,space,2.274320600030478,None,None,0,,,None,0,,,None,,,,,,,,,,,,,,,,,,,,,,,,,,,,,,0,0,0,0,0,0,0,0,,,,,0,0,0,0,1,0,4,3,0,0,0,0,,,,,,,,,,,,,315.74069859995507,,,,,,,,,,,,,,,,,,,,,,,,,,,,,,,,,,,,,,,,,,,,,,,,,,,,,,,,,,,,,,,,,,,,,,,,,,,,,,,,,,315.618995399971,315.61904059996596,315.61905849998584,,,315.6190859999624,315.6194661000045,,,315.619501499983,315.61952259996906,,,315.6195424000034,None,0,,,315.6290498999879,,,,,315.6290881999885,None,0,,,315.64064739999594,,,,,,315.6406970999669,None,,,,,,,,,,,,,,,,,,,,,,,,,,,,,,,,,,,,,,,,,,,,,,,,,,,,,,,,,,,,,,,,,,,,,,,,,,,,,,,,,,,,,,,,,,,,,,,,,,,,,,,,,,,,,,,,,,,,,,,,,,,,,,,,,,,,,,,,,,,,,,,,,,,,,,,,,,,,,,,,203,1,2026-07-10_10h00.19.295,SBL_superimposed_training_task,,2026.1.3,120.29727860177769,2026-07-10 10h00.20.646196 -0400,
,,,,4,0,1,,,,,space,2.1981945000006817,None,,,,,3,How open did the underwater space feel?,"1. Wide and open with clear space between features
2. Very crowded with dense coral structures everywhere
3. Narrow and enclosed with plants surrounding the view",1,Somar,stimuli/scenes/scene_U1.jpg,space,2.274320600030478,None,None,0,,,None,0,,,,,,,,,,,,,,,,,,,,,,,,,,,,,,,,,0,0,0,0,0,0,0,0,,,,,0,0,0,0,1,0,4,3,,,,,,,,,,,,,,,,,,,,,,,,,,,,,,,,,,,,,,,,,,,,,,,,,,,,,,,,,,,,,,,,,,,,,,,,,,,,,,,,,,,,,,,,,,,,,,,,,,,,,,,,,,,,,,,,,,,,,,,,,,,,,,,,,,,,,,,,,,,,,,,,,,,,,,,,,,,,,,,,,,,,,,,,,,,,,,,,,,,,,,,,,,,,,,,,,,,,,,,,,,,,,,,,,,,,,,,,,,,,,,,,,,,,,,,,,,,,,,,,,,,,,,,,,,,,,,,,,,,,,,,,,,,,,,,,,,,,,,,,,,,,,,,,,,,,,,203,1,2026-07-10_10h00.19.295,SBL_superimposed_training_task,,2026.1.3,120.29727860177769,2026-07-10 10h00.20.646196 -0400,
,,,,0,0,0,,,,,space,2.1981945000006817,None,,,,,1,How did the water look like?,"1. Clear blue water with bright sunlight streaming through.
2. Murky and greenish with low visibility.
3. Slightly cloudy with muted light and no strong sun rays",1,Somar,stimuli/scenes/scene_U1.jpg,space,2.274320600030478,None,None,0,,,None,0,,,None,,,,,,,,,,,,,,,,,,,,,,,,,,,,,,0,0,0,0,0,0,0,0,,,,,0,0,0,0,1,1,5,1,0,0,0,0,,,,,,,,,,,,,315.74069859995507,,,,,,,,,,,,,,,,,,,,,,,,,,,,,,,,,,,,,,,,,,,,,,,,,,,,,,,,,,,,,,,,,,,,,,,,,,,,,,,,,,315.6579071999877,315.6579608999891,315.6579786000075,,,315.6580048999749,315.65835609997157,,,315.65838879998773,315.65840839996235,,,315.6584266999853,None,0,,,315.66865760000655,,,,,315.66869379999116,None,0,,,315.67998309998075,,,,,,315.6800777000026,None,,,,,,,,,,,,,,,,,,,,,,,,,,,,,,,,,,,,,,,,,,,,,,,,,,,,,,,,,,,,,,,,,,,,,,,,,,,,,,,,,,,,,,,,,,,,,,,,,,,,,,,,,,,,,,,,,,,,,,,,,,,,,,,,,,,,,,,,,,,,,,,,,,,,,,,,,,,,,,,,203,1,2026-07-10_10h00.19.295,SBL_superimposed_training_task,,2026.1.3,120.29727860177769,2026-07-10 10h00.20.646196 -0400,
,,,,5,1,1,,,,,space,2.1981945000006817,None,,,,,1,How did the water look like?,"1. Clear blue water with bright sunlight streaming through.
2. Murky and greenish with low visibility.
3. Slightly cloudy with muted light and no strong sun rays",1,Somar,stimuli/scenes/scene_U1.jpg,space,2.274320600030478,None,None,0,,,None,0,,,,,,,,,,,,,,,,,,,,,,,,,,,,,,,,,0,0,0,0,0,0,0,0,,,,,0,0,0,0,1,1,5,1,,,,,,,,,,,,,,,,,,,,,,,,,,,,,,,,,,,,,,,,,,,,,,,,,,,,,,,,,,,,,,,,,,,,,,,,,,,,,,,,,,,,,,,,,,,,,,,,,,,,,,,,,,,,,,,,,,,,,,,,,,,,,,,,,,,,,,,,,,,,,,,,,,,,,,,,,,,,,,,,,,,,,,,,,,,,,,,,,,,,,,,,,,,,,,,,,,,,,,,,,,,,,,,,,,,,,,,,,,,,,,,,,,,,,,,,,,,,,,,,,,,,,,,,,,,,,,,,,,,,,,,,,,,,,,,,,,,,,,,,,,,,,,,,,,,,,,203,1,2026-07-10_10h00.19.295,SBL_superimposed_training_task,,2026.1.3,120.29727860177769,2026-07-10 10h00.20.646196 -0400,
,,,,0,0,0,,,,,space,2.1981945000006817,None,,,,,0,How did the ground look?,"1. Completely covered with rocks. 
2. Mostly sandy with some rocks and corals. 
3. Covered by seaweed and corals.",2,Somar,stimuli/scenes/scene_U1.jpg,space,2.274320600030478,None,None,0,,,None,0,,,None,,,,,,,,,,,,,,,,,,,,,,,,,,,,,,0,0,0,0,0,0,0,0,,,,,0,0,0,0,1,2,6,0,0,0,0,0,,,,,,,,,,,,,315.74069859995507,,,,,,,,,,,,,,,,,,,,,,,,,,,,,,,,,,,,,,,,,,,,,,,,,,,,,,,,,,,,,,,,,,,,,,,,,,,,,,,,,,315.69854569999734,315.69868199998746,315.69870189996436,,,315.69872859999305,315.6990836999612,,,315.6991169999819,315.69913689995883,,,315.6991560999886,None,0,,,315.7065125000081,,,,,315.70654889999423,None,0,,,315.71755119995214,,,,,,315.7176322999876,None,,,,,,,,,,,,,,,,,,,,,,,,,,,,,,,,,,,,,,,,,,,,,,,,,,,,,,,,,,,,,,,,,,,,,,,,,,,,,,,,,,,,,,,,,,,,,,,,,,,,,,,,,,,,,,,,,,,,,,,,,,,,,,,,,,,,,,,,,,,,,,,,,,,,,,,,,,,,,,,,203,1,2026-07-10_10h00.19.295,SBL_superimposed_training_task,,2026.1.3,120.29727860177769,2026-07-10 10h00.20.646196 -0400,
,,,,6,2,1,,,,,space,2.1981945000006817,None,,,,,0,How did the ground look?,"1. Completely covered with rocks. 
2. Mostly sandy with some rocks and corals. 
3. Covered by seaweed and corals.",2,Somar,stimuli/scenes/scene_U1.jpg,space,2.274320600030478,None,None,0,,,None,0,,,,,,,,,,,,,,,,,,,,,,,,,,,,,,,,,0,0,0,0,0,0,0,0,,,,,0,0,0,0,1,2,6,0,,,,,,,,,,,,,,,,,,,,,,,,,,,,,,,,,,,,,,,,,,,,,,,,,,,,,,,,,,,,,,,,,,,,,,,,,,,,,,,,,,,,,,,,,,,,,,,,,,,,,,,,,,,,,,,,,,,,,,,,,,,,,,,,,,,,,,,,,,,,,,,,,,,,,,,,,,,,,,,,,,,,,,,,,,,,,,,,,,,,,,,,,,,,,,,,,,,,,,,,,,,,,,,,,,,,,,,,,,,,,,,,,,,,,,,,,,,,,,,,,,,,,,,,,,,,,,,,,,,,,,,,,,,,,,,,,,,,,,,,,,,,,,,,,,,,,,203,1,2026-07-10_10h00.19.295,SBL_superimposed_training_task,,2026.1.3,120.29727860177769,2026-07-10 10h00.20.646196 -0400,
,,,,7,3,1,,,,,space,2.1981945000006817,None,,,,,2,Were there corals and seaweed? How did they look like?,"1. Green seaweed, no corals 
2. No seaweed, pink, orange and yellow corals. 
3. Yellow seaweed, colorful corals.",2,Somar,stimuli/scenes/scene_U1.jpg,space,2.274320600030478,None,4,0,1.5296110999770463,None,2,1,4.818002099986188,None,,,,,,,,,,,,,,,,,,,,,,,,,,,,,,,0,0,0,0,0,0,0,0,,,,,0,0,0,0,1,3,7,2,,,,,,,,,,,,,,,,,315.74069859995507,,,,,,,,,,,,,,,,,,,,,,,,,,,,,,,,,,,,,,,,,,,,,,,,,,,,,,,,,,,,,,,,,,,,,,,,,,,,,,,,,,315.7361343000084,315.7361904999707,315.73620849999133,315.74069859995507,316.7378954999731,316.7302984999842,316.7307116999873,316.7378954999731,316.7378954999731,320.72157409996726,320.7216006999952,320.7297313999734,320.7297313999734,322.2636506999843,4,0,1.5296110999770463,None,322.27320870000403,322.2758249999606,322.2758249999606,0.00953849998768419,322.2758249999606,327.0967485999572,2,1,4.818002099986188,None,,,,,,,,,,,320.7297313999734,320.7297313999734,,,,,,,,,,,,,,,,,,,,,,,,,,,,,,,,,,,,,,,,,,,,,,,,,,,,,,,,,,,,,,,,,,,,,,,,,,,,,,,,,,,,,,,,,,,,,,,,,,,,,,,,,,,,,,,,,,,,,,,,,,,,,,,,,,,,,,,,,,,,,,,,,,,,,,,,,,,,203,1,2026-07-10_10h00.19.295,SBL_superimposed_training_task,,2026.1.3,120.29727860177769,2026-07-10 10h00.20.646196 -0400,
,,,,0,0,0,,,,,space,2.1981945000006817,None,,,,,1,"Were there flowers in this jungle? If yes, which color?","1. Yes, purple
2. Yes, red
3. No",3,Negvi,stimuli/scenes/scene_J2.jpg,space,2.274320600030478,None,3,0,5.273439699958544,None,3,1,4.55122309998842,None,,,,,,,,,,,,,,,,,,,,,,,,,,,,,,,0,0,0,0,0,0,0,0,,,,,1,0,1,0,0,0,0,1,,,,,0,0,0,0,,,,,,,,,329.1072373999632,,,,,,,,,,,,,,,,,,,,,,,,,,,,,,,,,,,,,,,,,,,,,,,,,,,,,,,,,,,,,,,,,,,,,,,,,,,,,,,,329.09040250000544,329.0904482000042,329.1054277999792,329.1054881999735,329.10550839995267,329.1072373999632,330.1365709999809,330.096865599975,330.1098427999532,330.1365709999809,330.1365709999809,334.11319830000866,334.1132310999674,334.12205889995676,334.12205889995676,339.3968838999863,3,0,5.273439699958544,None,339.40408720000414,339.40659159998177,339.40659159998177,0.007181500026490539,339.40659159998177,343.96389439998893,3,1,4.55122309998842,None,,,,,,,,,,,,,327.10242929996457,327.1047401999822,329.1072373999632,329.0885762999533,,,,,,,,,,,,,,,,,,,,,,,,,,,,,,,,,,,,,,,,,,,,,,,,,,,,,,,,,,,,,,,,,,,,,,,,,,,,,,,,,,,,,,,,,,,,,,,,,,,,,,,,,,,,,,,,,,,,,,,,,,,,,,,,,,,,,,,,,,,,,,,,,,,,,,,,203,1,2026-07-10_10h00.19.295,SBL_superimposed_training_task,,2026.1.3,120.29727860177769,2026-07-10 10h00.20.646196 -0400,
,,,,1,1,0,,,,,space,2.1981945000006817,None,,,,,3,What type of vegetation was most visually prominent?,"1. Wide wing-like trees and green leaves
2.Tall trees with vines and moss
3. Bright tropical flowers and open palm trees",2,Negvi,stimuli/scenes/scene_J2.jpg,space,2.274320600030478,None,3,0,0.8237629000213929,None,2,1,4.979822300025262,None,,,,,,,,,,,,,,,,,,,,,,,,,,,,,,,0,0,0,0,0,0,0,0,,,,,1,0,1,0,0,1,1,3,,,,,,,,,,,,,,,,,343.97920060000615,,,,,,,,,,,,,,,,,,,,,,,,,,,,,,,,,,,,,,,,,,,,,,,,,,,,,,,,,,,,,,,,,,,,,,,,,,,,,,,,,,343.9773525999626,343.97739829996135,343.9774164999835,343.97920060000615,344.9719276999822,344.96380169998156,344.9641986999777,344.9719276999822,344.9719276999822,348.9551187999896,348.9551463999669,348.97162299999036,348.97162299999036,349.79735770000843,3,0,0.8237629000213929,None,349.80756359995576,349.81012479995843,349.81012479995843,0.010187100037001073,349.81012479995843,354.7889092999976,2,1,4.979822300025262,None,,,,,,,,,,,348.963434699981,348.963434699981,,,,,,,,,,,,,,,,,,,,,,,,,,,,,,,,,,,,,,,,,,,,,,,,,,,,,,,,,,,,,,,,,,,,,,,,,,,,,,,,,,,,,,,,,,,,,,,,,,,,,,,,,,,,,,,,,,,,,,,,,,,,,,,,,,,,,,,,,,,,,,,,,,,,,,,,,,,,203,1,2026-07-10_10h00.19.295,SBL_superimposed_training_task,,2026.1.3,120.29727860177769,2026-07-10 10h00.20.646196 -0400,
,,,,2,2,0,,,,,space,2.1981945000006817,None,,,,,2,What atmospheric condition defined the scene?,"1. Foggy and misty
2. Bright sunlight
3. Partly cloudy",1,Negvi,stimuli/scenes/scene_J2.jpg,space,2.274320600030478,None,3,0,3.822377600008622,None,1,1,4.596343599958345,None,,,,,,,,,,,,,,,,,,,,,,,,,,,,,,,0,0,0,0,0,0,0,0,,,,,1,0,1,0,0,2,2,2,,,,,,,,,,,,,,,,,354.8043345999904,,,,,,,,,,,,,,,,,,,,,,,,,,,,,,,,,,,,,,,,,,,,,,,,,,,,,,,,,,,,,,,,,,,,,,,,,,,,,,,,,,354.80229490000056,354.8023394999909,354.8023581999587,354.8043345999904,355.7968917999533,355.78866939997533,355.7890763999894,355.7968917999533,355.7968917999533,359.78071019996423,359.7807356999838,359.79702669999097,359.79702669999097,363.62199630000396,3,0,3.822377600008622,None,363.63096639997093,363.6336576999747,363.6336576999747,0.008951700001489371,363.6336576999747,368.2311647000024,1,1,4.596343599958345,None,,,,,,,,,,,359.7887036000029,359.7887036000029,,,,,,,,,,,,,,,,,,,,,,,,,,,,,,,,,,,,,,,,,,,,,,,,,,,,,,,,,,,,,,,,,,,,,,,,,,,,,,,,,,,,,,,,,,,,,,,,,,,,,,,,,,,,,,,,,,,,,,,,,,,,,,,,,,,,,,,,,,,,,,,,,,,,,,,,,,,,203,1,2026-07-10_10h00.19.295,SBL_superimposed_training_task,,2026.1.3,120.29727860177769,2026-07-10 10h00.20.646196 -0400,
,,,,3,3,0,,,,,space,2.1981945000006817,None,,,,,0,What was the dominant ground texture throughout the scene?,"1. Green grass
2. Fallen leaves
3. Thick green moss
4. Shrubs and dirt",3,Negvi,stimuli/scenes/scene_J2.jpg,space,2.274320600030478,None,4,0,1.9003824000246823,None,3,1,4.573976999963634,None,,,,,,,,,,,,,,,,,,,,,,,,,,,,,,,0,0,0,0,0,0,0,0,,,,,1,0,1,0,0,3,3,0,,,,,,,,,,,,,,,,,368.2468882999965,,,,,,,,,,,,,,,,,,,,,,,,,,,,,,,,,,,,,,,,,,,,,,,,,,,,,,,,,,,,,,,,,,,,,,,,,,,,,,,,,,368.2444287999533,368.2444733000011,368.2444909999613,368.2468882999965,369.2387693999917,369.2308262999868,369.23123519995715,369.2387693999917,369.2387693999917,373.2227413000073,373.2227682999801,373.23893589997897,373.23893589997897,375.1476514999522,4,0,1.9003824000246823,None,375.1571803999832,375.15952659997856,375.15952659997856,0.009511000011116266,375.15952659997856,379.7393404999748,3,1,4.573976999963634,None,,,,,,,,,,,373.2307639999781,373.2307639999781,,,,,,,,,,,,,,,,,,,,,,,,,,,,,,,,,,,,,,,,,,,,,,,,,,,,,,,,,,,,,,,,,,,,,,,,,,,,,,,,,,,,,,,,,,,,,,,,,,,,,,,,,,,,,,,,,,,,,,,,,,,,,,,,,,,,,,,,,,,,,,,,,,,,,,,,,,,,203,1,2026-07-10_10h00.19.295,SBL_superimposed_training_task,,2026.1.3,120.29727860177769,2026-07-10 10h00.20.646196 -0400,
,,,,0,0,0,,,,,space,2.1981945000006817,None,,,,,0,What material primarily covered the ground?,"1. Fine white sand
2. Pebbles and small rocks
3. Flat stone slabs",2,Tulon,stimuli/scenes/scene_U2.jpg,space,2.274320600030478,None,3,0,2.894682499987539,None,2,1,2.0512022000038996,None,,,,,,,,,,,,,,,,,,,,,,,,,,,,,,,0,0,0,0,0,0,0,0,,,,,2,0,2,0,0,0,0,0,,,,,0,0,0,0,,,,,,,,,381.763043999963,,,,,,,,,,,,,,,,,,,,,,,,,,,,,,,,,,,,,,,,,,,,,,,,,,,,,,,,,,,,,,,,,,,,,,,,,,,,,,,,381.7330818999908,381.7331279999926,381.76135869999416,381.76140939997276,381.7614287000033,381.763043999963,382.781224699982,382.7475029999623,382.75520209997194,382.781224699982,382.781224699982,386.7642334999982,386.7642681999714,386.77260579995345,386.77260579995345,389.6730037999805,3,0,2.894682499987539,None,389.68024079996394,389.68262310000136,389.68262310000136,0.007215400051791221,389.68262310000136,391.73960189998616,2,1,2.0512022000038996,None,,,,,,,,,,,,,379.74440649995813,379.74727779999375,381.763043999963,381.73123649996705,,,,,,,,,,,,,,,,,,,,,,,,,,,,,,,,,,,,,,,,,,,,,,,,,,,,,,,,,,,,,,,,,,,,,,,,,,,,,,,,,,,,,,,,,,,,,,,,,,,,,,,,,,,,,,,,,,,,,,,,,,,,,,,,,,,,,,,,,,,,,,,,,,,,,,,,203,1,2026-07-10_10h00.19.295,SBL_superimposed_training_task,,2026.1.3,120.29727860177769,2026-07-10 10h00.20.646196 -0400,
,,,,0,0,0,,,,,space,2.1981945000006817,None,,,,,1,What was the color of seaweed on the left?,"1.  Green-yellow
2. Reddish.
3. Dark green",1,Tulon,stimuli/scenes/scene_U2.jpg,space,2.274320600030478,None,4,0,2.599534700042568,None,3,0,3.191023599996697,None,space,5.139245500031393,None,,,,,,,,,,,,,,,,,,,,,,,,,,,,0,0,0,0,0,0,0,0,,,,,2,0,2,0,0,1,1,1,0,0,0,0,,,,,,,,,,,,,402.57595389999915,,,,,,,,,,,,,,,,,,,,,,,,,,,,,,,,,,,,,,,,,,,,,,,,,,,,,,,,,,,,,,,,,,,,,,,,,,,,,,,,,,391.7531497000018,391.75319540000055,391.75321399996756,391.754906999995,392.7478227999527,392.73962599999504,392.74002989998553,392.7478227999527,392.7478227999527,396.7313242999953,396.73137279995717,396.7477278999868,396.7477278999868,399.3477853999939,4,0,2.599534700042568,None,399.3561564999982,399.358475099958,399.358475099958,0.008349900017492473,399.358475099958,402.54780519998167,3,0,3.191023599996697,None,402.56640099996,402.57595389999915,402.57595389999915,402.57595389999915,402.57595389999915,402.57595389999915,407.72317279997515,space,5.139245500031393,None,396.7393136000028,396.7393136000028,,,,,,,,,,,,,,,,,,,,,,,,,,,,,,,,,,,,,,,,,,,,,,,,,,,,,,,,,,,,,,,,,,,,,,,,,,,,,,,,,,,,,,,,,,,,,,,,,,,,,,,,,,,,,,,,,,,,,,,,,,,,,,,,,,,,,,,,,,,,,,,,,,,,,,,,,,,,203,1,2026-07-10_10h00.19.295,SBL_superimposed_training_task,,2026.1.3,120.29727860177769,2026-07-10 10h00.20.646196 -0400,
,,,,1,1,0,,,,,space,2.1981945000006817,None,,,,,1,What was the color of seaweed on the left?,"1.  Green-yellow
2. Reddish.
3. Dark green",1,Tulon,stimuli/scenes/scene_U2.jpg,space,2.274320600030478,None,4,0,2.599534700042568,None,3,0,3.191023599996697,None,,,,,,,,,,,,,,,,,,,,,,,,,,,,,,,0,0,0,0,0,0,0,0,,,,,2,0,2,0,0,1,1,1,,,,,,,,,,,,,,,,,,,,,,,,,,,,,,,,,,,,,,,,,,,,,,,,,,,,,,,,,,,,,,,,,,,,,,,,,,,,,,,,,,,,,,,,,,,,,,,,,,,,,,,,,,,,,,,,,,,,,,,,,,,,,,,,,,,,,,,,,,,,,,,,,,,,,,,,,,,,,,,,,,,,,,,,,,,,,,,,,,,,,,,,,,,,,,,,,,,,,,,,,,,,,,,,,,,,,,,,,,,,,,,,,,,,,,,,,,,,,,,,,,,,,,,,,,,,,,,,,,,,,,,,,,,,,,,,,,,,,,,,,,,,,,,,,,,,,,203,1,2026-07-10_10h00.19.295,SBL_superimposed_training_task,,2026.1.3,120.29727860177769,2026-07-10 10h00.20.646196 -0400,
,,,,0,0,0,,,,,space,2.1981945000006817,None,,,,,3,How did the ground look?,"1. Completely covered with rocks
 2. Mostly sandy with some rocks 
3. Covered with rocks except in the middle
4. Covered with rocks except on the left",4,Tulon,stimuli/scenes/scene_U2.jpg,space,2.274320600030478,None,4,0,1.528187700023409,None,1,0,2.911708500003442,None,space,3.7427084999508224,None,,,,,,,,,,,,,,,,,,,,,,,,,,,,0,0,0,0,0,0,0,0,,,,,2,0,2,0,0,2,2,3,0,0,0,0,,,,,,,,,,,,,417.2206125999801,,,,,,,,,,,,,,,,,,,,,,,,,,,,,,,,,,,,,,,,,,,,,,,,,,,,,,,,,,,,,,,,,,,,,,,,,,,,,,,,,,407.736872199981,407.736919899995,407.736938499962,407.73887719999766,408.7308355999994,408.7231394999544,408.7235927999718,408.7308355999994,408.7308355999994,412.71474869997473,412.71477429999504,412.73127119999845,412.73127119999845,414.2651103999815,4,0,1.528187700023409,None,414.275622199988,414.2780025000102,414.2780025000102,0.010492499975953251,414.2780025000102,417.1898083999986,1,0,2.911708500003442,None,417.20619669998996,417.2206125999801,417.2206125999801,417.2206125999801,417.2206125999801,417.2206125999801,420.96507079998264,space,3.7427084999508224,None,412.72285560000455,412.72285560000455,,,,,,,,,,,,,,,,,,,,,,,,,,,,,,,,,,,,,,,,,,,,,,,,,,,,,,,,,,,,,,,,,,,,,,,,,,,,,,,,,,,,,,,,,,,,,,,,,,,,,,,,,,,,,,,,,,,,,,,,,,,,,,,,,,,,,,,,,,,,,,,,,,,,,,,,,,,,203,1,2026-07-10_10h00.19.295,SBL_superimposed_training_task,,2026.1.3,120.29727860177769,2026-07-10 10h00.20.646196 -0400,
,,,,2,2,0,,,,,space,2.1981945000006817,None,,,,,3,How did the ground look?,"1. Completely covered with rocks
 2. Mostly sandy with some rocks 
3. Covered with rocks except in the middle
4. Covered with rocks except on the left",4,Tulon,stimuli/scenes/scene_U2.jpg,space,2.274320600030478,None,4,0,1.528187700023409,None,1,0,2.911708500003442,None,,,,,,,,,,,,,,,,,,,,,,,,,,,,,,,0,0,0,0,0,0,0,0,,,,,2,0,2,0,0,2,2,3,,,,,,,,,,,,,,,,,,,,,,,,,,,,,,,,,,,,,,,,,,,,,,,,,,,,,,,,,,,,,,,,,,,,,,,,,,,,,,,,,,,,,,,,,,,,,,,,,,,,,,,,,,,,,,,,,,,,,,,,,,,,,,,,,,,,,,,,,,,,,,,,,,,,,,,,,,,,,,,,,,,,,,,,,,,,,,,,,,,,,,,,,,,,,,,,,,,,,,,,,,,,,,,,,,,,,,,,,,,,,,,,,,,,,,,,,,,,,,,,,,,,,,,,,,,,,,,,,,,,,,,,,,,,,,,,,,,,,,,,,,,,,,,,,,,,,,203,1,2026-07-10_10h00.19.295,SBL_superimposed_training_task,,2026.1.3,120.29727860177769,2026-07-10 10h00.20.646196 -0400,
,,,,3,3,0,,,,,space,2.1981945000006817,None,,,,,2,How did the lighting appear overall?,"1. Dim and bluish 
2. Bright and strong rays
3. Warm and golden",1,Tulon,stimuli/scenes/scene_U2.jpg,space,2.274320600030478,None,4,0,1.5343114000279456,None,1,1,3.6331276000128128,None,,,,,,,,,,,,,,,,,,,,,,,,,,,,,,,0,0,0,0,0,0,0,0,,,,,2,0,2,0,0,3,3,2,,,,,,,,,,,,,,,,,420.98105329996906,,,,,,,,,,,,,,,,,,,,,,,,,,,,,,,,,,,,,,,,,,,,,,,,,,,,,,,,,,,,,,,,,,,,,,,,,,,,,,,,,,420.97873979998985,420.9787876000046,420.97880649997387,420.98105329996906,421.9729829999851,421.9649458999629,421.9653500999557,421.9729829999851,421.9729829999851,425.9562428999925,425.95627039996907,425.9729671999812,425.9729671999812,427.51506189996144,4,0,1.5343114000279456,None,427.522339499963,427.5250234999694,427.5250234999694,0.007257400022353977,427.5250234999694,431.1567288999795,1,1,3.6331276000128128,None,,,,,,,,,,,425.96444539999356,425.96444539999356,,,,,,,,,,,,,,,,,,,,,,,,,,,,,,,,,,,,,,,,,,,,,,,,,,,,,,,,,,,,,,,,,,,,,,,,,,,,,,,,,,,,,,,,,,,,,,,,,,,,,,,,,,,,,,,,,,,,,,,,,,,,,,,,,,,,,,,,,,,,,,,,,,,,,,,,,,,,203,1,2026-07-10_10h00.19.295,SBL_superimposed_training_task,,2026.1.3,120.29727860177769,2026-07-10 10h00.20.646196 -0400,
,,,,0,0,0,,,,,space,2.1981945000006817,None,,,,,1,What was the color of seaweed on the left?,"1.  Green-yellow
2. Reddish.
3. Dark green",1,Tulon,stimuli/scenes/scene_U2.jpg,space,2.274320600030478,None,4,0,1.2145739000407048,None,3,0,4.247420800034888,None,space,4.003906400001142,None,,,,,,,,,,,,,,,,,,,,,,,,,,,,0,0,0,0,0,0,0,0,,,,,2,0,2,0,1,0,4,1,0,0,0,0,,,,,,,,,,,,,441.6794028999866,,,,,,,,,,,,,,,,,,,,,,,,,,,,,,,,,,,,,,,,,,,,,,,,,,,,,,,,,,,,,,,,,,,,,,,,,,,,,,,,,,431.17023399996106,431.17027899995446,431.1702980999835,431.1726506999694,432.1647408999852,432.15655600000173,432.1569559999625,432.1647408999852,432.1647408999852,436.1487075999612,436.1487328999792,436.1647938999813,436.1647938999813,437.3818223999697,4,0,1.2145739000407048,None,437.3880123999552,437.3902133000083,437.3902133000083,0.006167599989566952,437.3902133000083,441.6403318999801,3,0,4.247420800034888,None,441.665288899967,441.6794028999866,441.6794028999866,441.6794028999866,441.6794028999866,441.6794028999866,445.6907785999938,space,4.003906400001142,None,436.156647900003,436.156647900003,,,,,,,,,,,,,,,,,,,,,,,,,,,,,,,,,,,,,,,,,,,,,,,,,,,,,,,,,,,,,,,,,,,,,,,,,,,,,,,,,,,,,,,,,,,,,,,,,,,,,,,,,,,,,,,,,,,,,,,,,,,,,,,,,,,,,,,,,,,,,,,,,,,,,,,,,,,,203,1,2026-07-10_10h00.19.295,SBL_superimposed_training_task,,2026.1.3,120.29727860177769,2026-07-10 10h00.20.646196 -0400,
,,,,4,0,1,,,,,space,2.1981945000006817,None,,,,,1,What was the color of seaweed on the left?,"1.  Green-yellow
2. Reddish.
3. Dark green",1,Tulon,stimuli/scenes/scene_U2.jpg,space,2.274320600030478,None,4,0,1.2145739000407048,None,3,0,4.247420800034888,None,,,,,,,,,,,,,,,,,,,,,,,,,,,,,,,0,0,0,0,0,0,0,0,,,,,2,0,2,0,1,0,4,1,,,,,,,,,,,,,,,,,,,,,,,,,,,,,,,,,,,,,,,,,,,,,,,,,,,,,,,,,,,,,,,,,,,,,,,,,,,,,,,,,,,,,,,,,,,,,,,,,,,,,,,,,,,,,,,,,,,,,,,,,,,,,,,,,,,,,,,,,,,,,,,,,,,,,,,,,,,,,,,,,,,,,,,,,,,,,,,,,,,,,,,,,,,,,,,,,,,,,,,,,,,,,,,,,,,,,,,,,,,,,,,,,,,,,,,,,,,,,,,,,,,,,,,,,,,,,,,,,,,,,,,,,,,,,,,,,,,,,,,,,,,,,,,,,,,,,,203,1,2026-07-10_10h00.19.295,SBL_superimposed_training_task,,2026.1.3,120.29727860177769,2026-07-10 10h00.20.646196 -0400,
,,,,0,0,0,,,,,space,2.1981945000006817,None,,,,,3,How did the ground look?,"1. Completely covered with rocks
 2. Mostly sandy with some rocks 
3. Covered with rocks except in the middle
4. Covered with rocks except on the left",4,Tulon,stimuli/scenes/scene_U2.jpg,space,2.274320600030478,None,4,0,0.9849274999578483,None,1,0,1.9989567999728024,None,space,0.582118799968157,None,,,,,,,,,,,,,,,,,,,,,,,,,,,,0,0,0,0,0,0,0,0,,,,,2,0,2,0,1,1,5,3,0,0,0,0,,,,,,,,,,,,,453.7412245000014,,,,,,,,,,,,,,,,,,,,,,,,,,,,,,,,,,,,,,,,,,,,,,,,,,,,,,,,,,,,,,,,,,,,,,,,,,,,,,,,,,445.7046757999924,445.70472149999114,445.70473979995586,445.70643369999016,446.69837569998344,446.690492899972,446.6909105000086,446.69837569998344,446.69837569998344,450.6824004999944,450.6824275999679,450.6982764999848,450.6982764999848,451.6904884999967,4,0,0.9849274999578483,None,451.70024729997385,451.70286689995555,451.70286689995555,0.009739900007843971,451.70286689995555,453.70749629999045,1,0,1.9989567999728024,None,453.72803319996456,453.7412245000014,453.7412245000014,453.7412245000014,453.7412245000014,453.7412245000014,454.3239041999914,space,0.582118799968157,None,450.69032979995245,450.69032979995245,,,,,,,,,,,,,,,,,,,,,,,,,,,,,,,,,,,,,,,,,,,,,,,,,,,,,,,,,,,,,,,,,,,,,,,,,,,,,,,,,,,,,,,,,,,,,,,,,,,,,,,,,,,,,,,,,,,,,,,,,,,,,,,,,,,,,,,,,,,,,,,,,,,,,,,,,,,,203,1,2026-07-10_10h00.19.295,SBL_superimposed_training_task,,2026.1.3,120.29727860177769,2026-07-10 10h00.20.646196 -0400,
,,,,5,1,1,,,,,space,2.1981945000006817,None,,,,,3,How did the ground look?,"1. Completely covered with rocks
 2. Mostly sandy with some rocks 
3. Covered with rocks except in the middle
4. Covered with rocks except on the left",4,Tulon,stimuli/scenes/scene_U2.jpg,space,2.274320600030478,None,4,0,0.9849274999578483,None,1,0,1.9989567999728024,None,,,,,,,,,,,,,,,,,,,,,,,,,,,,,,,0,0,0,0,0,0,0,0,,,,,2,0,2,0,1,1,5,3,,,,,,,,,,,,,,,,,,,,,,,,,,,,,,,,,,,,,,,,,,,,,,,,,,,,,,,,,,,,,,,,,,,,,,,,,,,,,,,,,,,,,,,,,,,,,,,,,,,,,,,,,,,,,,,,,,,,,,,,,,,,,,,,,,,,,,,,,,,,,,,,,,,,,,,,,,,,,,,,,,,,,,,,,,,,,,,,,,,,,,,,,,,,,,,,,,,,,,,,,,,,,,,,,,,,,,,,,,,,,,,,,,,,,,,,,,,,,,,,,,,,,,,,,,,,,,,,,,,,,,,,,,,,,,,,,,,,,,,,,,,,,,,,,,,,,,203,1,2026-07-10_10h00.19.295,SBL_superimposed_training_task,,2026.1.3,120.29727860177769,2026-07-10 10h00.20.646196 -0400,
,,,,0,0,0,,,,,space,2.1981945000006817,None,,,,,0,What material primarily covered the ground?,"1. Fine white sand
2. Pebbles and small rocks
3. Flat stone slabs",2,Tulon,stimuli/scenes/scene_U2.jpg,space,2.274320600030478,None,None,0,,,None,0,,,None,,,,,,,,,,,,,,,,,,,,,,,,,,,,,,0,0,0,0,0,0,0,0,,,,,2,0,2,0,1,2,6,0,0,0,0,0,,,,,,,,,,,,,454.44501839997247,,,,,,,,,,,,,,,,,,,,,,,,,,,,,,,,,,,,,,,,,,,,,,,,,,,,,,,,,,,,,,,,,,,,,,,,,,,,,,,,,,454.33854039997095,454.33858469995903,454.33860249997815,,,454.33862920000684,454.33900089998497,,,454.33903659996577,454.33905730000697,,,454.33907619997626,None,0,,,454.34623359999387,,,,,454.34627419995377,None,0,,,454.35787449998315,,,,,,454.3579268999747,None,,,,,,,,,,,,,,,,,,,,,,,,,,,,,,,,,,,,,,,,,,,,,,,,,,,,,,,,,,,,,,,,,,,,,,,,,,,,,,,,,,,,,,,,,,,,,,,,,,,,,,,,,,,,,,,,,,,,,,,,,,,,,,,,,,,,,,,,,,,,,,,,,,,,,,,,,,,,,,,,203,1,2026-07-10_10h00.19.295,SBL_superimposed_training_task,,2026.1.3,120.29727860177769,2026-07-10 10h00.20.646196 -0400,
,,,,6,2,1,,,,,space,2.1981945000006817,None,,,,,0,What material primarily covered the ground?,"1. Fine white sand
2. Pebbles and small rocks
3. Flat stone slabs",2,Tulon,stimuli/scenes/scene_U2.jpg,space,2.274320600030478,None,None,0,,,None,0,,,,,,,,,,,,,,,,,,,,,,,,,,,,,,,,,0,0,0,0,0,0,0,0,,,,,2,0,2,0,1,2,6,0,,,,,,,,,,,,,,,,,,,,,,,,,,,,,,,,,,,,,,,,,,,,,,,,,,,,,,,,,,,,,,,,,,,,,,,,,,,,,,,,,,,,,,,,,,,,,,,,,,,,,,,,,,,,,,,,,,,,,,,,,,,,,,,,,,,,,,,,,,,,,,,,,,,,,,,,,,,,,,,,,,,,,,,,,,,,,,,,,,,,,,,,,,,,,,,,,,,,,,,,,,,,,,,,,,,,,,,,,,,,,,,,,,,,,,,,,,,,,,,,,,,,,,,,,,,,,,,,,,,,,,,,,,,,,,,,,,,,,,,,,,,,,,,,,,,,,,203,1,2026-07-10_10h00.19.295,SBL_superimposed_training_task,,2026.1.3,120.29727860177769,2026-07-10 10h00.20.646196 -0400,
,,,,0,0,0,,,,,space,2.1981945000006817,None,,,,,2,How did the lighting appear overall?,"1. Dim and bluish 
2. Bright and strong rays
3. Warm and golden",1,Tulon,stimuli/scenes/scene_U2.jpg,space,2.274320600030478,None,None,0,,,None,0,,,None,,,,,,,,,,,,,,,,,,,,,,,,,,,,,,0,0,0,0,0,0,0,0,,,,,2,0,2,0,1,3,7,2,0,0,0,0,,,,,,,,,,,,,454.44501839997247,,,,,,,,,,,,,,,,,,,,,,,,,,,,,,,,,,,,,,,,,,,,,,,,,,,,,,,,,,,,,,,,,,,,,,,,,,,,,,,,,,454.3713448999915,454.3713979999884,454.3714163999539,,,454.3714419999742,454.3717937999754,,,454.37182689999463,454.3718501999974,,,454.3718690999667,None,0,,,454.3786130999797,,,,,454.378648999962,None,0,,,454.3899528000038,,,,,,454.39003680000314,None,,,,,,,,,,,,,,,,,,,,,,,,,,,,,,,,,,,,,,,,,,,,,,,,,,,,,,,,,,,,,,,,,,,,,,,,,,,,,,,,,,,,,,,,,,,,,,,,,,,,,,,,,,,,,,,,,,,,,,,,,,,,,,,,,,,,,,,,,,,,,,,,,,,,,,,,,,,,,,,,203,1,2026-07-10_10h00.19.295,SBL_superimposed_training_task,,2026.1.3,120.29727860177769,2026-07-10 10h00.20.646196 -0400,
,,,,7,3,1,,,,,space,2.1981945000006817,None,,,,,2,How did the lighting appear overall?,"1. Dim and bluish 
2. Bright and strong rays
3. Warm and golden",1,Tulon,stimuli/scenes/scene_U2.jpg,space,2.274320600030478,None,None,0,,,None,0,,,,,,,,,,,,,,,,,,,,,,,,,,,,,,,,,0,0,0,0,0,0,0,0,,,,,2,0,2,0,1,3,7,2,,,,,,,,,,,,,,,,,,,,,,,,,,,,,,,,,,,,,,,,,,,,,,,,,,,,,,,,,,,,,,,,,,,,,,,,,,,,,,,,,,,,,,,,,,,,,,,,,,,,,,,,,,,,,,,,,,,,,,,,,,,,,,,,,,,,,,,,,,,,,,,,,,,,,,,,,,,,,,,,,,,,,,,,,,,,,,,,,,,,,,,,,,,,,,,,,,,,,,,,,,,,,,,,,,,,,,,,,,,,,,,,,,,,,,,,,,,,,,,,,,,,,,,,,,,,,,,,,,,,,,,,,,,,,,,,,,,,,,,,,,,,,,,,,,,,,,203,1,2026-07-10_10h00.19.295,SBL_superimposed_training_task,,2026.1.3,120.29727860177769,2026-07-10 10h00.20.646196 -0400,
,,,,0,0,0,,,,,space,2.1981945000006817,None,,,,,2,How did the lighting appear overall?,"1. Dim and bluish 
2. Bright and strong rays
3. Warm and golden",1,Tulon,stimuli/scenes/scene_U2.jpg,space,2.274320600030478,None,None,0,,,None,0,,,None,,,,,,,,,,,,,,,,,,,,,,,,,,,,,,0,0,0,0,0,0,0,0,,,,,2,0,2,0,2,0,8,2,0,0,0,0,,,,,,,,,,,,,454.44501839997247,,,,,,,,,,,,,,,,,,,,,,,,,,,,,,,,,,,,,,,,,,,,,,,,,,,,,,,,,,,,,,,,,,,,,,,,,,,,,,,,,,454.4099517999566,454.41000759997405,454.4100255999947,,,454.41005079995375,454.41040399996564,,,454.4104358999757,454.41045599995414,,,454.4104747999809,None,0,,,454.4105164000066,,,,,454.41054259997327,None,0,,,454.42190149996895,,,,,,454.42198849999113,None,,,,,,,,,,,,,,,,,,,,,,,,,,,,,,,,,,,,,,,,,,,,,,,,,,,,,,,,,,,,,,,,,,,,,,,,,,,,,,,,,,,,,,,,,,,,,,,,,,,,,,,,,,,,,,,,,,,,,,,,,,,,,,,,,,,,,,,,,,,,,,,,,,,,,,,,,,,,,,,,203,1,2026-07-10_10h00.19.295,SBL_superimposed_training_task,,2026.1.3,120.29727860177769,2026-07-10 10h00.20.646196 -0400,
,,,,8,0,2,,,,,space,2.1981945000006817,None,,,,,2,How did the lighting appear overall?,"1. Dim and bluish 
2. Bright and strong rays
3. Warm and golden",1,Tulon,stimuli/scenes/scene_U2.jpg,space,2.274320600030478,None,None,0,,,None,0,,,,,,,,,,,,,,,,,,,,,,,,,,,,,,,,,0,0,0,0,0,0,0,0,,,,,2,0,2,0,2,0,8,2,,,,,,,,,,,,,,,,,,,,,,,,,,,,,,,,,,,,,,,,,,,,,,,,,,,,,,,,,,,,,,,,,,,,,,,,,,,,,,,,,,,,,,,,,,,,,,,,,,,,,,,,,,,,,,,,,,,,,,,,,,,,,,,,,,,,,,,,,,,,,,,,,,,,,,,,,,,,,,,,,,,,,,,,,,,,,,,,,,,,,,,,,,,,,,,,,,,,,,,,,,,,,,,,,,,,,,,,,,,,,,,,,,,,,,,,,,,,,,,,,,,,,,,,,,,,,,,,,,,,,,,,,,,,,,,,,,,,,,,,,,,,,,,,,,,,,,203,1,2026-07-10_10h00.19.295,SBL_superimposed_training_task,,2026.1.3,120.29727860177769,2026-07-10 10h00.20.646196 -0400,
,,,,9,1,2,,,,,space,2.1981945000006817,None,,,,,1,What was the color of seaweed on the left?,"1.  Green-yellow
2. Reddish.
3. Dark green",1,Tulon,stimuli/scenes/scene_U2.jpg,space,2.274320600030478,None,4,0,0.9075592000153847,None,1,1,1.6723900999641046,None,,,,,,,,,,,,,,,,,,,,,,,,,,,,,,,0,0,0,0,0,0,0,0,,,,,2,0,2,0,2,1,9,1,,,,,,,,,,,,,,,,,454.44501839997247,,,,,,,,,,,,,,,,,,,,,,,,,,,,,,,,,,,,,,,,,,,,,,,,,,,,,,,,,,,,,,,,,,,,,,,,,,,,,,,,,,454.4404621999711,454.44059939996805,454.44061879999936,454.44501839997247,455.44016030000057,455.43226529995445,455.43268859997625,455.44016030000057,455.44016030000057,459.42373669997323,459.42376559996046,459.43187049997505,459.43187049997505,460.3408428999828,4,0,0.9075592000153847,None,460.3469374999986,460.34931459999643,460.34931459999643,0.00607449997914955,460.34931459999643,462.0239251999883,1,1,1.6723900999641046,None,,,,,,,,,,,459.43187049997505,459.43187049997505,,,,,,,,,,,,,,,,,,,,,,,,,,,,,,,,,,,,,,,,,,,,,,,,,,,,,,,,,,,,,,,,,,,,,,,,,,,,,,,,,,,,,,,,,,,,,,,,,,,,,,,,,,,,,,,,,,,,,,,,,,,,,,,,,,,,,,,,,,,,,,,,,,,,,,,,,,,,203,1,2026-07-10_10h00.19.295,SBL_superimposed_training_task,,2026.1.3,120.29727860177769,2026-07-10 10h00.20.646196 -0400,
,,,,0,0,0,,,,,space,2.1981945000006817,None,,,,,0,What material primarily covered the ground?,"1. Fine white sand
2. Pebbles and small rocks
3. Flat stone slabs",2,Tulon,stimuli/scenes/scene_U2.jpg,space,2.274320600030478,None,None,0,,,None,0,,,None,,,,,,,,,,,,,,,,,,,,,,,,,,,,,,0,0,0,0,0,0,0,0,,,,,2,0,2,0,2,2,10,0,0,0,0,0,,,,,,,,,,,,,462.07803219999187,,,,,,,,,,,,,,,,,,,,,,,,,,,,,,,,,,,,,,,,,,,,,,,,,,,,,,,,,,,,,,,,,,,,,,,,,,,,,,,,,,462.03736299998127,462.0374101999914,462.0374286999577,,,462.0374559999909,462.03783240000485,,,462.0378679999849,462.0378875999595,,,462.03790709999157,None,0,,,462.0449779999908,,,,,462.04501589998836,None,0,,,462.05630259995814,,,,,,462.05639260000316,None,,,,,,,,,,,,,,,,,,,,,,,,,,,,,,,,,,,,,,,,,,,,,,,,,,,,,,,,,,,,,,,,,,,,,,,,,,,,,,,,,,,,,,,,,,,,,,,,,,,,,,,,,,,,,,,,,,,,,,,,,,,,,,,,,,,,,,,,,,,,,,,,,,,,,,,,,,,,,,,,203,1,2026-07-10_10h00.19.295,SBL_superimposed_training_task,,2026.1.3,120.29727860177769,2026-07-10 10h00.20.646196 -0400,
,,,,10,2,2,,,,,space,2.1981945000006817,None,,,,,0,What material primarily covered the ground?,"1. Fine white sand
2. Pebbles and small rocks
3. Flat stone slabs",2,Tulon,stimuli/scenes/scene_U2.jpg,space,2.274320600030478,None,None,0,,,None,0,,,,,,,,,,,,,,,,,,,,,,,,,,,,,,,,,0,0,0,0,0,0,0,0,,,,,2,0,2,0,2,2,10,0,,,,,,,,,,,,,,,,,,,,,,,,,,,,,,,,,,,,,,,,,,,,,,,,,,,,,,,,,,,,,,,,,,,,,,,,,,,,,,,,,,,,,,,,,,,,,,,,,,,,,,,,,,,,,,,,,,,,,,,,,,,,,,,,,,,,,,,,,,,,,,,,,,,,,,,,,,,,,,,,,,,,,,,,,,,,,,,,,,,,,,,,,,,,,,,,,,,,,,,,,,,,,,,,,,,,,,,,,,,,,,,,,,,,,,,,,,,,,,,,,,,,,,,,,,,,,,,,,,,,,,,,,,,,,,,,,,,,,,,,,,,,,,,,,,,,,,203,1,2026-07-10_10h00.19.295,SBL_superimposed_training_task,,2026.1.3,120.29727860177769,2026-07-10 10h00.20.646196 -0400,
,,,,11,3,2,,,,,space,2.1981945000006817,None,,,,,3,How did the ground look?,"1. Completely covered with rocks
 2. Mostly sandy with some rocks 
3. Covered with rocks except in the middle
4. Covered with rocks except on the left",4,Tulon,stimuli/scenes/scene_U2.jpg,space,2.274320600030478,None,3,0,2.4815470000030473,None,4,1,14.212270799966063,None,,,,,,,,,,,,,,,,,,,,,,,,,,,,,,,0,0,0,0,0,0,0,0,,,,,2,0,2,0,2,3,11,3,,,,,,,,,,,,,,,,,462.07803219999187,,,,,,,,,,,,,,,,,,,,,,,,,,,,,,,,,,,,,,,,,,,,,,,,,,,,,,,,,,,,,,,,,,,,,,,,,,,,,,,,,,462.0749407999683,462.0749953999766,462.0750143000041,462.07803219999187,463.0740058000083,463.0652576999855,463.06566309998743,463.0740058000083,463.0740058000083,467.0569826999563,467.05700989998877,467.073779999977,467.073779999977,469.5574053999735,3,0,2.4815470000030473,None,469.5672324000043,469.5700896999915,469.5700896999915,0.009807499998714775,469.5700896999915,483.7826031000004,4,1,14.212270799966063,None,,,,,,,,,,,467.0654884999967,467.0654884999967,,,,,,,,,,,,,,,,,,,,,,,,,,,,,,,,,,,,,,,,,,,,,,,,,,,,,,,,,,,,,,,,,,,,,,,,,,,,,,,,,,,,,,,,,,,,,,,,,,,,,,,,,,,,,,,,,,,,,,,,,,,,,,,,,,,,,,,,,,,,,,,,,,,,,,,,,,,,203,1,2026-07-10_10h00.19.295,SBL_superimposed_training_task,,2026.1.3,120.29727860177769,2026-07-10 10h00.20.646196 -0400,
,,,,0,0,0,,,,,space,2.1981945000006817,None,,,,,2,How did the tree trunks look like?,"1. Wide and Wing-like 
2. Mossy and thin
3. Dark and charred-looking",1,Malbow,stimuli/scenes/scene_J1.jpg,space,2.274320600030478,None,3,0,2.7480493999901228,None,1,1,4.7583100000047125,None,,,,,,,,,,,,,,,,,,,,,,,,,,,,,,,0,0,0,0,0,0,0,0,,,,,3,0,3,0,0,0,0,2,,,,,0,0,0,0,,,,,,,,,485.794121599989,,,,,,,,,,,,,,,,,,,,,,,,,,,,,,,,,,,,,,,,,,,,,,,,,,,,,,,,,,,,,,,,,,,,,,,,,,,,,,,,485.77644449996296,485.7764896999579,485.79233399999794,485.79238339996664,485.79240249999566,485.794121599989,486.8213623999618,486.7823476999765,486.7948641999974,486.8213623999618,486.8213623999618,490.79949389997637,490.7995271999971,490.80743609997444,490.80743609997444,493.5575326999533,3,0,2.7480493999901228,None,493.5649080000003,493.567296299967,493.567296299967,0.0073578000301495194,493.567296299967,498.32440079998923,1,1,4.7583100000047125,None,,,,,,,,,,,,,483.7890037999605,483.7907019999693,485.794121599989,485.7746179999667,,,,,,,,,,,,,,,,,,,,,,,,,,,,,,,,,,,,,,,,,,,,,,,,,,,,,,,,,,,,,,,,,,,,,,,,,,,,,,,,,,,,,,,,,,,,,,,,,,,,,,,,,,,,,,,,,,,,,,,,,,,,,,,,,,,,,,,,,,,,,,,,,,,,,,,,203,1,2026-07-10_10h00.19.295,SBL_superimposed_training_task,,2026.1.3,120.29727860177769,2026-07-10 10h00.20.646196 -0400,
,,,,1,1,0,,,,,space,2.1981945000006817,None,,,,,0,"Were there flowers in this jungle? If so, what color were they?","1. Yes, Red and yellow
2. Yes, Purple and orange
3. No, there weren't any flowers",1,Malbow,stimuli/scenes/scene_J1.jpg,space,2.274320600030478,None,3,0,1.246429699996952,None,1,1,8.594366699981038,None,,,,,,,,,,,,,,,,,,,,,,,,,,,,,,,0,0,0,0,0,0,0,0,,,,,3,0,3,0,0,1,1,0,,,,,,,,,,,,,,,,,498.3397246999666,,,,,,,,,,,,,,,,,,,,,,,,,,,,,,,,,,,,,,,,,,,,,,,,,,,,,,,,,,,,,,,,,,,,,,,,,,,,,,,,,,498.33768659998896,498.3377312999801,498.3377499000053,498.3397246999666,499.33251310000196,499.32448409998324,499.3248911999981,499.33251310000196,499.33251310000196,503.31646999996156,503.31649539998034,503.33294259995455,503.33294259995455,504.5833727999707,3,0,1.246429699996952,None,504.59297840000363,504.59552549995715,504.59552549995715,0.009586900006979704,504.59552549995715,513.1912939999602,1,1,8.594366699981038,None,,,,,,,,,,,503.3242094999878,503.3242094999878,,,,,,,,,,,,,,,,,,,,,,,,,,,,,,,,,,,,,,,,,,,,,,,,,,,,,,,,,,,,,,,,,,,,,,,,,,,,,,,,,,,,,,,,,,,,,,,,,,,,,,,,,,,,,,,,,,,,,,,,,,,,,,,,,,,,,,,,,,,,,,,,,,,,,,,,,,,,203,1,2026-07-10_10h00.19.295,SBL_superimposed_training_task,,2026.1.3,120.29727860177769,2026-07-10 10h00.20.646196 -0400,
,,,,2,2,0,,,,,space,2.1981945000006817,None,,,,,3,How does the lighting looks like in this jungle?,"1. Sun is shining brightly through the foliage, the air is clear. 
2. The sun does not penetrate the mist and thick foliage.
3. The lighting is dim and green-tinted, with shadows but no visible sunbeams.",1,Malbow,stimuli/scenes/scene_J1.jpg,space,2.274320600030478,None,3,0,1.0359385999618098,None,1,1,10.46065089997137,None,,,,,,,,,,,,,,,,,,,,,,,,,,,,,,,0,0,0,0,0,0,0,0,,,,,3,0,3,0,0,2,2,3,,,,,,,,,,,,,,,,,513.2072870999691,,,,,,,,,,,,,,,,,,,,,,,,,,,,,,,,,,,,,,,,,,,,,,,,,,,,,,,,,,,,,,,,,,,,,,,,,,,,,,,,,,513.204917999974,513.2049627999659,513.2049808999873,513.2072870999691,514.1994560000021,514.1916381999617,514.1920465999865,514.1994560000021,514.1994560000021,518.183194799989,518.1832204000093,518.199496599962,518.199496599962,519.242039499979,3,0,1.0359385999618098,None,519.254783899989,519.2572970999754,519.2572970999754,0.012724499974865466,519.2572970999754,529.7162736000028,1,1,10.46065089997137,None,,,,,,,,,,,518.191163099953,518.191163099953,,,,,,,,,,,,,,,,,,,,,,,,,,,,,,,,,,,,,,,,,,,,,,,,,,,,,,,,,,,,,,,,,,,,,,,,,,,,,,,,,,,,,,,,,,,,,,,,,,,,,,,,,,,,,,,,,,,,,,,,,,,,,,,,,,,,,,,,,,,,,,,,,,,,,,,,,,,,203,1,2026-07-10_10h00.19.295,SBL_superimposed_training_task,,2026.1.3,120.29727860177769,2026-07-10 10h00.20.646196 -0400,
,,,,3,3,0,,,,,space,2.1981945000006817,None,,,,,1,Was the ground green or brown? Was it grassy or covered in leaves?,"1. Green and Grassy
2. Brown and Leaves
3. Mossy",2,Malbow,stimuli/scenes/scene_J1.jpg,space,2.274320600030478,None,4,0,0.9908566999947652,None,2,1,5.574279199994635,None,,,,,,,,,,,,,,,,,,,,,,,,,,,,,,,0,0,0,0,0,0,0,0,,,,,3,0,3,0,0,3,3,1,,,,,,,,,,,,,,,,,529.731909199967,,,,,,,,,,,,,,,,,,,,,,,,,,,,,,,,,,,,,,,,,,,,,,,,,,,,,,,,,,,,,,,,,,,,,,,,,,,,,,,,,,529.7298061999609,529.7298563999939,529.7298747999594,529.731909199967,530.7247919999645,530.7166383999866,530.7170500999782,530.7247919999645,530.7247919999645,534.7077713999897,534.707796600007,534.7245651999838,534.7245651999838,535.7167287999764,4,0,0.9908566999947652,None,535.7249606999685,535.7272954999935,535.7272954999935,0.008213800028897822,535.7272954999935,541.3003648999729,2,1,5.574279199994635,None,,,,,,,,,,,534.7163518999587,534.7163518999587,,,,,,,,,,,,,,,,,,,,,,,,,,,,,,,,,,,,,,,,,,,,,,,,,,,,,,,,,,,,,,,,,,,,,,,,,,,,,,,,,,,,,,,,,,,,,,,,,,,,,,,,,,,,,,,,,,,,,,,,,,,,,,,,,,,,,,,,,,,,,,,,,,,,,,,,,,,,203,1,2026-07-10_10h00.19.295,SBL_superimposed_training_task,,2026.1.3,120.29727860177769,2026-07-10 10h00.20.646196 -0400,
,,,,0,0,0,,,,,space,2.1981945000006817,None,,,,,,,,,,,space,2.274320600030478,None,,,,,,,,,,,,,,,,,,,,,,,,,,,,,,,,,,,,,,,0,0,0,0,0,0,0,0,,,,,,,,,,,,,,,,,,,,,,,,,,,,,,,,,,,,,,,,,,,,,,,,,,,,,,,,,,,,,,,,,,,,,,,,,,,,,,,,,,,,,,,,,,,,,,,,,,,,,,,,,,,,,,,,,,,,,,,,,,,,,,,,,,,,,,,,,,,,,,,,,,,,,,,,,,,,,,,,,,,,,,,,,,,,,,,,,,,,,,,,,,,,,,,,,,,,,,,,,,,,,,,,,,,,,,,,,,,,,,,,,,,,,,,,,,,,,,,,,,,,,,,,,,,,,,,,,,,,,,,,,,,,,,,,,,,,,,,,,,,,,,,,,,,,,,,,,,,,,,,,,,203,1,2026-07-10_10h00.19.295,SBL_superimposed_training_task,,2026.1.3,120.29727860177769,2026-07-10 10h00.20.646196 -0400,
,,,,,,,,,,,,,,,,,,,,,,,,,,,,,,,,,,,,,,,,,,,,,,,,,,,,,,,,,,,,,,,,,,,,,,,,,,,,,,,,,,,,,,,,,,,,,,,,,,,,,,,,,,,,,,,,,,,,,,,,,,,,,,,,,,,,,,,,,,,,,,,,,,,,,,,,,,,,,,,,,,,,,,,,,,,,,,,,,,,,,,,,,,,,,,,,,,,,,,,,,,,,,,,,,,,,,,,,,,,,,,,,,,,541.3156497000018,541.3181382999755,542.2916738999775,547.3833428999642,space,5.087964300008025,None,,,,,,,,,,,,,,,,,,,,,,,,,,,,,,,,,,,,,,,,,,,,,,,,,,,,,,,,,,,,,,,,,,,,,,,,,,,,,,,,,,,,,,,,,,,,,,,,,,,,,,,,,,,,,,,,,,,,,,,,,,,,,,,,,,,,,,,,,,,,,,,,,203,1,2026-07-10_10h00.19.295,SBL_superimposed_training_task,,2026.1.3,120.29727860177769,2026-07-10 10h00.20.646196 -0400,
,,,,,,,,,,,,,,,,,,,,,,,,,,,,,,,,,,,,,,,,,,,,,,,,,,,,,,,,,,,,,,,,,,,,,,,,,,,,,,,,,,,,,,,,,,,,,,,,,,,,,,,,,,,,,,,,,,,,,,,,,,,,,,,,,,,,,,,,,,,,,,,,,,,,,,,,,,,,,,,,,,,,,,,,,,,,,,,,,,,,,,,,,,,,,,,,,,,,,,,,,,,,,,,,,,,,,,,,,,,,,,,,,,,,,,,,,,547.3833967999672,547.3917036000057,550.3753561999765,559.208741999988,space,8.827917599992361,None,,,,,,,,,,,,,,,,,,,,,,,,,,,,,,,,,,,,,,,,,,,,,,,,,,,,,,,,,,,,,,,,,,,,,,,,,,,,,,,,,,,,,,,,,,,,,,,,,,,,,,,,,,,,,,,,,,,,,,,,,,,,,,,,,,,,,,,,,,203,1,2026-07-10_10h00.19.295,SBL_superimposed_training_task,,2026.1.3,120.29727860177769,2026-07-10 10h00.20.646196 -0400,
,,,,,,,,,,,,,,,,,,,,,,,,,,,,,,,,,,,,,,,,,,,,,,,,,,,,,,,,,,,,,,,,,,,,,,,,,,,,,,,,,,,,,,,,,,,,,,,,,,,,,,,,,,,,,,,,,,,,,,,,,,,,,,,,,,,,,,,,,,,,,,,,,,,,,,,,,,,,,,,,,,,,,,,,,,,,,,,,,,,,,,,,,,,,,,,,,,,,,,,,,,,,,,,,,,,,,,,,,,,,,,,,,,,,,,,,,,,,,,,,,559.2340782999527,559.2364714999567,562.2001386999618,577.1753342999727,space,14.97138800000539,None,,,,,,,,,,,,,,,,,,,,,,,,,,,,,,,,,,,,,,,,,,,,,,,,,,,,,,,,,,,,,,,,,,,,,,,,,,,,,,,,,,,,,,,,,,,,,,,,,,,,,,,,,,,,,,,,,,,,,,,,,,,,,,,,,,,203,1,2026-07-10_10h00.19.295,SBL_superimposed_training_task,,2026.1.3,120.29727860177769,2026-07-10 10h00.20.646196 -0400,
,,,,,,,,,,,,,,,,,,,,,,,,,,,,,,,,,,,,,,,,,,,,,,,,,,,,,,,,,,,,,,,,,,,,,,,,,,,,,,,,,,,,,,,,,,,,,,,,,,,,,,,,,,,,,,,,,,,,,,,,,,,,,,,,,,,,,,,,,,,,,,,,,,,,,,,,,,,,,,,,,,,,,,,,,,,,,,,,,,,,,,,,,,,,,,,,,,,,,,,,,,,,,,,,,,,,,,,,,,,,,,,,,,,,,,,,,,,,,,,,,,,,,,,,577.1753881999757,577.1754275999847,,,,,,,,,,,,,,,,,,,,,,,,,,,,,,,,,,,,,,,,,,,,,,,,,,,,,,,,,,,,,,,,,,,,,,,,,,,,,,,,,,,,,,,,,,,,,,,,,,,,,,,,,,,,,,,,,,,,,,,,,,,,,,,,,203,1,2026-07-10_10h00.19.295,SBL_superimposed_training_task,,2026.1.3,120.29727860177769,2026-07-10 10h00.20.646196 -0400,
stimuli/scenes/scene_J1.jpg,Malbow,,,0,0,0,,,,,,,,,,,,,,,,,,,,,,,,,,,,,,,,Jungle,stimuli/items/jungle_objects_30.png,Jungle,object,sc,None,0,,,,,,,,,,,,,,,,,,,,,,,,,,,,,,,,,,,,,,,,,,,,,,,,,0,0,0,1,,,,,577.2331801999826,,,,,,,,,,,,,,,,,,,,,,,,,,,,,,,,,,,,,,,,,,,,,,,,,,,,,,,,,,,,,,,,,,,,,,,,,,,,,,,,,,,,,,,,,,,,,,,,,,,,,,,,,,,,,,,,,,,,,,,,,,,,,,,,,,,,,,,,,,,,,,,,,,,,,577.2220188999781,577.2331801999826,577.2331801999826,579.1761875000084,579.1847609999822,579.1868957999977,579.1868957999977,580.1756080999621,None,0,580.1757425999967,580.1838971999823,581.200573399954,581.1676630000002,,,,,,,,,,,,,,,,,,,,,,,,,,,,,,,,,,,,,,,,,,,,,,,,,,,,,,,,,,,,,,,,,,,,,,,,,,,,,,,,,,,,,,,,,,,,,,,,,,,,,,,,,,,,,,,,,,,203,1,2026-07-10_10h00.19.295,SBL_superimposed_training_task,,2026.1.3,120.29727860177769,2026-07-10 10h00.20.646196 -0400,
stimuli/scenes/scene_U2.jpg,Tulon,,,1,1,0,,,,,,,,,,,,,,,,,,,,,,,,,,,,,,,,Undersea,stimuli/items/jungle_animals_26.png,Jungle,animal,si,None,0,,,,,,,,,,,,,,,,,,,,,,,,,,,,,,,,,,,,,,,,,,,,,,,,,0,1,1,9,,,,,581.200573399954,,,,,,,,,,,,,,,,,,,,,,,,,,,,,,,,,,,,,,,,,,,,,,,,,,,,,,,,,,,,,,,,,,,,,,,,,,,,,,,,,,,,,,,,,,,,,,,,,,,,,,,,,,,,,,,,,,,,,,,,,,,,,,,,,,,,,,,,,,,,,,,,,,,,,581.1948289999855,581.200573399954,581.200573399954,583.175955499988,583.1760066999705,583.1839016999584,583.1839016999584,584.1673646999989,None,0,584.1674142999691,584.1753163999529,585.1999605000019,585.1587812000071,584.1753163999529,584.1753163999529,,,,,,,,,,,,,,,,,,,,,,,,,,,,,,,,,,,,,,,,,,,,,,,,,,,,,,,,,,,,,,,,,,,,,,,,,,,,,,,,,,,,,,,,,,,,,,,,,,,,,,,,,,,,,,,,,203,1,2026-07-10_10h00.19.295,SBL_superimposed_training_task,,2026.1.3,120.29727860177769,2026-07-10 10h00.20.646196 -0400,
stimuli/scenes/scene_J2.jpg,Negvi,,,2,2,0,,,,,,,,,,,,,,,,,,,,,,,,,,,,,,,,Jungle,stimuli/items/jungle_animals_46.png,Jungle,animal,sc,None,0,,,,,,,,,,,,,,,,,,,,,,,,,,,,,,,,,,,,,,,,,,,,,,,,,0,2,2,3,,,,,585.1999605000019,,,,,,,,,,,,,,,,,,,,,,,,,,,,,,,,,,,,,,,,,,,,,,,,,,,,,,,,,,,,,,,,,,,,,,,,,,,,,,,,,,,,,,,,,,,,,,,,,,,,,,,,,,,,,,,,,,,,,,,,,,,,,,,,,,,,,,,,,,,,,,,,,,,,,585.188032999984,585.1999605000019,585.1999605000019,587.1769493999891,587.1770020999829,587.1840898999944,587.1840898999944,588.1675430999603,None,0,588.1675924999872,588.1755790999741,589.2005046999548,589.1592662999756,588.1755790999741,588.1755790999741,,,,,,,,,,,,,,,,,,,,,,,,,,,,,,,,,,,,,,,,,,,,,,,,,,,,,,,,,,,,,,,,,,,,,,,,,,,,,,,,,,,,,,,,,,,,,,,,,,,,,,,,,,,,,,,,,203,1,2026-07-10_10h00.19.295,SBL_superimposed_training_task,,2026.1.3,120.29727860177769,2026-07-10 10h00.20.646196 -0400,
stimuli/scenes/scene_J2.jpg,Negvi,,,3,3,0,,,,,,,,,,,,,,,,,,,,,,,,,,,,,,,,Jungle,stimuli/items/undersea_objects_38.png,Undersea,object,si,None,0,,,,,,,,,,,,,,,,,,,,,,,,,,,,,,,,,,,,,,,,,,,,,,,,,0,3,3,4,,,,,589.2005046999548,,,,,,,,,,,,,,,,,,,,,,,,,,,,,,,,,,,,,,,,,,,,,,,,,,,,,,,,,,,,,,,,,,,,,,,,,,,,,,,,,,,,,,,,,,,,,,,,,,,,,,,,,,,,,,,,,,,,,,,,,,,,,,,,,,,,,,,,,,,,,,,,,,,,,589.1933118999586,589.2005046999548,589.2005046999548,591.1761809999589,591.1762336999527,591.1839938999619,591.1839938999619,592.1676023000036,None,0,592.167650599964,592.1758111999952,593.1909772999934,593.1591691999929,592.1758111999952,592.1758111999952,,,,,,,,,,,,,,,,,,,,,,,,,,,,,,,,,,,,,,,,,,,,,,,,,,,,,,,,,,,,,,,,,,,,,,,,,,,,,,,,,,,,,,,,,,,,,,,,,,,,,,,,,,,,,,,,,203,1,2026-07-10_10h00.19.295,SBL_superimposed_training_task,,2026.1.3,120.29727860177769,2026-07-10 10h00.20.646196 -0400,
stimuli/scenes/scene_U2.jpg,Tulon,,,4,4,0,,,,,,,,,,,,,,,,,,,,,,,,,,,,,,,,Undersea,stimuli/items/undersea_animals_37.png,Undersea,animal,sc,p,0,0.24324179999530315,None,,,,,,,,,,,,,,,,,,,,,,,,,,,,,,,,,,,,,,,,,,,,,,,0,4,4,11,,,,,593.1909772999934,,,,,,,,,,,,,,,,,,,,,,,,,,,,,,,,,,,,,,,,,,,,,,,,,,,,,,,,,,,,,,,,,,,,,,,,,,,,,,,,,,,,,,,,,,,,,,,,,,,,,,,,,,,,,,,,,,,,,,,,,,,,,,,,,,,,,,,,,,,,,,,,,,,,,593.1799794999533,593.1909772999934,593.1909772999934,595.1762223999831,595.1763381999917,595.1841037999839,595.1841037999839,595.4344693999738,p,0,595.4345361999585,595.442562799959,596.4647615999565,596.4256235999637,,,0.24324179999530315,None,,,,,,,,,,,,,,,,,,,,,,,,,,,,,,,,,,,,,,,,,,,,,,,,,,,,,,,,,,,,,,,,,,,,,,,,,,,,,,,,,,,,,,,,,,,,,,,,,,,,,,,,,,,,,,,203,1,2026-07-10_10h00.19.295,SBL_superimposed_training_task,,2026.1.3,120.29727860177769,2026-07-10 10h00.20.646196 -0400,
stimuli/scenes/scene_J1.jpg,Malbow,,,5,5,0,,,,,,,,,,,,,,,,,,,,,,,,,,,,,,,,Jungle,stimuli/items/other_objects_41.png,Other,object,si,p,1,0.4731817000429146,None,,,,,,,,,,,,,,,,,,,,,,,,,,,,,,,,,,,,,,,,,,,,,,,0,5,5,2,,,,,596.4647615999565,,,,,,,,,,,,,,,,,,,,,,,,,,,,,,,,,,,,,,,,,,,,,,,,,,,,,,,,,,,,,,,,,,,,,,,,,,,,,,,,,,,,,,,,,,,,,,,,,,,,,,,,,,,,,,,,,,,,,,,,,,,,,,,,,,,,,,,,,,,,,,,,,,,,,596.4540977999568,596.4647615999565,596.4647615999565,598.4347682999796,598.4348625999992,598.4422296999837,598.4422296999837,598.9175289999694,p,1,598.9176010999945,598.9256007999647,599.9419367999653,599.9091168000014,,,0.4731817000429146,None,,,,,,,,,,,,,,,,,,,,,,,,,,,,,,,,,,,,,,,,,,,,,,,,,,,,,,,,,,,,,,,,,,,,,,,,,,,,,,,,,,,,,,,,,,,,,,,,,,,,,,,,,,,,,,,203,1,2026-07-10_10h00.19.295,SBL_superimposed_training_task,,2026.1.3,120.29727860177769,2026-07-10 10h00.20.646196 -0400,
stimuli/scenes/scene_U1.jpg,Somar,,,6,6,0,,,,,,,,,,,,,,,,,,,,,,,,,,,,,,,,Undersea,stimuli/items/undersea_objects_8.png,Undersea,object,sc,q,1,0.3814068000065163,None,,,,,,,,,,,,,,,,,,,,,,,,,,,,,,,,,,,,,,,,,,,,,,,0,6,6,6,,,,,599.9419367999653,,,,,,,,,,,,,,,,,,,,,,,,,,,,,,,,,,,,,,,,,,,,,,,,,,,,,,,,,,,,,,,,,,,,,,,,,,,,,,,,,,,,,,,,,,,,,,,,,,,,,,,,,,,,,,,,,,,,,,,,,,,,,,,,,,,,,,,,,,,,,,,,,,,,,599.9340722999768,599.9419367999653,599.9419367999653,601.9182318999665,601.9183380999602,601.9258623999776,601.9258623999776,602.3090441999957,q,1,602.3091176999733,602.3171338999528,603.3335966999875,603.3009170999867,,,0.3814068000065163,None,,,,,,,,,,,,,,,,,,,,,,,,,,,,,,,,,,,,,,,,,,,,,,,,,,,,,,,,,,,,,,,,,,,,,,,,,,,,,,,,,,,,,,,,,,,,,,,,,,,,,,,,,,,,,,,203,1,2026-07-10_10h00.19.295,SBL_superimposed_training_task,,2026.1.3,120.29727860177769,2026-07-10 10h00.20.646196 -0400,
stimuli/scenes/scene_J1.jpg,Malbow,,,7,7,0,,,,,,,,,,,,,,,,,,,,,,,,,,,,,,,,Jungle,stimuli/items/jungle_animals_43.png,Jungle,animal,sc,q,1,0.28618890000507236,None,,,,,,,,,,,,,,,,,,,,,,,,,,,,,,,,,,,,,,,,,,,,,,,0,7,7,0,,,,,603.3335966999875,,,,,,,,,,,,,,,,,,,,,,,,,,,,,,,,,,,,,,,,,,,,,,,,,,,,,,,,,,,,,,,,,,,,,,,,,,,,,,,,,,,,,,,,,,,,,,,,,,,,,,,,,,,,,,,,,,,,,,,,,,,,,,,,,,,,,,,,,,,,,,,,,,,,,603.3229847999755,603.3335966999875,603.3335966999875,605.3107284999569,605.3107813999522,605.3171902999748,605.3171902999748,605.6097225999692,q,1,605.6097901999601,605.6175629000063,606.6324240999529,606.601139699982,,,0.28618890000507236,None,,,,,,,,,,,,,,,,,,,,,,,,,,,,,,,,,,,,,,,,,,,,,,,,,,,,,,,,,,,,,,,,,,,,,,,,,,,,,,,,,,,,,,,,,,,,,,,,,,,,,,,,,,,,,,,203,1,2026-07-10_10h00.19.295,SBL_superimposed_training_task,,2026.1.3,120.29727860177769,2026-07-10 10h00.20.646196 -0400,
stimuli/scenes/scene_U1.jpg,Somar,,,8,8,0,,,,,,,,,,,,,,,,,,,,,,,,,,,,,,,,Undersea,stimuli/items/other_animals_39.png,Other,animal,si,p,1,0.20174740004586056,None,,,,,,,,,,,,,,,,,,,,,,,,,,,,,,,,,,,,,,,,,,,,,,,0,8,8,8,,,,,606.6324240999529,,,,,,,,,,,,,,,,,,,,,,,,,,,,,,,,,,,,,,,,,,,,,,,,,,,,,,,,,,,,,,,,,,,,,,,,,,,,,,,,,,,,,,,,,,,,,,,,,,,,,,,,,,,,,,,,,,,,,,,,,,,,,,,,,,,,,,,,,,,,,,,,,,,,,606.6221971999621,606.6324240999529,606.6324240999529,608.6102352999733,608.6102887999732,608.6177604999975,608.6177604999975,608.8263001999585,p,1,608.8263699999661,608.8345181999612,609.8509653999936,609.8173437999794,,,0.20174740004586056,None,,,,,,,,,,,,,,,,,,,,,,,,,,,,,,,,,,,,,,,,,,,,,,,,,,,,,,,,,,,,,,,,,,,,,,,,,,,,,,,,,,,,,,,,,,,,,,,,,,,,,,,,,,,,,,,203,1,2026-07-10_10h00.19.295,SBL_superimposed_training_task,,2026.1.3,120.29727860177769,2026-07-10 10h00.20.646196 -0400,
stimuli/scenes/scene_U2.jpg,Tulon,,,9,9,0,,,,,,,,,,,,,,,,,,,,,,,,,,,,,,,,Undersea,stimuli/items/jungle_animals_10.png,Jungle,animal,si,p,1,0.713277900009416,None,,,,,,,,,,,,,,,,,,,,,,,,,,,,,,,,,,,,,,,,,,,,,,,0,9,9,10,,,,,609.8509653999936,,,,,,,,,,,,,,,,,,,,,,,,,,,,,,,,,,,,,,,,,,,,,,,,,,,,,,,,,,,,,,,,,,,,,,,,,,,,,,,,,,,,,,,,,,,,,,,,,,,,,,,,,,,,,,,,,,,,,,,,,,,,,,,,,,,,,,,,,,,,,,,,,,,,,609.8446938999696,609.8509653999936,609.8509653999936,611.8265982999583,611.8266785999876,611.8341970999609,611.8341970999609,612.5509110999992,p,1,612.5509808000061,612.5592963999952,613.5836829000036,613.5430436999886,,,0.713277900009416,None,,,,,,,,,,,,,,,,,,,,,,,,,,,,,,,,,,,,,,,,,,,,,,,,,,,,,,,,,,,,,,,,,,,,,,,,,,,,,,,,,,,,,,,,,,,,,,,,,,,,,,,,,,,,,,,203,1,2026-07-10_10h00.19.295,SBL_superimposed_training_task,,2026.1.3,120.29727860177769,2026-07-10 10h00.20.646196 -0400,
stimuli/scenes/scene_J2.jpg,Negvi,,,10,10,0,,,,,,,,,,,,,,,,,,,,,,,,,,,,,,,,Jungle,stimuli/items/undersea_animals_18.png,Undersea,animal,si,p,1,0.6520598000497557,None,,,,,,,,,,,,,,,,,,,,,,,,,,,,,,,,,,,,,,,,,,,,,,,0,10,10,5,,,,,613.5836829000036,,,,,,,,,,,,,,,,,,,,,,,,,,,,,,,,,,,,,,,,,,,,,,,,,,,,,,,,,,,,,,,,,,,,,,,,,,,,,,,,,,,,,,,,,,,,,,,,,,,,,,,,,,,,,,,,,,,,,,,,,,,,,,,,,,,,,,,,,,,,,,,,,,,,,613.5736011999543,613.5836829000036,613.5836829000036,615.5514622000046,615.5515160000068,615.559325499984,615.559325499984,616.2179028999526,p,1,616.2179729999625,616.2259320999729,617.2489179999684,617.2092907999759,,,0.6520598000497557,None,,,,,,,,,,,,,,,,,,,,,,,,,,,,,,,,,,,,,,,,,,,,,,,,,,,,,,,,,,,,,,,,,,,,,,,,,,,,,,,,,,,,,,,,,,,,,,,,,,,,,,,,,,,,,,,203,1,2026-07-10_10h00.19.295,SBL_superimposed_training_task,,2026.1.3,120.29727860177769,2026-07-10 10h00.20.646196 -0400,
stimuli/scenes/scene_U1.jpg,Somar,,,11,11,0,,,,,,,,,,,,,,,,,,,,,,,,,,,,,,,,Undersea,stimuli/items/undersea_animals_31.png,Undersea,animal,sc,q,1,0.7935005000326782,None,,,,,,,,,,,,,,,,,,,,,,,,,,,,,,,,,,,,,,,,,,,,,,,0,11,11,7,,,,,617.2489179999684,,,,,,,,,,,,,,,,,,,,,,,,,,,,,,,,,,,,,,,,,,,,,,,,,,,,,,,,,,,,,,,,,,,,,,,,,,,,,,,,,,,,,,,,,,,,,,,,,,,,,,,,,,,,,,,,,,,,,,,,,,,,,,,,,,,,,,,,,,,,,,,,,,,,,617.2378479999606,617.2489179999684,617.2489179999684,619.218499599956,619.2186061000102,619.2258447000058,619.2258447000058,620.0266808999586,q,1,620.0267531999853,620.0343338999664,621.0258440999896,621.0182820999762,,,0.7935005000326782,None,,,,,,,,,,,,,,,,,,,,,,,,,,,,,,,,,,,,,,,,,,,,,,,,,,,,,,,,,,,,,,,,,,,,,,,,,,,,,,,,,,,,,,,,,,,,,,,,,,,,,,,,,,,,,,,203,1,2026-07-10_10h00.19.295,SBL_superimposed_training_task,,2026.1.3,120.29727860177769,2026-07-10 10h00.20.646196 -0400,
,,,,,,,,,,,,,,,,,,,,,,,,,,,,,,,,,,,,,,,,,,,,,,,,,,,,,,,,,,,,,,,,,,,,,,,,,,,,,,,,,,,,,,,,,,,,,,,,,,,,,,,,,,,,,,,,,,,,,,,,,,,,,,,,,,,,,,,,,,,,,,,,,,,,,,,,,,,,,,,,,,,,,,,,,,,,,,,,,,,,,,,,,,,,,,,,,,,,,,,,,,,,,,,,,,,,,,,,,,,,,,,,,,,,,,,,,,,,,,,,,,,,,,,,,,,,,,,,,,,,,,,,,,,,621.018394899962,621.0258440999896,626.7266198999714,space,2.7053563999943435,None,,,,,,,,,,,,,,,,,,,,,,,,,,,,,,,,,,,,,,,,,,,,,,,,,,,,,,,,,,,,,,,,,,,,,,,,,,,,,,,,,,,,,,,,,,,,,,,,,,,,,,,,,203,1,2026-07-10_10h00.19.295,SBL_superimposed_training_task,,2026.1.3,120.29727860177769,2026-07-10 10h00.20.646196 -0400,
,,,,,,,,,,,,,,,,,,,,,,,,,,,,,,,,,,,,,,,,,,,,,,,,,,,,,,,,,,,,,,,,,,,,,,,,,,,,,,,,,,,,,,,,,,,,,,,,,,,,,,,,,,,,,,,,,,,,,,,,,,,,,,,,,,,,,,,,,,,,,,,,,,,,,,,,,,,,,,,,,,,,,,,,,,,,,,,,,,,,,,,,,,,,,,,,,,,,,,,,,,,,,,,,,,,,,,,,,,,,,,,,,,,,,,,,,,,,,,,,,,,,,,,,,,,,,,,,,,,,,,,,,,,,,,,,,,626.7274544999818,626.7349113000091,629.7183370999992,648.2934587000054,space,18.5731483999989,None,,,,,,,,,,,,,,,,,,,,,,,,,,,,,,,,,,,,,,,,,,,,,,,,,,,,,,,,,,,,,,,,,,,,,,,,,,,,,,,,,,,,,,,,,,,,,,,,,,203,1,2026-07-10_10h00.19.295,SBL_superimposed_training_task,,2026.1.3,120.29727860177769,2026-07-10 10h00.20.646196 -0400,
,,,,,,,,,,,,,,,,,,,,,,,,,,,,,,,,,,,,,,,,,,,,,,,,,,,,,,,,,,,,,,,,,,,,,,,,,,,,,,,,,,,,,,,,,,,,,,,,,,,,,,,,,,,,,,,,,,,,,,,,,,,,,,,,,,,,,,,,,,,,,,,,,,,,,,,,,,,,,,,,,,,,,,,,,,,,,,,,,,,,,,,,,,,,,,,,,,,,,,,,,,,,,,,,,,,,,,,,,,,,,,,,,,,,,,,,,,,,,,,,,,,,,,,,,,,,,,,,,,,,,,,,,,,,,,,,,,,,,,,,,648.2935159999761,648.3021477999864,659.3351652999991,space,8.046155499992892,None,,,,,,,,,,,,,,,,,,,,,,,,,,,,,,,,,,,,,,,,,,,,,,,,,,,,,,,,,,,,,,,,,,,,,,,,,,,,,,,,,,,,,,,,,,,,203,1,2026-07-10_10h00.19.295,SBL_superimposed_training_task,,2026.1.3,120.29727860177769,2026-07-10 10h00.20.646196 -0400,
,,,,,,,,,,,,,,,,,,,,,,,,,,,,,,,,,,,,,,,,,,,,,,,,,,,,,,,,,,,,,,,,,,,,,,,,,,,,,,,,,,,,,,,,,,,,,,,,,,,,,,,,,,,,,,,,,,,,,,,,,,,,,,,,,,,,,,,,,,,,,,,,,,,,,,,,,,,,,,,,,,,,,,,,,,,,,,,,,,,,,,,,,,,,,,,,,,,,,,,,,,,,,,,,,,,,,,,,,,,,,,,,,,,,,,,,,,,,,,,,,,,,,,,,,,,,,,,,,,,,,,,,,,,,,,,,,,,,,,,,,,,,,,,659.3352256999933,659.3435445000068,666.7776223999681,space,4.444496999960393,None,,,,,,,,,,,,,,,,,,,,,,,,,,,,,,,,,,,,,,,,,,,,,,,,,,,,,,,,,,,,,,,,,,,,,,,,,,,,,,,,,,,,,,203,1,2026-07-10_10h00.19.295,SBL_superimposed_training_task,,2026.1.3,120.29727860177769,2026-07-10 10h00.20.646196 -0400,
,,,,,,,,,,,,,,,,,,,,,,,,,,,,,,,,,,,,,,,,,,,,,,,,,,,,,,,,,,,,,,,,,,,,,,,,,,,,,,,,,,,,,,,,,,,,,,,,,,,,,,,,,,,,,,,,,,,,,,,,,,,,,,,,,,,,,,,,,,,,,,,,,,,,,,,,,,,,,,,,,,,,,,,,,,,,,,,,,,,,,,,,,,,,,,,,,,,,,,,,,,,,,,,,,,,,,,,,,,,,,,,,,,,,,,,,,,,,,,,,,,,,,,,,,,,,,,,,,,,,,,,,,,,,,,,,,,,,,,,,,,,,,,,,,,,,,666.7776807000046,666.7853488999535,670.2944052999956,space,0.5223386000143364,None,,,,,,,,,,,,,,,,,,,,,,,,,,,,,,,,,,,,,,,,,,,,,,,,,,,,,,,,,,,,,,,,,,,,,,,,,,,,,,,,203,1,2026-07-10_10h00.19.295,SBL_superimposed_training_task,,2026.1.3,120.29727860177769,2026-07-10 10h00.20.646196 -0400,
,,,,,,,,,,,,,,,,,,,,,,,,,,,,,,,,,,,,,,,,,,,,,,,,,,,,,,,,,,,,,,,,,,,,,,,,,,,,,,,,,,,,,,,,,,,,,,,,,,,,,,,,,,,,,,,,,,,,,,,,,,,,,,,,,,,,,,,,,,,,,,,,,,,,,,,,,,,,,,,,,,,,,,,,,,,,,,,,,,,,,,,,,,,,,,,,,,,,,,,,,,,,,,,,,,,,,,,,,,,,,,,,,,,,,,,,,,,,,,,,,,,,,,,,,,,,,,,,,,,,,,,,,,,,,,,,,,,,,,,,,,,,,,,,,,,,,,,,,,,670.2944633999723,670.3021280000103,678.0526833999902,space,4.765907499997411,None,,,,,,,,,,,,,,,,,,,,,,,,,,,,,,,,,,,,,,,,,,,,,,,,,,,,,,,,,,,,,,,,,,,,,,,,,,203,1,2026-07-10_10h00.19.295,SBL_superimposed_training_task,,2026.1.3,120.29727860177769,2026-07-10 10h00.20.646196 -0400,
,,,,,,,,,,,,,,,,,,,,,,,,,,,,,,,,,,,,,,,,,,,,,,,,,,,,,,,,,,,,,,,,,,,,,,,,,,,,,,,,,,,,,,,,,,,,,,,,,,,,,,,,,,,,,,,,,,,,,,,,,,,,,,,,,,,,,,,,,,,,,,,,,,,,,,,,,,,,,,,,,,,,,,,,,,,,,,,,,,,,,,,,,,,,,,,,,,,,,,,,,,,,,,,,,,,,,,,,,,,,,,,,,,,,,,,,,,,,,,,,,,,,,,,,,,,,,,,,,,,,,,,,,,,,,,,,,,,,,,,,,,,,,,,,,,,,,,,,,,,,,,,,,678.0527413999662,678.0602383000078,684.0691036999924,space,3.023461300006602,None,,,,,,,,,,,,,,,,,,,,,,,,,,,,,,,,,,,,,,,,,,,,,,,,,,,,,,,,,,,,,,,,,,,,203,1,2026-07-10_10h00.19.295,SBL_superimposed_training_task,,2026.1.3,120.29727860177769,2026-07-10 10h00.20.646196 -0400,
stimuli/scenes/scene_J1.jpg,Malbow,,,0,0,0,,,,,,,,,,,,,,,,,,,,,,,,,,,,,,,,Jungle,stimuli/items/jungle_animals_43.png,Jungle,animal,sc,,,,,1,1,2.2865596000337973,None,None,1,1,2.052596299967263,None,None,,,,,,,,,,,,,,,,,,,,,,,,,,,,,,,,,,,,,,,,,0,0,0,0,684.0938900999608,,,,,,,,,,,,,,,,,,,,,,,,,,,,,,,,,,,,,,,,,,,,,,,,,,,,,,,,,,,,,,,,,,,,,,,,,,,,,,,,,,,,,,,,,,,,,,,,,,,,,,,,,,,,,,,,,,,,,,,,,,,,,,,,,,,,,,,,,,,,,,,,,,,,,,,,,,,,,,,693.8612297999789,693.868716099998,694.8628545000101,694.852672399953,,,,,,,,,,,,,,,,,,,,,,,,,,,,,,,,,,,,,,,,,,,,,,,,684.089913600008,684.0938900999608,688.0769000999862,689.0767019999912,689.0801303999615,689.0801303999615,689.0801303999615,0.007596000039484352,691.3690586999874,1,1,2.2865596000337973,None,696.9194113999838,696.9274032999529,697.4211800000048,697.4106300999993,691.8631682999549,691.875466700003,691.875466700003,692.060419299989,693.8522882999969,693.868716099998,693.868716099998,693.8611778999912,None,694.8588263999554,694.8628545000101,694.8628545000101,694.8628545000101,694.8628545000101,694.8628545000101,696.9193308999529,1,1,2.052596299967263,None,697.4129761999939,697.4211800000048,697.4211800000048,697.5104909999645,699.4018612999935,699.4185326999868,699.4185326999868,699.411263499991,None,699.4113151999773,699.4185326999868,702.4159821000067,702.4025816000067,,,,,,,,,,,,,,,,,,203,1,2026-07-10_10h00.19.295,SBL_superimposed_training_task,,2026.1.3,120.29727860177769,2026-07-10 10h00.20.646196 -0400,
stimuli/scenes/scene_J2.jpg,Negvi,,,1,1,0,,,,,,,,,,,,,,,,,,,,,,,,,,,,,,,,Jungle,stimuli/items/undersea_animals_18.png,Undersea,animal,si,,,,,2,0,1.4160654000006616,None,2,None,0,,,1,1.4199727000086568,None,0.14297960000112653,None,,,,,,,,,,,,,,,,,,,,,,,,,,,,,,,,,,,,,0,1,1,5,702.4159821000067,,,,,,,,,,,,,,,,,,,,,,,,,,,,,,,,,,,,,,,,,,,,,,,,,,,,,,,,,,,,,,,,,,,,,,,,,,,,,,,,,,,,,,,,,,,,,,,,,,,,,,,,,,,,,,,,,,,,,,,,,,,,,,,,,,,,,,,,,,,,,,,,,,,,,,,,,,,,,,,710.953073099954,710.9605273999623,711.9525782999699,711.9444037000067,,,,,,,,,,,,,,,,,,,,,,,,,,,,,,,,,,,,,,,,,,,,,,,,702.4137127999566,702.4159821000067,706.4027061999659,707.3946805999731,707.4106889999821,707.4106889999821,707.4106889999821,-0.00024170003598555923,708.8359126999858,2,0,1.4160654000006616,None,714.4360317999963,714.4442435000092,714.9358520999667,714.9276462999987,709.3298256999697,709.3364008999779,709.3364008999779,709.5274071999593,,,,710.9529984999681,2,711.9448138999869,711.9525782999699,711.9525782999699,711.9525782999699,711.9525782999699,711.9525782999699,714.4359810999595,None,0,,,714.9322010999895,714.9441479999805,714.9441479999805,715.0442481999635,,,,715.1943124999525,1,715.1943815999548,715.2023801999749,718.1987866999698,718.185939499992,706.4109447000083,1.4199727000086568,None,714.4442435000092,714.4442435000092,714.4442435000092,714.4442435000092,714.4442435000092,0.14297960000112653,None,,,,,,,,203,1,2026-07-10_10h00.19.295,SBL_superimposed_training_task,,2026.1.3,120.29727860177769,2026-07-10 10h00.20.646196 -0400,
stimuli/scenes/scene_J1.jpg,Malbow,,,2,2,0,,,,,,,,,,,,,,,,,,,,,,,,,,,,,,,,Jungle,stimuli/items/other_objects_41.png,Other,object,si,,,,,1,1,0.5849370999494568,None,2,2,0,1.5701616000151262,None,2,1.2860116999945603,None,1.5475849999929778,None,,,,,,,,,,,,,,,,,,,,,,,,,,,,,,,,,,,,,0,2,2,2,718.1987866999698,,,,,,,,,,,,,,,,,,,,,,,,,,,,,,,,,,,,,,,,,,,,,,,,,,,,,,,,,,,,,,,,,,,,,,,,,,,,,,,,,,,,,,,,,,,,,,,,,,,,,,,,,,,,,,,,,,,,,,,,,,,,,,,,,,,,,,,,,,,,,,,,,,,,,,,,,,,,,,,725.7698595999973,725.7777763999766,726.769304699963,726.7613710999722,,,,,,,,,,,,,,,,,,,,,,,,,,,,,,,,,,,,,,,,,,,,,,,,718.1965841999627,718.1987866999698,722.1860483000055,723.1780115999863,723.1857736000093,723.1857736000093,723.1857736000093,4.3899985030293465e-05,723.7865437999717,1,1,0.5849370999494568,None,728.3448414999875,728.3523849999765,728.8454006999964,728.8362063000095,724.280279300001,724.2869047999848,724.2869047999848,724.4773745999555,,,,725.769784300006,2,726.761788600008,726.769304699963,726.769304699963,726.769304699963,726.769304699963,726.769304699963,728.3447649999871,2,0,1.5701616000151262,None,728.8387800999917,728.8454006999964,728.8454006999964,728.9358738999581,,,,730.4864467000007,2,730.4865224999958,730.4943528999574,733.4902261999669,733.4777738999692,722.1945598999737,1.2860116999945603,None,,,,,,1.5475849999929778,None,,,,,,,,203,1,2026-07-10_10h00.19.295,SBL_superimposed_training_task,,2026.1.3,120.29727860177769,2026-07-10 10h00.20.646196 -0400,
stimuli/scenes/scene_J2.jpg,Negvi,,,3,3,0,,,,,,,,,,,,,,,,,,,,,,,,,,,,,,,,Jungle,stimuli/items/undersea_objects_38.png,Undersea,object,si,,,,,1,1,0.5729376000235789,None,3,2,1,1.9041112000122666,None,2,1.0507819000049494,None,0.4760266999946907,None,,,,,,,,,,,,,,,,,,,,,,,,,,,,,,,,,,,,,0,3,3,4,733.4902261999669,,,,,,,,,,,,,,,,,,,,,,,,,,,,,,,,,,,,,,,,,,,,,,,,,,,,,,,,,,,,,,,,,,,,,,,,,,,,,,,,,,,,,,,,,,,,,,,,,,,,,,,,,,,,,,,,,,,,,,,,,,,,,,,,,,,,,,,,,,,,,,,,,,,,,,,,,,,,,,,740.8121664999635,740.8194950000034,741.8112443999853,741.8034405999933,,,,,,,,,,,,,,,,,,,,,,,,,,,,,,,,,,,,,,,,,,,,,,,,733.4878978999914,733.4902261999669,737.4779427999747,738.47037429997,738.4777189999586,738.4777189999586,738.4777189999586,-2.619996666908264e-05,739.0610039999592,1,1,0.5729376000235789,None,743.7200807000045,743.7278679999872,744.2191128999693,744.2118407000089,739.5537232999923,739.5606549999793,739.5606549999793,739.752594599966,,,,740.8120915999752,3,741.8038489999599,741.8112443999853,741.8112443999853,741.8112443999853,741.8112443999853,741.8112443999853,743.7200029999949,2,1,1.9041112000122666,None,744.2127357999561,744.2191128999693,744.2191128999693,744.3112682999927,,,,744.7949084999855,2,744.7949826999684,744.8025841999915,747.7991277999827,747.7867782000103,737.486363700009,1.0507819000049494,None,,,,,,0.4760266999946907,None,,,,,,,,203,1,2026-07-10_10h00.19.295,SBL_superimposed_training_task,,2026.1.3,120.29727860177769,2026-07-10 10h00.20.646196 -0400,
stimuli/scenes/scene_U1.jpg,Somar,,,4,4,0,,,,,,,,,,,,,,,,,,,,,,,,,,,,,,,,Undersea,stimuli/items/other_animals_39.png,Other,animal,si,,,,,2,1,0.7128567000036128,None,3,None,0,,,None,1.6082098999759182,None,,,,,,,,,,,,,,,,,,,,,,,,,,,,,,,,,,,,,,,0,4,4,8,747.7991277999827,,,,,,,,,,,,,,,,,,,,,,,,,,,,,,,,,,,,,,,,,,,,,,,,,,,,,,,,,,,,,,,,,,,,,,,,,,,,,,,,,,,,,,,,,,,,,,,,,,,,,,,,,,,,,,,,,,,,,,,,,,,,,,,,,,,,,,,,,,,,,,,,,,,,,,,,,,,,,,,755.8203229999635,755.8277505000005,756.8201816999936,756.8117446999531,,,,,,,,,,,,,,,,,,,,,,,,,,,,,,,,,,,,,,,,,,,,,,,,747.7971913999645,747.7991277999827,751.7867549000075,752.7788523999625,752.786377899989,752.786377899989,752.786377899989,-0.0002267000381834805,753.5122107999632,2,1,0.7128567000036128,None,759.3034987999708,759.3119726000004,759.8032705999794,759.7955912000034,754.0058215999743,754.0123875999707,754.0123875999707,754.2030990999774,,,,755.82024739997,3,756.816998299968,756.8201816999936,756.8201816999936,756.8201816999936,756.8201816999936,756.8201816999936,759.3034467999823,None,0,,,759.7990339999669,759.8111706000054,759.8111706000054,759.9114233999862,761.803141899989,761.803141899989,761.803141899989,761.7955094999634,None,761.7955597999971,761.8113357999828,764.8058967999532,764.7949247999932,751.7946144999587,1.6082098999759182,None,759.3119726000004,759.3119726000004,759.3119726000004,759.3119726000004,759.3119726000004,,,,,,,,,,203,1,2026-07-10_10h00.19.295,SBL_superimposed_training_task,,2026.1.3,120.29727860177769,2026-07-10 10h00.20.646196 -0400,
stimuli/scenes/scene_U2.jpg,Tulon,,,5,5,0,,,,,,,,,,,,,,,,,,,,,,,,,,,,,,,,Undersea,stimuli/items/jungle_animals_10.png,Jungle,animal,si,,,,,2,1,0.8387548999744467,None,3,2,0,1.1386430999846198,None,3,0.3781005999771878,None,1.1492963000200689,None,,,,,,,,,,,,,,,,,,,,,,,,,,,,,,,,,,,,,0,5,5,10,764.8058967999532,,,,,,,,,,,,,,,,,,,,,,,,,,,,,,,,,,,,,,,,,,,,,,,,,,,,,,,,,,,,,,,,,,,,,,,,,,,,,,,,,,,,,,,,,,,,,,,,,,,,,,,,,,,,,,,,,,,,,,,,,,,,,,,,,,,,,,,,,,,,,,,,,,,,,,,,,,,,,,,771.7373435999616,771.7453513999935,772.7368604000076,772.7286453999695,,,,,,,,,,,,,,,,,,,,,,,,,,,,,,,,,,,,,,,,,,,,,,,,764.8045403999859,764.811522999953,768.795268899994,769.7959032999934,769.81177879998,769.81177879998,769.81177879998,0.0001534000039100647,770.661678000004,2,1,0.8387548999744467,None,773.8785637999536,773.886636399955,774.3796848999918,774.370552999957,771.1545784999616,771.1611557999859,771.1611557999859,771.3532248999691,,,,771.7372692999779,3,772.729084599996,772.7368604000076,772.7368604000076,772.7368604000076,772.7368604000076,772.7368604000076,773.8784887999645,2,0,1.1386430999846198,None,774.3731023999862,774.3796848999918,774.3796848999918,774.470070099982,,,,775.6202624999569,3,775.6203388999566,775.6282923999825,778.6234440999688,778.6117215999984,768.803177099966,0.3781005999771878,None,,,,,,1.1492963000200689,None,,,,,,,,203,1,2026-07-10_10h00.19.295,SBL_superimposed_training_task,,2026.1.3,120.29727860177769,2026-07-10 10h00.20.646196 -0400,
stimuli/scenes/scene_U1.jpg,Somar,,,6,6,0,,,,,,,,,,,,,,,,,,,,,,,,,,,,,,,,Undersea,stimuli/items/undersea_animals_31.png,Undersea,animal,sc,,,,,2,1,1.0708689999883063,None,3,1,0,0.8075107000186108,None,2,1.6247330000041984,None,1.583623800019268,None,,,,,,,,,,,,,,,,,,,,,,,,,,,,,,,,,,,,,0,6,6,7,778.6234440999688,,,,,,,,,,,,,,,,,,,,,,,,,,,,,,,,,,,,,,,,,,,,,,,,,,,,,,,,,,,,,,,,,,,,,,,,,,,,,,,,,,,,,,,,,,,,,,,,,,,,,,,,,,,,,,,,,,,,,,,,,,,,,,,,,,,,,,,,,,,,,,,,,,,,,,,,,,,,,,,787.0123214999912,787.0200781999738,788.0119854999939,788.0039259999758,,,,,,,,,,,,,,,,,,,,,,,,,,,,,,,,,,,,,,,,,,,,,,,,778.6212365999818,778.6234440999688,782.6120073999627,783.6045494999853,783.6117899999954,783.6117899999954,783.6117899999954,0.0002201999886892736,784.6956167999888,2,1,1.0708689999883063,None,788.8203094999772,788.8288171999739,789.3210196999717,789.3121819999651,785.1877966999891,785.1948456999962,785.1948456999962,785.3866151999682,,,,787.0122407999588,3,788.0043447999633,788.0119854999939,788.0119854999939,788.0119854999939,788.0119854999939,788.0119854999939,788.8202333999798,1,0,0.8075107000186108,None,789.314513899968,789.3210196999717,789.3210196999717,789.4116657999693,,,,791.0045224999776,2,791.0045988999773,791.0119242999936,794.0066895000055,793.9950740999775,782.6203027999727,1.6247330000041984,None,,,,,,1.583623800019268,None,,,,,,,,203,1,2026-07-10_10h00.19.295,SBL_superimposed_training_task,,2026.1.3,120.29727860177769,2026-07-10 10h00.20.646196 -0400,
stimuli/scenes/scene_J2.jpg,Negvi,,,7,7,0,,,,,,,,,,,,,,,,,,,,,,,,,,,,,,,,Jungle,stimuli/items/jungle_animals_46.png,Jungle,animal,sc,,,,,1,1,0.9113152000354603,None,3,2,1,1.7284826000104658,None,2,0.7590845000231639,None,0.5067703999811783,None,,,,,,,,,,,,,,,,,,,,,,,,,,,,,,,,,,,,,0,7,7,3,794.0066895000055,,,,,,,,,,,,,,,,,,,,,,,,,,,,,,,,,,,,,,,,,,,,,,,,,,,,,,,,,,,,,,,,,,,,,,,,,,,,,,,,,,,,,,,,,,,,,,,,,,,,,,,,,,,,,,,,,,,,,,,,,,,,,,,,,,,,,,,,,,,,,,,,,,,,,,,,,,,,,,,801.3877013999736,801.3952290999587,802.3869123999611,802.3787715999642,,,,,,,,,,,,,,,,,,,,,,,,,,,,,,,,,,,,,,,,,,,,,,,,794.0047065999825,794.0066895000055,797.9955574999913,798.9876065999852,799.0034375999821,799.0034375999821,799.0034375999821,0.00741840002592653,799.9290500999778,1,1,0.9113152000354603,None,804.1210219999775,804.1286491999635,804.6209930999903,804.6118436999968,800.4231479999726,800.4298561000032,800.4298561000032,800.6202684000018,,,,801.3876267999876,3,802.3826552999672,802.3869123999611,802.3869123999611,802.3869123999611,802.3869123999611,802.3869123999611,804.1209443999687,2,1,1.7284826000104658,None,804.6141770999529,804.6209930999903,804.6209930999903,804.7126255999901,,,,805.2207181999693,2,805.2207918000058,805.2288108000066,808.225219099957,808.2127190000028,798.003847099957,0.7590845000231639,None,,,,,,0.5067703999811783,None,,,,,,,,203,1,2026-07-10_10h00.19.295,SBL_superimposed_training_task,,2026.1.3,120.29727860177769,2026-07-10 10h00.20.646196 -0400,
stimuli/scenes/scene_J1.jpg,Malbow,,,8,8,0,,,,,,,,,,,,,,,,,,,,,,,,,,,,,,,,Jungle,stimuli/items/jungle_objects_30.png,Jungle,object,sc,,,,,1,1,0.5108794000116177,None,3,1,1,1.175094700010959,None,2,0.7905912999995053,None,1.0241435999632813,None,,,,,,,,,,,,,,,,,,,,,,,,,,,,,,,,,,,,,0,8,8,1,808.225219099957,,,,,,,,,,,,,,,,,,,,,,,,,,,,,,,,,,,,,,,,,,,,,,,,,,,,,,,,,,,,,,,,,,,,,,,,,,,,,,,,,,,,,,,,,,,,,,,,,,,,,,,,,,,,,,,,,,,,,,,,,,,,,,,,,,,,,,,,,,,,,,,,,,,,,,,,,,,,,,,815.2212949999957,815.228842499957,816.2204875999596,816.2127859999891,,,,,,,,,,,,,,,,,,,,,,,,,,,,,,,,,,,,,,,,,,,,,,,,808.2231673999922,808.225219099957,812.212347499968,813.2049541999586,813.2123606999521,813.2123606999521,813.2123606999521,-0.00018859998090192676,813.7373995999806,1,1,0.5108794000116177,None,817.3964047000045,817.4038372999639,817.8968650999595,817.8875788999721,814.2301538999891,814.2368898999994,814.2368898999994,814.429060800001,,,,815.2212213999592,3,816.2131918999949,816.2204875999596,816.2204875999596,816.2204875999596,816.2204875999596,816.2204875999596,817.3963290999527,1,1,1.175094700010959,None,817.8902357000043,817.8968650999595,817.8968650999595,817.9872221999685,,,,819.0125968999928,2,819.0126715999795,819.0207297999877,822.0166406999924,822.0038966999855,812.2204975999775,0.7905912999995053,None,,,,,,1.0241435999632813,None,,,,,,,,203,1,2026-07-10_10h00.19.295,SBL_superimposed_training_task,,2026.1.3,120.29727860177769,2026-07-10 10h00.20.646196 -0400,
stimuli/scenes/scene_U1.jpg,Somar,,,9,9,0,,,,,,,,,,,,,,,,,,,,,,,,,,,,,,,,Undersea,stimuli/items/undersea_objects_8.png,Undersea,object,sc,,,,,2,1,0.2548180000158027,None,3,2,1,1.366502400022,None,2,0.2649589999928139,None,0.9599949999828823,None,,,,,,,,,,,,,,,,,,,,,,,,,,,,,,,,,,,,,0,9,9,6,822.0166406999924,,,,,,,,,,,,,,,,,,,,,,,,,,,,,,,,,,,,,,,,,,,,,,,,,,,,,,,,,,,,,,,,,,,,,,,,,,,,,,,,,,,,,,,,,,,,,,,,,,,,,,,,,,,,,,,,,,,,,,,,,,,,,,,,,,,,,,,,,,,,,,,,,,,,,,,,,,,,,,,828.2298425000045,828.2373730999534,829.2288633999997,829.2209458999569,,,,,,,,,,,,,,,,,,,,,,,,,,,,,,,,,,,,,,,,,,,,,,,,822.0144132999703,822.0166406999924,826.0045965999598,826.9968429,827.0042954999954,827.0042954999954,827.0042954999954,-1.7899961676448584e-05,827.2711487999768,2,1,0.2548180000158027,None,830.5963194000069,830.6042921000044,831.096894599963,831.0877313999808,827.7652259999886,827.7721273999778,827.7721273999778,827.9624777999707,,,,828.2297749999561,3,829.2249527999666,829.2288633999997,829.2288633999997,829.2288633999997,829.2288633999997,829.2288633999997,830.596242700005,2,1,1.366502400022,None,831.0900468999753,831.096894599963,831.096894599963,831.1873010999989,,,,832.1544933999539,2,832.1545683000004,832.1623073999654,835.159965400002,835.1460754,826.012476200005,0.2649589999928139,None,,,,,,0.9599949999828823,None,,,,,,,,203,1,2026-07-10_10h00.19.295,SBL_superimposed_training_task,,2026.1.3,120.29727860177769,2026-07-10 10h00.20.646196 -0400,
stimuli/scenes/scene_U2.jpg,Tulon,,,10,10,0,,,,,,,,,,,,,,,,,,,,,,,,,,,,,,,,Undersea,stimuli/items/undersea_animals_37.png,Undersea,animal,sc,,,,,2,1,0.8249007000122219,None,2,1,1,0.6407763999886811,None,2,1.2840079000452533,None,0.1911046000313945,None,,,,,,,,,,,,,,,,,,,,,,,,,,,,,,,,,,,,,0,10,10,11,835.159965400002,,,,,,,,,,,,,,,,,,,,,,,,,,,,,,,,,,,,,,,,,,,,,,,,,,,,,,,,,,,,,,,,,,,,,,,,,,,,,,,,,,,,,,,,,,,,,,,,,,,,,,,,,,,,,,,,,,,,,,,,,,,,,,,,,,,,,,,,,,,,,,,,,,,,,,,,,,,,,,,842.9717889999738,842.9795836999547,843.970738700009,843.9634834000026,,,,,,,,,,,,,,,,,,,,,,,,,,,,,,,,,,,,,,,,,,,,,,,,835.1576731000096,835.159965400002,839.1464177999878,840.1384782999521,840.1461956999847,840.1461956999847,840.1461956999847,-0.0001438999897800386,840.9877879999694,2,1,0.8249007000122219,None,844.6127150999964,844.6210042999592,845.1135782999918,845.1048212999594,841.4804639999638,841.4873168999911,841.4873168999911,841.6793063000077,,,,842.9717132999795,2,843.963899299968,843.970738700009,843.970738700009,843.970738700009,843.970738700009,843.970738700009,844.6126382999937,1,1,0.6407763999886811,None,845.1070901000057,845.1135782999918,845.1135782999918,845.2042261000024,,,,845.3963177999831,2,845.3963876999915,845.4043641999597,848.4013705999823,848.3880619999836,839.1543227999937,1.2840079000452533,None,,,,,,0.1911046000313945,None,,,,,,,,203,1,2026-07-10_10h00.19.295,SBL_superimposed_training_task,,2026.1.3,120.29727860177769,2026-07-10 10h00.20.646196 -0400,
stimuli/scenes/scene_U2.jpg,Tulon,,,11,11,0,,,,,,,,,,,,,,,,,,,,,,,,,,,,,,,,Undersea,stimuli/items/jungle_animals_26.png,Jungle,animal,si,,,,,2,1,0.6547770000179298,None,3,1,1,1.3148815999738872,None,1,0.5532698000315577,None,1.1502286000177264,None,,,,,,,,,,,,,,,,,,,,,,,,,,,,,,,,,,,,,0,11,11,9,848.4013705999823,,,,,,,,,,,,,,,,,,,,,,,,,,,,,,,,,,,,,,,,,,,,,,,,,,,,,,,,,,,,,,,,,,,,,,,,,,,,,,,,,,,,,,,,,,,,,,,,,,,,,,,,,,,,,,,,,,,,,,,,,,,,,,,,,,,,,,,,,,,,,,,,,,,,,,,,,,,,,,,855.3052485999651,855.3130165999755,856.3048127999646,856.2964164000005,,,,,,,,,,,,,,,,,,,,,,,,,,,,,,,,,,,,,,,,,,,,,,,,848.399357999966,848.4013705999823,852.3878273000009,853.3803941999795,853.3878116999986,853.3878116999986,853.3878116999986,0.00023830001009628177,854.0548155999859,2,1,0.6547770000179298,None,857.6217286000028,857.629588199954,858.1208141999668,858.1132131000049,854.5474629999953,854.5541232999531,854.5541232999531,854.746055399999,,,,855.3051760999952,3,856.2968171999673,856.3048127999646,856.3048127999646,856.3048127999646,856.3048127999646,856.3048127999646,857.6216537999571,1,1,1.3148815999738872,None,858.1140876999707,858.1208141999668,858.1208141999668,858.2130544999964,,,,859.3721374999732,1,859.3722134999698,859.3792900999542,862.37136499997,862.3631406999775,852.396342299995,0.5532698000315577,None,,,,,,1.1502286000177264,None,,,,,,,,203,1,2026-07-10_10h00.19.295,SBL_superimposed_training_task,,2026.1.3,120.29727860177769,2026-07-10 10h00.20.646196 -0400,
,,,,,,,,,,,,,,,,,,,,,,,,,,,,,,,,,,,,,,,,,,,,,,,,,,,,,,,,,,,,,,,,,,,,,,,,,,,,,,,,,,,,,,,,,,,,,,,,,,,,,,,,,,,,,,,,,,,,,,,,,,,,,,,,,,,,,,,,,,,,,,,,,,,,,,,,,,,,,,,,,,,,,,,,,,,,,,,,,,,,,,,,,,,,,,,,,,,,,,,,,,,,,,,,,,,,,,,,,,,,,,,,,,,,,,,,,,,,,,,,,,,,,,,,,,,,,,,,,,,,,,,,,,,,,,,,,,,,,,,,,,,,,,,,,,,,,,,,,,,,,,,,,,,,,,,,,,,,,,,,,,,,,,,,,,,,,,,,,,,,,,,,,,,,,,,,,,,,,,,,,,,,,,,,,,,862.3633186999941,862.37136499997,862.37136499997,867.3629879999789,867.3629879999789,867.3552123999689,None,203,1,2026-07-10_10h00.19.295,SBL_superimposed_training_task,,2026.1.3,120.29727860177769,2026-07-10 10h00.20.646196 -0400,
