scene_stimulus,scene_label,scene_img,correct_key,thisN,thisTrialN,thisRepN,key_sceneLearn.keys,key_sceneLearn.rt,key_sceneLearn.duration,scene_image,key_resp.keys,key_resp.rt,key_resp.duration,key_part2.keys,key_part2.corr,key_part2.rt,key_part2.duration,qst_num,question,options,correct_answer,label_current,scene_again,key_part3_instructions.keys,key_part3_instructions.rt,key_part3_instructions.duration,key_rate.keys,key_rate.corr,key_rate.rt,key_rate.duration,key_question.keys,key_question.corr,key_question.rt,key_question.duration,key_sceneLearn_2.keys,key_sceneLearn_2.rt,key_sceneLearn_2.duration,scene_cat,item_stimulus,item_cat,item_type,congruency,key_resp_congruency.keys,key_resp_congruency.corr,key_resp_congruency.rt,key_resp_congruency.duration,key_resp_context.keys,key_resp_context.corr,key_resp_context.rt,key_resp_context.duration,key_resp_context_conf.keys,key_resp_context_conf.rt,key_resp_context_conf.duration,key_resp_scenes.keys,key_resp_scenes.corr,key_resp_scene_conf.keys,key_resp_scenes.rt,key_resp_scenes.duration,key_resp_scene_conf.rt,key_resp_scene_conf.duration,trials_part1.thisRepN,trials_part1.thisTrialN,trials_part1.thisN,trials_part1.thisIndex,skip_to_part4_debug.thisRepN,skip_to_part4_debug.thisTrialN,skip_to_part4_debug.thisN,skip_to_part4_debug.thisIndex,skip_loop_debug.thisRepN,skip_loop_debug.thisTrialN,skip_loop_debug.thisN,skip_loop_debug.thisIndex,part2_loop.thisRepN,part2_loop.thisTrialN,part2_loop.thisN,part2_loop.thisIndex,part3_loop.thisRepN,part3_loop.thisTrialN,part3_loop.thisN,part3_loop.thisIndex,visualization_loop.thisRepN,visualization_loop.thisTrialN,visualization_loop.thisN,visualization_loop.thisIndex,skip_loop.thisRepN,skip_loop.thisTrialN,skip_loop.thisN,skip_loop.thisIndex,loop_msg.thisRepN,loop_msg.thisTrialN,loop_msg.thisN,loop_msg.thisIndex,trials_enc.thisRepN,trials_enc.thisTrialN,trials_enc.thisN,trials_enc.thisIndex,trials_retrieval.thisRepN,trials_retrieval.thisTrialN,trials_retrieval.thisN,trials_retrieval.thisIndex,thisRow.t,notes,piloting,get_sub_vars.started,get_sub_vars.stopped,overall_instructions.started,text_instructions.started,key_welcome.started,overall_instructions.stopped,key_welcome.keys,key_welcome.rt,key_welcome.duration,part1_instructions.started,text_instructions_part1.started,key_instructions_part1.started,part1_instructions.stopped,key_instructions_part1.keys,key_instructions_part1.rt,key_instructions_part1.duration,part1.started,scene_image_part1.started,scene_name_part1.started,text_scenename.started,text_memorize.started,key_sceneLearn.started,part1.stopped,trials_part1.key_sceneLearn.keys,trials_part1.key_sceneLearn.rt,trials_part1.key_sceneLearn.duration,part1_instructions_2.started,text_instructions_part1_2.started,key_instructions_part1_2.started,part1_instructions_2.stopped,key_instructions_part1_2.keys,key_instructions_part1_2.rt,key_instructions_part1_2.duration,part1_compare.started,image1.started,image2.started,image3.started,image4.started,textbox1.started,textbox2.started,textbox3.started,textbox4.started,key_compare.started,part1_compare.stopped,key_compare.keys,key_compare.rt,key_compare.duration,part2_instructions.started,text_instructions_part2.started,key_resp.started,part2_instructions.stopped,skip_to_part4_debug.key_resp.keys,skip_to_part4_debug.key_resp.rt,skip_to_part4_debug.key_resp.duration,part2.started,scene_part2.started,part2.stopped,part2_question.started,text_part2_question.started,key_part2.started,part2_question.stopped,part2_loop.key_part2.keys,part2_loop.key_part2.corr,part2_loop.key_part2.rt,part2_loop.key_part2.duration,part2_feedback.started,text_part2_feedback.started,text_part2_feedback.stopped,part2_feedback.stopped,scene_part2.stopped,part3_instructions.started,text_part3_instructions.started,key_part3_instructions.started,part3_instructions.stopped,skip_loop_debug.key_part3_instructions.keys,skip_loop_debug.key_part3_instructions.rt,skip_loop_debug.key_part3_instructions.duration,reset_vis_vars.started,reset_vis_vars.stopped,skip_answered_questions.started,skip_answered_questions.stopped,blank1000.started,text_2.started,text_2.stopped,blank1000.stopped,part3_visualize.started,text_visualize.started,textbox_scene_name.started,part3_visualize.stopped,part3_rate.started,text_rate.started,key_rate.started,part3_rate.stopped,visualization_loop.key_rate.keys,visualization_loop.key_rate.corr,visualization_loop.key_rate.rt,visualization_loop.key_rate.duration,part3_question.started,text_question.started,text_option.started,key_question.started,text_5.started,part3_question.stopped,visualization_loop.key_question.keys,visualization_loop.key_question.corr,visualization_loop.key_question.rt,visualization_loop.key_question.duration,study_again.started,study_image1.started,study_name1.started,key_sceneLearn_2.started,text_3.started,text_4.started,study_again.stopped,skip_loop.key_sceneLearn_2.keys,skip_loop.key_sceneLearn_2.rt,skip_loop.key_sceneLearn_2.duration,text_visualize.stopped,textbox_scene_name.stopped,msg_next_scene.started,text_next_scene.started,text_next_scene.stopped,msg_next_scene.stopped,part4_instructions.started,text_part4_instructions.started,key_part4_instructions.started,part4_instructions.stopped,key_part4_instructions.keys,key_part4_instructions.rt,key_part4_instructions.duration,enc_instruction_screen.started,text_enc_instruction.started,key_proceed.started,enc_instruction_screen.stopped,key_proceed.keys,key_proceed.rt,key_proceed.duration,enc_inst_2.started,text_relatedness_keys.started,key_proceed_2.started,enc_inst_2.stopped,key_proceed_2.keys,key_proceed_2.rt,key_proceed_2.duration,get_stim_list.started,get_stim_list.stopped,scene_item_presentation.started,image_scene.started,image_item.started,scene_item_presentation.stopped,congruency_response.started,text_congruency.started,key_resp_congruency.started,text_congruency.stopped,key_resp_congruency.stopped,congruency_response.stopped,trials_enc.key_resp_congruency.keys,trials_enc.key_resp_congruency.corr,blank1000_2.started,text_6.started,text_6.stopped,blank1000_2.stopped,trials_enc.key_resp_congruency.rt,trials_enc.key_resp_congruency.duration,ret_inst_gen.started,text_7.started,ret_inst_gen.stopped,key_continue_7.keys,key_continue_7.rt,key_continue_7.duration,ret_inst_1.started,image_inst1.started,key_continue.started,ret_inst_1.stopped,key_continue.keys,key_continue.rt,key_continue.duration,ret_inst_2.started,image_inst2.started,ret_inst_2.stopped,key_continue_2.keys,key_continue_2.rt,key_continue_2.duration,ret_inst_3.started,image_inst3.started,ret_inst_3.stopped,key_continue_3.keys,key_continue_3.rt,key_continue_3.duration,ret_inst_4.started,image_inst4.started,ret_inst_4.stopped,key_continue_4.keys,key_continue_4.rt,key_continue_4.duration,ret_inst_5.started,image_inst5.started,ret_inst_5.stopped,key_continue_5.keys,key_continue_5.rt,key_continue_5.duration,ret_inst_6.started,image_inst6.started,ret_inst_6.stopped,key_continue_6.keys,key_continue_6.rt,key_continue_6.duration,item_imagine_scene.started,item_cue.started,item_imagine_scene.stopped,select_context.started,text_contrext_headline.started,text_sea.started,text_jungle.started,key_resp_context.started,select_context.stopped,trials_retrieval.key_resp_context.keys,trials_retrieval.key_resp_context.corr,trials_retrieval.key_resp_context.rt,trials_retrieval.key_resp_context.duration,blank500.started,text_blank.started,text_blank.stopped,blank500.stopped,context_confidence.started,text_context_choice.started,slider_context_conf.started,key_resp_context_conf.started,context_confidence.stopped,trials_retrieval.key_resp_context_conf.keys,trials_retrieval.key_resp_context_conf.rt,trials_retrieval.key_resp_context_conf.duration,select_scene_name.started,text_scene_headline.started,text_actual_context.started,text_q_scene.started,text_labels.started,key_resp_scenes.started,text_scene_headline.stopped,text_actual_context.stopped,text_q_scene.stopped,text_labels.stopped,key_resp_scenes.stopped,select_scene_name.stopped,trials_retrieval.key_resp_scenes.keys,trials_retrieval.key_resp_scenes.corr,select_confidence.started,text_chosen_scene.started,slider_scene_conf.started,key_resp_scene_conf.started,key_resp_scene_conf.stopped,text_chosen_scene.stopped,slider_scene_conf.stopped,select_confidence.stopped,trials_retrieval.key_resp_scene_conf.keys,blank3000.started,text_blank3000.started,text_blank3000.stopped,blank3000.stopped,item_cue.stopped,trials_retrieval.key_resp_scenes.rt,trials_retrieval.key_resp_scenes.duration,trials_retrieval.key_resp_scene_conf.rt,trials_retrieval.key_resp_scene_conf.duration,key_resp_context_conf.stopped,text_context_choice.stopped,slider_context_conf.stopped,end_screen_2.started,text_end_screen.started,key_resp_exit.started,text_end_screen.stopped,key_resp_exit.stopped,end_screen_2.stopped,key_resp_exit.keys,participant,session,date,expName,expVersion,psychopyVersion,frameRate,expStart,
,,,,,,,,,,,,,,,,,,,,,,,,,,,,,,,,,,,,,,,,,,,,,,,,,,,,,,,,,,,,,,,,,,,,,,,,,,,,,,,,,,,,,,,,,,,,,,,,,,,,,,,False,0.0033692000433802605,0.0034339999547228217,,,,,,,,,,,,,,,,,,,,,,,,,,,,,,,,,,,,,,,,,,,,,,,,,,,,,,,,,,,,,,,,,,,,,,,,,,,,,,,,,,,,,,,,,,,,,,,,,,,,,,,,,,,,,,,,,,,,,,,,,,,,,,,,,,,,,,,,,,,,,,,,,,,,,,,,,,,,,,,,,,,,,,,,,,,,,,,,,,,,,,,,,,,,,,,,,,,,,,,,,,,,,,,,,,,,,,,,,,,,,,,,,,,,,,,,,,,,,,,,,,,,,,,,,,,,,,,,,,,,,,,,,,,,,,,,,208,1,2026-07-13_09h30.57.948,SBL_superimposed_training_task,,2026.1.3,120.59511280161757,2026-07-13 09h30.59.229865 -0400,
,,,,,,,,,,,,,,,,,,,,,,,,,,,,,,,,,,,,,,,,,,,,,,,,,,,,,,,,,,,,,,,,,,,,,,,,,,,,,,,,,,,,,,,,,,,,,,,,,,,,,,,,,,0.0034548999974504113,0.0071223999839276075,0.9978183000348508,90.67298269993626,space,89.64394689991605,None,,,,,,,,,,,,,,,,,,,,,,,,,,,,,,,,,,,,,,,,,,,,,,,,,,,,,,,,,,,,,,,,,,,,,,,,,,,,,,,,,,,,,,,,,,,,,,,,,,,,,,,,,,,,,,,,,,,,,,,,,,,,,,,,,,,,,,,,,,,,,,,,,,,,,,,,,,,,,,,,,,,,,,,,,,,,,,,,,,,,,,,,,,,,,,,,,,,,,,,,,,,,,,,,,,,,,,,,,,,,,,,,,,,,,,,,,,,,,,,,,,,,,,,,,,,,,,,,,,,,,,,,,,208,1,2026-07-13_09h30.57.948,SBL_superimposed_training_task,,2026.1.3,120.59511280161757,2026-07-13 09h30.59.229865 -0400,
,,,,,,,,,,,,,,,,,,,,,,,,,,,,,,,,,,,,,,,,,,,,,,,,,,,,,,,,,,,,,,,,,,,,,,,,,,,,,,,,,,,,,,,,,,,,,,,,,,,,,,,,,,,,,,,,,90.6730301999487,90.67570649995469,90.67570649995469,97.57493410003372,space,6.894112700014375,None,,,,,,,,,,,,,,,,,,,,,,,,,,,,,,,,,,,,,,,,,,,,,,,,,,,,,,,,,,,,,,,,,,,,,,,,,,,,,,,,,,,,,,,,,,,,,,,,,,,,,,,,,,,,,,,,,,,,,,,,,,,,,,,,,,,,,,,,,,,,,,,,,,,,,,,,,,,,,,,,,,,,,,,,,,,,,,,,,,,,,,,,,,,,,,,,,,,,,,,,,,,,,,,,,,,,,,,,,,,,,,,,,,,,,,,,,,,,,,,,,,,,,,,,,,,,,,,,,,,208,1,2026-07-13_09h30.57.948,SBL_superimposed_training_task,,2026.1.3,120.59511280161757,2026-07-13 09h30.59.229865 -0400,
U1,Somar,stimuli/scenes/scene_U1.jpg,3,0,0,0,space,14.779607200063765,None,,,,,,,,,,,,,,,,,,,,,,,,,,,,,,,,,,,,,,,,,,,,,,,,,,,,0,0,0,2,,,,,,,,,,,,,,,,,,,,,,,,,,,,,,,,,,,,,97.68964170000982,,,,,,,,,,,,,,,,,,,97.68354829994496,97.68964170000982,97.68964170000982,97.68964170000982,97.68964170000982,98.56615980004426,113.34992589999456,space,14.779607200063765,None,,,,,,,,,,,,,,,,,,,,,,,,,,,,,,,,,,,,,,,,,,,,,,,,,,,,,,,,,,,,,,,,,,,,,,,,,,,,,,,,,,,,,,,,,,,,,,,,,,,,,,,,,,,,,,,,,,,,,,,,,,,,,,,,,,,,,,,,,,,,,,,,,,,,,,,,,,,,,,,,,,,,,,,,,,,,,,,,,,,,,,,,,,,,,,,,,,,,,,,,,,,,,,,,,,,,,,,,,,,,,,,,,,,,,,,,,,,,,,,,,,,,,,,,,208,1,2026-07-13_09h30.57.948,SBL_superimposed_training_task,,2026.1.3,120.59511280161757,2026-07-13 09h30.59.229865 -0400,
U2,Negvi,stimuli/scenes/scene_U2.jpg,4,1,1,0,space,6.6364621999673545,None,,,,,,,,,,,,,,,,,,,,,,,,,,,,,,,,,,,,,,,,,,,,,,,,,,,,0,1,1,3,,,,,,,,,,,,,,,,,,,,,,,,,,,,,,,,,,,,,113.4404870000435,,,,,,,,,,,,,,,,,,,113.4117610999383,113.4404870000435,113.4404870000435,113.4404870000435,113.4404870000435,114.34128349996172,120.98355939995963,space,6.6364621999673545,None,,,,,,,,,,,,,,,,,,,,,,,,,,,,,,,,,,,,,,,,,,,,,,,,,,,,,,,,,,,,,,,,,,,,,,,,,,,,,,,,,,,,,,,,,,,,,,,,,,,,,,,,,,,,,,,,,,,,,,,,,,,,,,,,,,,,,,,,,,,,,,,,,,,,,,,,,,,,,,,,,,,,,,,,,,,,,,,,,,,,,,,,,,,,,,,,,,,,,,,,,,,,,,,,,,,,,,,,,,,,,,,,,,,,,,,,,,,,,,,,,,,,,,,,,208,1,2026-07-13_09h30.57.948,SBL_superimposed_training_task,,2026.1.3,120.59511280161757,2026-07-13 09h30.59.229865 -0400,
J2,Tulon,stimuli/scenes/scene_J2.jpg,2,2,2,0,space,7.162001500022598,None,,,,,,,,,,,,,,,,,,,,,,,,,,,,,,,,,,,,,,,,,,,,,,,,,,,,0,2,2,1,,,,,,,,,,,,,,,,,,,,,,,,,,,,,,,,,,,,,121.07997870002873,,,,,,,,,,,,,,,,,,,121.07500950002577,121.07997870002873,121.07997870002873,121.07997870002873,121.07997870002873,121.97590329998638,129.14188899996225,space,7.162001500022598,None,,,,,,,,,,,,,,,,,,,,,,,,,,,,,,,,,,,,,,,,,,,,,,,,,,,,,,,,,,,,,,,,,,,,,,,,,,,,,,,,,,,,,,,,,,,,,,,,,,,,,,,,,,,,,,,,,,,,,,,,,,,,,,,,,,,,,,,,,,,,,,,,,,,,,,,,,,,,,,,,,,,,,,,,,,,,,,,,,,,,,,,,,,,,,,,,,,,,,,,,,,,,,,,,,,,,,,,,,,,,,,,,,,,,,,,,,,,,,,,,,,,,,,,,,208,1,2026-07-13_09h30.57.948,SBL_superimposed_training_task,,2026.1.3,120.59511280161757,2026-07-13 09h30.59.229865 -0400,
J1,Malbow,stimuli/scenes/scene_J1.jpg,1,3,3,0,space,6.220223800046369,None,,,,,,,,,,,,,,,,,,,,,,,,,,,,,,,,,,,,,,,,,,,,,,,,,,,,0,3,3,0,,,,,,,,,,,,,,,,,,,,,,,,,,,,,,,,,,,,,129.2400260999566,,,,,,,,,,,,,,,,,,,129.2092021999415,129.2400260999566,129.2400260999566,129.2400260999566,129.2400260999566,130.1334957999643,136.35893470002338,space,6.220223800046369,None,,,,,,,,,,,,,,,,,,,,,,,,,,,,,,,,,,,,,,,,,,,,,,,,,,,,,,,,,,,,,,,,,,,,,,,,,,,,,,,,,,,,,,,,,,,,,,,,,,,,,,,,,,,,,,,,,,,,,,,,,,,,,,,,,,,,,,,,,,,,,,,,,,,,,,,,,,,,,,,,,,,,,,,,,,,,,,,,,,,,,,,,,,,,,,,,,,,,,,,,,,,,,,,,,,,,,,,,,,,,,,,,,,,,,,,,,,,,,,,,,,,,,,,,,208,1,2026-07-13_09h30.57.948,SBL_superimposed_training_task,,2026.1.3,120.59511280161757,2026-07-13 09h30.59.229865 -0400,
,,,,,,,,,,,,,,,,,,,,,,,,,,,,,,,,,,,,,,,,,,,,,,,,,,,,,,,,,,,,,,,,,,,,,,,,,,,,,,,,,,,,,,,,,,,,,,,,,,,,,,,,,,,,,,,,,,,,,,,,,,,,,,,,,,136.3590313999448,136.3664472999517,136.3664472999517,140.0248663999373,space,3.6512439999496564,None,,,,,,,,,,,,,,,,,,,,,,,,,,,,,,,,,,,,,,,,,,,,,,,,,,,,,,,,,,,,,,,,,,,,,,,,,,,,,,,,,,,,,,,,,,,,,,,,,,,,,,,,,,,,,,,,,,,,,,,,,,,,,,,,,,,,,,,,,,,,,,,,,,,,,,,,,,,,,,,,,,,,,,,,,,,,,,,,,,,,,,,,,,,,,,,,,,,,,,,,,,,,,,,,,,,,,,,,,,,,,,,,,,,,,,,,,,,,,,,,,,208,1,2026-07-13_09h30.57.948,SBL_superimposed_training_task,,2026.1.3,120.59511280161757,2026-07-13 09h30.59.229865 -0400,
,,,,,,,,,,,,,,,,,,,,,,,,,,,,,,,,,,,,,,,,,,,,,,,,,,,,,,,,,,,,,,,,,,,,,,,,,,,,,,,,,,,,,,,,,,,,,,,,,,,,,,,,,,,,,,,,,,,,,,,,,,,,,,,,,,,,,,,,,140.15228070004378,140.23462150001433,140.23462150001433,140.23462150001433,140.23462150001433,140.23462150001433,140.23462150001433,140.23462150001433,140.23462150001433,140.23462150001433,147.89208030002192,space,7.655048000044189,None,,,,,,,,,,,,,,,,,,,,,,,,,,,,,,,,,,,,,,,,,,,,,,,,,,,,,,,,,,,,,,,,,,,,,,,,,,,,,,,,,,,,,,,,,,,,,,,,,,,,,,,,,,,,,,,,,,,,,,,,,,,,,,,,,,,,,,,,,,,,,,,,,,,,,,,,,,,,,,,,,,,,,,,,,,,,,,,,,,,,,,,,,,,,,,,,,,,,,,,,,,,,,,,,,,,,,,,,,,,,,,,,,,,,208,1,2026-07-13_09h30.57.948,SBL_superimposed_training_task,,2026.1.3,120.59511280161757,2026-07-13 09h30.59.229865 -0400,
,,,4,0,0,0,,,,stimuli/scenes/scene_U2.png,space,2.5816741000162438,None,3,0,2.076653299969621,None,,,,,,,,,,,,,,,,,,,,,,,,,,,,,,,,,,,,,,,,,,,,,,,,0,0,0,0,0,0,0,0,0,0,0,3,,,,,,,,,,,,,,,,,,,,,,,,,150.52751960000023,,,,,,,,,,,,,,,,,,,,,,,,,,,,,,,,,,,,,,,,,,,,,,,,,,147.89232879993506,147.899913799949,147.899913799949,150.48308579996228,space,2.5816741000162438,None,150.5148213999346,150.52751960000023,151.48337979998905,151.49080909998156,151.49311549996492,151.49311549996492,153.57516550004948,3,0,2.076653299969621,None,153.5769693000475,153.58334899996407,154.59088160004467,154.5670740000205,,,,,,,,,,,,,,,,,,,,,,,,,,,,,,,,,,,,,,,,,,,,,,,,,,,,,,,,,,,,,,,,,,,,,,,,,,,,,,,,,,,,,,,,,,,,,,,,,,,,,,,,,,,,,,,,,,,,,,,,,,,,,,,,,,,,,,,,,,,,,,,,,,,,,,,,,,,,,,,,,,,,,,,,,,,,,,,,,,,,,,,,,,,,,,,,,,,,,,,,,,,,,,208,1,2026-07-13_09h30.57.948,SBL_superimposed_training_task,,2026.1.3,120.59511280161757,2026-07-13 09h30.59.229865 -0400,
,,,1,1,1,0,,,,stimuli/scenes/scene_J1.png,space,2.5816741000162438,None,1,1,2.498371100053191,None,,,,,,,,,,,,,,,,,,,,,,,,,,,,,,,,,,,,,,,,,,,,,,,,0,0,0,0,0,0,0,0,0,1,1,0,,,,,,,,,,,,,,,,,,,,,,,,,154.59088160004467,,,,,,,,,,,,,,,,,,,,,,,,,,,,,,,,,,,,,,,,,,,,,,,,,,,,,,,,,154.58781930000987,154.59088160004467,155.57547110004816,155.5755727000069,155.58329810004216,155.58329810004216,158.0832270999672,1,1,2.498371100053191,None,158.08584369998425,158.09170680004172,159.09576039994135,159.07518929999787,,,,,,,,,,,,,,,,,,,,,,,,,,,,,,,,,,,,,,,,,,,,,,,,,,,,,,,,,,,,,,,,,,,,,,,,,,,,,,,,,,,,,,,,,,,,,,,,,,,,,,,,,,,,,,,,,,,,,,,,,,,,,,,,,,,,,,,,,,,,,,,,,,,,,,,,,,,,,,,,,,,,,,,,,,,,,,,,,,,,,,,,,,,,,,,,,,,,,,,,,,,,,,208,1,2026-07-13_09h30.57.948,SBL_superimposed_training_task,,2026.1.3,120.59511280161757,2026-07-13 09h30.59.229865 -0400,
,,,3,2,2,0,,,,stimuli/scenes/scene_U1.png,space,2.5816741000162438,None,4,0,1.9898779999930412,None,,,,,,,,,,,,,,,,,,,,,,,,,,,,,,,,,,,,,,,,,,,,,,,,0,0,0,0,0,0,0,0,0,2,2,2,,,,,,,,,,,,,,,,,,,,,,,,,159.09576039994135,,,,,,,,,,,,,,,,,,,,,,,,,,,,,,,,,,,,,,,,,,,,,,,,,,,,,,,,,159.09253200003877,159.09576039994135,160.08380669995677,160.08385219995398,160.09189139993396,160.09189139993396,162.08330429997295,4,0,1.9898779999930412,None,162.08538179995958,162.09159650001675,163.10229980002623,163.0751529999543,,,,,,,,,,,,,,,,,,,,,,,,,,,,,,,,,,,,,,,,,,,,,,,,,,,,,,,,,,,,,,,,,,,,,,,,,,,,,,,,,,,,,,,,,,,,,,,,,,,,,,,,,,,,,,,,,,,,,,,,,,,,,,,,,,,,,,,,,,,,,,,,,,,,,,,,,,,,,,,,,,,,,,,,,,,,,,,,,,,,,,,,,,,,,,,,,,,,,,,,,,,,,,208,1,2026-07-13_09h30.57.948,SBL_superimposed_training_task,,2026.1.3,120.59511280161757,2026-07-13 09h30.59.229865 -0400,
,,,2,3,3,0,,,,stimuli/scenes/scene_J2.png,space,2.5816741000162438,None,3,0,3.8621578000020236,None,,,,,,,,,,,,,,,,,,,,,,,,,,,,,,,,,,,,,,,,,,,,,,,,0,0,0,0,0,0,0,0,0,3,3,1,,,,,,,,,,,,,,,,,,,,,,,,,163.10229980002623,,,,,,,,,,,,,,,,,,,,,,,,,,,,,,,,,,,,,,,,,,,,,,,,,,,,,,,,,163.09803570003714,163.10229980002623,164.08362849999685,164.0836733999895,164.0918274000287,164.0918274000287,167.95890760002658,3,0,3.8621578000020236,None,167.95897989999503,167.96683789999224,168.96750639996026,168.95019350002985,,,,,,,,,,,,,,,,,,,,,,,,,,,,,,,,,,,,,,,,,,,,,,,,,,,,,,,,,,,,,,,,,,,,,,,,,,,,,,,,,,,,,,,,,,,,,,,,,,,,,,,,,,,,,,,,,,,,,,,,,,,,,,,,,,,,,,,,,,,,,,,,,,,,,,,,,,,,,,,,,,,,,,,,,,,,,,,,,,,,,,,,,,,,,,,,,,,,,,,,,,,,,,208,1,2026-07-13_09h30.57.948,SBL_superimposed_training_task,,2026.1.3,120.59511280161757,2026-07-13 09h30.59.229865 -0400,
,,,3,4,0,1,,,,stimuli/scenes/scene_U1.png,space,2.5816741000162438,None,3,1,4.475235600024462,None,,,,,,,,,,,,,,,,,,,,,,,,,,,,,,,,,,,,,,,,,,,,,,,,0,0,0,0,0,0,0,0,1,0,4,2,,,,,,,,,,,,,,,,,,,,,,,,,168.96750639996026,,,,,,,,,,,,,,,,,,,,,,,,,,,,,,,,,,,,,,,,,,,,,,,,,,,,,,,,,168.9633469999535,168.96750639996026,169.9505892000161,169.95062809996307,169.9585073000053,169.9585073000053,174.44236700003967,3,1,4.475235600024462,None,174.44407910003792,174.45018879999407,175.45812860003207,175.43377260002308,169.9585073000053,,,,,,,,,,,,,,,,,,,,,,,,,,,,,,,,,,,,,,,,,,,,,,,,,,,,,,,,,,,,,,,,,,,,,,,,,,,,,,,,,,,,,,,,,,,,,,,,,,,,,,,,,,,,,,,,,,,,,,,,,,,,,,,,,,,,,,,,,,,,,,,,,,,,,,,,,,,,,,,,,,,,,,,,,,,,,,,,,,,,,,,,,,,,,,,,,,,,,,,,,,,,,208,1,2026-07-13_09h30.57.948,SBL_superimposed_training_task,,2026.1.3,120.59511280161757,2026-07-13 09h30.59.229865 -0400,
,,,1,5,1,1,,,,stimuli/scenes/scene_J1.png,space,2.5816741000162438,None,4,0,0.8153903000056744,None,,,,,,,,,,,,,,,,,,,,,,,,,,,,,,,,,,,,,,,,,,,,,,,,0,0,0,0,0,0,0,0,1,1,5,0,,,,,,,,,,,,,,,,,,,,,,,,,175.45812860003207,,,,,,,,,,,,,,,,,,,,,,,,,,,,,,,,,,,,,,,,,,,,,,,,,,,,,,,,,175.45542859996203,175.45812860003207,176.44228129996918,176.4423206000356,176.45045300002676,176.45045300002676,177.26709840004332,4,0,0.8153903000056744,None,177.26892509998288,177.2756245000055,178.28484029998071,178.25911740004085,176.45045300002676,,,,,,,,,,,,,,,,,,,,,,,,,,,,,,,,,,,,,,,,,,,,,,,,,,,,,,,,,,,,,,,,,,,,,,,,,,,,,,,,,,,,,,,,,,,,,,,,,,,,,,,,,,,,,,,,,,,,,,,,,,,,,,,,,,,,,,,,,,,,,,,,,,,,,,,,,,,,,,,,,,,,,,,,,,,,,,,,,,,,,,,,,,,,,,,,,,,,,,,,,,,,,208,1,2026-07-13_09h30.57.948,SBL_superimposed_training_task,,2026.1.3,120.59511280161757,2026-07-13 09h30.59.229865 -0400,
,,,4,6,2,1,,,,stimuli/scenes/scene_U2.png,space,2.5816741000162438,None,2,0,2.0778440999565646,None,,,,,,,,,,,,,,,,,,,,,,,,,,,,,,,,,,,,,,,,,,,,,,,,0,0,0,0,0,0,0,0,1,2,6,3,,,,,,,,,,,,,,,,,,,,,,,,,178.28484029998071,,,,,,,,,,,,,,,,,,,,,,,,,,,,,,,,,,,,,,,,,,,,,,,,,,,,,,,,,178.28194380004425,178.28484029998071,179.27572809997946,179.27584350004327,179.28414749994408,179.28414749994408,181.36739539995324,2,0,2.0778440999565646,None,181.3674672000343,181.37541209999472,182.3879416999407,182.35867969994433,,,,,,,,,,,,,,,,,,,,,,,,,,,,,,,,,,,,,,,,,,,,,,,,,,,,,,,,,,,,,,,,,,,,,,,,,,,,,,,,,,,,,,,,,,,,,,,,,,,,,,,,,,,,,,,,,,,,,,,,,,,,,,,,,,,,,,,,,,,,,,,,,,,,,,,,,,,,,,,,,,,,,,,,,,,,,,,,,,,,,,,,,,,,,,,,,,,,,,,,,,,,,,208,1,2026-07-13_09h30.57.948,SBL_superimposed_training_task,,2026.1.3,120.59511280161757,2026-07-13 09h30.59.229865 -0400,
,,,2,7,3,1,,,,stimuli/scenes/scene_J2.png,space,2.5816741000162438,None,3,0,6.201581500004977,None,,,,,,,,,,,,,,,,,,,,,,,,,,,,,,,,,,,,,,,,,,,,,,,,0,0,0,0,0,0,0,0,1,3,7,1,,,,,,,,,,,,,,,,,,,,,,,,,182.3879416999407,,,,,,,,,,,,,,,,,,,,,,,,,,,,,,,,,,,,,,,,,,,,,,,,,,,,,,,,,182.3798246999504,182.3879416999407,183.37567510001827,183.37577529996634,183.38409149996005,183.38409149996005,189.59237500000745,3,0,6.201581500004977,None,189.59245180001017,189.6003544999985,190.61306010000408,190.5841994000366,,,,,,,,,,,,,,,,,,,,,,,,,,,,,,,,,,,,,,,,,,,,,,,,,,,,,,,,,,,,,,,,,,,,,,,,,,,,,,,,,,,,,,,,,,,,,,,,,,,,,,,,,,,,,,,,,,,,,,,,,,,,,,,,,,,,,,,,,,,,,,,,,,,,,,,,,,,,,,,,,,,,,,,,,,,,,,,,,,,,,,,,,,,,,,,,,,,,,,,,,,,,,,208,1,2026-07-13_09h30.57.948,SBL_superimposed_training_task,,2026.1.3,120.59511280161757,2026-07-13 09h30.59.229865 -0400,
,,,2,8,0,2,,,,stimuli/scenes/scene_J2.png,space,2.5816741000162438,None,4,0,2.289602700038813,None,,,,,,,,,,,,,,,,,,,,,,,,,,,,,,,,,,,,,,,,,,,,,,,,0,0,0,0,0,0,0,0,2,0,8,1,,,,,,,,,,,,,,,,,,,,,,,,,190.61306010000408,,,,,,,,,,,,,,,,,,,,,,,,,,,,,,,,,,,,,,,,,,,,,,,,,,,,,,,,,190.60030029993504,190.61306010000408,191.5925952999387,191.59269680001307,191.6001294000307,191.6001294000307,193.89235400001053,4,0,2.289602700038813,None,193.89242940000258,193.9005918999901,194.90561060002074,194.8842478999868,,,,,,,,,,,,,,,,,,,,,,,,,,,,,,,,,,,,,,,,,,,,,,,,,,,,,,,,,,,,,,,,,,,,,,,,,,,,,,,,,,,,,,,,,,,,,,,,,,,,,,,,,,,,,,,,,,,,,,,,,,,,,,,,,,,,,,,,,,,,,,,,,,,,,,,,,,,,,,,,,,,,,,,,,,,,,,,,,,,,,,,,,,,,,,,,,,,,,,,,,,,,,,208,1,2026-07-13_09h30.57.948,SBL_superimposed_training_task,,2026.1.3,120.59511280161757,2026-07-13 09h30.59.229865 -0400,
,,,3,9,1,2,,,,stimuli/scenes/scene_U1.png,space,2.5816741000162438,None,1,0,0.8691489000339061,None,,,,,,,,,,,,,,,,,,,,,,,,,,,,,,,,,,,,,,,,,,,,,,,,0,0,0,0,0,0,0,0,2,1,9,2,,,,,,,,,,,,,,,,,,,,,,,,,194.90561060002074,,,,,,,,,,,,,,,,,,,,,,,,,,,,,,,,,,,,,,,,,,,,,,,,,,,,,,,,,194.90142979996745,194.90561060002074,195.89262229995802,195.8926688999636,195.90078140003607,195.90078140003607,196.77624239993747,1,0,0.8691489000339061,None,196.77631320001092,196.7841568000149,197.78676349995658,197.7672259999672,,,,,,,,,,,,,,,,,,,,,,,,,,,,,,,,,,,,,,,,,,,,,,,,,,,,,,,,,,,,,,,,,,,,,,,,,,,,,,,,,,,,,,,,,,,,,,,,,,,,,,,,,,,,,,,,,,,,,,,,,,,,,,,,,,,,,,,,,,,,,,,,,,,,,,,,,,,,,,,,,,,,,,,,,,,,,,,,,,,,,,,,,,,,,,,,,,,,,,,,,,,,,,208,1,2026-07-13_09h30.57.948,SBL_superimposed_training_task,,2026.1.3,120.59511280161757,2026-07-13 09h30.59.229865 -0400,
,,,4,10,2,2,,,,stimuli/scenes/scene_U2.png,space,2.5816741000162438,None,4,1,3.9375610999995843,None,,,,,,,,,,,,,,,,,,,,,,,,,,,,,,,,,,,,,,,,,,,,,,,,0,0,0,0,0,0,0,0,2,2,10,3,,,,,,,,,,,,,,,,,,,,,,,,,197.78676349995658,,,,,,,,,,,,,,,,,,,,,,,,,,,,,,,,,,,,,,,,,,,,,,,,,,,,,,,,,197.78405679995194,197.78676349995658,198.7758945999667,198.77595869998913,198.7841439000331,198.7841439000331,202.72587980004027,4,1,3.9375610999995843,None,202.7282278999919,202.73421300004702,203.74342750001233,203.71759390004445,198.7841439000331,,,,,,,,,,,,,,,,,,,,,,,,,,,,,,,,,,,,,,,,,,,,,,,,,,,,,,,,,,,,,,,,,,,,,,,,,,,,,,,,,,,,,,,,,,,,,,,,,,,,,,,,,,,,,,,,,,,,,,,,,,,,,,,,,,,,,,,,,,,,,,,,,,,,,,,,,,,,,,,,,,,,,,,,,,,,,,,,,,,,,,,,,,,,,,,,,,,,,,,,,,,,,208,1,2026-07-13_09h30.57.948,SBL_superimposed_training_task,,2026.1.3,120.59511280161757,2026-07-13 09h30.59.229865 -0400,
,,,1,11,3,2,,,,stimuli/scenes/scene_J1.png,space,2.5816741000162438,None,3,0,6.9548977999947965,None,,,,,,,,,,,,,,,,,,,,,,,,,,,,,,,,,,,,,,,,,,,,,,,,0,0,0,0,0,0,0,0,2,3,11,0,,,,,,,,,,,,,,,,,,,,,,,,,203.74342750001233,,,,,,,,,,,,,,,,,,,,,,,,,,,,,,,,,,,,,,,,,,,,,,,,,,,,,,,,,203.74033559998497,203.74342750001233,204.73435729998164,204.73440249997657,204.74281710002106,204.74281710002106,211.70124710001983,3,0,6.9548977999947965,None,211.70308779994957,211.70939580001868,212.72541720001027,212.6930413999362,,,,,,,,,,,,,,,,,,,,,,,,,,,,,,,,,,,,,,,,,,,,,,,,,,,,,,,,,,,,,,,,,,,,,,,,,,,,,,,,,,,,,,,,,,,,,,,,,,,,,,,,,,,,,,,,,,,,,,,,,,,,,,,,,,,,,,,,,,,,,,,,,,,,,,,,,,,,,,,,,,,,,,,,,,,,,,,,,,,,,,,,,,,,,,,,,,,,,,,,,,,,,,208,1,2026-07-13_09h30.57.948,SBL_superimposed_training_task,,2026.1.3,120.59511280161757,2026-07-13 09h30.59.229865 -0400,
,,,4,12,0,3,,,,stimuli/scenes/scene_U2.png,space,2.5816741000162438,None,3,0,5.771911600022577,None,,,,,,,,,,,,,,,,,,,,,,,,,,,,,,,,,,,,,,,,,,,,,,,,0,0,0,0,0,0,0,0,3,0,12,3,,,,,,,,,,,,,,,,,,,,,,,,,212.72541720001027,,,,,,,,,,,,,,,,,,,,,,,,,,,,,,,,,,,,,,,,,,,,,,,,,,,,,,,,,212.71088379994035,212.72541720001027,213.7094805999659,213.70952569996007,213.7179344999604,213.7179344999604,219.49302900000475,3,0,5.771911600022577,None,219.49309909995645,219.50108339998405,220.52336340001784,220.48424300004262,,,,,,,,,,,,,,,,,,,,,,,,,,,,,,,,,,,,,,,,,,,,,,,,,,,,,,,,,,,,,,,,,,,,,,,,,,,,,,,,,,,,,,,,,,,,,,,,,,,,,,,,,,,,,,,,,,,,,,,,,,,,,,,,,,,,,,,,,,,,,,,,,,,,,,,,,,,,,,,,,,,,,,,,,,,,,,,,,,,,,,,,,,,,,,,,,,,,,,,,,,,,,,208,1,2026-07-13_09h30.57.948,SBL_superimposed_training_task,,2026.1.3,120.59511280161757,2026-07-13 09h30.59.229865 -0400,
,,,2,13,1,3,,,,stimuli/scenes/scene_J2.png,space,2.5816741000162438,None,4,0,0.37284350011032075,None,,,,,,,,,,,,,,,,,,,,,,,,,,,,,,,,,,,,,,,,,,,,,,,,0,0,0,0,0,0,0,0,3,1,13,1,,,,,,,,,,,,,,,,,,,,,,,,,220.52336340001784,,,,,,,,,,,,,,,,,,,,,,,,,,,,,,,,,,,,,,,,,,,,,,,,,,,,,,,,,220.50747870001942,220.52336340001784,221.49325609998778,221.49330199998803,221.5011164000025,221.5011164000025,221.87619630002882,4,0,0.37284350011032075,None,221.87626449996606,221.88449540000875,222.89236559998244,222.86784760002047,,,,,,,,,,,,,,,,,,,,,,,,,,,,,,,,,,,,,,,,,,,,,,,,,,,,,,,,,,,,,,,,,,,,,,,,,,,,,,,,,,,,,,,,,,,,,,,,,,,,,,,,,,,,,,,,,,,,,,,,,,,,,,,,,,,,,,,,,,,,,,,,,,,,,,,,,,,,,,,,,,,,,,,,,,,,,,,,,,,,,,,,,,,,,,,,,,,,,,,,,,,,,,208,1,2026-07-13_09h30.57.948,SBL_superimposed_training_task,,2026.1.3,120.59511280161757,2026-07-13 09h30.59.229865 -0400,
,,,1,14,2,3,,,,stimuli/scenes/scene_J1.png,space,2.5816741000162438,None,2,0,1.0772073999978602,None,,,,,,,,,,,,,,,,,,,,,,,,,,,,,,,,,,,,,,,,,,,,,,,,0,0,0,0,0,0,0,0,3,2,14,0,,,,,,,,,,,,,,,,,,,,,,,,,222.89236559998244,,,,,,,,,,,,,,,,,,,,,,,,,,,,,,,,,,,,,,,,,,,,,,,,,,,,,,,,,222.88803709996864,222.89236559998244,223.87598180002533,223.87602029996924,223.884582699975,223.884582699975,224.96812299999874,2,0,1.0772073999978602,None,224.9681970999809,224.976046100026,225.97930300002918,225.95964649994858,223.884582699975,,,,,,,,,,,,,,,,,,,,,,,,,,,,,,,,,,,,,,,,,,,,,,,,,,,,,,,,,,,,,,,,,,,,,,,,,,,,,,,,,,,,,,,,,,,,,,,,,,,,,,,,,,,,,,,,,,,,,,,,,,,,,,,,,,,,,,,,,,,,,,,,,,,,,,,,,,,,,,,,,,,,,,,,,,,,,,,,,,,,,,,,,,,,,,,,,,,,,,,,,,,,,208,1,2026-07-13_09h30.57.948,SBL_superimposed_training_task,,2026.1.3,120.59511280161757,2026-07-13 09h30.59.229865 -0400,
,,,3,15,3,3,,,,stimuli/scenes/scene_U1.png,space,2.5816741000162438,None,4,0,0.36948240001220256,None,,,,,,,,,,,,,,,,,,,,,,,,,,,,,,,,,,,,,,,,,,,,,,,,0,0,0,0,0,0,0,0,3,3,15,2,,,,,,,,,,,,,,,,,,,,,,,,,225.97930300002918,,,,,,,,,,,,,,,,,,,,,,,,,,,,,,,,,,,,,,,,,,,,,,,,,,,,,,,,,225.97634089994244,225.97930300002918,226.9677467000438,226.96778549999,226.97650550003164,226.97650550003164,227.3516564000165,4,0,0.36948240001220256,None,227.3517249999568,227.35972469998524,228.3628602999961,228.34283959993627,226.97650550003164,,,,,,,,,,,,,,,,,,,,,,,,,,,,,,,,,,,,,,,,,,,,,,,,,,,,,,,,,,,,,,,,,,,,,,,,,,,,,,,,,,,,,,,,,,,,,,,,,,,,,,,,,,,,,,,,,,,,,,,,,,,,,,,,,,,,,,,,,,,,,,,,,,,,,,,,,,,,,,,,,,,,,,,,,,,,,,,,,,,,,,,,,,,,,,,,,,,,,,,,,,,,,208,1,2026-07-13_09h30.57.948,SBL_superimposed_training_task,,2026.1.3,120.59511280161757,2026-07-13 09h30.59.229865 -0400,
,,,4,16,0,4,,,,stimuli/scenes/scene_U2.png,space,2.5816741000162438,None,4,1,0.29039259999990463,None,,,,,,,,,,,,,,,,,,,,,,,,,,,,,,,,,,,,,,,,,,,,,,,,0,0,0,0,0,0,0,0,4,0,16,3,,,,,,,,,,,,,,,,,,,,,,,,,228.3628602999961,,,,,,,,,,,,,,,,,,,,,,,,,,,,,,,,,,,,,,,,,,,,,,,,,,,,,,,,,228.35997170000337,228.3628602999961,229.35177259997,229.35181070002727,229.35948189999908,229.35948189999908,229.65121289994568,4,1,0.29039259999990463,None,229.65292050002608,229.6592197000282,230.66290440002922,230.6429230000358,229.35948189999908,,,,,,,,,,,,,,,,,,,,,,,,,,,,,,,,,,,,,,,,,,,,,,,,,,,,,,,,,,,,,,,,,,,,,,,,,,,,,,,,,,,,,,,,,,,,,,,,,,,,,,,,,,,,,,,,,,,,,,,,,,,,,,,,,,,,,,,,,,,,,,,,,,,,,,,,,,,,,,,,,,,,,,,,,,,,,,,,,,,,,,,,,,,,,,,,,,,,,,,,,,,,,208,1,2026-07-13_09h30.57.948,SBL_superimposed_training_task,,2026.1.3,120.59511280161757,2026-07-13 09h30.59.229865 -0400,
,,,2,17,1,4,,,,stimuli/scenes/scene_J2.png,space,2.5816741000162438,None,3,0,1.925889499951154,None,,,,,,,,,,,,,,,,,,,,,,,,,,,,,,,,,,,,,,,,,,,,,,,,0,0,0,0,0,0,0,0,4,1,17,1,,,,,,,,,,,,,,,,,,,,,,,,,230.66290440002922,,,,,,,,,,,,,,,,,,,,,,,,,,,,,,,,,,,,,,,,,,,,,,,,,,,,,,,,,230.65892700001132,230.66290440002922,231.6514311999781,231.65151240001433,231.65977449994534,231.65977449994534,233.59270609996747,3,0,1.925889499951154,None,233.59484219993465,233.60139269998763,234.60334799997509,234.58478359994479,231.65977449994534,,,,,,,,,,,,,,,,,,,,,,,,,,,,,,,,,,,,,,,,,,,,,,,,,,,,,,,,,,,,,,,,,,,,,,,,,,,,,,,,,,,,,,,,,,,,,,,,,,,,,,,,,,,,,,,,,,,,,,,,,,,,,,,,,,,,,,,,,,,,,,,,,,,,,,,,,,,,,,,,,,,,,,,,,,,,,,,,,,,,,,,,,,,,,,,,,,,,,,,,,,,,,208,1,2026-07-13_09h30.57.948,SBL_superimposed_training_task,,2026.1.3,120.59511280161757,2026-07-13 09h30.59.229865 -0400,
,,,1,18,2,4,,,,stimuli/scenes/scene_J1.png,space,2.5816741000162438,None,3,0,2.3685032000066712,None,,,,,,,,,,,,,,,,,,,,,,,,,,,,,,,,,,,,,,,,,,,,,,,,0,0,0,0,0,0,0,0,4,2,18,0,,,,,,,,,,,,,,,,,,,,,,,,,234.60334799997509,,,,,,,,,,,,,,,,,,,,,,,,,,,,,,,,,,,,,,,,,,,,,,,,,,,,,,,,,234.59956580004655,234.60334799997509,235.59285150002688,235.59289710002486,235.60133810003754,235.60133810003754,237.97637679998297,3,0,2.3685032000066712,None,237.97644829994533,237.98458109993953,238.98829739994835,238.9682936000172,,,,,,,,,,,,,,,,,,,,,,,,,,,,,,,,,,,,,,,,,,,,,,,,,,,,,,,,,,,,,,,,,,,,,,,,,,,,,,,,,,,,,,,,,,,,,,,,,,,,,,,,,,,,,,,,,,,,,,,,,,,,,,,,,,,,,,,,,,,,,,,,,,,,,,,,,,,,,,,,,,,,,,,,,,,,,,,,,,,,,,,,,,,,,,,,,,,,,,,,,,,,,,208,1,2026-07-13_09h30.57.948,SBL_superimposed_training_task,,2026.1.3,120.59511280161757,2026-07-13 09h30.59.229865 -0400,
,,,3,19,3,4,,,,stimuli/scenes/scene_U1.png,space,2.5816741000162438,None,3,1,0.3211633999599144,None,,,,,,,,,,,,,,,,,,,,,,,,,,,,,,,,,,,,,,,,,,,,,,,,0,0,0,0,0,0,0,0,4,3,19,2,,,,,,,,,,,,,,,,,,,,,,,,,238.98829739994835,,,,,,,,,,,,,,,,,,,,,,,,,,,,,,,,,,,,,,,,,,,,,,,,,,,,,,,,,238.9853992999997,238.98829739994835,239.9765198000241,239.9766198999714,239.98474830004852,239.98474830004852,240.30983359995298,3,1,0.3211633999599144,None,240.31154100003187,240.31810339994263,241.32173750002403,241.30136949999724,,,,,,,,,,,,,,,,,,,,,,,,,,,,,,,,,,,,,,,,,,,,,,,,,,,,,,,,,,,,,,,,,,,,,,,,,,,,,,,,,,,,,,,,,,,,,,,,,,,,,,,,,,,,,,,,,,,,,,,,,,,,,,,,,,,,,,,,,,,,,,,,,,,,,,,,,,,,,,,,,,,,,,,,,,,,,,,,,,,,,,,,,,,,,,,,,,,,,,,,,,,,,,208,1,2026-07-13_09h30.57.948,SBL_superimposed_training_task,,2026.1.3,120.59511280161757,2026-07-13 09h30.59.229865 -0400,
,,,2,20,0,5,,,,stimuli/scenes/scene_J2.png,space,2.5816741000162438,None,2,1,1.1238184999674559,None,,,,,,,,,,,,,,,,,,,,,,,,,,,,,,,,,,,,,,,,,,,,,,,,0,0,0,0,0,0,0,0,5,0,20,1,,,,,,,,,,,,,,,,,,,,,,,,,241.32173750002403,,,,,,,,,,,,,,,,,,,,,,,,,,,,,,,,,,,,,,,,,,,,,,,,,,,,,,,,,241.31790599995293,241.32173750002403,242.30994409997948,242.30998989997897,242.3180999000324,242.3180999000324,243.44300860003568,2,1,1.1238184999674559,None,243.4430807000026,243.45154749997891,244.45771079999395,244.4352050999878,,,,,,,,,,,,,,,,,,,,,,,,,,,,,,,,,,,,,,,,,,,,,,,,,,,,,,,,,,,,,,,,,,,,,,,,,,,,,,,,,,,,,,,,,,,,,,,,,,,,,,,,,,,,,,,,,,,,,,,,,,,,,,,,,,,,,,,,,,,,,,,,,,,,,,,,,,,,,,,,,,,,,,,,,,,,,,,,,,,,,,,,,,,,,,,,,,,,,,,,,,,,,,208,1,2026-07-13_09h30.57.948,SBL_superimposed_training_task,,2026.1.3,120.59511280161757,2026-07-13 09h30.59.229865 -0400,
,,,1,21,1,5,,,,stimuli/scenes/scene_J1.png,space,2.5816741000162438,None,1,1,0.47027220006566495,None,,,,,,,,,,,,,,,,,,,,,,,,,,,,,,,,,,,,,,,,,,,,,,,,0,0,0,0,0,0,0,0,5,1,21,0,,,,,,,,,,,,,,,,,,,,,,,,,244.45771079999395,,,,,,,,,,,,,,,,,,,,,,,,,,,,,,,,,,,,,,,,,,,,,,,,,,,,,,,,,244.45402229996398,244.45771079999395,245.44324779999442,245.44328569993377,245.45159609999973,245.45159609999973,245.92674969998188,1,1,0.47027220006566495,None,245.92689370003063,245.93482329999097,246.92622090002988,246.9184623999754,245.45159609999973,,,,,,,,,,,,,,,,,,,,,,,,,,,,,,,,,,,,,,,,,,,,,,,,,,,,,,,,,,,,,,,,,,,,,,,,,,,,,,,,,,,,,,,,,,,,,,,,,,,,,,,,,,,,,,,,,,,,,,,,,,,,,,,,,,,,,,,,,,,,,,,,,,,,,,,,,,,,,,,,,,,,,,,,,,,,,,,,,,,,,,,,,,,,,,,,,,,,,,,,,,,,,208,1,2026-07-13_09h30.57.948,SBL_superimposed_training_task,,2026.1.3,120.59511280161757,2026-07-13 09h30.59.229865 -0400,
,,,,0,0,0,,,,,space,2.5816741000162438,None,,,,,3,How did the ground look?,"1. Completely covered with rocks
 2. Mostly sandy with some rocks 
3. Covered with rocks except in the middle
4. Covered with rocks except on the left",4,Negvi,stimuli/scenes/scene_U2.jpg,space,3.7154809000203386,None,1,0,3.580999800004065,None,2,0,12.090085200034082,None,space,8.503145399969071,None,,,,,,,,,,,,,,,,,,,,,,,,,,,,0,0,0,0,0,0,0,0,,,,,0,0,0,0,0,0,0,3,0,0,0,0,,,,,,,,,,,,,271.4186884999508,,,,,,,,,,,,,,,,,,,,,,,,,,,,,,,,,,,,,,,,,,,,,,,,,,,,,,,,,,,,,,,,,,,,,,,,,246.92238869995344,246.92622090002988,246.92622090002988,250.64324729994405,space,3.7154809000203386,None,250.64353090000805,250.64357119996566,250.67275090003386,250.67280129995197,250.67281889996957,250.67513740004506,251.69897769996896,251.66008860000875,251.67229549994227,251.69897769996896,251.69897769996896,255.6762783000013,255.67631480004638,255.68484480003826,255.68484480003826,259.2688116999343,1,0,3.580999800004065,None,259.287604299956,259.29130139993504,259.29130139993504,0.018774099997244775,259.29130139993504,271.3857099999441,2,0,12.090085200034082,None,271.4053154999856,271.4186884999508,271.4186884999508,271.4186884999508,271.4186884999508,271.4186884999508,279.92745429999195,space,8.503145399969071,None,,,,,,,,,,,,,,,,,,,,,,,,,,,,,,,,,,,,,,,,,,,,,,,,,,,,,,,,,,,,,,,,,,,,,,,,,,,,,,,,,,,,,,,,,,,,,,,,,,,,,,,,,,,,,,,,,,,,,,,,,,,,,,,,,,,,,,,,,,,,,,,,,,,,,,,,,,,,,,208,1,2026-07-13_09h30.57.948,SBL_superimposed_training_task,,2026.1.3,120.59511280161757,2026-07-13 09h30.59.229865 -0400,
,,,,0,0,0,,,,,space,2.5816741000162438,None,,,,,3,How did the ground look?,"1. Completely covered with rocks
 2. Mostly sandy with some rocks 
3. Covered with rocks except in the middle
4. Covered with rocks except on the left",4,Negvi,stimuli/scenes/scene_U2.jpg,space,3.7154809000203386,None,1,0,3.580999800004065,None,2,0,12.090085200034082,None,,,,,,,,,,,,,,,,,,,,,,,,,,,,,,,0,0,0,0,0,0,0,0,,,,,0,0,0,0,0,0,0,3,,,,,,,,,,,,,,,,,,,,,,,,,,,,,,,,,,,,,,,,,,,,,,,,,,,,,,,,,,,,,,,,,,,,,,,,,,,,,,,,,,,,,,,,,,,,,,,,,,,,,,,,,,,,,,,,,,,,,,,,,,,,,,,,,,,,,,,,,,,,,,,,,,,,,,,,,,,,,,,,,,,,,,,,,,,,,,,,,,,,,,,,,,,,,,,,,,,,,,,,,,,,,,,,,,,,,,,,,,,,,,,,,,,,,,,,,,,,,,,,,,,,,,,,,,,,,,,,,,,,,,,,,,,,,,,,,,,,,,,,,,,,,,,,,,,,,,208,1,2026-07-13_09h30.57.948,SBL_superimposed_training_task,,2026.1.3,120.59511280161757,2026-07-13 09h30.59.229865 -0400,
,,,,0,0,0,,,,,space,2.5816741000162438,None,,,,,1,What was the color of seaweed on the left?,"1.  Green-yellow
2. Reddish.
3. Dark green",1,Negvi,stimuli/scenes/scene_U2.jpg,space,3.7154809000203386,None,3,0,3.9463454000651836,None,3,0,3.4435365999815986,None,space,6.487914399942383,None,,,,,,,,,,,,,,,,,,,,,,,,,,,,0,0,0,0,0,0,0,0,,,,,0,0,0,0,0,1,1,1,0,0,0,0,,,,,,,,,,,,,292.37793539999984,,,,,,,,,,,,,,,,,,,,,,,,,,,,,,,,,,,,,,,,,,,,,,,,,,,,,,,,,,,,,,,,,,,,,,,,,,,,,,,,,,279.9416690999642,279.941715199966,279.94173259998206,279.94350619998295,280.9353747999994,280.92723999999,280.9276491999626,280.9353747999994,280.9353747999994,284.9187705999939,284.9187974999659,284.93527509993874,284.93527509993874,288.8858172999462,3,0,3.9463454000651836,None,288.89404389995616,288.89657870004885,288.89657870004885,0.008205699967220426,288.89657870004885,292.3436381999636,3,0,3.4435365999815986,None,292.36455139995087,292.37793539999984,292.37793539999984,292.37793539999984,292.37793539999984,292.37793539999984,298.869167799945,space,6.487914399942383,None,284.9268872999819,284.9268872999819,,,,,,,,,,,,,,,,,,,,,,,,,,,,,,,,,,,,,,,,,,,,,,,,,,,,,,,,,,,,,,,,,,,,,,,,,,,,,,,,,,,,,,,,,,,,,,,,,,,,,,,,,,,,,,,,,,,,,,,,,,,,,,,,,,,,,,,,,,,,,,,,,,,,,,,,,,,,208,1,2026-07-13_09h30.57.948,SBL_superimposed_training_task,,2026.1.3,120.59511280161757,2026-07-13 09h30.59.229865 -0400,
,,,,1,1,0,,,,,space,2.5816741000162438,None,,,,,1,What was the color of seaweed on the left?,"1.  Green-yellow
2. Reddish.
3. Dark green",1,Negvi,stimuli/scenes/scene_U2.jpg,space,3.7154809000203386,None,3,0,3.9463454000651836,None,3,0,3.4435365999815986,None,,,,,,,,,,,,,,,,,,,,,,,,,,,,,,,0,0,0,0,0,0,0,0,,,,,0,0,0,0,0,1,1,1,,,,,,,,,,,,,,,,,,,,,,,,,,,,,,,,,,,,,,,,,,,,,,,,,,,,,,,,,,,,,,,,,,,,,,,,,,,,,,,,,,,,,,,,,,,,,,,,,,,,,,,,,,,,,,,,,,,,,,,,,,,,,,,,,,,,,,,,,,,,,,,,,,,,,,,,,,,,,,,,,,,,,,,,,,,,,,,,,,,,,,,,,,,,,,,,,,,,,,,,,,,,,,,,,,,,,,,,,,,,,,,,,,,,,,,,,,,,,,,,,,,,,,,,,,,,,,,,,,,,,,,,,,,,,,,,,,,,,,,,,,,,,,,,,,,,,,208,1,2026-07-13_09h30.57.948,SBL_superimposed_training_task,,2026.1.3,120.59511280161757,2026-07-13 09h30.59.229865 -0400,
,,,,2,2,0,,,,,space,2.5816741000162438,None,,,,,2,How did the lighting appear overall?,"1. Dim and bluish 
2. Bright and strong rays
3. Warm and golden",1,Negvi,stimuli/scenes/scene_U2.jpg,space,3.7154809000203386,None,3,0,1.580382600077428,None,1,1,2.9961401999462396,None,,,,,,,,,,,,,,,,,,,,,,,,,,,,,,,0,0,0,0,0,0,0,0,,,,,0,0,0,0,0,2,2,2,,,,,,,,,,,,,,,,,298.8849053999875,,,,,,,,,,,,,,,,,,,,,,,,,,,,,,,,,,,,,,,,,,,,,,,,,,,,,,,,,,,,,,,,,,,,,,,,,,,,,,,,,,298.88312390004285,298.88316810003016,298.8831854000455,298.8849053999875,299.8769038999453,299.86910869996063,299.8695323000429,299.8769038999453,299.8769038999453,303.8604069999419,303.86043380002957,303.8774978000438,303.8774978000438,305.4609424000373,3,0,1.580382600077428,None,305.4696261000354,305.4722850000253,305.4722850000253,0.00866320007480681,305.4722850000253,308.4693785000127,1,1,2.9961401999462396,None,,,,,,,,,,,303.86899360001553,303.86899360001553,,,,,,,,,,,,,,,,,,,,,,,,,,,,,,,,,,,,,,,,,,,,,,,,,,,,,,,,,,,,,,,,,,,,,,,,,,,,,,,,,,,,,,,,,,,,,,,,,,,,,,,,,,,,,,,,,,,,,,,,,,,,,,,,,,,,,,,,,,,,,,,,,,,,,,,,,,,,208,1,2026-07-13_09h30.57.948,SBL_superimposed_training_task,,2026.1.3,120.59511280161757,2026-07-13 09h30.59.229865 -0400,
,,,,3,3,0,,,,,space,2.5816741000162438,None,,,,,0,What material primarily covered the ground?,"1. Fine white sand
2. Pebbles and small rocks
3. Flat stone slabs",2,Negvi,stimuli/scenes/scene_U2.jpg,space,3.7154809000203386,None,3,0,2.6043236000696197,None,2,1,5.522865100065246,None,,,,,,,,,,,,,,,,,,,,,,,,,,,,,,,0,0,0,0,0,0,0,0,,,,,0,0,0,0,0,3,3,0,,,,,,,,,,,,,,,,,308.4851961999666,,,,,,,,,,,,,,,,,,,,,,,,,,,,,,,,,,,,,,,,,,,,,,,,,,,,,,,,,,,,,,,,,,,,,,,,,,,,,,,,,,308.48270920000505,308.4827537999954,308.48277180001605,308.4851961999666,309.4773793000495,309.46967839996796,309.4700827000197,309.4773793000495,309.4773793000495,313.4611798999831,313.46120509994216,313.47748320002574,313.47748320002574,316.08616089995485,3,0,2.6043236000696197,None,316.0948487999849,316.09762659994885,316.09762659994885,0.008666599984280765,316.09762659994885,321.61903479998,2,1,5.522865100065246,None,,,,,,,,,,,313.4692361999769,313.4692361999769,,,,,,,,,,,,,,,,,,,,,,,,,,,,,,,,,,,,,,,,,,,,,,,,,,,,,,,,,,,,,,,,,,,,,,,,,,,,,,,,,,,,,,,,,,,,,,,,,,,,,,,,,,,,,,,,,,,,,,,,,,,,,,,,,,,,,,,,,,,,,,,,,,,,,,,,,,,,208,1,2026-07-13_09h30.57.948,SBL_superimposed_training_task,,2026.1.3,120.59511280161757,2026-07-13 09h30.59.229865 -0400,
,,,,0,0,0,,,,,space,2.5816741000162438,None,,,,,1,What was the color of seaweed on the left?,"1.  Green-yellow
2. Reddish.
3. Dark green",1,Negvi,stimuli/scenes/scene_U2.jpg,space,3.7154809000203386,None,3,0,3.5820016000652686,None,3,0,2.1048839999129996,None,space,8.676939400029369,None,,,,,,,,,,,,,,,,,,,,,,,,,,,,0,0,0,0,0,0,0,0,,,,,0,0,0,0,1,0,4,1,0,0,0,0,,,,,,,,,,,,,332.3648705999367,,,,,,,,,,,,,,,,,,,,,,,,,,,,,,,,,,,,,,,,,,,,,,,,,,,,,,,,,,,,,,,,,,,,,,,,,,,,,,,,,,321.6325532000046,321.63259890000336,321.6326166000217,321.6347276000306,322.62770409998484,322.61968869995326,322.6200927000027,322.62770409998484,322.62770409998484,326.61100539995823,326.61103150004055,326.62772859993856,326.62772859993856,330.21090109995566,3,0,3.5820016000652686,None,330.21698230004404,330.2193472000072,330.2193472000072,0.006062600063160062,330.2193472000072,332.32816429995,3,0,2.1048839999129996,None,332.3501484999433,332.3648705999367,332.3648705999367,332.3648705999367,332.3648705999367,332.3648705999367,341.0444881999865,space,8.676939400029369,None,326.61914129997604,326.61914129997604,,,,,,,,,,,,,,,,,,,,,,,,,,,,,,,,,,,,,,,,,,,,,,,,,,,,,,,,,,,,,,,,,,,,,,,,,,,,,,,,,,,,,,,,,,,,,,,,,,,,,,,,,,,,,,,,,,,,,,,,,,,,,,,,,,,,,,,,,,,,,,,,,,,,,,,,,,,,208,1,2026-07-13_09h30.57.948,SBL_superimposed_training_task,,2026.1.3,120.59511280161757,2026-07-13 09h30.59.229865 -0400,
,,,,4,0,1,,,,,space,2.5816741000162438,None,,,,,1,What was the color of seaweed on the left?,"1.  Green-yellow
2. Reddish.
3. Dark green",1,Negvi,stimuli/scenes/scene_U2.jpg,space,3.7154809000203386,None,3,0,3.5820016000652686,None,3,0,2.1048839999129996,None,,,,,,,,,,,,,,,,,,,,,,,,,,,,,,,0,0,0,0,0,0,0,0,,,,,0,0,0,0,1,0,4,1,,,,,,,,,,,,,,,,,,,,,,,,,,,,,,,,,,,,,,,,,,,,,,,,,,,,,,,,,,,,,,,,,,,,,,,,,,,,,,,,,,,,,,,,,,,,,,,,,,,,,,,,,,,,,,,,,,,,,,,,,,,,,,,,,,,,,,,,,,,,,,,,,,,,,,,,,,,,,,,,,,,,,,,,,,,,,,,,,,,,,,,,,,,,,,,,,,,,,,,,,,,,,,,,,,,,,,,,,,,,,,,,,,,,,,,,,,,,,,,,,,,,,,,,,,,,,,,,,,,,,,,,,,,,,,,,,,,,,,,,,,,,,,,,,,,,,,208,1,2026-07-13_09h30.57.948,SBL_superimposed_training_task,,2026.1.3,120.59511280161757,2026-07-13 09h30.59.229865 -0400,
,,,,0,0,0,,,,,space,2.5816741000162438,None,,,,,3,How did the ground look?,"1. Completely covered with rocks
 2. Mostly sandy with some rocks 
3. Covered with rocks except in the middle
4. Covered with rocks except on the left",4,Negvi,stimuli/scenes/scene_U2.jpg,space,3.7154809000203386,None,3,0,2.172770099947229,None,1,0,4.1334762999322265,None,space,2.0723835000535473,None,,,,,,,,,,,,,,,,,,,,,,,,,,,,0,0,0,0,0,0,0,0,,,,,0,0,0,0,1,1,5,3,0,0,0,0,,,,,,,,,,,,,352.4095337999752,,,,,,,,,,,,,,,,,,,,,,,,,,,,,,,,,,,,,,,,,,,,,,,,,,,,,,,,,,,,,,,,,,,,,,,,,,,,,,,,,,341.0583912000293,341.0584581999574,341.0584767999826,341.06082979997154,342.0527139999904,342.0447346000001,342.04514239996206,342.0527139999904,342.0527139999904,346.0366598999826,346.03668649995234,346.0531144000124,346.0531144000124,348.22816980001517,3,0,2.172770099947229,None,348.2362277000211,348.238696299959,348.238696299959,0.008039499982260168,348.238696299959,352.3782534999773,1,0,4.1334762999322265,None,352.3951540000271,352.4095337999752,352.4095337999752,352.4095337999752,352.4095337999752,352.4095337999752,354.48685169999953,space,2.0723835000535473,None,346.0447027999908,346.0447027999908,,,,,,,,,,,,,,,,,,,,,,,,,,,,,,,,,,,,,,,,,,,,,,,,,,,,,,,,,,,,,,,,,,,,,,,,,,,,,,,,,,,,,,,,,,,,,,,,,,,,,,,,,,,,,,,,,,,,,,,,,,,,,,,,,,,,,,,,,,,,,,,,,,,,,,,,,,,,208,1,2026-07-13_09h30.57.948,SBL_superimposed_training_task,,2026.1.3,120.59511280161757,2026-07-13 09h30.59.229865 -0400,
,,,,5,1,1,,,,,space,2.5816741000162438,None,,,,,3,How did the ground look?,"1. Completely covered with rocks
 2. Mostly sandy with some rocks 
3. Covered with rocks except in the middle
4. Covered with rocks except on the left",4,Negvi,stimuli/scenes/scene_U2.jpg,space,3.7154809000203386,None,3,0,2.172770099947229,None,1,0,4.1334762999322265,None,,,,,,,,,,,,,,,,,,,,,,,,,,,,,,,0,0,0,0,0,0,0,0,,,,,0,0,0,0,1,1,5,3,,,,,,,,,,,,,,,,,,,,,,,,,,,,,,,,,,,,,,,,,,,,,,,,,,,,,,,,,,,,,,,,,,,,,,,,,,,,,,,,,,,,,,,,,,,,,,,,,,,,,,,,,,,,,,,,,,,,,,,,,,,,,,,,,,,,,,,,,,,,,,,,,,,,,,,,,,,,,,,,,,,,,,,,,,,,,,,,,,,,,,,,,,,,,,,,,,,,,,,,,,,,,,,,,,,,,,,,,,,,,,,,,,,,,,,,,,,,,,,,,,,,,,,,,,,,,,,,,,,,,,,,,,,,,,,,,,,,,,,,,,,,,,,,,,,,,,208,1,2026-07-13_09h30.57.948,SBL_superimposed_training_task,,2026.1.3,120.59511280161757,2026-07-13 09h30.59.229865 -0400,
,,,,0,0,0,,,,,space,2.5816741000162438,None,,,,,0,What material primarily covered the ground?,"1. Fine white sand
2. Pebbles and small rocks
3. Flat stone slabs",2,Negvi,stimuli/scenes/scene_U2.jpg,space,3.7154809000203386,None,None,0,,,None,0,,,None,,,,,,,,,,,,,,,,,,,,,,,,,,,,,,0,0,0,0,0,0,0,0,,,,,0,0,0,0,1,2,6,0,0,0,0,0,,,,,,,,,,,,,354.616121100029,,,,,,,,,,,,,,,,,,,,,,,,,,,,,,,,,,,,,,,,,,,,,,,,,,,,,,,,,,,,,,,,,,,,,,,,,,,,,,,,,,354.5006015000399,354.50064620003104,354.5006636000471,,,354.50069140002597,354.5010674999794,,,354.50110230001155,354.5011227999348,,,354.50114209996536,None,0,,,354.50824080000166,,,,,354.508278699941,None,0,,,354.5204546999885,,,,,,354.5205043000169,None,,,,,,,,,,,,,,,,,,,,,,,,,,,,,,,,,,,,,,,,,,,,,,,,,,,,,,,,,,,,,,,,,,,,,,,,,,,,,,,,,,,,,,,,,,,,,,,,,,,,,,,,,,,,,,,,,,,,,,,,,,,,,,,,,,,,,,,,,,,,,,,,,,,,,,,,,,,,,,,,208,1,2026-07-13_09h30.57.948,SBL_superimposed_training_task,,2026.1.3,120.59511280161757,2026-07-13 09h30.59.229865 -0400,
,,,,6,2,1,,,,,space,2.5816741000162438,None,,,,,0,What material primarily covered the ground?,"1. Fine white sand
2. Pebbles and small rocks
3. Flat stone slabs",2,Negvi,stimuli/scenes/scene_U2.jpg,space,3.7154809000203386,None,None,0,,,None,0,,,,,,,,,,,,,,,,,,,,,,,,,,,,,,,,,0,0,0,0,0,0,0,0,,,,,0,0,0,0,1,2,6,0,,,,,,,,,,,,,,,,,,,,,,,,,,,,,,,,,,,,,,,,,,,,,,,,,,,,,,,,,,,,,,,,,,,,,,,,,,,,,,,,,,,,,,,,,,,,,,,,,,,,,,,,,,,,,,,,,,,,,,,,,,,,,,,,,,,,,,,,,,,,,,,,,,,,,,,,,,,,,,,,,,,,,,,,,,,,,,,,,,,,,,,,,,,,,,,,,,,,,,,,,,,,,,,,,,,,,,,,,,,,,,,,,,,,,,,,,,,,,,,,,,,,,,,,,,,,,,,,,,,,,,,,,,,,,,,,,,,,,,,,,,,,,,,,,,,,,,208,1,2026-07-13_09h30.57.948,SBL_superimposed_training_task,,2026.1.3,120.59511280161757,2026-07-13 09h30.59.229865 -0400,
,,,,0,0,0,,,,,space,2.5816741000162438,None,,,,,2,How did the lighting appear overall?,"1. Dim and bluish 
2. Bright and strong rays
3. Warm and golden",1,Negvi,stimuli/scenes/scene_U2.jpg,space,3.7154809000203386,None,None,0,,,None,0,,,None,,,,,,,,,,,,,,,,,,,,,,,,,,,,,,0,0,0,0,0,0,0,0,,,,,0,0,0,0,1,3,7,2,0,0,0,0,,,,,,,,,,,,,354.616121100029,,,,,,,,,,,,,,,,,,,,,,,,,,,,,,,,,,,,,,,,,,,,,,,,,,,,,,,,,,,,,,,,,,,,,,,,,,,,,,,,,,354.53396080003586,354.534013699973,354.5340312999906,,,354.53405729995575,354.5344168000156,,,354.534451500047,354.5344713999657,,,354.534490799997,None,0,,,354.5413615000434,,,,,354.54139739996754,None,0,,,354.55325070000254,,,,,,354.55332850001287,None,,,,,,,,,,,,,,,,,,,,,,,,,,,,,,,,,,,,,,,,,,,,,,,,,,,,,,,,,,,,,,,,,,,,,,,,,,,,,,,,,,,,,,,,,,,,,,,,,,,,,,,,,,,,,,,,,,,,,,,,,,,,,,,,,,,,,,,,,,,,,,,,,,,,,,,,,,,,,,,,208,1,2026-07-13_09h30.57.948,SBL_superimposed_training_task,,2026.1.3,120.59511280161757,2026-07-13 09h30.59.229865 -0400,
,,,,7,3,1,,,,,space,2.5816741000162438,None,,,,,2,How did the lighting appear overall?,"1. Dim and bluish 
2. Bright and strong rays
3. Warm and golden",1,Negvi,stimuli/scenes/scene_U2.jpg,space,3.7154809000203386,None,None,0,,,None,0,,,,,,,,,,,,,,,,,,,,,,,,,,,,,,,,,0,0,0,0,0,0,0,0,,,,,0,0,0,0,1,3,7,2,,,,,,,,,,,,,,,,,,,,,,,,,,,,,,,,,,,,,,,,,,,,,,,,,,,,,,,,,,,,,,,,,,,,,,,,,,,,,,,,,,,,,,,,,,,,,,,,,,,,,,,,,,,,,,,,,,,,,,,,,,,,,,,,,,,,,,,,,,,,,,,,,,,,,,,,,,,,,,,,,,,,,,,,,,,,,,,,,,,,,,,,,,,,,,,,,,,,,,,,,,,,,,,,,,,,,,,,,,,,,,,,,,,,,,,,,,,,,,,,,,,,,,,,,,,,,,,,,,,,,,,,,,,,,,,,,,,,,,,,,,,,,,,,,,,,,,208,1,2026-07-13_09h30.57.948,SBL_superimposed_training_task,,2026.1.3,120.59511280161757,2026-07-13 09h30.59.229865 -0400,
,,,,0,0,0,,,,,space,2.5816741000162438,None,,,,,0,What material primarily covered the ground?,"1. Fine white sand
2. Pebbles and small rocks
3. Flat stone slabs",2,Negvi,stimuli/scenes/scene_U2.jpg,space,3.7154809000203386,None,None,0,,,None,0,,,None,,,,,,,,,,,,,,,,,,,,,,,,,,,,,,0,0,0,0,0,0,0,0,,,,,0,0,0,0,2,0,8,0,0,0,0,0,,,,,,,,,,,,,354.616121100029,,,,,,,,,,,,,,,,,,,,,,,,,,,,,,,,,,,,,,,,,,,,,,,,,,,,,,,,,,,,,,,,,,,,,,,,,,,,,,,,,,354.57287269993685,354.57292730000336,354.5729451000225,,,354.57297390000895,354.57333299994934,,,354.573367999983,354.5733874000143,,,354.5734063000418,None,0,,,354.58040269999765,,,,,354.580439100042,None,0,,,354.59264000004623,,,,,,354.5927202999592,None,,,,,,,,,,,,,,,,,,,,,,,,,,,,,,,,,,,,,,,,,,,,,,,,,,,,,,,,,,,,,,,,,,,,,,,,,,,,,,,,,,,,,,,,,,,,,,,,,,,,,,,,,,,,,,,,,,,,,,,,,,,,,,,,,,,,,,,,,,,,,,,,,,,,,,,,,,,,,,,,208,1,2026-07-13_09h30.57.948,SBL_superimposed_training_task,,2026.1.3,120.59511280161757,2026-07-13 09h30.59.229865 -0400,
,,,,8,0,2,,,,,space,2.5816741000162438,None,,,,,0,What material primarily covered the ground?,"1. Fine white sand
2. Pebbles and small rocks
3. Flat stone slabs",2,Negvi,stimuli/scenes/scene_U2.jpg,space,3.7154809000203386,None,None,0,,,None,0,,,,,,,,,,,,,,,,,,,,,,,,,,,,,,,,,0,0,0,0,0,0,0,0,,,,,0,0,0,0,2,0,8,0,,,,,,,,,,,,,,,,,,,,,,,,,,,,,,,,,,,,,,,,,,,,,,,,,,,,,,,,,,,,,,,,,,,,,,,,,,,,,,,,,,,,,,,,,,,,,,,,,,,,,,,,,,,,,,,,,,,,,,,,,,,,,,,,,,,,,,,,,,,,,,,,,,,,,,,,,,,,,,,,,,,,,,,,,,,,,,,,,,,,,,,,,,,,,,,,,,,,,,,,,,,,,,,,,,,,,,,,,,,,,,,,,,,,,,,,,,,,,,,,,,,,,,,,,,,,,,,,,,,,,,,,,,,,,,,,,,,,,,,,,,,,,,,,,,,,,,208,1,2026-07-13_09h30.57.948,SBL_superimposed_training_task,,2026.1.3,120.59511280161757,2026-07-13 09h30.59.229865 -0400,
,,,,0,0,0,,,,,space,2.5816741000162438,None,,,,,3,How did the ground look?,"1. Completely covered with rocks
 2. Mostly sandy with some rocks 
3. Covered with rocks except in the middle
4. Covered with rocks except on the left",4,Negvi,stimuli/scenes/scene_U2.jpg,space,3.7154809000203386,None,3,0,1.7268557000206783,None,1,0,3.185227100038901,None,space,6.077572700101882,None,,,,,,,,,,,,,,,,,,,,,,,,,,,,0,0,0,0,0,0,0,0,,,,,0,0,0,0,2,1,9,3,0,0,0,0,,,,,,,,,,,,,364.56415600003675,,,,,,,,,,,,,,,,,,,,,,,,,,,,,,,,,,,,,,,,,,,,,,,,,,,,,,,,,,,,,,,,,,,,,,,,,,,,,,,,,,354.611769799958,354.61182680004276,354.6118449999485,354.616121100029,355.611459900043,355.6032236999599,355.60362990002614,355.611459900043,355.611459900043,359.59456019999925,359.5945869999705,359.6029099000152,359.6029099000152,361.33633810002357,3,0,1.7268557000206783,None,361.3444900000468,361.346966000041,361.346966000041,0.00813109998125583,361.346966000041,364.5364624999929,1,0,3.185227100038901,None,364.5495750999544,364.56415600003675,364.56415600003675,364.56415600003675,364.56415600003675,364.56415600003675,370.6448595999973,space,6.077572700101882,None,359.6029099000152,359.6029099000152,,,,,,,,,,,,,,,,,,,,,,,,,,,,,,,,,,,,,,,,,,,,,,,,,,,,,,,,,,,,,,,,,,,,,,,,,,,,,,,,,,,,,,,,,,,,,,,,,,,,,,,,,,,,,,,,,,,,,,,,,,,,,,,,,,,,,,,,,,,,,,,,,,,,,,,,,,,,208,1,2026-07-13_09h30.57.948,SBL_superimposed_training_task,,2026.1.3,120.59511280161757,2026-07-13 09h30.59.229865 -0400,
,,,,9,1,2,,,,,space,2.5816741000162438,None,,,,,3,How did the ground look?,"1. Completely covered with rocks
 2. Mostly sandy with some rocks 
3. Covered with rocks except in the middle
4. Covered with rocks except on the left",4,Negvi,stimuli/scenes/scene_U2.jpg,space,3.7154809000203386,None,3,0,1.7268557000206783,None,1,0,3.185227100038901,None,,,,,,,,,,,,,,,,,,,,,,,,,,,,,,,0,0,0,0,0,0,0,0,,,,,0,0,0,0,2,1,9,3,,,,,,,,,,,,,,,,,,,,,,,,,,,,,,,,,,,,,,,,,,,,,,,,,,,,,,,,,,,,,,,,,,,,,,,,,,,,,,,,,,,,,,,,,,,,,,,,,,,,,,,,,,,,,,,,,,,,,,,,,,,,,,,,,,,,,,,,,,,,,,,,,,,,,,,,,,,,,,,,,,,,,,,,,,,,,,,,,,,,,,,,,,,,,,,,,,,,,,,,,,,,,,,,,,,,,,,,,,,,,,,,,,,,,,,,,,,,,,,,,,,,,,,,,,,,,,,,,,,,,,,,,,,,,,,,,,,,,,,,,,,,,,,,,,,,,,208,1,2026-07-13_09h30.57.948,SBL_superimposed_training_task,,2026.1.3,120.59511280161757,2026-07-13 09h30.59.229865 -0400,
,,,,0,0,0,,,,,space,2.5816741000162438,None,,,,,1,What was the color of seaweed on the left?,"1.  Green-yellow
2. Reddish.
3. Dark green",1,Negvi,stimuli/scenes/scene_U2.jpg,space,3.7154809000203386,None,4,0,2.9246448000194505,None,3,0,2.1852294000564143,None,space,8.864409900037572,None,,,,,,,,,,,,,,,,,,,,,,,,,,,,0,0,0,0,0,0,0,0,,,,,0,0,0,0,2,2,10,1,0,0,0,0,,,,,,,,,,,,,380.8013164999429,,,,,,,,,,,,,,,,,,,,,,,,,,,,,,,,,,,,,,,,,,,,,,,,,,,,,,,,,,,,,,,,,,,,,,,,,,,,,,,,,,370.66011289996095,370.6601595999673,370.66017729998566,370.66177370003425,371.6530416000169,371.64472899993416,371.6451537000248,371.6530416000169,371.6530416000169,375.6366352000041,375.6366641999921,375.6530746000353,375.6530746000353,378.578204200021,4,0,2.9246448000194505,None,378.58437729999423,378.58676009997725,378.58676009997725,0.0061539000598713756,378.58676009997725,380.77006180002354,3,0,2.1852294000564143,None,380.78709909995086,380.8013164999429,380.8013164999429,380.8013164999429,380.8013164999429,380.8013164999429,389.67022259999067,space,8.864409900037572,None,375.64463620004244,375.64463620004244,,,,,,,,,,,,,,,,,,,,,,,,,,,,,,,,,,,,,,,,,,,,,,,,,,,,,,,,,,,,,,,,,,,,,,,,,,,,,,,,,,,,,,,,,,,,,,,,,,,,,,,,,,,,,,,,,,,,,,,,,,,,,,,,,,,,,,,,,,,,,,,,,,,,,,,,,,,,208,1,2026-07-13_09h30.57.948,SBL_superimposed_training_task,,2026.1.3,120.59511280161757,2026-07-13 09h30.59.229865 -0400,
,,,,10,2,2,,,,,space,2.5816741000162438,None,,,,,1,What was the color of seaweed on the left?,"1.  Green-yellow
2. Reddish.
3. Dark green",1,Negvi,stimuli/scenes/scene_U2.jpg,space,3.7154809000203386,None,4,0,2.9246448000194505,None,3,0,2.1852294000564143,None,,,,,,,,,,,,,,,,,,,,,,,,,,,,,,,0,0,0,0,0,0,0,0,,,,,0,0,0,0,2,2,10,1,,,,,,,,,,,,,,,,,,,,,,,,,,,,,,,,,,,,,,,,,,,,,,,,,,,,,,,,,,,,,,,,,,,,,,,,,,,,,,,,,,,,,,,,,,,,,,,,,,,,,,,,,,,,,,,,,,,,,,,,,,,,,,,,,,,,,,,,,,,,,,,,,,,,,,,,,,,,,,,,,,,,,,,,,,,,,,,,,,,,,,,,,,,,,,,,,,,,,,,,,,,,,,,,,,,,,,,,,,,,,,,,,,,,,,,,,,,,,,,,,,,,,,,,,,,,,,,,,,,,,,,,,,,,,,,,,,,,,,,,,,,,,,,,,,,,,,208,1,2026-07-13_09h30.57.948,SBL_superimposed_training_task,,2026.1.3,120.59511280161757,2026-07-13 09h30.59.229865 -0400,
,,,,0,0,0,,,,,space,2.5816741000162438,None,,,,,2,How did the lighting appear overall?,"1. Dim and bluish 
2. Bright and strong rays
3. Warm and golden",1,Negvi,stimuli/scenes/scene_U2.jpg,space,3.7154809000203386,None,None,0,,,None,0,,,None,,,,,,,,,,,,,,,,,,,,,,,,,,,,,,0,0,0,0,0,0,0,0,,,,,0,0,0,0,2,3,11,2,0,0,0,0,,,,,,,,,,,,,389.7649893000489,,,,,,,,,,,,,,,,,,,,,,,,,,,,,,,,,,,,,,,,,,,,,,,,,,,,,,,,,,,,,,,,,,,,,,,,,,,,,,,,,,389.68422589998227,389.68427219998557,389.68429070001,,,389.6843200000003,389.6847216000315,,,389.68475939997006,389.6847800000105,,,389.6848000000464,None,0,,,389.6918163000373,,,,,389.6918553999858,None,0,,,389.70348469994497,,,,,,389.7035692000063,None,,,,,,,,,,,,,,,,,,,,,,,,,,,,,,,,,,,,,,,,,,,,,,,,,,,,,,,,,,,,,,,,,,,,,,,,,,,,,,,,,,,,,,,,,,,,,,,,,,,,,,,,,,,,,,,,,,,,,,,,,,,,,,,,,,,,,,,,,,,,,,,,,,,,,,,,,,,,,,,,208,1,2026-07-13_09h30.57.948,SBL_superimposed_training_task,,2026.1.3,120.59511280161757,2026-07-13 09h30.59.229865 -0400,
,,,,11,3,2,,,,,space,2.5816741000162438,None,,,,,2,How did the lighting appear overall?,"1. Dim and bluish 
2. Bright and strong rays
3. Warm and golden",1,Negvi,stimuli/scenes/scene_U2.jpg,space,3.7154809000203386,None,None,0,,,None,0,,,,,,,,,,,,,,,,,,,,,,,,,,,,,,,,,0,0,0,0,0,0,0,0,,,,,0,0,0,0,2,3,11,2,,,,,,,,,,,,,,,,,,,,,,,,,,,,,,,,,,,,,,,,,,,,,,,,,,,,,,,,,,,,,,,,,,,,,,,,,,,,,,,,,,,,,,,,,,,,,,,,,,,,,,,,,,,,,,,,,,,,,,,,,,,,,,,,,,,,,,,,,,,,,,,,,,,,,,,,,,,,,,,,,,,,,,,,,,,,,,,,,,,,,,,,,,,,,,,,,,,,,,,,,,,,,,,,,,,,,,,,,,,,,,,,,,,,,,,,,,,,,,,,,,,,,,,,,,,,,,,,,,,,,,,,,,,,,,,,,,,,,,,,,,,,,,,,,,,,,,208,1,2026-07-13_09h30.57.948,SBL_superimposed_training_task,,2026.1.3,120.59511280161757,2026-07-13 09h30.59.229865 -0400,
,,,,0,0,0,,,,,space,2.5816741000162438,None,,,,,0,What material primarily covered the ground?,"1. Fine white sand
2. Pebbles and small rocks
3. Flat stone slabs",2,Negvi,stimuli/scenes/scene_U2.jpg,space,3.7154809000203386,None,None,0,,,None,0,,,None,,,,,,,,,,,,,,,,,,,,,,,,,,,,,,0,0,0,0,0,0,0,0,,,,,0,0,0,0,3,0,12,0,0,0,0,0,,,,,,,,,,,,,389.7649893000489,,,,,,,,,,,,,,,,,,,,,,,,,,,,,,,,,,,,,,,,,,,,,,,,,,,,,,,,,,,,,,,,,,,,,,,,,,,,,,,,,,389.72233679995406,389.72239380003884,389.7224117999431,,,389.72243830002844,389.7228122999659,,,389.72284760000184,389.7228681000415,,,389.7228872999549,None,0,,,389.72992790001445,,,,,389.7299657999538,None,0,,,389.7412676999811,,,,,,389.74136099999305,None,,,,,,,,,,,,,,,,,,,,,,,,,,,,,,,,,,,,,,,,,,,,,,,,,,,,,,,,,,,,,,,,,,,,,,,,,,,,,,,,,,,,,,,,,,,,,,,,,,,,,,,,,,,,,,,,,,,,,,,,,,,,,,,,,,,,,,,,,,,,,,,,,,,,,,,,,,,,,,,,208,1,2026-07-13_09h30.57.948,SBL_superimposed_training_task,,2026.1.3,120.59511280161757,2026-07-13 09h30.59.229865 -0400,
,,,,12,0,3,,,,,space,2.5816741000162438,None,,,,,0,What material primarily covered the ground?,"1. Fine white sand
2. Pebbles and small rocks
3. Flat stone slabs",2,Negvi,stimuli/scenes/scene_U2.jpg,space,3.7154809000203386,None,None,0,,,None,0,,,,,,,,,,,,,,,,,,,,,,,,,,,,,,,,,0,0,0,0,0,0,0,0,,,,,0,0,0,0,3,0,12,0,,,,,,,,,,,,,,,,,,,,,,,,,,,,,,,,,,,,,,,,,,,,,,,,,,,,,,,,,,,,,,,,,,,,,,,,,,,,,,,,,,,,,,,,,,,,,,,,,,,,,,,,,,,,,,,,,,,,,,,,,,,,,,,,,,,,,,,,,,,,,,,,,,,,,,,,,,,,,,,,,,,,,,,,,,,,,,,,,,,,,,,,,,,,,,,,,,,,,,,,,,,,,,,,,,,,,,,,,,,,,,,,,,,,,,,,,,,,,,,,,,,,,,,,,,,,,,,,,,,,,,,,,,,,,,,,,,,,,,,,,,,,,,,,,,,,,,208,1,2026-07-13_09h30.57.948,SBL_superimposed_training_task,,2026.1.3,120.59511280161757,2026-07-13 09h30.59.229865 -0400,
,,,,0,0,0,,,,,space,2.5816741000162438,None,,,,,3,How did the ground look?,"1. Completely covered with rocks
 2. Mostly sandy with some rocks 
3. Covered with rocks except in the middle
4. Covered with rocks except on the left",4,Negvi,stimuli/scenes/scene_U2.jpg,space,3.7154809000203386,None,3,0,1.312329100095667,None,1,0,5.043132700026035,None,space,3.7265174000058323,None,,,,,,,,,,,,,,,,,,,,,,,,,,,,0,0,0,0,0,0,0,0,,,,,0,0,0,0,3,1,13,3,0,0,0,0,,,,,,,,,,,,,401.1552153000375,,,,,,,,,,,,,,,,,,,,,,,,,,,,,,,,,,,,,,,,,,,,,,,,,,,,,,,,,,,,,,,,,,,,,,,,,,,,,,,,,,389.76114660000894,389.76120319997426,389.7612211999949,389.7649893000489,390.76169509999454,390.75351519999094,390.75391960004345,390.76169509999454,390.76169509999454,394.745541100041,394.7455670000054,394.7536521999864,394.7536521999864,396.07058639999013,3,0,1.312329100095667,None,396.0785339999711,396.0810155000072,396.0810155000072,0.007926799939014018,396.0810155000072,401.1286528999917,1,0,5.043132700026035,None,401.1415064999601,401.1552153000375,401.1552153000375,401.1552153000375,401.1552153000375,401.1552153000375,404.8872013000073,space,3.7265174000058323,None,394.7536521999864,394.7536521999864,,,,,,,,,,,,,,,,,,,,,,,,,,,,,,,,,,,,,,,,,,,,,,,,,,,,,,,,,,,,,,,,,,,,,,,,,,,,,,,,,,,,,,,,,,,,,,,,,,,,,,,,,,,,,,,,,,,,,,,,,,,,,,,,,,,,,,,,,,,,,,,,,,,,,,,,,,,,208,1,2026-07-13_09h30.57.948,SBL_superimposed_training_task,,2026.1.3,120.59511280161757,2026-07-13 09h30.59.229865 -0400,
,,,,13,1,3,,,,,space,2.5816741000162438,None,,,,,3,How did the ground look?,"1. Completely covered with rocks
 2. Mostly sandy with some rocks 
3. Covered with rocks except in the middle
4. Covered with rocks except on the left",4,Negvi,stimuli/scenes/scene_U2.jpg,space,3.7154809000203386,None,3,0,1.312329100095667,None,1,0,5.043132700026035,None,,,,,,,,,,,,,,,,,,,,,,,,,,,,,,,0,0,0,0,0,0,0,0,,,,,0,0,0,0,3,1,13,3,,,,,,,,,,,,,,,,,,,,,,,,,,,,,,,,,,,,,,,,,,,,,,,,,,,,,,,,,,,,,,,,,,,,,,,,,,,,,,,,,,,,,,,,,,,,,,,,,,,,,,,,,,,,,,,,,,,,,,,,,,,,,,,,,,,,,,,,,,,,,,,,,,,,,,,,,,,,,,,,,,,,,,,,,,,,,,,,,,,,,,,,,,,,,,,,,,,,,,,,,,,,,,,,,,,,,,,,,,,,,,,,,,,,,,,,,,,,,,,,,,,,,,,,,,,,,,,,,,,,,,,,,,,,,,,,,,,,,,,,,,,,,,,,,,,,,,208,1,2026-07-13_09h30.57.948,SBL_superimposed_training_task,,2026.1.3,120.59511280161757,2026-07-13 09h30.59.229865 -0400,
,,,,0,0,0,,,,,space,2.5816741000162438,None,,,,,2,How did the lighting appear overall?,"1. Dim and bluish 
2. Bright and strong rays
3. Warm and golden",1,Negvi,stimuli/scenes/scene_U2.jpg,space,3.7154809000203386,None,None,0,,,None,0,,,None,,,,,,,,,,,,,,,,,,,,,,,,,,,,,,0,0,0,0,0,0,0,0,,,,,0,0,0,0,3,2,14,2,0,0,0,0,,,,,,,,,,,,,404.9382729999488,,,,,,,,,,,,,,,,,,,,,,,,,,,,,,,,,,,,,,,,,,,,,,,,,,,,,,,,,,,,,,,,,,,,,,,,,,,,,,,,,,404.9013538999716,404.9013995999703,404.901417999994,,,404.90144759998657,404.90183240000624,,,404.9018694999395,404.9018896999769,,,404.90190970001277,None,0,,,404.9089112000074,,,,,404.90895249997266,None,0,,,404.92045109998435,,,,,,404.92050749994814,None,,,,,,,,,,,,,,,,,,,,,,,,,,,,,,,,,,,,,,,,,,,,,,,,,,,,,,,,,,,,,,,,,,,,,,,,,,,,,,,,,,,,,,,,,,,,,,,,,,,,,,,,,,,,,,,,,,,,,,,,,,,,,,,,,,,,,,,,,,,,,,,,,,,,,,,,,,,,,,,,208,1,2026-07-13_09h30.57.948,SBL_superimposed_training_task,,2026.1.3,120.59511280161757,2026-07-13 09h30.59.229865 -0400,
,,,,14,2,3,,,,,space,2.5816741000162438,None,,,,,2,How did the lighting appear overall?,"1. Dim and bluish 
2. Bright and strong rays
3. Warm and golden",1,Negvi,stimuli/scenes/scene_U2.jpg,space,3.7154809000203386,None,None,0,,,None,0,,,,,,,,,,,,,,,,,,,,,,,,,,,,,,,,,0,0,0,0,0,0,0,0,,,,,0,0,0,0,3,2,14,2,,,,,,,,,,,,,,,,,,,,,,,,,,,,,,,,,,,,,,,,,,,,,,,,,,,,,,,,,,,,,,,,,,,,,,,,,,,,,,,,,,,,,,,,,,,,,,,,,,,,,,,,,,,,,,,,,,,,,,,,,,,,,,,,,,,,,,,,,,,,,,,,,,,,,,,,,,,,,,,,,,,,,,,,,,,,,,,,,,,,,,,,,,,,,,,,,,,,,,,,,,,,,,,,,,,,,,,,,,,,,,,,,,,,,,,,,,,,,,,,,,,,,,,,,,,,,,,,,,,,,,,,,,,,,,,,,,,,,,,,,,,,,,,,,,,,,,208,1,2026-07-13_09h30.57.948,SBL_superimposed_training_task,,2026.1.3,120.59511280161757,2026-07-13 09h30.59.229865 -0400,
,,,,15,3,3,,,,,space,2.5816741000162438,None,,,,,1,What was the color of seaweed on the left?,"1.  Green-yellow
2. Reddish.
3. Dark green",1,Negvi,stimuli/scenes/scene_U2.jpg,space,3.7154809000203386,None,3,0,9.593240800080821,None,1,1,2.9626262999372557,None,,,,,,,,,,,,,,,,,,,,,,,,,,,,,,,0,0,0,0,0,0,0,0,,,,,0,0,0,0,3,3,15,1,,,,,,,,,,,,,,,,,404.9382729999488,,,,,,,,,,,,,,,,,,,,,,,,,,,,,,,,,,,,,,,,,,,,,,,,,,,,,,,,,,,,,,,,,,,,,,,,,,,,,,,,,,404.9353793000337,404.93543579999823,404.9354535000166,404.9382729999488,405.9367346999934,405.9287506999681,405.92915800004266,405.9367346999934,405.9367346999934,409.9204946999671,409.9205223999452,409.92849520000163,409.92849520000163,419.52891150000505,3,0,9.593240800080821,None,419.5350032999413,419.53714439994656,419.53714439994656,0.006072400021366775,419.53714439994656,422.5039524999447,1,1,2.9626262999372557,None,,,,,,,,,,,409.92849520000163,409.92849520000163,,,,,,,,,,,,,,,,,,,,,,,,,,,,,,,,,,,,,,,,,,,,,,,,,,,,,,,,,,,,,,,,,,,,,,,,,,,,,,,,,,,,,,,,,,,,,,,,,,,,,,,,,,,,,,,,,,,,,,,,,,,,,,,,,,,,,,,,,,,,,,,,,,,,,,,,,,,,208,1,2026-07-13_09h30.57.948,SBL_superimposed_training_task,,2026.1.3,120.59511280161757,2026-07-13 09h30.59.229865 -0400,
,,,,16,0,4,,,,,space,2.5816741000162438,None,,,,,3,How did the ground look?,"1. Completely covered with rocks
 2. Mostly sandy with some rocks 
3. Covered with rocks except in the middle
4. Covered with rocks except on the left",4,Negvi,stimuli/scenes/scene_U2.jpg,space,3.7154809000203386,None,3,0,1.353439599974081,None,4,1,4.755106700002216,None,,,,,,,,,,,,,,,,,,,,,,,,,,,,,,,0,0,0,0,0,0,0,0,,,,,0,0,0,0,4,0,16,3,,,,,,,,,,,,,,,,,422.5200769000221,,,,,,,,,,,,,,,,,,,,,,,,,,,,,,,,,,,,,,,,,,,,,,,,,,,,,,,,,,,,,,,,,,,,,,,,,,,,,,,,,,422.5179558999371,422.51800229994114,422.5180207999656,422.5200769000221,423.51205260003917,423.50407270004507,423.50449009996373,423.51205260003917,423.51205260003917,427.49572849995457,427.4957571999403,427.51237350003794,427.51237350003794,428.8706751000136,3,0,1.353439599974081,None,428.87859850004315,428.8810683999909,428.8810683999909,0.007903399993665516,428.8810683999909,433.63750379998237,4,1,4.755106700002216,None,,,,,,,,,,,427.5038984999992,427.5038984999992,,,,,,,,,,,,,,,,,,,,,,,,,,,,,,,,,,,,,,,,,,,,,,,,,,,,,,,,,,,,,,,,,,,,,,,,,,,,,,,,,,,,,,,,,,,,,,,,,,,,,,,,,,,,,,,,,,,,,,,,,,,,,,,,,,,,,,,,,,,,,,,,,,,,,,,,,,,,208,1,2026-07-13_09h30.57.948,SBL_superimposed_training_task,,2026.1.3,120.59511280161757,2026-07-13 09h30.59.229865 -0400,
,,,,0,0,0,,,,,space,2.5816741000162438,None,,,,,2,What atmospheric condition defined the scene?,"1. Foggy and misty
2. Bright sunlight
3. Partly cloudy",1,Tulon,stimuli/scenes/scene_J2.jpg,space,3.7154809000203386,None,1,0,2.2667665999615565,None,2,0,4.3369802999077365,None,space,4.276867400039919,None,,,,,,,,,,,,,,,,,,,,,,,,,,,,0,0,0,0,0,0,0,0,,,,,1,0,1,0,0,0,0,2,0,0,0,0,0,0,0,0,,,,,,,,,447.3409292999422,,,,,,,,,,,,,,,,,,,,,,,,,,,,,,,,,,,,,,,,,,,,,,,,,,,,,,,,,,,,,,,,,,,,,,,,,,,,,,,,435.6394107999513,435.6394565999508,435.67029969999567,435.6703664000379,435.67038619995583,435.6723813000135,436.69926569995005,436.662690200028,436.67284120002296,436.69926569995005,436.69926569995005,440.67083269997966,440.67087030003313,440.67892620002385,440.67892620002385,442.9541327999905,1,0,2.2667665999615565,None,442.960683500045,442.96267889998853,442.96267889998853,0.006528400001116097,442.96267889998853,447.3045214000158,2,0,4.3369802999077365,None,447.3279917000327,447.3409292999422,447.3409292999422,447.3409292999422,447.3409292999422,447.3409292999422,451.62119870004244,space,4.276867400039919,None,,,433.6447182999691,433.6470144999912,435.6723813000135,435.6375603999477,,,,,,,,,,,,,,,,,,,,,,,,,,,,,,,,,,,,,,,,,,,,,,,,,,,,,,,,,,,,,,,,,,,,,,,,,,,,,,,,,,,,,,,,,,,,,,,,,,,,,,,,,,,,,,,,,,,,,,,,,,,,,,,,,,,,,,,,,,,,,,,,,,,,,,,,208,1,2026-07-13_09h30.57.948,SBL_superimposed_training_task,,2026.1.3,120.59511280161757,2026-07-13 09h30.59.229865 -0400,
,,,,0,0,0,,,,,space,2.5816741000162438,None,,,,,2,What atmospheric condition defined the scene?,"1. Foggy and misty
2. Bright sunlight
3. Partly cloudy",1,Tulon,stimuli/scenes/scene_J2.jpg,space,3.7154809000203386,None,1,0,2.2667665999615565,None,2,0,4.3369802999077365,None,,,,,,,,,,,,,,,,,,,,,,,,,,,,,,,0,0,0,0,0,0,0,0,,,,,1,0,1,0,0,0,0,2,,,,,,,,,,,,,,,,,,,,,,,,,,,,,,,,,,,,,,,,,,,,,,,,,,,,,,,,,,,,,,,,,,,,,,,,,,,,,,,,,,,,,,,,,,,,,,,,,,,,,,,,,,,,,,,,,,,,,,,,,,,,,,,,,,,,,,,,,,,,,,,,,,,,,,,,,,,,,,,,,,,,,,,,,,,,,,,,,,,,,,,,,,,,,,,,,,,,,,,,,,,,,,,,,,,,,,,,,,,,,,,,,,,,,,,,,,,,,,,,,,,,,,,,,,,,,,,,,,,,,,,,,,,,,,,,,,,,,,,,,,,,,,,,,,,,,,208,1,2026-07-13_09h30.57.948,SBL_superimposed_training_task,,2026.1.3,120.59511280161757,2026-07-13 09h30.59.229865 -0400,
,,,,0,0,0,,,,,space,2.5816741000162438,None,,,,,0,What was the dominant ground texture throughout the scene?,"1. Green grass
2. Fallen leaves
3. Thick green moss
4. Shrubs and dirt",3,Tulon,stimuli/scenes/scene_J2.jpg,space,3.7154809000203386,None,2,0,7.516368600074202,None,3,1,3.492727200035006,None,space,2.6791863000253215,None,,,,,,,,,,,,,,,,,,,,,,,,,,,,0,0,0,0,0,0,0,0,,,,,1,0,1,0,0,1,1,0,0,0,0,0,,,,,,,,,,,,,467.69055719999596,,,,,,,,,,,,,,,,,,,,,,,,,,,,,,,,,,,,,,,,,,,,,,,,,,,,,,,,,,,,,,,,,,,,,,,,,,,,,,,,,,451.63580709998496,451.63585600000806,451.63587390002795,451.6376294000074,452.6291927000275,452.62095130002126,452.62136580003425,452.6291927000275,452.6291927000275,456.61263969994616,456.61266720003914,456.62940700002946,456.62940700002946,464.1464626999805,2,0,7.516368600074202,None,464.1569182999665,464.15936990000773,464.15936990000773,0.0104363999562338,464.15936990000773,467.65456429996993,3,1,3.492727200035006,None,467.6758432999486,467.69055719999596,467.69055719999596,467.69055719999596,467.69055719999596,467.69055719999596,470.3712667999789,space,2.6791863000253215,None,456.62083979998715,456.62083979998715,,,,,,,,,,,,,,,,,,,,,,,,,,,,,,,,,,,,,,,,,,,,,,,,,,,,,,,,,,,,,,,,,,,,,,,,,,,,,,,,,,,,,,,,,,,,,,,,,,,,,,,,,,,,,,,,,,,,,,,,,,,,,,,,,,,,,,,,,,,,,,,,,,,,,,,,,,,,208,1,2026-07-13_09h30.57.948,SBL_superimposed_training_task,,2026.1.3,120.59511280161757,2026-07-13 09h30.59.229865 -0400,
,,,,1,1,0,,,,,space,2.5816741000162438,None,,,,,0,What was the dominant ground texture throughout the scene?,"1. Green grass
2. Fallen leaves
3. Thick green moss
4. Shrubs and dirt",3,Tulon,stimuli/scenes/scene_J2.jpg,space,3.7154809000203386,None,2,0,7.516368600074202,None,3,1,3.492727200035006,None,,,,,,,,,,,,,,,,,,,,,,,,,,,,,,,0,0,0,0,0,0,0,0,,,,,1,0,1,0,0,1,1,0,,,,,,,,,,,,,,,,,,,,,,,,,,,,,,,,,,,,,,,,,,,,,,,,,,,,,,,,,,,,,,,,,,,,,,,,,,,,,,,,,,,,,,,,,,,,,,,,,,,,,,,,,,,,,,,,,,,,,,,,,,,,,,,,,,,,,,,,,,,,,,,,,,,,,,,,,,,,,,,,,,,,,,,,,,,,,,,,,,,,,,,,,,,,,,,,,,,,,,,,,,,,,,,,,,,,,,,,,,,,,,,,,,,,,,,,,,,,,,,,,,,,,,,,,,,,,,,,,,,,,,,,,,,,,,,,,,,,,,,,,,,,,,,,,,,,,,208,1,2026-07-13_09h30.57.948,SBL_superimposed_training_task,,2026.1.3,120.59511280161757,2026-07-13 09h30.59.229865 -0400,
,,,,2,2,0,,,,,space,2.5816741000162438,None,,,,,3,What type of vegetation was most visually prominent?,"1. Wide wing-like trees and green leaves
2.Tall trees with vines and moss
3. Bright tropical flowers and open palm trees",2,Tulon,stimuli/scenes/scene_J2.jpg,space,3.7154809000203386,None,3,0,2.6218297999585047,None,2,1,8.275175699964166,None,,,,,,,,,,,,,,,,,,,,,,,,,,,,,,,0,0,0,0,0,0,0,0,,,,,1,0,1,0,0,2,2,3,,,,,,,,,,,,,,,,,470.38747850002255,,,,,,,,,,,,,,,,,,,,,,,,,,,,,,,,,,,,,,,,,,,,,,,,,,,,,,,,,,,,,,,,,,,,,,,,,,,,,,,,,,470.38550620002206,470.38555260002613,470.38557040004525,470.38747850002255,471.3794135999633,471.37138160003815,471.3718023999827,471.3794135999633,471.3794135999633,475.3631229000166,475.3631514000008,475.37986919994,475.37986919994,478.0048885999713,3,0,2.6218297999585047,None,478.0144991000416,478.0169234999921,478.0169234999921,0.009586500003933907,478.0169234999921,486.2967481999658,2,1,8.275175699964166,None,,,,,,,,,,,475.37121859996114,475.37121859996114,,,,,,,,,,,,,,,,,,,,,,,,,,,,,,,,,,,,,,,,,,,,,,,,,,,,,,,,,,,,,,,,,,,,,,,,,,,,,,,,,,,,,,,,,,,,,,,,,,,,,,,,,,,,,,,,,,,,,,,,,,,,,,,,,,,,,,,,,,,,,,,,,,,,,,,,,,,,208,1,2026-07-13_09h30.57.948,SBL_superimposed_training_task,,2026.1.3,120.59511280161757,2026-07-13 09h30.59.229865 -0400,
,,,,3,3,0,,,,,space,2.5816741000162438,None,,,,,1,"Were there flowers in this jungle? If yes, which color?","1. Yes, purple
2. Yes, red
3. No",3,Tulon,stimuli/scenes/scene_J2.jpg,space,3.7154809000203386,None,3,0,1.1128908999962732,None,3,1,4.64301920006983,None,,,,,,,,,,,,,,,,,,,,,,,,,,,,,,,0,0,0,0,0,0,0,0,,,,,1,0,1,0,0,3,3,1,,,,,,,,,,,,,,,,,486.31271249998827,,,,,,,,,,,,,,,,,,,,,,,,,,,,,,,,,,,,,,,,,,,,,,,,,,,,,,,,,,,,,,,,,,,,,,,,,,,,,,,,,,486.31062799994834,486.3106754999608,486.31069449998904,486.31271249998827,487.3047845000401,487.2966496000299,487.29707800003234,487.3047845000401,487.3047845000401,491.2884247000329,491.2884571000468,491.30499089998193,491.30499089998193,492.4217588000465,3,0,1.1128908999962732,None,492.4306336999871,492.4330254000379,492.4330254000379,0.008856200031004846,492.4330254000379,497.08003740001004,3,1,4.64301920006983,None,,,,,,,,,,,491.2963541999925,491.2963541999925,,,,,,,,,,,,,,,,,,,,,,,,,,,,,,,,,,,,,,,,,,,,,,,,,,,,,,,,,,,,,,,,,,,,,,,,,,,,,,,,,,,,,,,,,,,,,,,,,,,,,,,,,,,,,,,,,,,,,,,,,,,,,,,,,,,,,,,,,,,,,,,,,,,,,,,,,,,,208,1,2026-07-13_09h30.57.948,SBL_superimposed_training_task,,2026.1.3,120.59511280161757,2026-07-13 09h30.59.229865 -0400,
,,,,0,0,0,,,,,space,2.5816741000162438,None,,,,,1,"Were there flowers in this jungle? If yes, which color?","1. Yes, purple
2. Yes, red
3. No",3,Tulon,stimuli/scenes/scene_J2.jpg,space,3.7154809000203386,None,None,0,,,None,0,,,None,,,,,,,,,,,,,,,,,,,,,,,,,,,,,,0,0,0,0,0,0,0,0,,,,,1,0,1,0,1,0,4,1,0,0,0,0,,,,,,,,,,,,,497.13948360003997,,,,,,,,,,,,,,,,,,,,,,,,,,,,,,,,,,,,,,,,,,,,,,,,,,,,,,,,,,,,,,,,,,,,,,,,,,,,,,,,,,497.09499949996825,497.0950512000127,497.09506940003484,,,497.0951023999369,497.0955066999886,,,497.0955450000474,497.09556409996003,,,497.0955837999936,None,0,,,497.0956298999954,,,,,497.0956623000093,None,0,,,497.117402200005,,,,,,497.1175005999394,None,,,,,,,,,,,,,,,,,,,,,,,,,,,,,,,,,,,,,,,,,,,,,,,,,,,,,,,,,,,,,,,,,,,,,,,,,,,,,,,,,,,,,,,,,,,,,,,,,,,,,,,,,,,,,,,,,,,,,,,,,,,,,,,,,,,,,,,,,,,,,,,,,,,,,,,,,,,,,,,,208,1,2026-07-13_09h30.57.948,SBL_superimposed_training_task,,2026.1.3,120.59511280161757,2026-07-13 09h30.59.229865 -0400,
,,,,4,0,1,,,,,space,2.5816741000162438,None,,,,,1,"Were there flowers in this jungle? If yes, which color?","1. Yes, purple
2. Yes, red
3. No",3,Tulon,stimuli/scenes/scene_J2.jpg,space,3.7154809000203386,None,None,0,,,None,0,,,,,,,,,,,,,,,,,,,,,,,,,,,,,,,,,0,0,0,0,0,0,0,0,,,,,1,0,1,0,1,0,4,1,,,,,,,,,,,,,,,,,,,,,,,,,,,,,,,,,,,,,,,,,,,,,,,,,,,,,,,,,,,,,,,,,,,,,,,,,,,,,,,,,,,,,,,,,,,,,,,,,,,,,,,,,,,,,,,,,,,,,,,,,,,,,,,,,,,,,,,,,,,,,,,,,,,,,,,,,,,,,,,,,,,,,,,,,,,,,,,,,,,,,,,,,,,,,,,,,,,,,,,,,,,,,,,,,,,,,,,,,,,,,,,,,,,,,,,,,,,,,,,,,,,,,,,,,,,,,,,,,,,,,,,,,,,,,,,,,,,,,,,,,,,,,,,,,,,,,,208,1,2026-07-13_09h30.57.948,SBL_superimposed_training_task,,2026.1.3,120.59511280161757,2026-07-13 09h30.59.229865 -0400,
,,,,0,0,0,,,,,space,2.5816741000162438,None,,,,,2,What atmospheric condition defined the scene?,"1. Foggy and misty
2. Bright sunlight
3. Partly cloudy",1,Tulon,stimuli/scenes/scene_J2.jpg,space,3.7154809000203386,None,2,0,1.5838893000036478,None,1,1,2.7534871000098065,None,space,6.603659200016409,None,,,,,,,,,,,,,,,,,,,,,,,,,,,,0,0,0,0,0,0,0,0,,,,,1,0,1,0,1,1,5,2,0,0,0,0,,,,,,,,,,,,,506.5180849999888,,,,,,,,,,,,,,,,,,,,,,,,,,,,,,,,,,,,,,,,,,,,,,,,,,,,,,,,,,,,,,,,,,,,,,,,,,,,,,,,,,497.1364301999565,497.13649119995534,497.1365098999813,497.13948360003997,498.1383157999953,498.1301551000215,498.13056089996826,498.1383157999953,498.1383157999953,502.12191480002366,502.1219420999987,502.12996839999687,502.12996839999687,503.7218734000344,2,0,1.5838893000036478,None,503.72820629994385,503.7303035999648,503.7303035999648,0.006313200108706951,503.7303035999648,506.4885898999637,1,1,2.7534871000098065,None,506.50355709996074,506.5180849999888,506.5180849999888,506.5180849999888,506.5180849999888,506.5180849999888,513.1224375000456,space,6.603659200016409,None,502.12996839999687,502.12996839999687,,,,,,,,,,,,,,,,,,,,,,,,,,,,,,,,,,,,,,,,,,,,,,,,,,,,,,,,,,,,,,,,,,,,,,,,,,,,,,,,,,,,,,,,,,,,,,,,,,,,,,,,,,,,,,,,,,,,,,,,,,,,,,,,,,,,,,,,,,,,,,,,,,,,,,,,,,,,208,1,2026-07-13_09h30.57.948,SBL_superimposed_training_task,,2026.1.3,120.59511280161757,2026-07-13 09h30.59.229865 -0400,
,,,,5,1,1,,,,,space,2.5816741000162438,None,,,,,2,What atmospheric condition defined the scene?,"1. Foggy and misty
2. Bright sunlight
3. Partly cloudy",1,Tulon,stimuli/scenes/scene_J2.jpg,space,3.7154809000203386,None,2,0,1.5838893000036478,None,1,1,2.7534871000098065,None,,,,,,,,,,,,,,,,,,,,,,,,,,,,,,,0,0,0,0,0,0,0,0,,,,,1,0,1,0,1,1,5,2,,,,,,,,,,,,,,,,,,,,,,,,,,,,,,,,,,,,,,,,,,,,,,,,,,,,,,,,,,,,,,,,,,,,,,,,,,,,,,,,,,,,,,,,,,,,,,,,,,,,,,,,,,,,,,,,,,,,,,,,,,,,,,,,,,,,,,,,,,,,,,,,,,,,,,,,,,,,,,,,,,,,,,,,,,,,,,,,,,,,,,,,,,,,,,,,,,,,,,,,,,,,,,,,,,,,,,,,,,,,,,,,,,,,,,,,,,,,,,,,,,,,,,,,,,,,,,,,,,,,,,,,,,,,,,,,,,,,,,,,,,,,,,,,,,,,,,208,1,2026-07-13_09h30.57.948,SBL_superimposed_training_task,,2026.1.3,120.59511280161757,2026-07-13 09h30.59.229865 -0400,
,,,,6,2,1,,,,,space,2.5816741000162438,None,,,,,3,What type of vegetation was most visually prominent?,"1. Wide wing-like trees and green leaves
2.Tall trees with vines and moss
3. Bright tropical flowers and open palm trees",2,Tulon,stimuli/scenes/scene_J2.jpg,space,3.7154809000203386,None,3,0,2.111505900043994,None,None,0,,,,,,,,,,,,,,,,,,,,,,,,,,,,,,,,,0,0,0,0,0,0,0,0,,,,,1,0,1,0,1,2,6,3,,,,,,,,,,,,,,,,,513.1393240999896,,,,,,,,,,,,,,,,,,,,,,,,,,,,,,,,,,,,,,,,,,,,,,,,,,,,,,,,,,,,,,,,,,,,,,,,,,,,,,,,,,513.1376407999778,513.1376866999781,513.1377043999964,513.1393240999896,514.1301120000426,514.1221353999572,514.1225509999786,514.1301120000426,514.1301120000426,518.1135730999522,518.1136036999524,518.130294600036,518.130294600036,520.247111500008,3,0,2.111505900043994,None,520.2563578999834,,,,,520.256402399973,None,0,,,,,,,,,,,,,518.1218027999857,518.1218027999857,,,,,,,,,,,,,,,,,,,,,,,,,,,,,,,,,,,,,,,,,,,,,,,,,,,,,,,,,,,,,,,,,,,,,,,,,,,,,,,,,,,,,,,,,,,,,,,,,,,,,,,,,,,,,,,,,,,,,,,,,,,,,,,,,,,,,,,,,,,,,,,,,,,,,,,,,,,,208,1,2026-07-13_09h30.57.948,SBL_superimposed_training_task,,2026.1.3,120.59511280161757,2026-07-13 09h30.59.229865 -0400,
,,,,0,0,0,,,,,space,2.5816741000162438,None,,,,,2,How did the tree trunks look like?,"1. Wide and Wing-like 
2. Mossy and thin
3. Dark and charred-looking",1,Malbow,stimuli/scenes/scene_J1.jpg,space,3.7154809000203386,None,1,0,0.5851693000877276,None,1,1,5.361375599983148,None,space,9.376651099999435,None,,,,,,,,,,,,,,,,,,,,,,,,,,,,0,0,0,0,0,0,0,0,,,,,2,0,2,0,0,0,0,2,0,0,0,0,0,0,0,0,,,,,,,,,533.2971083000302,,,,,,,,,,,,,,,,,,,,,,,,,,,,,,,,,,,,,,,,,,,,,,,,,,,,,,,,,,,,,,,,,,,,,,,,,,,,,,,,522.2488051999826,522.2488542000065,522.2787320000352,522.278783799964,522.2788027999923,522.2803291999735,523.305066699977,523.2638559000334,523.2787114999956,523.305066699977,523.305066699977,527.2805690999376,527.2806073999964,527.2886064000195,527.2886064000195,527.8808671999723,1,0,0.5851693000877276,None,527.88838020002,527.8908774999436,527.8908774999436,0.00748799997381866,527.8908774999436,533.2557493000058,1,1,5.361375599983148,None,533.2844142999966,533.2971083000302,533.2971083000302,533.2971083000302,533.2971083000302,533.2971083000302,542.6809880000073,space,9.376651099999435,None,,,520.261996199959,520.2638440999435,522.2803291999735,522.246942800004,,,,,,,,,,,,,,,,,,,,,,,,,,,,,,,,,,,,,,,,,,,,,,,,,,,,,,,,,,,,,,,,,,,,,,,,,,,,,,,,,,,,,,,,,,,,,,,,,,,,,,,,,,,,,,,,,,,,,,,,,,,,,,,,,,,,,,,,,,,,,,,,,,,,,,,,208,1,2026-07-13_09h30.57.948,SBL_superimposed_training_task,,2026.1.3,120.59511280161757,2026-07-13 09h30.59.229865 -0400,
,,,,0,0,0,,,,,space,2.5816741000162438,None,,,,,2,How did the tree trunks look like?,"1. Wide and Wing-like 
2. Mossy and thin
3. Dark and charred-looking",1,Malbow,stimuli/scenes/scene_J1.jpg,space,3.7154809000203386,None,1,0,0.5851693000877276,None,1,1,5.361375599983148,None,,,,,,,,,,,,,,,,,,,,,,,,,,,,,,,0,0,0,0,0,0,0,0,,,,,2,0,2,0,0,0,0,2,,,,,,,,,,,,,,,,,,,,,,,,,,,,,,,,,,,,,,,,,,,,,,,,,,,,,,,,,,,,,,,,,,,,,,,,,,,,,,,,,,,,,,,,,,,,,,,,,,,,,,,,,,,,,,,,,,,,,,,,,,,,,,,,,,,,,,,,,,,,,,,,,,,,,,,,,,,,,,,,,,,,,,,,,,,,,,,,,,,,,,,,,,,,,,,,,,,,,,,,,,,,,,,,,,,,,,,,,,,,,,,,,,,,,,,,,,,,,,,,,,,,,,,,,,,,,,,,,,,,,,,,,,,,,,,,,,,,,,,,,,,,,,,,,,,,,,208,1,2026-07-13_09h30.57.948,SBL_superimposed_training_task,,2026.1.3,120.59511280161757,2026-07-13 09h30.59.229865 -0400,
,,,,1,1,0,,,,,space,2.5816741000162438,None,,,,,0,"Were there flowers in this jungle? If so, what color were they?","1. Yes, Red and yellow
2. Yes, Purple and orange
3. No, there weren't any flowers",1,Malbow,stimuli/scenes/scene_J1.jpg,space,3.7154809000203386,None,3,0,1.3206935999915004,None,1,1,3.009548700065352,None,,,,,,,,,,,,,,,,,,,,,,,,,,,,,,,0,0,0,0,0,0,0,0,,,,,2,0,2,0,0,1,1,0,,,,,,,,,,,,,,,,,542.696737500024,,,,,,,,,,,,,,,,,,,,,,,,,,,,,,,,,,,,,,,,,,,,,,,,,,,,,,,,,,,,,,,,,,,,,,,,,,,,,,,,,,542.6948298000498,542.6948757999344,542.6948934999527,542.696737500024,543.6887231000001,543.6805147000123,543.6809424000094,543.6887231000001,543.6887231000001,547.6726337999571,547.6726614999352,547.6892115999945,547.6892115999945,549.0143717000028,3,0,1.3206935999915004,None,549.0241509999614,549.0266618999885,549.0266618999885,0.009761499939486384,549.0266618999885,552.0393508999841,1,1,3.009548700065352,None,,,,,,,,,,,547.6805622000247,547.6805622000247,,,,,,,,,,,,,,,,,,,,,,,,,,,,,,,,,,,,,,,,,,,,,,,,,,,,,,,,,,,,,,,,,,,,,,,,,,,,,,,,,,,,,,,,,,,,,,,,,,,,,,,,,,,,,,,,,,,,,,,,,,,,,,,,,,,,,,,,,,,,,,,,,,,,,,,,,,,,208,1,2026-07-13_09h30.57.948,SBL_superimposed_training_task,,2026.1.3,120.59511280161757,2026-07-13 09h30.59.229865 -0400,
,,,,2,2,0,,,,,space,2.5816741000162438,None,,,,,1,Was the ground green or brown? Was it grassy or covered in leaves?,"1. Green and Grassy
2. Brown and Leaves
3. Mossy",2,Malbow,stimuli/scenes/scene_J1.jpg,space,3.7154809000203386,None,3,0,1.3064919000025839,None,2,1,3.3159376999828964,None,,,,,,,,,,,,,,,,,,,,,,,,,,,,,,,0,0,0,0,0,0,0,0,,,,,2,0,2,0,0,2,2,1,,,,,,,,,,,,,,,,,552.0558013999835,,,,,,,,,,,,,,,,,,,,,,,,,,,,,,,,,,,,,,,,,,,,,,,,,,,,,,,,,,,,,,,,,,,,,,,,,,,,,,,,,,552.0539449000498,552.0539930999512,552.0540107999695,552.0558013999835,553.0474849999882,553.0390081999358,553.0394223999465,553.0474849999882,553.0474849999882,557.030926699983,557.0309537999565,557.0474740000209,557.0474740000209,558.35643169994,3,0,1.3064919000025839,None,558.3656802000478,558.3682310000295,558.3682310000295,0.009231400093995035,558.3682310000295,561.6894493999425,2,1,3.3159376999828964,None,,,,,,,,,,,557.0389629999408,557.0389629999408,,,,,,,,,,,,,,,,,,,,,,,,,,,,,,,,,,,,,,,,,,,,,,,,,,,,,,,,,,,,,,,,,,,,,,,,,,,,,,,,,,,,,,,,,,,,,,,,,,,,,,,,,,,,,,,,,,,,,,,,,,,,,,,,,,,,,,,,,,,,,,,,,,,,,,,,,,,,208,1,2026-07-13_09h30.57.948,SBL_superimposed_training_task,,2026.1.3,120.59511280161757,2026-07-13 09h30.59.229865 -0400,
,,,,3,3,0,,,,,space,2.5816741000162438,None,,,,,3,How does the lighting looks like in this jungle?,"1. Sun is shining brightly through the foliage, the air is clear. 
2. The sun does not penetrate the mist and thick foliage.
3. The lighting is dim and green-tinted, with shadows but no visible sunbeams.",1,Malbow,stimuli/scenes/scene_J1.jpg,space,3.7154809000203386,None,3,0,1.272134599974379,None,1,1,7.936035699909553,None,,,,,,,,,,,,,,,,,,,,,,,,,,,,,,,0,0,0,0,0,0,0,0,,,,,2,0,2,0,0,3,3,3,,,,,,,,,,,,,,,,,561.7051237999694,,,,,,,,,,,,,,,,,,,,,,,,,,,,,,,,,,,,,,,,,,,,,,,,,,,,,,,,,,,,,,,,,,,,,,,,,,,,,,,,,,561.7031508999644,561.7031985999784,561.7032168000005,561.7051237999694,562.6974503999809,562.6892180000432,562.6896407000022,562.6974503999809,562.6974503999809,566.6811395999976,566.6811666999711,566.6976984000066,566.6976984000066,567.9729158999398,3,0,1.272134599974379,None,567.9857204,567.9884438000154,567.9884438000154,0.012789900065399706,567.9884438000154,575.922868499998,1,1,7.936035699909553,None,,,,,,,,,,,566.6891546000261,566.6891546000261,,,,,,,,,,,,,,,,,,,,,,,,,,,,,,,,,,,,,,,,,,,,,,,,,,,,,,,,,,,,,,,,,,,,,,,,,,,,,,,,,,,,,,,,,,,,,,,,,,,,,,,,,,,,,,,,,,,,,,,,,,,,,,,,,,,,,,,,,,,,,,,,,,,,,,,,,,,,208,1,2026-07-13_09h30.57.948,SBL_superimposed_training_task,,2026.1.3,120.59511280161757,2026-07-13 09h30.59.229865 -0400,
,,,,0,0,0,,,,,space,2.5816741000162438,None,,,,,1,How did the water look like?,"1. Clear blue water with bright sunlight streaming through.
2. Murky and greenish with low visibility.
3. Slightly cloudy with muted light and no strong sun rays",1,Somar,stimuli/scenes/scene_U1.jpg,space,3.7154809000203386,None,1,0,1.1573967000003904,None,1,1,8.532321500009857,None,space,6.792625700007193,None,,,,,,,,,,,,,,,,,,,,,,,,,,,,0,0,0,0,0,0,0,0,,,,,3,0,3,0,0,0,0,1,0,0,0,0,0,0,0,0,,,,,,,,,592.6970544999931,,,,,,,,,,,,,,,,,,,,,,,,,,,,,,,,,,,,,,,,,,,,,,,,,,,,,,,,,,,,,,,,,,,,,,,,,,,,,,,,577.916607699939,577.9166516000405,577.9468048999552,577.9468572000042,577.9468762000324,577.9485142000485,578.9661629999755,578.9314850999508,578.9402076000115,578.9661629999755,578.9661629999755,582.9478756999597,582.9479105999926,582.9563603999559,582.9563603999559,584.1146355000092,1,0,1.1573967000003904,None,584.1253807999892,584.1279079000233,584.1279079000233,0.010725399944931269,584.1279079000233,592.6651256999467,1,1,8.532321500009857,None,592.6847899999702,592.6970544999931,592.6970544999931,592.6970544999931,592.6970544999931,592.6970544999931,599.4900538999354,space,6.792625700007193,None,,,575.9279987999471,575.9310743999667,577.9485142000485,577.9147437999491,,,,,,,,,,,,,,,,,,,,,,,,,,,,,,,,,,,,,,,,,,,,,,,,,,,,,,,,,,,,,,,,,,,,,,,,,,,,,,,,,,,,,,,,,,,,,,,,,,,,,,,,,,,,,,,,,,,,,,,,,,,,,,,,,,,,,,,,,,,,,,,,,,,,,,,,208,1,2026-07-13_09h30.57.948,SBL_superimposed_training_task,,2026.1.3,120.59511280161757,2026-07-13 09h30.59.229865 -0400,
,,,,0,0,0,,,,,space,2.5816741000162438,None,,,,,1,How did the water look like?,"1. Clear blue water with bright sunlight streaming through.
2. Murky and greenish with low visibility.
3. Slightly cloudy with muted light and no strong sun rays",1,Somar,stimuli/scenes/scene_U1.jpg,space,3.7154809000203386,None,1,0,1.1573967000003904,None,1,1,8.532321500009857,None,,,,,,,,,,,,,,,,,,,,,,,,,,,,,,,0,0,0,0,0,0,0,0,,,,,3,0,3,0,0,0,0,1,,,,,,,,,,,,,,,,,,,,,,,,,,,,,,,,,,,,,,,,,,,,,,,,,,,,,,,,,,,,,,,,,,,,,,,,,,,,,,,,,,,,,,,,,,,,,,,,,,,,,,,,,,,,,,,,,,,,,,,,,,,,,,,,,,,,,,,,,,,,,,,,,,,,,,,,,,,,,,,,,,,,,,,,,,,,,,,,,,,,,,,,,,,,,,,,,,,,,,,,,,,,,,,,,,,,,,,,,,,,,,,,,,,,,,,,,,,,,,,,,,,,,,,,,,,,,,,,,,,,,,,,,,,,,,,,,,,,,,,,,,,,,,,,,,,,,,208,1,2026-07-13_09h30.57.948,SBL_superimposed_training_task,,2026.1.3,120.59511280161757,2026-07-13 09h30.59.229865 -0400,
,,,,1,1,0,,,,,space,2.5816741000162438,None,,,,,0,How did the ground look?,"1. Completely covered with rocks. 
2. Mostly sandy with some rocks and corals. 
3. Covered by seaweed and corals.",2,Somar,stimuli/scenes/scene_U1.jpg,space,3.7154809000203386,None,3,0,0.8474898000713438,None,2,1,2.502222100039944,None,,,,,,,,,,,,,,,,,,,,,,,,,,,,,,,0,0,0,0,0,0,0,0,,,,,3,0,3,0,0,1,1,0,,,,,,,,,,,,,,,,,599.5055820000125,,,,,,,,,,,,,,,,,,,,,,,,,,,,,,,,,,,,,,,,,,,,,,,,,,,,,,,,,,,,,,,,,,,,,,,,,,,,,,,,,,599.5036801999668,599.5037245999556,599.5037445999915,599.5055820000125,600.4980720999883,600.4899425000185,600.490367099992,600.4980720999883,600.4980720999883,604.481621599989,604.481648499961,604.4982479000464,604.4982479000464,605.3483975999989,3,0,0.8474898000713438,None,605.3554443999892,605.3578944000183,605.3578944000183,0.007027999963611364,605.3578944000183,607.8652624000097,2,1,2.502222100039944,None,,,,,,,,,,,604.4899066999787,604.4899066999787,,,,,,,,,,,,,,,,,,,,,,,,,,,,,,,,,,,,,,,,,,,,,,,,,,,,,,,,,,,,,,,,,,,,,,,,,,,,,,,,,,,,,,,,,,,,,,,,,,,,,,,,,,,,,,,,,,,,,,,,,,,,,,,,,,,,,,,,,,,,,,,,,,,,,,,,,,,,208,1,2026-07-13_09h30.57.948,SBL_superimposed_training_task,,2026.1.3,120.59511280161757,2026-07-13 09h30.59.229865 -0400,
,,,,0,0,0,,,,,space,2.5816741000162438,None,,,,,2,Were there corals and seaweed? How did they look like?,"1. Green seaweed, no corals 
2. No seaweed, pink, orange and yellow corals. 
3. Yellow seaweed, colorful corals.",2,Somar,stimuli/scenes/scene_U1.jpg,space,3.7154809000203386,None,3,0,1.1602122000185773,None,3,0,11.35990809998475,None,space,5.5148217000532895,None,,,,,,,,,,,,,,,,,,,,,,,,,,,,0,0,0,0,0,0,0,0,,,,,3,0,3,0,0,2,2,2,0,0,0,0,,,,,,,,,,,,,625.4469732999569,,,,,,,,,,,,,,,,,,,,,,,,,,,,,,,,,,,,,,,,,,,,,,,,,,,,,,,,,,,,,,,,,,,,,,,,,,,,,,,,,,607.8795996999834,607.879644599976,607.8796623999951,607.8813883999828,608.8733242000453,608.8651279000333,608.8655384000158,608.8733242000453,608.8733242000453,612.8567743999884,612.8568003999535,612.873500799993,612.873500799993,614.0402027999517,3,0,1.1602122000185773,None,614.0498481999384,614.0523384000408,614.0523384000408,0.009625400067307055,614.0523384000408,625.4154184999643,3,0,11.35990809998475,None,625.4324534999905,625.4469732999569,625.4469732999569,625.4469732999569,625.4469732999569,625.4469732999569,630.9654514000285,space,5.5148217000532895,None,612.8650578999659,612.8650578999659,,,,,,,,,,,,,,,,,,,,,,,,,,,,,,,,,,,,,,,,,,,,,,,,,,,,,,,,,,,,,,,,,,,,,,,,,,,,,,,,,,,,,,,,,,,,,,,,,,,,,,,,,,,,,,,,,,,,,,,,,,,,,,,,,,,,,,,,,,,,,,,,,,,,,,,,,,,,208,1,2026-07-13_09h30.57.948,SBL_superimposed_training_task,,2026.1.3,120.59511280161757,2026-07-13 09h30.59.229865 -0400,
,,,,2,2,0,,,,,space,2.5816741000162438,None,,,,,2,Were there corals and seaweed? How did they look like?,"1. Green seaweed, no corals 
2. No seaweed, pink, orange and yellow corals. 
3. Yellow seaweed, colorful corals.",2,Somar,stimuli/scenes/scene_U1.jpg,space,3.7154809000203386,None,3,0,1.1602122000185773,None,3,0,11.35990809998475,None,,,,,,,,,,,,,,,,,,,,,,,,,,,,,,,0,0,0,0,0,0,0,0,,,,,3,0,3,0,0,2,2,2,,,,,,,,,,,,,,,,,,,,,,,,,,,,,,,,,,,,,,,,,,,,,,,,,,,,,,,,,,,,,,,,,,,,,,,,,,,,,,,,,,,,,,,,,,,,,,,,,,,,,,,,,,,,,,,,,,,,,,,,,,,,,,,,,,,,,,,,,,,,,,,,,,,,,,,,,,,,,,,,,,,,,,,,,,,,,,,,,,,,,,,,,,,,,,,,,,,,,,,,,,,,,,,,,,,,,,,,,,,,,,,,,,,,,,,,,,,,,,,,,,,,,,,,,,,,,,,,,,,,,,,,,,,,,,,,,,,,,,,,,,,,,,,,,,,,,,208,1,2026-07-13_09h30.57.948,SBL_superimposed_training_task,,2026.1.3,120.59511280161757,2026-07-13 09h30.59.229865 -0400,
,,,,0,0,0,,,,,space,2.5816741000162438,None,,,,,3,How open did the underwater space feel?,"1. Wide and open with clear space between features
2. Very crowded with dense coral structures everywhere
3. Narrow and enclosed with plants surrounding the view",1,Somar,stimuli/scenes/scene_U1.jpg,space,3.7154809000203386,None,2,0,5.532296000048518,None,1,1,5.203509000013582,None,space,4.355602800031193,None,,,,,,,,,,,,,,,,,,,,,,,,,,,,0,0,0,0,0,0,0,0,,,,,3,0,3,0,0,3,3,3,0,0,0,0,,,,,,,,,,,,,646.7501664999872,,,,,,,,,,,,,,,,,,,,,,,,,,,,,,,,,,,,,,,,,,,,,,,,,,,,,,,,,,,,,,,,,,,,,,,,,,,,,,,,,,630.9792578000342,630.9793024000246,630.9793204000453,630.9810622000368,631.973488299991,631.9654418999562,631.9658544999547,631.973488299991,631.973488299991,635.957106799935,635.9571341000265,635.973527199938,635.973527199938,641.5071518999757,2,0,5.532296000048518,None,641.5182330999523,641.5207788000116,641.5207788000116,0.011063499958254397,641.5207788000116,646.7239439999685,1,1,5.203509000013582,None,646.7406334000407,646.7501664999872,646.7501664999872,646.7501664999872,646.7501664999872,646.7501664999872,651.1073264000006,space,4.355602800031193,None,635.9654434999684,635.9654434999684,,,,,,,,,,,,,,,,,,,,,,,,,,,,,,,,,,,,,,,,,,,,,,,,,,,,,,,,,,,,,,,,,,,,,,,,,,,,,,,,,,,,,,,,,,,,,,,,,,,,,,,,,,,,,,,,,,,,,,,,,,,,,,,,,,,,,,,,,,,,,,,,,,,,,,,,,,,,208,1,2026-07-13_09h30.57.948,SBL_superimposed_training_task,,2026.1.3,120.59511280161757,2026-07-13 09h30.59.229865 -0400,
,,,,3,3,0,,,,,space,2.5816741000162438,None,,,,,3,How open did the underwater space feel?,"1. Wide and open with clear space between features
2. Very crowded with dense coral structures everywhere
3. Narrow and enclosed with plants surrounding the view",1,Somar,stimuli/scenes/scene_U1.jpg,space,3.7154809000203386,None,2,0,5.532296000048518,None,1,1,5.203509000013582,None,,,,,,,,,,,,,,,,,,,,,,,,,,,,,,,0,0,0,0,0,0,0,0,,,,,3,0,3,0,0,3,3,3,,,,,,,,,,,,,,,,,,,,,,,,,,,,,,,,,,,,,,,,,,,,,,,,,,,,,,,,,,,,,,,,,,,,,,,,,,,,,,,,,,,,,,,,,,,,,,,,,,,,,,,,,,,,,,,,,,,,,,,,,,,,,,,,,,,,,,,,,,,,,,,,,,,,,,,,,,,,,,,,,,,,,,,,,,,,,,,,,,,,,,,,,,,,,,,,,,,,,,,,,,,,,,,,,,,,,,,,,,,,,,,,,,,,,,,,,,,,,,,,,,,,,,,,,,,,,,,,,,,,,,,,,,,,,,,,,,,,,,,,,,,,,,,,,,,,,,208,1,2026-07-13_09h30.57.948,SBL_superimposed_training_task,,2026.1.3,120.59511280161757,2026-07-13 09h30.59.229865 -0400,
,,,,4,0,1,,,,,space,2.5816741000162438,None,,,,,2,Were there corals and seaweed? How did they look like?,"1. Green seaweed, no corals 
2. No seaweed, pink, orange and yellow corals. 
3. Yellow seaweed, colorful corals.",2,Somar,stimuli/scenes/scene_U1.jpg,space,3.7154809000203386,None,3,0,1.7901720000663772,None,2,1,8.548525599995628,None,,,,,,,,,,,,,,,,,,,,,,,,,,,,,,,0,0,0,0,0,0,0,0,,,,,3,0,3,0,1,0,4,2,,,,,,,,,,,,,,,,,651.1229085000232,,,,,,,,,,,,,,,,,,,,,,,,,,,,,,,,,,,,,,,,,,,,,,,,,,,,,,,,,,,,,,,,,,,,,,,,,,,,,,,,,,651.1211519000353,651.1211975000333,651.1212155999383,651.1229085000232,652.1154622000176,652.1074432999594,652.1078484000172,652.1154622000176,652.1154622000176,656.0990565000102,656.0990839999868,656.1156007000245,656.1156007000245,657.9074654999422,3,0,1.7901720000663772,None,657.9171633999795,657.9194501000457,657.9194501000457,0.009679500013589859,657.9194501000457,666.4744812999852,2,1,8.548525599995628,None,,,,,,,,,,,656.1073372999672,656.1073372999672,,,,,,,,,,,,,,,,,,,,,,,,,,,,,,,,,,,,,,,,,,,,,,,,,,,,,,,,,,,,,,,,,,,,,,,,,,,,,,,,,,,,,,,,,,,,,,,,,,,,,,,,,,,,,,,,,,,,,,,,,,,,,,,,,,,,,,,,,,,,,,,,,,,,,,,,,,,,208,1,2026-07-13_09h30.57.948,SBL_superimposed_training_task,,2026.1.3,120.59511280161757,2026-07-13 09h30.59.229865 -0400,
,,,,0,0,0,,,,,space,2.5816741000162438,None,,,,,,,,,,,space,3.7154809000203386,None,,,,,,,,,,,,,,,,,,,,,,,,,,,,,,,,,,,,,,,0,0,0,0,0,0,0,0,,,,,,,,,,,,,,,,,,,,,,,,,,,,,,,,,,,,,,,,,,,,,,,,,,,,,,,,,,,,,,,,,,,,,,,,,,,,,,,,,,,,,,,,,,,,,,,,,,,,,,,,,,,,,,,,,,,,,,,,,,,,,,,,,,,,,,,,,,,,,,,,,,,,,,,,,,,,,,,,,,,,,,,,,,,,,,,,,,,,,,,,,,,,,,,,,,,,,,,,,,,,,,,,,,,,,,,,,,,,,,,,,,,,,,,,,,,,,,,,,,,,,,,,,,,,,,,,,,,,,,,,,,,,,,,,,,,,,,,,,,,,,,,,,,,,,,,,,,,,,,,,,,208,1,2026-07-13_09h30.57.948,SBL_superimposed_training_task,,2026.1.3,120.59511280161757,2026-07-13 09h30.59.229865 -0400,
,,,,,,,,,,,,,,,,,,,,,,,,,,,,,,,,,,,,,,,,,,,,,,,,,,,,,,,,,,,,,,,,,,,,,,,,,,,,,,,,,,,,,,,,,,,,,,,,,,,,,,,,,,,,,,,,,,,,,,,,,,,,,,,,,,,,,,,,,,,,,,,,,,,,,,,,,,,,,,,,,,,,,,,,,,,,,,,,,,,,,,,,,,,,,,,,,,,,,,,,,,,,,,,,,,,,,,,,,,,,,,,,,,,666.490872800001,666.4931144999573,667.4659053999931,672.4577901000157,space,4.983929599984549,None,,,,,,,,,,,,,,,,,,,,,,,,,,,,,,,,,,,,,,,,,,,,,,,,,,,,,,,,,,,,,,,,,,,,,,,,,,,,,,,,,,,,,,,,,,,,,,,,,,,,,,,,,,,,,,,,,,,,,,,,,,,,,,,,,,,,,,,,,,,,,,,,,208,1,2026-07-13_09h30.57.948,SBL_superimposed_training_task,,2026.1.3,120.59511280161757,2026-07-13 09h30.59.229865 -0400,
,,,,,,,,,,,,,,,,,,,,,,,,,,,,,,,,,,,,,,,,,,,,,,,,,,,,,,,,,,,,,,,,,,,,,,,,,,,,,,,,,,,,,,,,,,,,,,,,,,,,,,,,,,,,,,,,,,,,,,,,,,,,,,,,,,,,,,,,,,,,,,,,,,,,,,,,,,,,,,,,,,,,,,,,,,,,,,,,,,,,,,,,,,,,,,,,,,,,,,,,,,,,,,,,,,,,,,,,,,,,,,,,,,,,,,,,,,672.4578460999765,672.4660334000364,675.4493871999439,688.708094600006,space,13.256342999986373,None,,,,,,,,,,,,,,,,,,,,,,,,,,,,,,,,,,,,,,,,,,,,,,,,,,,,,,,,,,,,,,,,,,,,,,,,,,,,,,,,,,,,,,,,,,,,,,,,,,,,,,,,,,,,,,,,,,,,,,,,,,,,,,,,,,,,,,,,,,208,1,2026-07-13_09h30.57.948,SBL_superimposed_training_task,,2026.1.3,120.59511280161757,2026-07-13 09h30.59.229865 -0400,
,,,,,,,,,,,,,,,,,,,,,,,,,,,,,,,,,,,,,,,,,,,,,,,,,,,,,,,,,,,,,,,,,,,,,,,,,,,,,,,,,,,,,,,,,,,,,,,,,,,,,,,,,,,,,,,,,,,,,,,,,,,,,,,,,,,,,,,,,,,,,,,,,,,,,,,,,,,,,,,,,,,,,,,,,,,,,,,,,,,,,,,,,,,,,,,,,,,,,,,,,,,,,,,,,,,,,,,,,,,,,,,,,,,,,,,,,,,,,,,,,688.7329833999975,688.7353704000125,691.6994321999373,702.5166464999784,space,10.814436399959959,None,,,,,,,,,,,,,,,,,,,,,,,,,,,,,,,,,,,,,,,,,,,,,,,,,,,,,,,,,,,,,,,,,,,,,,,,,,,,,,,,,,,,,,,,,,,,,,,,,,,,,,,,,,,,,,,,,,,,,,,,,,,,,,,,,,,208,1,2026-07-13_09h30.57.948,SBL_superimposed_training_task,,2026.1.3,120.59511280161757,2026-07-13 09h30.59.229865 -0400,
,,,,,,,,,,,,,,,,,,,,,,,,,,,,,,,,,,,,,,,,,,,,,,,,,,,,,,,,,,,,,,,,,,,,,,,,,,,,,,,,,,,,,,,,,,,,,,,,,,,,,,,,,,,,,,,,,,,,,,,,,,,,,,,,,,,,,,,,,,,,,,,,,,,,,,,,,,,,,,,,,,,,,,,,,,,,,,,,,,,,,,,,,,,,,,,,,,,,,,,,,,,,,,,,,,,,,,,,,,,,,,,,,,,,,,,,,,,,,,,,,,,,,,,,702.5167006000411,702.5167367999675,,,,,,,,,,,,,,,,,,,,,,,,,,,,,,,,,,,,,,,,,,,,,,,,,,,,,,,,,,,,,,,,,,,,,,,,,,,,,,,,,,,,,,,,,,,,,,,,,,,,,,,,,,,,,,,,,,,,,,,,,,,,,,,,,208,1,2026-07-13_09h30.57.948,SBL_superimposed_training_task,,2026.1.3,120.59511280161757,2026-07-13 09h30.59.229865 -0400,
stimuli/scenes/scene_J2.jpg,Tulon,,,0,0,0,,,,,,,,,,,,,,,,,,,,,,,,,,,,,,,,Jungle,stimuli/items/undersea_objects_38.png,Undersea,object,si,None,0,,,,,,,,,,,,,,,,,,,,,,,,,,,,,,,,,,,,,,,,,,,,,,,,,0,0,0,4,,,,,702.5828020999907,,,,,,,,,,,,,,,,,,,,,,,,,,,,,,,,,,,,,,,,,,,,,,,,,,,,,,,,,,,,,,,,,,,,,,,,,,,,,,,,,,,,,,,,,,,,,,,,,,,,,,,,,,,,,,,,,,,,,,,,,,,,,,,,,,,,,,,,,,,,,,,,,,,,,702.5721754999831,702.5828020999907,702.5828020999907,704.5170299999882,704.5259228999494,704.5280374999857,704.5280374999857,705.5247835000046,705.5247835000046,705.5163400999736,None,0,705.5163906000089,705.5247835000046,706.5414197000209,706.5080856999848,,,,,,,,,,,,,,,,,,,,,,,,,,,,,,,,,,,,,,,,,,,,,,,,,,,,,,,,,,,,,,,,,,,,,,,,,,,,,,,,,,,,,,,,,,,,,,,,,,,,,,,,,,,,,,,,,208,1,2026-07-13_09h30.57.948,SBL_superimposed_training_task,,2026.1.3,120.59511280161757,2026-07-13 09h30.59.229865 -0400,
stimuli/scenes/scene_U2.jpg,Negvi,,,1,1,0,,,,,,,,,,,,,,,,,,,,,,,,,,,,,,,,Undersea,stimuli/items/jungle_animals_26.png,Jungle,animal,si,None,0,,,,,,,,,,,,,,,,,,,,,,,,,,,,,,,,,,,,,,,,,,,,,,,,,0,1,1,9,,,,,706.5414197000209,,,,,,,,,,,,,,,,,,,,,,,,,,,,,,,,,,,,,,,,,,,,,,,,,,,,,,,,,,,,,,,,,,,,,,,,,,,,,,,,,,,,,,,,,,,,,,,,,,,,,,,,,,,,,,,,,,,,,,,,,,,,,,,,,,,,,,,,,,,,,,,,,,,,,706.5342082999414,706.5414197000209,706.5414197000209,708.5169249000028,708.5169775999384,708.5249478999758,708.5249478999758,709.5165148000233,709.5165148000233,709.5081701000454,None,0,709.5082255000016,709.5165148000233,710.5306241000071,710.5000145999948,,,,,,,,,,,,,,,,,,,,,,,,,,,,,,,,,,,,,,,,,,,,,,,,,,,,,,,,,,,,,,,,,,,,,,,,,,,,,,,,,,,,,,,,,,,,,,,,,,,,,,,,,,,,,,,,,208,1,2026-07-13_09h30.57.948,SBL_superimposed_training_task,,2026.1.3,120.59511280161757,2026-07-13 09h30.59.229865 -0400,
stimuli/scenes/scene_U2.jpg,Negvi,,,2,2,0,,,,,,,,,,,,,,,,,,,,,,,,,,,,,,,,Undersea,stimuli/items/jungle_animals_10.png,Jungle,animal,si,q,1,0.7566522000124678,None,,,,,,,,,,,,,,,,,,,,,,,,,,,,,,,,,,,,,,,,,,,,,,,0,2,2,10,,,,,710.5306241000071,,,,,,,,,,,,,,,,,,,,,,,,,,,,,,,,,,,,,,,,,,,,,,,,,,,,,,,,,,,,,,,,,,,,,,,,,,,,,,,,,,,,,,,,,,,,,,,,,,,,,,,,,,,,,,,,,,,,,,,,,,,,,,,,,,,,,,,,,,,,,,,,,,,,,710.5206556000048,710.5306241000071,710.5306241000071,712.5168775999919,712.51693110005,712.5250952000497,712.5250952000497,,,713.2832835000008,q,1,713.2833561999723,713.2915907000424,714.3160421999637,714.2750518999528,0.7566522000124678,None,,,,,,,,,,,,,,,,,,,,,,,,,,,,,,,,,,,,,,,,,,,,,,,,,,,,,,,,,,,,,,,,,,,,,,,,,,,,,,,,,,,,,,,,,,,,,,,,,,,,,,,,,,,,,,,208,1,2026-07-13_09h30.57.948,SBL_superimposed_training_task,,2026.1.3,120.59511280161757,2026-07-13 09h30.59.229865 -0400,
stimuli/scenes/scene_J1.jpg,Malbow,,,3,3,0,,,,,,,,,,,,,,,,,,,,,,,,,,,,,,,,Jungle,stimuli/items/jungle_animals_43.png,Jungle,animal,sc,p,1,0.5743041000096127,None,,,,,,,,,,,,,,,,,,,,,,,,,,,,,,,,,,,,,,,,,,,,,,,0,3,3,0,,,,,714.3160421999637,,,,,,,,,,,,,,,,,,,,,,,,,,,,,,,,,,,,,,,,,,,,,,,,,,,,,,,,,,,,,,,,,,,,,,,,,,,,,,,,,,,,,,,,,,,,,,,,,,,,,,,,,,,,,,,,,,,,,,,,,,,,,,,,,,,,,,,,,,,,,,,,,,,,,714.3055878999876,714.3160421999637,714.3160421999637,716.2839699999895,716.28402250004,716.2914739999687,716.2914739999687,,,716.8666744999355,p,1,716.866746100015,716.8750027000206,717.891197699937,717.8584362999536,0.5743041000096127,None,,,,,,,,,,,,,,,,,,,,,,,,,,,,,,,,,,,,,,,,,,,,,,,,,,,,,,,,,,,,,,,,,,,,,,,,,,,,,,,,,,,,,,,,,,,,,,,,,,,,,,,,,,,,,,,208,1,2026-07-13_09h30.57.948,SBL_superimposed_training_task,,2026.1.3,120.59511280161757,2026-07-13 09h30.59.229865 -0400,
stimuli/scenes/scene_U1.jpg,Somar,,,4,4,0,,,,,,,,,,,,,,,,,,,,,,,,,,,,,,,,Undersea,stimuli/items/undersea_animals_31.png,Undersea,animal,sc,p,1,0.8147576000774279,None,,,,,,,,,,,,,,,,,,,,,,,,,,,,,,,,,,,,,,,,,,,,,,,0,4,4,7,,,,,717.891197699937,,,,,,,,,,,,,,,,,,,,,,,,,,,,,,,,,,,,,,,,,,,,,,,,,,,,,,,,,,,,,,,,,,,,,,,,,,,,,,,,,,,,,,,,,,,,,,,,,,,,,,,,,,,,,,,,,,,,,,,,,,,,,,,,,,,,,,,,,,,,,,,,,,,,,717.8824714999646,717.891197699937,717.891197699937,719.8672061000252,719.867257899954,719.8750139999902,719.8750139999902,,,720.6916833999567,p,1,720.6917564000469,720.6999099999666,721.7135532000102,721.6835392999928,0.8147576000774279,None,,,,,,,,,,,,,,,,,,,,,,,,,,,,,,,,,,,,,,,,,,,,,,,,,,,,,,,,,,,,,,,,,,,,,,,,,,,,,,,,,,,,,,,,,,,,,,,,,,,,,,,,,,,,,,,208,1,2026-07-13_09h30.57.948,SBL_superimposed_training_task,,2026.1.3,120.59511280161757,2026-07-13 09h30.59.229865 -0400,
stimuli/scenes/scene_U1.jpg,Somar,,,5,5,0,,,,,,,,,,,,,,,,,,,,,,,,,,,,,,,,Undersea,stimuli/items/other_animals_39.png,Other,animal,si,q,1,0.28581809997558594,None,,,,,,,,,,,,,,,,,,,,,,,,,,,,,,,,,,,,,,,,,,,,,,,0,5,5,8,,,,,721.7135532000102,,,,,,,,,,,,,,,,,,,,,,,,,,,,,,,,,,,,,,,,,,,,,,,,,,,,,,,,,,,,,,,,,,,,,,,,,,,,,,,,,,,,,,,,,,,,,,,,,,,,,,,,,,,,,,,,,,,,,,,,,,,,,,,,,,,,,,,,,,,,,,,,,,,,,721.703658399987,721.7135532000102,721.7135532000102,723.6921387000475,723.6921912999824,723.6999837999465,723.6999837999465,,,723.9919154000236,q,1,723.9919871999882,724.0000896999845,725.0163048999384,724.9835158999776,0.28581809997558594,None,,,,,,,,,,,,,,,,,,,,,,,,,,,,,,,,,,,,,,,,,,,,,,,,,,,,,,,,,,,,,,,,,,,,,,,,,,,,,,,,,,,,,,,,,,,,,,,,,,,,,,,,,,,,,,,208,1,2026-07-13_09h30.57.948,SBL_superimposed_training_task,,2026.1.3,120.59511280161757,2026-07-13 09h30.59.229865 -0400,
stimuli/scenes/scene_U1.jpg,Somar,,,6,6,0,,,,,,,,,,,,,,,,,,,,,,,,,,,,,,,,Undersea,stimuli/items/undersea_objects_8.png,Undersea,object,sc,p,1,0.5218794000102207,None,,,,,,,,,,,,,,,,,,,,,,,,,,,,,,,,,,,,,,,,,,,,,,,0,6,6,6,,,,,725.0163048999384,,,,,,,,,,,,,,,,,,,,,,,,,,,,,,,,,,,,,,,,,,,,,,,,,,,,,,,,,,,,,,,,,,,,,,,,,,,,,,,,,,,,,,,,,,,,,,,,,,,,,,,,,,,,,,,,,,,,,,,,,,,,,,,,,,,,,,,,,,,,,,,,,,,,,725.007654099958,725.0163048999384,725.0163048999384,726.9921939000487,726.992245899979,726.9999637999572,726.9999637999572,,,727.5252977999626,p,1,727.5253689000383,727.5335536999628,728.5495805999963,728.5168899999699,0.5218794000102207,None,,,,,,,,,,,,,,,,,,,,,,,,,,,,,,,,,,,,,,,,,,,,,,,,,,,,,,,,,,,,,,,,,,,,,,,,,,,,,,,,,,,,,,,,,,,,,,,,,,,,,,,,,,,,,,,208,1,2026-07-13_09h30.57.948,SBL_superimposed_training_task,,2026.1.3,120.59511280161757,2026-07-13 09h30.59.229865 -0400,
stimuli/scenes/scene_J1.jpg,Malbow,,,7,7,0,,,,,,,,,,,,,,,,,,,,,,,,,,,,,,,,Jungle,stimuli/items/other_objects_41.png,Other,object,si,q,1,0.25224340008571744,None,,,,,,,,,,,,,,,,,,,,,,,,,,,,,,,,,,,,,,,,,,,,,,,0,7,7,2,,,,,728.5495805999963,,,,,,,,,,,,,,,,,,,,,,,,,,,,,,,,,,,,,,,,,,,,,,,,,,,,,,,,,,,,,,,,,,,,,,,,,,,,,,,,,,,,,,,,,,,,,,,,,,,,,,,,,,,,,,,,,,,,,,,,,,,,,,,,,,,,,,,,,,,,,,,,,,,,,728.539541300037,728.5495805999963,728.5495805999963,730.5257033000235,730.5257552999537,730.5336513000075,730.5336513000075,,,730.7921047999989,q,1,730.792175999959,730.8001523000421,731.81657549995,731.7837190999417,0.25224340008571744,None,,,,,,,,,,,,,,,,,,,,,,,,,,,,,,,,,,,,,,,,,,,,,,,,,,,,,,,,,,,,,,,,,,,,,,,,,,,,,,,,,,,,,,,,,,,,,,,,,,,,,,,,,,,,,,,208,1,2026-07-13_09h30.57.948,SBL_superimposed_training_task,,2026.1.3,120.59511280161757,2026-07-13 09h30.59.229865 -0400,
stimuli/scenes/scene_U2.jpg,Negvi,,,8,8,0,,,,,,,,,,,,,,,,,,,,,,,,,,,,,,,,Undersea,stimuli/items/undersea_animals_37.png,Undersea,animal,sc,p,1,0.29776180000044405,None,,,,,,,,,,,,,,,,,,,,,,,,,,,,,,,,,,,,,,,,,,,,,,,0,8,8,11,,,,,731.81657549995,,,,,,,,,,,,,,,,,,,,,,,,,,,,,,,,,,,,,,,,,,,,,,,,,,,,,,,,,,,,,,,,,,,,,,,,,,,,,,,,,,,,,,,,,,,,,,,,,,,,,,,,,,,,,,,,,,,,,,,,,,,,,,,,,,,,,,,,,,,,,,,,,,,,,731.8088605999947,731.81657549995,731.81657549995,733.7924071999732,733.7924593000207,733.8000753000379,733.8000753000379,,,734.1005390000064,p,1,734.1006135999924,734.1085091000423,735.1325970999897,735.0918858000077,0.29776180000044405,None,,,,,,,,,,,,,,,,,,,,,,,,,,,,,,,,,,,,,,,,,,,,,,,,,,,,,,,,,,,,,,,,,,,,,,,,,,,,,,,,,,,,,,,,,,,,,,,,,,,,,,,,,,,,,,,208,1,2026-07-13_09h30.57.948,SBL_superimposed_training_task,,2026.1.3,120.59511280161757,2026-07-13 09h30.59.229865 -0400,
stimuli/scenes/scene_J2.jpg,Tulon,,,9,9,0,,,,,,,,,,,,,,,,,,,,,,,,,,,,,,,,Jungle,stimuli/items/undersea_animals_18.png,Undersea,animal,si,q,1,0.29291119996923953,None,,,,,,,,,,,,,,,,,,,,,,,,,,,,,,,,,,,,,,,,,,,,,,,0,9,9,5,,,,,735.1325970999897,,,,,,,,,,,,,,,,,,,,,,,,,,,,,,,,,,,,,,,,,,,,,,,,,,,,,,,,,,,,,,,,,,,,,,,,,,,,,,,,,,,,,,,,,,,,,,,,,,,,,,,,,,,,,,,,,,,,,,,,,,,,,,,,,,,,,,,,,,,,,,,,,,,,,735.1215573999798,735.1325970999897,735.1325970999897,737.1091920000035,737.1092439000495,737.1168799999868,737.1168799999868,,,737.4170968999388,q,1,737.4171691000229,737.4252669999842,738.4415131999413,738.4087481000461,0.29291119996923953,None,,,,,,,,,,,,,,,,,,,,,,,,,,,,,,,,,,,,,,,,,,,,,,,,,,,,,,,,,,,,,,,,,,,,,,,,,,,,,,,,,,,,,,,,,,,,,,,,,,,,,,,,,,,,,,,208,1,2026-07-13_09h30.57.948,SBL_superimposed_training_task,,2026.1.3,120.59511280161757,2026-07-13 09h30.59.229865 -0400,
stimuli/scenes/scene_J2.jpg,Tulon,,,10,10,0,,,,,,,,,,,,,,,,,,,,,,,,,,,,,,,,Jungle,stimuli/items/jungle_animals_46.png,Jungle,animal,sc,p,1,0.5525353999109939,None,,,,,,,,,,,,,,,,,,,,,,,,,,,,,,,,,,,,,,,,,,,,,,,0,10,10,3,,,,,738.4415131999413,,,,,,,,,,,,,,,,,,,,,,,,,,,,,,,,,,,,,,,,,,,,,,,,,,,,,,,,,,,,,,,,,,,,,,,,,,,,,,,,,,,,,,,,,,,,,,,,,,,,,,,,,,,,,,,,,,,,,,,,,,,,,,,,,,,,,,,,,,,,,,,,,,,,,738.4324416000163,738.4415131999413,738.4415131999413,740.4174601000268,740.4175122999586,740.4253249999601,740.4253249999601,,,740.9838863000041,p,1,740.9839588999748,740.9920623999787,742.009237500024,741.9755053999834,0.5525353999109939,None,,,,,,,,,,,,,,,,,,,,,,,,,,,,,,,,,,,,,,,,,,,,,,,,,,,,,,,,,,,,,,,,,,,,,,,,,,,,,,,,,,,,,,,,,,,,,,,,,,,,,,,,,,,,,,,208,1,2026-07-13_09h30.57.948,SBL_superimposed_training_task,,2026.1.3,120.59511280161757,2026-07-13 09h30.59.229865 -0400,
stimuli/scenes/scene_J1.jpg,Malbow,,,11,11,0,,,,,,,,,,,,,,,,,,,,,,,,,,,,,,,,Jungle,stimuli/items/jungle_objects_30.png,Jungle,object,sc,p,1,0.6016713000135496,None,,,,,,,,,,,,,,,,,,,,,,,,,,,,,,,,,,,,,,,,,,,,,,,0,11,11,1,,,,,742.009237500024,,,,,,,,,,,,,,,,,,,,,,,,,,,,,,,,,,,,,,,,,,,,,,,,,,,,,,,,,,,,,,,,,,,,,,,,,,,,,,,,,,,,,,,,,,,,,,,,,,,,,,,,,,,,,,,,,,,,,,,,,,,,,,,,,,,,,,,,,,,,,,,,,,,,,742.0040488999803,742.009237500024,742.009237500024,743.9843045000453,743.9843570999801,743.9921616000356,743.9921616000356,,,744.600431400002,p,1,744.600504699978,744.6087381000398,745.6004520000424,745.592358599999,0.6016713000135496,None,,,,,,,,,,,,,,,,,,,,,,,,,,,,,,,,,,,,,,,,,,,,,,,,,,,,,,,,,,,,,,,,,,,,,,,,,,,,,,,,,,,,,,,,,,,,,,,,,,,,,,,,,,,,,,,208,1,2026-07-13_09h30.57.948,SBL_superimposed_training_task,,2026.1.3,120.59511280161757,2026-07-13 09h30.59.229865 -0400,
,,,,,,,,,,,,,,,,,,,,,,,,,,,,,,,,,,,,,,,,,,,,,,,,,,,,,,,,,,,,,,,,,,,,,,,,,,,,,,,,,,,,,,,,,,,,,,,,,,,,,,,,,,,,,,,,,,,,,,,,,,,,,,,,,,,,,,,,,,,,,,,,,,,,,,,,,,,,,,,,,,,,,,,,,,,,,,,,,,,,,,,,,,,,,,,,,,,,,,,,,,,,,,,,,,,,,,,,,,,,,,,,,,,,,,,,,,,,,,,,,,,,,,,,,,,,,,,,,,,,,,,,,,,,745.5924739999464,745.6004520000424,751.6090643999632,space,3.009372300002724,None,,,,,,,,,,,,,,,,,,,,,,,,,,,,,,,,,,,,,,,,,,,,,,,,,,,,,,,,,,,,,,,,,,,,,,,,,,,,,,,,,,,,,,,,,,,,,,,,,,,,,,,,,208,1,2026-07-13_09h30.57.948,SBL_superimposed_training_task,,2026.1.3,120.59511280161757,2026-07-13 09h30.59.229865 -0400,
,,,,,,,,,,,,,,,,,,,,,,,,,,,,,,,,,,,,,,,,,,,,,,,,,,,,,,,,,,,,,,,,,,,,,,,,,,,,,,,,,,,,,,,,,,,,,,,,,,,,,,,,,,,,,,,,,,,,,,,,,,,,,,,,,,,,,,,,,,,,,,,,,,,,,,,,,,,,,,,,,,,,,,,,,,,,,,,,,,,,,,,,,,,,,,,,,,,,,,,,,,,,,,,,,,,,,,,,,,,,,,,,,,,,,,,,,,,,,,,,,,,,,,,,,,,,,,,,,,,,,,,,,,,,,,,,,,751.6126974000363,751.6173627999378,754.6007465999573,773.0178781000432,space,18.40913519996684,None,,,,,,,,,,,,,,,,,,,,,,,,,,,,,,,,,,,,,,,,,,,,,,,,,,,,,,,,,,,,,,,,,,,,,,,,,,,,,,,,,,,,,,,,,,,,,,,,,,208,1,2026-07-13_09h30.57.948,SBL_superimposed_training_task,,2026.1.3,120.59511280161757,2026-07-13 09h30.59.229865 -0400,
,,,,,,,,,,,,,,,,,,,,,,,,,,,,,,,,,,,,,,,,,,,,,,,,,,,,,,,,,,,,,,,,,,,,,,,,,,,,,,,,,,,,,,,,,,,,,,,,,,,,,,,,,,,,,,,,,,,,,,,,,,,,,,,,,,,,,,,,,,,,,,,,,,,,,,,,,,,,,,,,,,,,,,,,,,,,,,,,,,,,,,,,,,,,,,,,,,,,,,,,,,,,,,,,,,,,,,,,,,,,,,,,,,,,,,,,,,,,,,,,,,,,,,,,,,,,,,,,,,,,,,,,,,,,,,,,,,,,,,,,,773.0179367000237,773.026044499944,787.9264507000335,space,11.91216579999309,None,,,,,,,,,,,,,,,,,,,,,,,,,,,,,,,,,,,,,,,,,,,,,,,,,,,,,,,,,,,,,,,,,,,,,,,,,,,,,,,,,,,,,,,,,,,,208,1,2026-07-13_09h30.57.948,SBL_superimposed_training_task,,2026.1.3,120.59511280161757,2026-07-13 09h30.59.229865 -0400,
,,,,,,,,,,,,,,,,,,,,,,,,,,,,,,,,,,,,,,,,,,,,,,,,,,,,,,,,,,,,,,,,,,,,,,,,,,,,,,,,,,,,,,,,,,,,,,,,,,,,,,,,,,,,,,,,,,,,,,,,,,,,,,,,,,,,,,,,,,,,,,,,,,,,,,,,,,,,,,,,,,,,,,,,,,,,,,,,,,,,,,,,,,,,,,,,,,,,,,,,,,,,,,,,,,,,,,,,,,,,,,,,,,,,,,,,,,,,,,,,,,,,,,,,,,,,,,,,,,,,,,,,,,,,,,,,,,,,,,,,,,,,,,,787.9265246000141,787.9346719000023,793.7517377999611,space,2.8277398999780416,None,,,,,,,,,,,,,,,,,,,,,,,,,,,,,,,,,,,,,,,,,,,,,,,,,,,,,,,,,,,,,,,,,,,,,,,,,,,,,,,,,,,,,,208,1,2026-07-13_09h30.57.948,SBL_superimposed_training_task,,2026.1.3,120.59511280161757,2026-07-13 09h30.59.229865 -0400,
,,,,,,,,,,,,,,,,,,,,,,,,,,,,,,,,,,,,,,,,,,,,,,,,,,,,,,,,,,,,,,,,,,,,,,,,,,,,,,,,,,,,,,,,,,,,,,,,,,,,,,,,,,,,,,,,,,,,,,,,,,,,,,,,,,,,,,,,,,,,,,,,,,,,,,,,,,,,,,,,,,,,,,,,,,,,,,,,,,,,,,,,,,,,,,,,,,,,,,,,,,,,,,,,,,,,,,,,,,,,,,,,,,,,,,,,,,,,,,,,,,,,,,,,,,,,,,,,,,,,,,,,,,,,,,,,,,,,,,,,,,,,,,,,,,,,,793.7518053000094,793.7596657000249,801.0932326000184,space,4.346574400085956,None,,,,,,,,,,,,,,,,,,,,,,,,,,,,,,,,,,,,,,,,,,,,,,,,,,,,,,,,,,,,,,,,,,,,,,,,,,,,,,,,208,1,2026-07-13_09h30.57.948,SBL_superimposed_training_task,,2026.1.3,120.59511280161757,2026-07-13 09h30.59.229865 -0400,
,,,,,,,,,,,,,,,,,,,,,,,,,,,,,,,,,,,,,,,,,,,,,,,,,,,,,,,,,,,,,,,,,,,,,,,,,,,,,,,,,,,,,,,,,,,,,,,,,,,,,,,,,,,,,,,,,,,,,,,,,,,,,,,,,,,,,,,,,,,,,,,,,,,,,,,,,,,,,,,,,,,,,,,,,,,,,,,,,,,,,,,,,,,,,,,,,,,,,,,,,,,,,,,,,,,,,,,,,,,,,,,,,,,,,,,,,,,,,,,,,,,,,,,,,,,,,,,,,,,,,,,,,,,,,,,,,,,,,,,,,,,,,,,,,,,,,,,,,,,801.093293700018,801.1013567999471,809.1438360000029,space,5.053246299969032,None,,,,,,,,,,,,,,,,,,,,,,,,,,,,,,,,,,,,,,,,,,,,,,,,,,,,,,,,,,,,,,,,,,,,,,,,,,208,1,2026-07-13_09h30.57.948,SBL_superimposed_training_task,,2026.1.3,120.59511280161757,2026-07-13 09h30.59.229865 -0400,
,,,,,,,,,,,,,,,,,,,,,,,,,,,,,,,,,,,,,,,,,,,,,,,,,,,,,,,,,,,,,,,,,,,,,,,,,,,,,,,,,,,,,,,,,,,,,,,,,,,,,,,,,,,,,,,,,,,,,,,,,,,,,,,,,,,,,,,,,,,,,,,,,,,,,,,,,,,,,,,,,,,,,,,,,,,,,,,,,,,,,,,,,,,,,,,,,,,,,,,,,,,,,,,,,,,,,,,,,,,,,,,,,,,,,,,,,,,,,,,,,,,,,,,,,,,,,,,,,,,,,,,,,,,,,,,,,,,,,,,,,,,,,,,,,,,,,,,,,,,,,,,,,809.1438944999827,809.1515968999593,814.0350912000285,space,1.8989277000073344,None,,,,,,,,,,,,,,,,,,,,,,,,,,,,,,,,,,,,,,,,,,,,,,,,,,,,,,,,,,,,,,,,,,,,208,1,2026-07-13_09h30.57.948,SBL_superimposed_training_task,,2026.1.3,120.59511280161757,2026-07-13 09h30.59.229865 -0400,
stimuli/scenes/scene_J1.jpg,Malbow,,,0,0,0,,,,,,,,,,,,,,,,,,,,,,,,,,,,,,,,Jungle,stimuli/items/jungle_animals_43.png,Jungle,animal,sc,,,,,2,1,1.37541180010885,None,3,1.2436630999436602,None,None,0,None,,,,,,,,,,,,,,,,,,,,,,,,,,,,,,,,,,,,,,,,,0,0,0,0,814.061743499944,,,,,,,,,,,,,,,,,,,,,,,,,,,,,,,,,,,,,,,,,,,,,,,,,,,,,,,,,,,,,,,,,,,,,,,,,,,,,,,,,,,,,,,,,,,,,,,,,,,,,,,,,,,,,,,,,,,,,,,,,,,,,,,,,,,,,,,,,,,,,,,,,,,,,,,,,,,,,,,,,822.3604661000427,822.3681733999401,823.3614837999921,823.3517182000214,,,,,,,,,,,,,,,,,,,,,,,,,,,,,,,,,,,,,,,,,,,,,,814.057503100019,814.061743499944,818.0431285999948,819.0423602999654,819.0457096999744,819.0457096999744,819.0457096999744,0.007263800012879074,820.4188818000257,2,1,1.37541180010885,None,825.8516714000143,825.8598605999723,826.3561692000367,826.3431740000378,820.9128714000108,820.9256030999823,820.9256030999823,821.1101698999992,822.3603892000392,3,1.2436630999436602,None,823.3575654999586,823.3614837999921,823.3614837999921,823.3614837999921,823.3614837999921,823.3614837999921,825.8598605999723,825.8598605999723,825.8598605999723,825.8598605999723,825.8598605999723,825.8516171999509,None,0,826.3479303999338,826.3561692000367,826.3561692000367,826.45135019999,828.34304409998,828.3513521000277,828.3513521000277,828.3437734999461,None,828.3438261999981,828.3513521000277,831.3518134000478,831.3353349999525,,,,,,,,,,,,,,,,208,1,2026-07-13_09h30.57.948,SBL_superimposed_training_task,,2026.1.3,120.59511280161757,2026-07-13 09h30.59.229865 -0400,
stimuli/scenes/scene_J1.jpg,Malbow,,,1,1,0,,,,,,,,,,,,,,,,,,,,,,,,,,,,,,,,Jungle,stimuli/items/jungle_objects_30.png,Jungle,object,sc,,,,,2,1,1.097622700035572,None,2,1.3220129000255838,None,1,0,1,1.6211026000091806,None,0.9565434999531135,None,,,,,,,,,,,,,,,,,,,,,,,,,,,,,,,,,,,,,0,1,1,1,831.3518134000478,,,,,,,,,,,,,,,,,,,,,,,,,,,,,,,,,,,,,,,,,,,,,,,,,,,,,,,,,,,,,,,,,,,,,,,,,,,,,,,,,,,,,,,,,,,,,,,,,,,,,,,,,,,,,,,,,,,,,,,,,,,,,,,,,,,,,,,,,,,,,,,,,,,,,,,,,,,,,,,,,839.4774919999763,839.485174600035,840.4768194999779,840.4685680000111,,,,,,,,,,,,,,,,,,,,,,,,,,,,,,,,,,,,,,,,,,,,,,831.3503572000191,831.3598451999715,835.3435723000439,836.3357327999547,836.3517847999465,836.3517847999465,836.3517847999465,-0.0002712000859901309,837.4601301000221,2,1,1.097622700035572,None,842.1024911999702,842.1103806999745,842.6025352999568,842.5937714000465,837.952700200025,837.9597671999363,837.9597671999363,838.151798899984,839.4774126999546,2,1.3220129000255838,None,840.4690020999406,840.4768194999779,840.4768194999779,840.4768194999779,840.4768194999779,840.4768194999779,,,,,,842.1024109999416,1,0,842.5960816999432,842.6025352999568,842.6025352999568,842.6933389999904,,,,843.6521828999976,1,843.6522592999972,843.6601616999833,846.6562327999854,846.6439031000482,835.3520669999998,1.6211026000091806,None,0.9565434999531135,None,,,,,,,,,,,208,1,2026-07-13_09h30.57.948,SBL_superimposed_training_task,,2026.1.3,120.59511280161757,2026-07-13 09h30.59.229865 -0400,
stimuli/scenes/scene_U1.jpg,Somar,,,2,2,0,,,,,,,,,,,,,,,,,,,,,,,,,,,,,,,,Undersea,stimuli/items/undersea_animals_31.png,Undersea,animal,sc,,,,,1,1,0.5900331001030281,None,None,,,2,0,1,2.154595199972391,None,0.7643518999684602,None,,,,,,,,,,,,,,,,,,,,,,,,,,,,,,,,,,,,,0,2,2,7,846.6562327999854,,,,,,,,,,,,,,,,,,,,,,,,,,,,,,,,,,,,,,,,,,,,,,,,,,,,,,,,,,,,,,,,,,,,,,,,,,,,,,,,,,,,,,,,,,,,,,,,,,,,,,,,,,,,,,,,,,,,,,,,,,,,,,,,,,,,,,,,,,,,,,,,,,,,,,,,,,,,,,,,,854.7276739999652,854.7352034000214,855.7269470000174,855.7187950999942,,,,,,,,,,,,,,,,,,,,,,,,,,,,,,,,,,,,,,,,,,,,,,846.6541298000375,846.6562327999854,850.6437129999977,851.6362400000216,851.6436605999479,851.6436605999479,851.6436605999479,-0.0004526999546214938,852.2436760000419,1,1,0.5900331001030281,None,857.8938595999498,857.9021304999478,858.3945641999599,858.3855453999713,852.7377398000099,852.7442390000215,852.7442390000215,852.9352426000405,854.7276223000372,None,,,855.7242610999383,855.7352322000079,855.7352322000079,855.7352322000079,855.7352322000079,855.7352322000079,,,,,,857.8937776000239,2,0,858.387873300002,858.3945641999599,858.3945641999599,858.4854085999541,,,,859.2527396000223,1,859.2528169000288,859.2604526999639,862.2576388999587,862.2439334000228,850.6520091999555,2.154595199972391,None,0.7643518999684602,None,854.7268693000078,854.7352034000214,854.7352034000214,,,,,,,,208,1,2026-07-13_09h30.57.948,SBL_superimposed_training_task,,2026.1.3,120.59511280161757,2026-07-13 09h30.59.229865 -0400,
stimuli/scenes/scene_U2.jpg,Negvi,,,3,3,0,,,,,,,,,,,,,,,,,,,,,,,,,,,,,,,,Undersea,stimuli/items/jungle_animals_26.png,Jungle,animal,si,,,,,2,0,1.373720599920489,None,3,1.227176500018686,None,2,1,1,2.3695530999684706,None,0.8110227999277413,None,,,,,,,,,,,,,,,,,,,,,,,,,,,,,,,,,,,,,0,3,3,9,862.2576388999587,,,,,,,,,,,,,,,,,,,,,,,,,,,,,,,,,,,,,,,,,,,,,,,,,,,,,,,,,,,,,,,,,,,,,,,,,,,,,,,,,,,,,,,,,,,,,,,,,,,,,,,,,,,,,,,,,,,,,,,,,,,,,,,,,,,,,,,,,,,,,,,,,,,,,,,,,,,,,,,,,870.5528184999712,870.5604542000219,871.5522600000259,871.5439164999407,,,,,,,,,,,,,,,,,,,,,,,,,,,,,,,,,,,,,,,,,,,,,,862.2556661999552,862.2576388999587,866.243944899994,867.2363818000304,867.2438772999449,867.2438772999449,867.2438772999449,-0.0007210000185295939,868.6272739999695,2,0,1.373720599920489,None,873.9275302999886,873.9355597000103,874.4270354999462,874.4190174000105,869.1214523999952,869.1279859000351,869.1279859000351,869.3186783000128,870.5527432999806,3,1.227176500018686,None,871.5443537000101,871.5522600000259,871.5522600000259,871.5522600000259,871.5522600000259,871.5522600000259,,,,,,873.9274485999485,2,1,874.4199348000111,874.4270354999462,874.4270354999462,874.5187413999811,,,,875.3361435999395,1,875.3362268999917,875.3440501999576,878.3383413000265,878.3274900999386,866.2522647000151,2.3695530999684706,None,0.8110227999277413,None,,,,,,,,,,,208,1,2026-07-13_09h30.57.948,SBL_superimposed_training_task,,2026.1.3,120.59511280161757,2026-07-13 09h30.59.229865 -0400,
stimuli/scenes/scene_J2.jpg,Tulon,,,4,4,0,,,,,,,,,,,,,,,,,,,,,,,,,,,,,,,,Jungle,stimuli/items/undersea_objects_38.png,Undersea,object,si,,,,,2,1,1.0177681000204757,None,3,1.4613288999535143,None,None,0,1,,,1.0388940999982879,None,,,,,,,,,,,,,,,,,,,,,,,,,,,,,,,,,,,,,0,4,4,4,878.3383413000265,,,,,,,,,,,,,,,,,,,,,,,,,,,,,,,,,,,,,,,,,,,,,,,,,,,,,,,,,,,,,,,,,,,,,,,,,,,,,,,,,,,,,,,,,,,,,,,,,,,,,,,,,,,,,,,,,,,,,,,,,,,,,,,,,,,,,,,,,,,,,,,,,,,,,,,,,,,,,,,,,886.5198885999853,886.5273261000402,887.5190091000404,887.5107824000297,,,,,,,,,,,,,,,,,,,,,,,,,,,,,,,,,,,,,,,,,,,,,,878.3363504000008,878.3383413000265,882.3275994999567,883.3199900999898,883.3274411000311,883.3274411000311,883.3274411000311,-0.000152299995534122,884.3608745000092,2,1,1.0177681000204757,None,890.0027398000238,890.0106524999719,890.5023375999881,890.4944271999411,884.8535739999497,884.8605531000067,884.8605531000067,885.0524508999661,886.5198108999757,3,1.4613288999535143,None,887.5147096000146,887.5190091000404,887.5190091000404,887.5190091000404,887.5190091000404,887.5190091000404,890.0106524999719,890.0106524999719,890.0106524999719,890.0106524999719,890.0106524999719,890.0026851999573,None,0,890.4977955999784,890.5107603999786,890.5107603999786,890.6109391000355,,,,891.6529980000341,1,891.6530744000338,891.6607787000248,894.6565384999849,894.6444128999719,882.3359911999432,,,1.0388940999982879,None,,,,,,,,,,,208,1,2026-07-13_09h30.57.948,SBL_superimposed_training_task,,2026.1.3,120.59511280161757,2026-07-13 09h30.59.229865 -0400,
stimuli/scenes/scene_U1.jpg,Somar,,,5,5,0,,,,,,,,,,,,,,,,,,,,,,,,,,,,,,,,Undersea,stimuli/items/other_animals_39.png,Other,animal,si,,,,,1,1,1.6291903000092134,None,3,1.1440883999457583,None,2,0,1,1.714229500037618,None,0.12577319995034486,None,,,,,,,,,,,,,,,,,,,,,,,,,,,,,,,,,,,,,0,5,5,8,894.6565384999849,,,,,,,,,,,,,,,,,,,,,,,,,,,,,,,,,,,,,,,,,,,,,,,,,,,,,,,,,,,,,,,,,,,,,,,,,,,,,,,,,,,,,,,,,,,,,,,,,,,,,,,,,,,,,,,,,,,,,,,,,,,,,,,,,,,,,,,,,,,,,,,,,,,,,,,,,,,,,,,,,903.1283569999505,903.1359273999697,904.1277338999789,904.1195615000324,,,,,,,,,,,,,,,,,,,,,,,,,,,,,,,,,,,,,,,,,,,,,,894.6545040999772,894.6565384999849,898.6444987000432,899.63675960002,899.6445974999806,899.6445974999806,899.6445974999806,-0.0003776999656111002,901.2863831999712,1,1,1.6291903000092134,None,905.8449656999437,905.8530876999721,906.3453174999449,906.3362253999803,901.7799806999974,901.7865342999576,901.7865342999576,901.977741700015,903.1282810999546,3,1.1440883999457583,None,904.1236728000222,904.1277338999789,904.1277338999789,904.1277338999789,904.1277338999789,904.1277338999789,,,,,,905.84488530003,2,0,906.3385840000119,906.3453174999449,906.3453174999449,906.4360082999337,,,,906.5698928999482,1,906.5699747999897,906.5776481999783,909.5759004999418,909.5618712999858,898.6527116999496,1.714229500037618,None,0.12577319995034486,None,,,,,,,,,,,208,1,2026-07-13_09h30.57.948,SBL_superimposed_training_task,,2026.1.3,120.59511280161757,2026-07-13 09h30.59.229865 -0400,
stimuli/scenes/scene_U1.jpg,Somar,,,6,6,0,,,,,,,,,,,,,,,,,,,,,,,,,,,,,,,,Undersea,stimuli/items/undersea_objects_8.png,Undersea,object,sc,,,,,1,1,0.4721449000062421,None,2,0.8894492000108585,None,1,1,1,1.573807599954307,None,0.11095270002260804,None,,,,,,,,,,,,,,,,,,,,,,,,,,,,,,,,,,,,,0,6,6,6,909.5759004999418,,,,,,,,,,,,,,,,,,,,,,,,,,,,,,,,,,,,,,,,,,,,,,,,,,,,,,,,,,,,,,,,,,,,,,,,,,,,,,,,,,,,,,,,,,,,,,,,,,,,,,,,,,,,,,,,,,,,,,,,,,,,,,,,,,,,,,,,,,,,,,,,,,,,,,,,,,,,,,,,,916.6282831999706,916.6362530000042,917.6280885000015,917.6200153999962,,,,,,,,,,,,,,,,,,,,,,,,,,,,,,,,,,,,,,,,,,,,,,909.5739438999444,909.5759004999418,913.561437599943,914.5542617000174,914.5612404999556,914.5612404999556,914.5612404999556,-0.00024289998691529036,915.0452439000364,1,1,0.4721449000062421,None,919.2034491000231,919.2117719999515,919.7037016999675,919.6948903000448,915.5376043999568,915.5445617999649,915.5445617999649,915.7363323000027,916.6282079999801,2,0.8894492000108585,None,917.6204542999621,917.6280885000015,917.6280885000015,917.6280885000015,917.6280885000015,917.6280885000015,,,,,,919.2033695999999,1,1,919.6972393000033,919.7037016999675,919.7037016999675,919.7947891999502,,,,919.9120692999568,1,919.912137700012,919.9196595000103,922.9173879999435,922.903488800046,913.569708499941,1.573807599954307,None,0.11095270002260804,None,,,,,,,,,,,208,1,2026-07-13_09h30.57.948,SBL_superimposed_training_task,,2026.1.3,120.59511280161757,2026-07-13 09h30.59.229865 -0400,
stimuli/scenes/scene_J2.jpg,Tulon,,,7,7,0,,,,,,,,,,,,,,,,,,,,,,,,,,,,,,,,Jungle,stimuli/items/jungle_animals_46.png,Jungle,animal,sc,,,,,2,1,0.3459750999463722,None,3,1.3364381999708712,None,None,0,1,,,0.6070887999376282,None,,,,,,,,,,,,,,,,,,,,,,,,,,,,,,,,,,,,,0,7,7,3,922.9173879999435,,,,,,,,,,,,,,,,,,,,,,,,,,,,,,,,,,,,,,,,,,,,,,,,,,,,,,,,,,,,,,,,,,,,,,,,,,,,,,,,,,,,,,,,,,,,,,,,,,,,,,,,,,,,,,,,,,,,,,,,,,,,,,,,,,,,,,,,,,,,,,,,,,,,,,,,,,,,,,,,,930.2956823999994,930.3031887999969,931.2945327999769,931.287114799954,,,,,,,,,,,,,,,,,,,,,,,,,,,,,,,,,,,,,,,,,,,,,,922.9150374999736,922.9173879999435,926.9033428999828,927.8958073999966,927.9036607999587,927.9036607999587,927.9036607999587,-0.0001906000543385744,928.2617876000004,2,1,0.3459750999463722,None,933.778429799946,933.7866334000137,934.2784199999878,934.2702509999508,928.7564446999459,928.7629561999347,928.7629561999347,928.9534093999537,930.2956069000065,3,1.3364381999708712,None,931.2912216000259,931.2945327999769,931.2945327999769,931.2945327999769,931.2945327999769,931.2945327999769,933.7866334000137,933.7866334000137,933.7866334000137,933.7866334000137,933.7866334000137,933.7783767000074,None,0,934.2732950999634,934.2866741999751,934.2866741999751,934.3868319999892,,,,934.9953588999342,1,934.9954317000229,935.0030545999762,937.9995606000302,937.9870210000081,926.9120121999877,,,0.6070887999376282,None,,,,,,,,,,,208,1,2026-07-13_09h30.57.948,SBL_superimposed_training_task,,2026.1.3,120.59511280161757,2026-07-13 09h30.59.229865 -0400,
stimuli/scenes/scene_U2.jpg,Negvi,,,8,8,0,,,,,,,,,,,,,,,,,,,,,,,,,,,,,,,,Undersea,stimuli/items/undersea_animals_37.png,Undersea,animal,sc,,,,,2,0,1.4386028000153601,None,2,1.0975164999254048,None,2,1,1,1.2536813999759033,None,0.12321279989555478,None,,,,,,,,,,,,,,,,,,,,,,,,,,,,,,,,,,,,,0,8,8,11,937.9995606000302,,,,,,,,,,,,,,,,,,,,,,,,,,,,,,,,,,,,,,,,,,,,,,,,,,,,,,,,,,,,,,,,,,,,,,,,,,,,,,,,,,,,,,,,,,,,,,,,,,,,,,,,,,,,,,,,,,,,,,,,,,,,,,,,,,,,,,,,,,,,,,,,,,,,,,,,,,,,,,,,,946.229249099968,946.2365665000398,947.2281507999869,947.2208771000151,,,,,,,,,,,,,,,,,,,,,,,,,,,,,,,,,,,,,,,,,,,,,,937.9975844,937.9995606000302,941.9871968999505,942.9796892999439,942.986749600037,942.986749600037,942.986749600037,-8.450006134808064e-05,944.4374645999633,2,0,1.4386028000153601,None,948.4874068000354,948.495584600023,948.9878553999588,948.9789903999772,944.9298085999908,944.9364680999424,944.9364680999424,945.1283193000127,946.2291564999614,2,1.0975164999254048,None,947.2245881999843,947.2281507999869,947.2281507999869,947.2281507999869,947.2281507999869,947.2281507999869,,,,,,948.4873293000273,2,1,948.9812565000029,948.9878553999588,948.9878553999588,949.0786435999908,,,,949.2037192999851,1,949.2037864000304,949.211818599957,952.211524900049,952.1953424999956,941.9950510000344,1.2536813999759033,None,0.12321279989555478,None,,,,,,,,,,,208,1,2026-07-13_09h30.57.948,SBL_superimposed_training_task,,2026.1.3,120.59511280161757,2026-07-13 09h30.59.229865 -0400,
stimuli/scenes/scene_J1.jpg,Malbow,,,9,9,0,,,,,,,,,,,,,,,,,,,,,,,,,,,,,,,,Jungle,stimuli/items/other_objects_41.png,Other,object,si,,,,,2,1,0.2857746999943629,None,3,1.0468944000313058,None,1,0,1,2.0532630999805406,None,0.3948953999206424,None,,,,,,,,,,,,,,,,,,,,,,,,,,,,,,,,,,,,,0,9,9,2,952.211524900049,,,,,,,,,,,,,,,,,,,,,,,,,,,,,,,,,,,,,,,,,,,,,,,,,,,,,,,,,,,,,,,,,,,,,,,,,,,,,,,,,,,,,,,,,,,,,,,,,,,,,,,,,,,,,,,,,,,,,,,,,,,,,,,,,,,,,,,,,,,,,,,,,,,,,,,,,,,,,,,,,959.2378581999801,959.2453213999979,960.2366277000401,960.2292880000314,,,,,,,,,,,,,,,,,,,,,,,,,,,,,,,,,,,,,,,,,,,,,,952.2096115000313,952.211524900049,956.1959521999815,957.1878139999462,957.1951665999368,957.1951665999368,957.1951665999368,0.00021979992743581533,957.4956011000322,2,1,0.2857746999943629,None,962.2960779999848,962.3037932999432,962.7963712000055,962.7874122000067,957.9882615000242,957.9952717999695,957.9952717999695,958.1869314999785,959.2377855000086,3,1.0468944000313058,None,960.2333922999678,960.2366277000401,960.2366277000401,960.2366277000401,960.2366277000401,960.2366277000401,,,,,,962.295997499954,1,0,962.7897167999763,962.7963712000055,962.7963712000055,962.886974300025,,,,963.28778959997,1,963.2878614999354,963.2952945999568,966.2924361999612,966.2794211000437,956.2038965999382,2.0532630999805406,None,0.3948953999206424,None,,,,,,,,,,,208,1,2026-07-13_09h30.57.948,SBL_superimposed_training_task,,2026.1.3,120.59511280161757,2026-07-13 09h30.59.229865 -0400,
stimuli/scenes/scene_U2.jpg,Negvi,,,10,10,0,,,,,,,,,,,,,,,,,,,,,,,,,,,,,,,,Undersea,stimuli/items/jungle_animals_10.png,Jungle,animal,si,,,,,2,0,0.7304904999909922,None,1,0.2334805999416858,None,2,1,1,1.0721742999739945,None,1.5330997001146898,None,,,,,,,,,,,,,,,,,,,,,,,,,,,,,,,,,,,,,0,10,10,10,966.2924361999612,,,,,,,,,,,,,,,,,,,,,,,,,,,,,,,,,,,,,,,,,,,,,,,,,,,,,,,,,,,,,,,,,,,,,,,,,,,,,,,,,,,,,,,,,,,,,,,,,,,,,,,,,,,,,,,,,,,,,,,,,,,,,,,,,,,,,,,,,,,,,,,,,,,,,,,,,,,,,,,,,972.9545424999669,972.9621222999413,973.9537048999919,973.9461507999804,,,,,,,,,,,,,,,,,,,,,,,,,,,,,,,,,,,,,,,,,,,,,,966.2904221999925,966.2924361999612,970.2789922000375,971.2717749000294,971.2788855000399,971.2788855000399,971.2788855000399,-0.0005565000465139747,972.0206089999992,2,0,0.7304904999909922,None,975.0290402999381,975.0373582999455,975.5294430999784,975.5205956000136,972.5132272000192,972.5202306000283,972.5202306000283,972.7124534000177,972.9544735000236,1,0.2334805999416858,None,973.9498763999436,973.9537048999919,973.9537048999919,973.9537048999919,973.9537048999919,973.9537048999919,,,,,,975.0289631000487,2,1,975.5228797999443,975.5294430999784,975.5294430999784,975.6206931000343,,,,977.1544846999459,1,977.1545615999494,977.1625033000018,980.1655912999995,980.1460679000011,970.2875289999647,1.0721742999739945,None,1.5330997001146898,None,,,,,,,,,,,208,1,2026-07-13_09h30.57.948,SBL_superimposed_training_task,,2026.1.3,120.59511280161757,2026-07-13 09h30.59.229865 -0400,
stimuli/scenes/scene_J2.jpg,Tulon,,,11,11,0,,,,,,,,,,,,,,,,,,,,,,,,,,,,,,,,Jungle,stimuli/items/undersea_animals_18.png,Undersea,animal,si,,,,,2,1,1.18365439993795,None,2,1.6364866000367329,None,2,0,1,1.1870038999477401,None,0.7794281999813393,None,,,,,,,,,,,,,,,,,,,,,,,,,,,,,,,,,,,,,0,11,11,5,980.1655912999995,,,,,,,,,,,,,,,,,,,,,,,,,,,,,,,,,,,,,,,,,,,,,,,,,,,,,,,,,,,,,,,,,,,,,,,,,,,,,,,,,,,,,,,,,,,,,,,,,,,,,,,,,,,,,,,,,,,,,,,,,,,,,,,,,,,,,,,,,,,,,,,,,,,,,,,,,,,,,,,,,988.6799610999878,988.687393500004,989.6789107000222,989.6711402999936,,,,,,,,,,,,,,,,,,,,,,,,,,,,,,,,,,,,,,,,,,,,,,980.1631412999704,980.1655912999995,984.154535299982,985.1471054999856,985.1541511999676,985.1541511999676,985.1541511999676,-0.0003103000344708562,986.3461964000016,2,1,1.18365439993795,None,990.8709787999978,990.8794317999855,991.3717563999817,991.3627715000184,986.8389680000255,986.8457048999844,986.8457048999844,987.0373635999858,988.6798876000103,2,1.6364866000367329,None,989.6754112000344,989.6789107000222,989.6789107000222,989.6789107000222,989.6789107000222,989.6789107000222,,,,,,990.8709016999928,2,0,991.3651957999682,991.3717563999817,991.3717563999817,991.4623506999342,,,,992.2461358000292,1,992.2462080999976,992.2543053999543,995.2459599999711,995.2379934999626,984.1627960000187,1.1870038999477401,None,0.7794281999813393,None,,,,,,,,,,,208,1,2026-07-13_09h30.57.948,SBL_superimposed_training_task,,2026.1.3,120.59511280161757,2026-07-13 09h30.59.229865 -0400,
,,,,,,,,,,,,,,,,,,,,,,,,,,,,,,,,,,,,,,,,,,,,,,,,,,,,,,,,,,,,,,,,,,,,,,,,,,,,,,,,,,,,,,,,,,,,,,,,,,,,,,,,,,,,,,,,,,,,,,,,,,,,,,,,,,,,,,,,,,,,,,,,,,,,,,,,,,,,,,,,,,,,,,,,,,,,,,,,,,,,,,,,,,,,,,,,,,,,,,,,,,,,,,,,,,,,,,,,,,,,,,,,,,,,,,,,,,,,,,,,,,,,,,,,,,,,,,,,,,,,,,,,,,,,,,,,,,,,,,,,,,,,,,,,,,,,,,,,,,,,,,,,,,,,,,,,,,,,,,,,,,,,,,,,,,,,,,,,,,,,,,,,,,,,,,,,,,,,,,,,,,,,,,,,,,,995.2381685000146,995.2459599999711,995.2459599999711,1000.2376607999904,1000.2376607999904,1000.2298039000016,None,208,1,2026-07-13_09h30.57.948,SBL_superimposed_training_task,,2026.1.3,120.59511280161757,2026-07-13 09h30.59.229865 -0400,
