run,thisN,thisTrialN,thisRepN,scene_stimulus,scene_cat,scene_label,item_stimulus,item_cat,item_type,congruency,key_resp_congruency.keys,key_resp_congruency.corr,key_resp_congruency.rt,key_resp_congruency.duration,runs.thisRepN,runs.thisTrialN,runs.thisN,runs.thisIndex,trials.thisRepN,trials.thisTrialN,trials.thisN,trials.thisIndex,between_run_inst.thisRepN,between_run_inst.thisTrialN,between_run_inst.thisN,between_run_inst.thisIndex,thisRow.t,notes,piloting,get_relatedness_keys.started,get_relatedness_keys.stopped,instructions_screen.started,text_instructions.started,key_welcome.started,instructions_screen.stopped,key_welcome.keys,key_welcome.rt,key_welcome.duration,instruction_keys.started,text_keys.started,key_resp_keysInst.started,instruction_keys.stopped,key_resp_keysInst.keys,key_resp_keysInst.rt,key_resp_keysInst.duration,scene_names_reminder.started,text_reminder.started,image1.started,image2.started,image3.started,image4.started,textbox1.started,textbox2.started,textbox3.started,textbox4.started,key_reminder.started,scene_names_reminder.stopped,key_reminder.keys,key_reminder.rt,key_reminder.duration,blank2000.started,text_2.started,text_2.stopped,blank2000.stopped,get_run_stim_list.started,get_run_stim_list.stopped,scene_item_presentation.started,image_scene.started,image_item.started,scene_item_presentation.stopped,congruency_response.started,text_congruency.started,key_resp_congruency.started,text_congruency.stopped,key_resp_congruency.stopped,congruency_response.stopped,trials.key_resp_congruency.keys,trials.key_resp_congruency.corr,blank1000.started,text.started,text.stopped,blank1000.stopped,trials.key_resp_congruency.rt,trials.key_resp_congruency.duration,is_last_run.started,is_last_run.stopped,between_run_pause.started,text_run_pause.started,text_relatedness_pause.started,key_resp_next_run.started,between_run_pause.stopped,between_run_inst.key_resp_next_run.keys,between_run_inst.key_resp_next_run.rt,between_run_inst.key_resp_next_run.duration,image_scene.stopped,image_item.stopped,end_screen.started,text_end.started,key_end.started,key_end.stopped,text_end.stopped,end_screen.stopped,key_end.keys,participant,session,delay,group,date,expName,expVersion,psychopyVersion,frameRate,expStart,
,,,,,,,,,,,,,,,,,,,,,,,,,,,,,False,0.002030799980275333,0.002354099997319281,,,,,,,,,,,,,,,,,,,,,,,,,,,,,,,,,,,,,,,,,,,,,,,,,,,,,,,,,,,,,,,,,,,,,,,,,201,1,short,A,2026-07-09_14h05.35.427,SBL_superimposed_encoding,,2026.1.3,120.31971351195838,2026-07-09 14h05.35.614754 -0400,
,,,,,,,,,,,,,,,,,,,,,,,,,,,,,,,,0.002381899976171553,0.006564399984199554,0.9979365000035614,27.203136700030882,space,26.189516599988565,None,,,,,,,,,,,,,,,,,,,,,,,,,,,,,,,,,,,,,,,,,,,,,,,,,,,,,,,,,,,,,,,,,,201,1,short,A,2026-07-09_14h05.35.427,SBL_superimposed_encoding,,2026.1.3,120.31971351195838,2026-07-09 14h05.35.614754 -0400,
,,,,,,,,,,,,,,,,,,,,,,,,,,,,,,,,,,,,,,,27.229101500008255,27.231839300016873,27.231839300016873,76.68298199999845,space,49.442508100008126,None,,,,,,,,,,,,,,,,,,,,,,,,,,,,,,,,,,,,,,,,,,,,,,,,,,,,,,,,,,,201,1,short,A,2026-07-09_14h05.35.427,SBL_superimposed_encoding,,2026.1.3,120.31971351195838,2026-07-09 14h05.35.614754 -0400,
,,,,,,,,,,,,,,,,,,,,,,,,,,,,,,,,,,,,,,,,,,,,,,76.88944180001272,76.96743910002988,76.96743910002988,76.96743910002988,76.96743910002988,76.96743910002988,76.96743910002988,76.96743910002988,76.96743910002988,76.96743910002988,78.67418789997464,102.85856469999999,space,24.176879499980714,None,,,,,,,,,,,,,,,,,,,,,,,,,,,,,,,,,,,,,,,,,,,,201,1,short,A,2026-07-09_14h05.35.427,SBL_superimposed_encoding,,2026.1.3,120.31971351195838,2026-07-09 14h05.35.614754 -0400,
,,,,,,,,,,,,,,,,,,,,,,,,,,,,,,,,,,,,,,,,,,,,,,,,,,,,,,,,,,,,,102.85860749997664,102.86606460000621,104.95736409997335,104.84991240000818,,,,,,,,,,,,,,,,,,,,,,,,,,,,,,,,,,,,,,,,201,1,short,A,2026-07-09_14h05.35.427,SBL_superimposed_encoding,,2026.1.3,120.31971351195838,2026-07-09 14h05.35.614754 -0400,
1,0,0,0,stimuli/scenes/scene_U2.jpg,Undersea,Tulon,stimuli/items/undersea_object_15.png,Undersea,object,sc,None,0,,,0,0,0,0,0,0,0,0,,,,,104.95736409997335,,,,,,,,,,,,,,,,,,,,,,,,,,,,,,,,,,,,,,104.86273130000336,104.86297030001879,104.94721200002823,104.95736409997335,104.95736409997335,106.86683190002805,106.87031480000587,106.874356299988,106.874356299988,107.86591350001981,107.86591350001981,107.8581683000084,None,0,107.8582159000216,107.86591350001981,108.89900430000853,108.850071199995,,,,,,,,,,,,,,,,,,,,,,201,1,short,A,2026-07-09_14h05.35.427,SBL_superimposed_encoding,,2026.1.3,120.31971351195838,2026-07-09 14h05.35.614754 -0400,
1,1,1,0,stimuli/scenes/scene_J1.jpg,Jungle,Malbow,stimuli/items/jungle_object_8.png,Jungle,object,sc,p,1,0.6489080999745056,None,0,0,0,0,0,1,1,1,,,,,108.89900430000853,,,,,,,,,,,,,,,,,,,,,,,,,,,,,,,,,,,,,,,,108.88980669999728,108.89900430000853,108.89900430000853,110.86669290001737,110.86673880001763,110.87447440001415,110.87447440001415,,,111.52519110002322,p,1,111.52525030000834,111.53262000001268,112.56578960001934,112.51679520000471,0.6489080999745056,None,,,,,,,,,,,,,,,,,,,,201,1,short,A,2026-07-09_14h05.35.427,SBL_superimposed_encoding,,2026.1.3,120.31971351195838,2026-07-09 14h05.35.614754 -0400,
1,2,2,0,stimuli/scenes/scene_U1.jpg,Undersea,Negvi,stimuli/items/jungle_object_3.png,Jungle,object,si,q,1,0.7345180999836884,None,0,0,0,0,0,2,2,2,,,,,112.56578960001934,,,,,,,,,,,,,,,,,,,,,,,,,,,,,,,,,,,,,,,,112.55902729998343,112.56578960001934,112.56578960001934,114.52560579997953,114.52570260001812,114.5327099999995,114.5327099999995,,,115.27569999999832,q,1,115.27575919998344,115.2830950000207,116.31502089998685,116.26656760001788,0.7345180999836884,None,,,,,,,,,,,,,,,,,,,,201,1,short,A,2026-07-09_14h05.35.427,SBL_superimposed_encoding,,2026.1.3,120.31971351195838,2026-07-09 14h05.35.614754 -0400,
1,3,3,0,stimuli/scenes/scene_J2.jpg,Jungle,Somar,stimuli/items/undersea_animal_15.png,Undersea,animal,si,p,0,0.6078805000288412,None,0,0,0,0,0,3,3,3,,,,,116.31502089998685,,,,,,,,,,,,,,,,,,,,,,,,,,,,,,,,,,,,,,,,116.30344079999486,116.31502089998685,116.31502089998685,118.28370730002644,118.28379680000944,118.29099469998619,118.29099469998619,,,118.90013919997727,p,0,118.90019760001451,118.90789129998302,119.93037999997614,119.89185070001986,0.6078805000288412,None,,,,,,,,,,,,,,,,,,,,201,1,short,A,2026-07-09_14h05.35.427,SBL_superimposed_encoding,,2026.1.3,120.31971351195838,2026-07-09 14h05.35.614754 -0400,
1,4,4,0,stimuli/scenes/scene_U1.jpg,Undersea,Negvi,stimuli/items/jungle_animal_5.png,Jungle,animal,si,q,1,0.6872040000162087,None,0,0,0,0,0,4,4,4,,,,,119.93037999997614,,,,,,,,,,,,,,,,,,,,,,,,,,,,,,,,,,,,,,,,119.91887839999981,119.93037999997614,119.93037999997614,121.90031449997332,121.90036099997815,121.90807980002137,121.90807980002137,,,122.60028379998403,q,1,122.60034320002887,122.60817760002101,123.63311019999674,123.59185730002355,0.6872040000162087,None,,,,,,,,,,,,,,,,,,,,201,1,short,A,2026-07-09_14h05.35.427,SBL_superimposed_encoding,,2026.1.3,120.31971351195838,2026-07-09 14h05.35.614754 -0400,
1,5,5,0,stimuli/scenes/scene_J2.jpg,Jungle,Somar,stimuli/items/jungle_animal_11.png,Jungle,animal,sc,q,0,0.7545958000118844,None,0,0,0,0,0,5,5,5,,,,,123.63311019999674,,,,,,,,,,,,,,,,,,,,,,,,,,,,,,,,,,,,,,,,123.62618650001241,123.63311019999674,123.63311019999674,125.60845230001723,125.60849750001216,125.61632899998222,125.61632899998222,,,126.3750546000083,q,0,126.37511510000331,126.38302680000197,127.4135025999858,127.36690359999193,0.7545958000118844,None,,,,,,,,,,,,,,,,,,,,201,1,short,A,2026-07-09_14h05.35.427,SBL_superimposed_encoding,,2026.1.3,120.31971351195838,2026-07-09 14h05.35.614754 -0400,
1,6,6,0,stimuli/scenes/scene_U1.jpg,Undersea,Negvi,stimuli/items/undersea_animal_9.png,Undersea,animal,sc,p,1,0.6681314000161365,None,0,0,0,0,0,6,6,6,,,,,127.4135025999858,,,,,,,,,,,,,,,,,,,,,,,,,,,,,,,,,,,,,,,,127.40202909999061,127.4135025999858,127.4135025999858,129.37557450000895,129.37565679999534,129.38307919999352,129.38307919999352,,,130.0588511999813,p,1,130.05890930001624,130.06638420000672,131.0993765000021,131.05012299999362,0.6681314000161365,None,,,,,,,,,,,,,,,,,,,,201,1,short,A,2026-07-09_14h05.35.427,SBL_superimposed_encoding,,2026.1.3,120.31971351195838,2026-07-09 14h05.35.614754 -0400,
1,7,7,0,stimuli/scenes/scene_J1.jpg,Jungle,Malbow,stimuli/items/undersea_animal_14.png,Undersea,animal,si,q,1,0.6483382000005804,None,0,0,0,0,0,7,7,7,,,,,131.0993765000021,,,,,,,,,,,,,,,,,,,,,,,,,,,,,,,,,,,,,,,,131.0897179999738,131.0993765000021,131.0993765000021,133.05914859997574,133.05919330002507,133.0667920000269,133.0667920000269,,,133.7171577999834,q,1,133.71721620002063,133.72482369997306,134.7410486000008,134.70870999997715,0.6483382000005804,None,,,,,,,,,,,,,,,,,,,,201,1,short,A,2026-07-09_14h05.35.427,SBL_superimposed_encoding,,2026.1.3,120.31971351195838,2026-07-09 14h05.35.614754 -0400,
1,8,8,0,stimuli/scenes/scene_U1.jpg,Undersea,Negvi,stimuli/items/jungle_animal_18.png,Jungle,animal,si,q,1,0.6144103000406176,None,0,0,0,0,0,8,8,8,,,,,134.7410486000008,,,,,,,,,,,,,,,,,,,,,,,,,,,,,,,,,,,,,,,,134.73238569998648,134.7410486000008,134.7410486000008,136.7254399000085,136.72549310000613,136.7329203999834,136.7329203999834,,,137.35053489997517,q,1,137.3505938000162,137.35804239998106,138.3992957000155,138.34192889998667,0.6144103000406176,None,,,,,,,,,,,,,,,,,,,,201,1,short,A,2026-07-09_14h05.35.427,SBL_superimposed_encoding,,2026.1.3,120.31971351195838,2026-07-09 14h05.35.614754 -0400,
1,9,9,0,stimuli/scenes/scene_J2.jpg,Jungle,Somar,stimuli/items/jungle_object_6.png,Jungle,object,sc,p,1,0.5477661999757402,None,0,0,0,0,0,9,9,9,,,,,138.3992957000155,,,,,,,,,,,,,,,,,,,,,,,,,,,,,,,,,,,,,,,,138.38750110002002,138.3992957000155,138.3992957000155,140.35870869999053,140.35875409998698,140.36671750003006,140.36671750003006,,,140.91744240000844,p,1,140.91750400001183,140.92483179998817,141.95611239998834,141.9086346999975,0.5477661999757402,None,,,,,,,,,,,,,,,,,,,,201,1,short,A,2026-07-09_14h05.35.427,SBL_superimposed_encoding,,2026.1.3,120.31971351195838,2026-07-09 14h05.35.614754 -0400,
1,10,10,0,stimuli/scenes/scene_U1.jpg,Undersea,Negvi,stimuli/items/undersea_animal_16.png,Undersea,animal,sc,q,0,0.59724269999424,None,0,0,0,0,0,10,10,10,,,,,141.95611239998834,,,,,,,,,,,,,,,,,,,,,,,,,,,,,,,,,,,,,,,,141.94450510002207,141.95611239998834,141.95611239998834,143.92571959999623,143.92581520002568,143.93336259998614,143.93336259998614,,,144.53387290000683,q,0,144.53393159998814,144.54169440001715,145.583290199982,145.52532840002095,0.59724269999424,None,,,,,,,,,,,,,,,,,,,,201,1,short,A,2026-07-09_14h05.35.427,SBL_superimposed_encoding,,2026.1.3,120.31971351195838,2026-07-09 14h05.35.614754 -0400,
1,11,11,0,stimuli/scenes/scene_U2.jpg,Undersea,Tulon,stimuli/items/undersea_object_13.png,Undersea,object,sc,q,0,0.7336315999855287,None,0,0,0,0,0,11,11,11,,,,,145.583290199982,,,,,,,,,,,,,,,,,,,,,,,,,,,,,,,,,,,,,,,,145.57587659999263,145.583290199982,145.583290199982,147.53401180001674,147.53405790001852,147.54154950001976,147.54154950001976,,,148.28394250001293,q,0,148.28400139999576,148.2918084000121,149.3245176000055,149.27591259998735,0.7336315999855287,None,,,,,,,,,,,,,,,,,,,,201,1,short,A,2026-07-09_14h05.35.427,SBL_superimposed_encoding,,2026.1.3,120.31971351195838,2026-07-09 14h05.35.614754 -0400,
1,12,12,0,stimuli/scenes/scene_J1.jpg,Jungle,Malbow,stimuli/items/jungle_animal_14.png,Jungle,animal,sc,p,1,0.6955618999782018,None,0,0,0,0,0,12,12,12,,,,,149.3245176000055,,,,,,,,,,,,,,,,,,,,,,,,,,,,,,,,,,,,,,,,149.31387130002258,149.3245176000055,149.3245176000055,151.2844608000014,151.2845582999871,151.29177690000506,151.29177690000506,,,151.99262149998685,p,1,151.99267950002104,152.00011860002996,153.02518370002508,152.98363769997377,0.6955618999782018,None,,,,,,,,,,,,,,,,,,,,201,1,short,A,2026-07-09_14h05.35.427,SBL_superimposed_encoding,,2026.1.3,120.31971351195838,2026-07-09 14h05.35.614754 -0400,
1,13,13,0,stimuli/scenes/scene_U2.jpg,Undersea,Tulon,stimuli/items/undersea_animal_20.png,Undersea,animal,sc,p,1,0.6902725999825634,None,0,0,0,0,0,13,13,13,,,,,153.02518370002508,,,,,,,,,,,,,,,,,,,,,,,,,,,,,,,,,,,,,,,,153.01844680000795,153.02518370002508,153.02518370002508,155.0009383999859,155.00103300000774,155.00836300000083,155.00836300000083,,,155.7004896000144,p,1,155.70054799999343,155.70847339998,156.73382279998623,156.69208120001713,0.6902725999825634,None,,,,,,,,,,,,,,,,,,,,201,1,short,A,2026-07-09_14h05.35.427,SBL_superimposed_encoding,,2026.1.3,120.31971351195838,2026-07-09 14h05.35.614754 -0400,
1,14,14,0,stimuli/scenes/scene_J2.jpg,Jungle,Somar,stimuli/items/undersea_object_14.png,Undersea,object,si,q,1,0.7827797000063583,None,0,0,0,0,0,14,14,14,,,,,156.73382279998623,,,,,,,,,,,,,,,,,,,,,,,,,,,,,,,,,,,,,,,,156.72764050000114,156.73382279998623,156.73382279998623,158.70121520000976,158.70133040001383,158.70842169999378,158.70842169999378,,,159.4924351000227,q,1,159.49249690002762,159.5000762999989,160.53376780002145,160.48387320002075,0.7827797000063583,None,,,,,,,,,,,,,,,,,,,,201,1,short,A,2026-07-09_14h05.35.427,SBL_superimposed_encoding,,2026.1.3,120.31971351195838,2026-07-09 14h05.35.614754 -0400,
1,15,15,0,stimuli/scenes/scene_J1.jpg,Jungle,Malbow,stimuli/items/jungle_animal_12.png,Jungle,animal,sc,p,1,0.7744055999792181,None,0,0,0,0,0,15,15,15,,,,,160.53376780002145,,,,,,,,,,,,,,,,,,,,,,,,,,,,,,,,,,,,,,,,160.5262016999768,160.53376780002145,160.53376780002145,162.50063770002453,162.5006838000263,162.5082698999904,162.5082698999904,,,163.28448049997678,p,1,163.28453960001934,163.29187309998088,164.31708290003007,164.2759644999751,0.7744055999792181,None,,,,,,,,,,,,,,,,,,,,201,1,short,A,2026-07-09_14h05.35.427,SBL_superimposed_encoding,,2026.1.3,120.31971351195838,2026-07-09 14h05.35.614754 -0400,
1,16,16,0,stimuli/scenes/scene_J2.jpg,Jungle,Somar,stimuli/items/jungle_animal_16.png,Jungle,animal,sc,p,1,0.951186099962797,None,0,0,0,0,0,16,16,16,,,,,164.31708290003007,,,,,,,,,,,,,,,,,,,,,,,,,,,,,,,,,,,,,,,,164.3096038000076,164.31708290003007,164.31708290003007,166.29277980001643,166.29282430000603,166.30011299997568,166.30011299997568,,,167.25919499999145,p,1,167.25926650001202,167.26675780001096,168.2996597000165,168.2509190000128,0.951186099962797,None,,,,,,,,,,,,,,,,,,,,201,1,short,A,2026-07-09_14h05.35.427,SBL_superimposed_encoding,,2026.1.3,120.31971351195838,2026-07-09 14h05.35.614754 -0400,
1,17,17,0,stimuli/scenes/scene_U1.jpg,Undersea,Negvi,stimuli/items/undersea_object_2.png,Undersea,object,sc,p,1,0.8396457000053488,None,0,0,0,0,0,17,17,17,,,,,168.2996597000165,,,,,,,,,,,,,,,,,,,,,,,,,,,,,,,,,,,,,,,,168.2903899999801,168.2996597000165,168.2996597000165,170.25951090001035,170.25960739998845,170.26699049997842,170.26699049997842,,,171.10939739999594,p,1,171.10945739998715,171.11725020001177,172.14991340000415,172.1005135999876,0.8396457000053488,None,,,,,,,,,,,,,,,,,,,,201,1,short,A,2026-07-09_14h05.35.427,SBL_superimposed_encoding,,2026.1.3,120.31971351195838,2026-07-09 14h05.35.614754 -0400,
1,18,18,0,stimuli/scenes/scene_J2.jpg,Jungle,Somar,stimuli/items/undersea_animal_4.png,Undersea,animal,si,q,1,0.5572730000130832,None,0,0,0,0,0,18,18,18,,,,,172.14991340000415,,,,,,,,,,,,,,,,,,,,,,,,,,,,,,,,,,,,,,,,172.13872280000942,172.14991340000415,172.14991340000415,174.10974829999031,174.1098270000075,174.1171548999846,174.1171548999846,,,174.67596989998128,q,1,174.6760294000269,174.683578199998,175.71702909999294,175.66739070002222,0.5572730000130832,None,,,,,,,,,,,,,,,,,,,,201,1,short,A,2026-07-09_14h05.35.427,SBL_superimposed_encoding,,2026.1.3,120.31971351195838,2026-07-09 14h05.35.614754 -0400,
1,19,19,0,stimuli/scenes/scene_U2.jpg,Undersea,Tulon,stimuli/items/jungle_object_13.png,Jungle,object,si,q,1,0.6153622000128962,None,0,0,0,0,0,19,19,19,,,,,175.71702909999294,,,,,,,,,,,,,,,,,,,,,,,,,,,,,,,,,,,,,,,,175.7098184999777,175.71702909999294,175.71702909999294,177.6841769000166,177.6842257999815,177.69196550000925,177.69196550000925,,,178.30948240001453,q,1,178.3095438000164,178.31703460001154,179.34180350002134,179.30107769998722,0.6153622000128962,None,,,,,,,,,,,,,,,,,,,,201,1,short,A,2026-07-09_14h05.35.427,SBL_superimposed_encoding,,2026.1.3,120.31971351195838,2026-07-09 14h05.35.614754 -0400,
1,20,20,0,stimuli/scenes/scene_J2.jpg,Jungle,Somar,stimuli/items/jungle_object_16.png,Jungle,object,sc,p,1,0.6861482000094838,None,0,0,0,0,0,20,20,20,,,,,179.34180350002134,,,,,,,,,,,,,,,,,,,,,,,,,,,,,,,,,,,,,,,,179.3321340000257,179.34180350002134,179.34180350002134,181.30988130002515,181.3099820999778,181.31700119999005,181.31700119999005,,,182.00978860002942,p,1,182.00984670000616,182.01715500000864,183.0584837999777,183.00088649999816,0.6861482000094838,None,,,,,,,,,,,,,,,,,,,,201,1,short,A,2026-07-09_14h05.35.427,SBL_superimposed_encoding,,2026.1.3,120.31971351195838,2026-07-09 14h05.35.614754 -0400,
1,21,21,0,stimuli/scenes/scene_U2.jpg,Undersea,Tulon,stimuli/items/jungle_object_1.png,Jungle,object,si,q,1,0.5455689000082202,None,0,0,0,0,0,21,21,21,,,,,183.0584837999777,,,,,,,,,,,,,,,,,,,,,,,,,,,,,,,,,,,,,,,,183.04883879999397,183.0584837999777,183.0584837999777,185.01782349997666,185.0178691999754,185.02529650001088,185.02529650001088,,,185.5763666999992,q,1,185.57642639998812,185.58379350003088,186.6221884000115,186.567300900002,0.5455689000082202,None,,,,,,,,,,,,,,,,,,,,201,1,short,A,2026-07-09_14h05.35.427,SBL_superimposed_encoding,,2026.1.3,120.31971351195838,2026-07-09 14h05.35.614754 -0400,
1,22,22,0,stimuli/scenes/scene_U1.jpg,Undersea,Negvi,stimuli/items/undersea_object_6.png,Undersea,object,sc,p,1,0.3551619999925606,None,0,0,0,0,0,22,22,22,,,,,186.6221884000115,,,,,,,,,,,,,,,,,,,,,,,,,,,,,,,,,,,,,,,,186.611778600025,186.6221884000115,186.6221884000115,188.5849466000218,188.58499250002205,188.5922323000268,188.5922323000268,,,188.95122300001094,p,1,188.95128280000063,188.9588892000029,189.98937109997496,189.9425842000055,0.3551619999925606,None,,,,,,,,,,,,,,,,,,,,201,1,short,A,2026-07-09_14h05.35.427,SBL_superimposed_encoding,,2026.1.3,120.31971351195838,2026-07-09 14h05.35.614754 -0400,
1,23,23,0,stimuli/scenes/scene_U2.jpg,Undersea,Tulon,stimuli/items/undersea_object_10.png,Undersea,object,sc,p,1,0.3001249000080861,None,0,0,0,0,0,23,23,23,,,,,189.98937109997496,,,,,,,,,,,,,,,,,,,,,,,,,,,,,,,,,,,,,,,,189.97901569999522,189.98937109997496,189.98937109997496,191.95166540000355,191.95177149999654,191.9590852999827,191.9590852999827,,,192.26849550002953,p,1,192.26855109998723,192.2754129000241,193.30036870000185,193.2593174999929,0.3001249000080861,None,,,,,,,,,,,,,,,,,,,,201,1,short,A,2026-07-09_14h05.35.427,SBL_superimposed_encoding,,2026.1.3,120.31971351195838,2026-07-09 14h05.35.614754 -0400,
1,24,24,0,stimuli/scenes/scene_U1.jpg,Undersea,Negvi,stimuli/items/undersea_object_9.png,Undersea,object,sc,q,0,0.6232367000193335,None,0,0,0,0,0,24,24,24,,,,,193.30036870000185,,,,,,,,,,,,,,,,,,,,,,,,,,,,,,,,,,,,,,,,193.29172209999524,193.30036870000185,193.30036870000185,195.27647310000611,195.2765184000018,195.2839166999911,195.2839166999911,,,195.9097612000187,q,0,195.9098207000061,195.91733650001697,196.96529129997361,196.90124269999797,0.6232367000193335,None,,,,,,,,,,,,,,,,,,,,201,1,short,A,2026-07-09_14h05.35.427,SBL_superimposed_encoding,,2026.1.3,120.31971351195838,2026-07-09 14h05.35.614754 -0400,
1,25,25,0,stimuli/scenes/scene_J2.jpg,Jungle,Somar,stimuli/items/jungle_object_12.png,Jungle,object,sc,p,1,0.3887673999997787,None,0,0,0,0,0,25,25,25,,,,,196.96529129997361,,,,,,,,,,,,,,,,,,,,,,,,,,,,,,,,,,,,,,,,196.9535526999971,196.96529129997361,196.96529129997361,198.91846930002794,198.91856680001365,198.92611489997944,198.92611489997944,,,199.3184727000189,p,1,199.3185327000101,199.32565640000394,200.3593714000308,200.3093769000261,0.3887673999997787,None,,,,,,,,,,,,,,,,,,,,201,1,short,A,2026-07-09_14h05.35.427,SBL_superimposed_encoding,,2026.1.3,120.31971351195838,2026-07-09 14h05.35.614754 -0400,
1,26,26,0,stimuli/scenes/scene_U2.jpg,Undersea,Tulon,stimuli/items/jungle_animal_19.png,Jungle,animal,si,q,1,0.5647100000060163,None,0,0,0,0,0,26,26,26,,,,,200.3593714000308,,,,,,,,,,,,,,,,,,,,,,,,,,,,,,,,,,,,,,,,200.35340840002755,200.3593714000308,200.3593714000308,202.3266508000088,202.3266968000098,202.3340519000194,202.3340519000194,,,202.9013473999803,q,1,202.90140759997303,202.9091260000132,203.92607450002106,203.8930833999766,0.5647100000060163,None,,,,,,,,,,,,,,,,,,,,201,1,short,A,2026-07-09_14h05.35.427,SBL_superimposed_encoding,,2026.1.3,120.31971351195838,2026-07-09 14h05.35.614754 -0400,
1,27,27,0,stimuli/scenes/scene_J2.jpg,Jungle,Somar,stimuli/items/jungle_object_4.png,Jungle,object,sc,p,1,0.5421869999845512,None,0,0,0,0,0,27,27,27,,,,,203.92607450002106,,,,,,,,,,,,,,,,,,,,,,,,,,,,,,,,,,,,,,,,203.91894300002605,203.92607450002106,203.92607450002106,205.90171679999912,205.90178389998619,205.90909630001988,205.90909630001988,,,206.45201230002567,p,1,206.4520733000245,206.45899120002287,207.4921570000006,207.4428929000278,0.5421869999845512,None,,,,,,,,,,,,,,,,,,,,201,1,short,A,2026-07-09_14h05.35.427,SBL_superimposed_encoding,,2026.1.3,120.31971351195838,2026-07-09 14h05.35.614754 -0400,
1,28,28,0,stimuli/scenes/scene_J1.jpg,Jungle,Malbow,stimuli/items/undersea_animal_19.png,Undersea,animal,si,q,1,0.40762770001310855,None,0,0,0,0,0,28,28,28,,,,,207.4921570000006,,,,,,,,,,,,,,,,,,,,,,,,,,,,,,,,,,,,,,,,207.48149929998908,207.4921570000006,207.4921570000006,209.4600082000252,209.4600532000186,209.46769850002602,209.46769850002602,,,209.87662440002896,q,1,209.87668420001864,209.88413750001928,210.91649590001907,210.86808290000772,0.40762770001310855,None,,,,,,,,,,,,,,,,,,,,201,1,short,A,2026-07-09_14h05.35.427,SBL_superimposed_encoding,,2026.1.3,120.31971351195838,2026-07-09 14h05.35.614754 -0400,
1,29,29,0,stimuli/scenes/scene_U2.jpg,Undersea,Tulon,stimuli/items/jungle_animal_15.png,Jungle,animal,si,q,1,0.47906139999395236,None,0,0,0,0,0,29,29,29,,,,,210.91649590001907,,,,,,,,,,,,,,,,,,,,,,,,,,,,,,,,,,,,,,,,210.9061600000132,210.91649590001907,210.91649590001907,212.8768357000081,212.87693909998052,212.88434140000027,212.88434140000027,,,213.36828420002712,q,1,213.36836480000056,213.37594489997718,214.40943270002026,214.35938650002936,0.47906139999395236,None,,,,,,,,,,,,,,,,,,,,201,1,short,A,2026-07-09_14h05.35.427,SBL_superimposed_encoding,,2026.1.3,120.31971351195838,2026-07-09 14h05.35.614754 -0400,
1,30,30,0,stimuli/scenes/scene_U1.jpg,Undersea,Negvi,stimuli/items/undersea_animal_6.png,Undersea,animal,sc,p,1,0.3062559000100009,None,0,0,0,0,0,30,30,30,,,,,214.40943270002026,,,,,,,,,,,,,,,,,,,,,,,,,,,,,,,,,,,,,,,,214.40315600001486,214.40943270002026,214.40943270002026,216.37682990002213,216.37687380000716,216.3846042000223,216.3846042000223,,,216.69335740001407,p,1,216.6934162999969,216.7011993000051,217.73362000001362,217.68471880001016,0.3062559000100009,None,,,,,,,,,,,,,,,,,,,,201,1,short,A,2026-07-09_14h05.35.427,SBL_superimposed_encoding,,2026.1.3,120.31971351195838,2026-07-09 14h05.35.614754 -0400,
1,31,31,0,stimuli/scenes/scene_J1.jpg,Jungle,Malbow,stimuli/items/undersea_object_1.png,Undersea,object,si,q,1,0.9011521000065841,None,0,0,0,0,0,31,31,31,,,,,217.73362000001362,,,,,,,,,,,,,,,,,,,,,,,,,,,,,,,,,,,,,,,,217.7242474000086,217.73362000001362,217.73362000001362,219.70203829999082,219.70210370002314,219.70927920000395,219.70927920000395,,,220.61824610002805,q,1,220.61830949998694,220.62595820002025,221.64250419999007,221.60974919999717,0.9011521000065841,None,,,,,,,,,,,,,,,,,,,,201,1,short,A,2026-07-09_14h05.35.427,SBL_superimposed_encoding,,2026.1.3,120.31971351195838,2026-07-09 14h05.35.614754 -0400,
1,32,32,0,stimuli/scenes/scene_U2.jpg,Undersea,Tulon,stimuli/items/jungle_animal_13.png,Jungle,animal,si,q,1,0.6409371999907307,None,0,0,0,0,0,32,32,32,,,,,221.64250419999007,,,,,,,,,,,,,,,,,,,,,,,,,,,,,,,,,,,,,,,,221.6360960000311,221.64250419999007,221.64250419999007,223.6265301000094,223.62657959997887,223.6343156999792,223.6343156999792,,,224.27659560000757,q,1,224.2766544999904,224.28481639997335,225.30914670001948,225.2684019000153,0.6409371999907307,None,,,,,,,,,,,,,,,,,,,,201,1,short,A,2026-07-09_14h05.35.427,SBL_superimposed_encoding,,2026.1.3,120.31971351195838,2026-07-09 14h05.35.614754 -0400,
1,33,33,0,stimuli/scenes/scene_J1.jpg,Jungle,Malbow,stimuli/items/undersea_animal_18.png,Undersea,animal,si,q,1,0.5578894999925978,None,0,0,0,0,0,33,33,33,,,,,225.30914670001948,,,,,,,,,,,,,,,,,,,,,,,,,,,,,,,,,,,,,,,,225.29956569999922,225.30914670001948,225.30914670001948,227.27686829998856,227.27691439999035,227.2844944000244,227.2844944000244,,,227.84349810000276,q,1,227.84355950000463,227.8513646000065,228.92582800000673,228.8349448000081,0.5578894999925978,None,,,,,,,,,,,,,,,,,,,,201,1,short,A,2026-07-09_14h05.35.427,SBL_superimposed_encoding,,2026.1.3,120.31971351195838,2026-07-09 14h05.35.614754 -0400,
1,34,34,0,stimuli/scenes/scene_J2.jpg,Jungle,Somar,stimuli/items/jungle_animal_9.png,Jungle,animal,sc,p,1,0.6473203000496142,None,0,0,0,0,0,34,34,34,,,,,228.92582800000673,,,,,,,,,,,,,,,,,,,,,,,,,,,,,,,,,,,,,,,,228.91486229997827,228.92582800000673,228.92582800000673,230.85193720000098,230.8520338999806,230.85951350000687,230.85951350000687,,,231.51059479999822,p,1,231.51065399998333,231.51796199998353,232.5506630000309,232.50141660001827,0.6473203000496142,None,,,,,,,,,,,,,,,,,,,,201,1,short,A,2026-07-09_14h05.35.427,SBL_superimposed_encoding,,2026.1.3,120.31971351195838,2026-07-09 14h05.35.614754 -0400,
1,35,35,0,stimuli/scenes/scene_U2.jpg,Undersea,Tulon,stimuli/items/undersea_object_18.png,Undersea,object,sc,p,1,0.6926505000446923,None,0,0,0,0,0,35,35,35,,,,,232.5506630000309,,,,,,,,,,,,,,,,,,,,,,,,,,,,,,,,,,,,,,,,232.5393417000305,232.5506630000309,232.5506630000309,234.51871350000147,234.51875909999944,234.5261481999769,234.5261481999769,,,235.21952500002226,p,1,235.21958730003098,235.22612800000934,236.26550450001378,236.2102241999819,0.6926505000446923,None,,,,,,,,,,,,,,,,,,,,201,1,short,A,2026-07-09_14h05.35.427,SBL_superimposed_encoding,,2026.1.3,120.31971351195838,2026-07-09 14h05.35.614754 -0400,
1,36,36,0,stimuli/scenes/scene_U1.jpg,Undersea,Negvi,stimuli/items/jungle_animal_1.png,Jungle,animal,si,q,1,0.3596222000196576,None,0,0,0,0,0,36,36,36,,,,,236.26550450001378,,,,,,,,,,,,,,,,,,,,,,,,,,,,,,,,,,,,,,,,236.25532599998405,236.26550450001378,236.26550450001378,238.22704149998026,238.2270876999828,238.23481709999032,238.23481709999032,,,238.60204030002933,q,1,238.60210100002587,238.60958729998674,239.65926510002464,239.593358299986,0.3596222000196576,None,,,,,,,,,,,,,,,,,,,,201,1,short,A,2026-07-09_14h05.35.427,SBL_superimposed_encoding,,2026.1.3,120.31971351195838,2026-07-09 14h05.35.614754 -0400,
1,37,37,0,stimuli/scenes/scene_J2.jpg,Jungle,Somar,stimuli/items/undersea_animal_11.png,Undersea,animal,si,q,1,0.5773230000049807,None,0,0,0,0,0,37,37,37,,,,,239.65926510002464,,,,,,,,,,,,,,,,,,,,,,,,,,,,,,,,,,,,,,,,239.65078820002964,239.65926510002464,239.65926510002464,241.6103310000035,241.61038000002736,241.6178923000116,241.6178923000116,,,242.2018904000288,q,1,242.2019474999979,242.2095329000149,243.2352843999979,243.19375360000413,0.5773230000049807,None,,,,,,,,,,,,,,,,,,,,201,1,short,A,2026-07-09_14h05.35.427,SBL_superimposed_encoding,,2026.1.3,120.31971351195838,2026-07-09 14h05.35.614754 -0400,
1,38,38,0,stimuli/scenes/scene_U1.jpg,Undersea,Negvi,stimuli/items/jungle_object_2.png,Jungle,object,si,q,1,0.6009971000021324,None,0,0,0,0,0,38,38,38,,,,,243.2352843999979,,,,,,,,,,,,,,,,,,,,,,,,,,,,,,,,,,,,,,,,243.22982210002374,243.2352843999979,243.2352843999979,245.20213960000547,245.20218309998745,245.20986539998557,245.20986539998557,,,245.8186424000305,q,1,245.81870110001182,245.82635669998126,246.8668883999926,246.80989039997803,0.6009971000021324,None,,,,,,,,,,,,,,,,,,,,201,1,short,A,2026-07-09_14h05.35.427,SBL_superimposed_encoding,,2026.1.3,120.31971351195838,2026-07-09 14h05.35.614754 -0400,
1,39,39,0,stimuli/scenes/scene_J1.jpg,Jungle,Malbow,stimuli/items/jungle_object_20.png,Jungle,object,sc,p,1,0.4568722000112757,None,0,0,0,0,0,39,39,39,,,,,246.8668883999926,,,,,,,,,,,,,,,,,,,,,,,,,,,,,,,,,,,,,,,,246.8554441999877,246.8668883999926,246.8668883999926,248.81901769997785,248.8190616000211,248.8265310000279,248.8265310000279,,,249.2852708999999,p,1,249.28533959999913,249.2934060000116,250.32615069998428,250.27728300000308,0.4568722000112757,None,,,,,,,,,,,,,,,,,,,,201,1,short,A,2026-07-09_14h05.35.427,SBL_superimposed_encoding,,2026.1.3,120.31971351195838,2026-07-09 14h05.35.614754 -0400,
1,40,40,0,stimuli/scenes/scene_J2.jpg,Jungle,Somar,stimuli/items/undersea_object_11.png,Undersea,object,si,q,1,0.613942899974063,None,0,0,0,0,0,40,40,40,,,,,250.32615069998428,,,,,,,,,,,,,,,,,,,,,,,,,,,,,,,,,,,,,,,,250.31654790003086,250.32615069998428,250.32615069998428,252.29397940001218,252.29402400000254,252.3017281999928,252.3017281999928,,,252.91887669998687,q,1,252.9189356000279,252.92676980001852,253.94342979998328,253.91005210002186,0.613942899974063,None,,,,,,,,,,,,,,,,,,,,201,1,short,A,2026-07-09_14h05.35.427,SBL_superimposed_encoding,,2026.1.3,120.31971351195838,2026-07-09 14h05.35.614754 -0400,
1,41,41,0,stimuli/scenes/scene_U1.jpg,Undersea,Negvi,stimuli/items/jungle_animal_3.png,Jungle,animal,si,q,1,0.6838236000039615,None,0,0,0,0,0,41,41,41,,,,,253.94342979998328,,,,,,,,,,,,,,,,,,,,,,,,,,,,,,,,,,,,,,,,253.9369060000172,253.94342979998328,253.94342979998328,255.91900920000626,255.9190535999951,255.92668249999406,255.92668249999406,,,256.61879119998775,q,1,256.61885309999343,256.62638279999373,257.6593946000212,257.6102814999758,0.6838236000039615,None,,,,,,,,,,,,,,,,,,,,201,1,short,A,2026-07-09_14h05.35.427,SBL_superimposed_encoding,,2026.1.3,120.31971351195838,2026-07-09 14h05.35.614754 -0400,
1,42,42,0,stimuli/scenes/scene_U2.jpg,Undersea,Tulon,stimuli/items/undersea_object_17.png,Undersea,object,sc,p,1,0.7125960999983363,None,0,0,0,0,0,42,42,42,,,,,257.6593946000212,,,,,,,,,,,,,,,,,,,,,,,,,,,,,,,,,,,,,,,,257.64931160002016,257.6593946000212,257.6593946000212,259.61888179997914,259.6189289999893,259.62668049999047,259.62668049999047,,,260.344533400028,p,1,260.34459200000856,260.35157140000956,261.37616879999405,261.3352722999989,0.7125960999983363,None,,,,,,,,,,,,,,,,,,,,201,1,short,A,2026-07-09_14h05.35.427,SBL_superimposed_encoding,,2026.1.3,120.31971351195838,2026-07-09 14h05.35.614754 -0400,
1,43,43,0,stimuli/scenes/scene_U1.jpg,Undersea,Negvi,stimuli/items/jungle_object_18.png,Jungle,object,si,q,1,0.19497640000190586,None,0,0,0,0,0,43,43,43,,,,,261.37616879999405,,,,,,,,,,,,,,,,,,,,,,,,,,,,,,,,,,,,,,,,261.3660515000229,261.37616879999405,261.37616879999405,263.35249640000984,263.35254160000477,263.360049800016,263.360049800016,,,263.5608846999821,q,1,263.5609437000239,263.5683185000089,264.59957969997777,264.55249000003096,0.19497640000190586,None,,,,,,,,,,,,,,,,,,,,201,1,short,A,2026-07-09_14h05.35.427,SBL_superimposed_encoding,,2026.1.3,120.31971351195838,2026-07-09 14h05.35.614754 -0400,
1,44,44,0,stimuli/scenes/scene_J1.jpg,Jungle,Malbow,stimuli/items/undersea_object_20.png,Undersea,object,si,q,1,0.2896937999757938,None,0,0,0,0,0,44,44,44,,,,,264.59957969997777,,,,,,,,,,,,,,,,,,,,,,,,,,,,,,,,,,,,,,,,264.58869439997943,264.59957969997777,264.59957969997777,266.5690986000118,266.5691439000075,266.57696580002084,266.57696580002084,,,266.86927550000837,q,1,266.8693353999988,266.87688049999997,267.9078738000244,267.8605048999889,0.2896937999757938,None,,,,,,,,,,,,,,,,,,,,201,1,short,A,2026-07-09_14h05.35.427,SBL_superimposed_encoding,,2026.1.3,120.31971351195838,2026-07-09 14h05.35.614754 -0400,
1,45,45,0,stimuli/scenes/scene_U2.jpg,Undersea,Tulon,stimuli/items/undersea_animal_7.png,Undersea,animal,sc,p,1,0.374204300052952,None,0,0,0,0,0,45,45,45,,,,,267.9078738000244,,,,,,,,,,,,,,,,,,,,,,,,,,,,,,,,,,,,,,,,267.8973009000183,267.9078738000244,267.9078738000244,269.87787329999264,269.8779409999843,269.8849042999791,269.8849042999791,,,270.26067310001235,p,1,270.2607309999876,270.2685368999955,271.3099680999876,271.25237599998945,0.374204300052952,None,,,,,,,,,,,,,,,,,,,,201,1,short,A,2026-07-09_14h05.35.427,SBL_superimposed_encoding,,2026.1.3,120.31971351195838,2026-07-09 14h05.35.614754 -0400,
1,46,46,0,stimuli/scenes/scene_J1.jpg,Jungle,Malbow,stimuli/items/undersea_object_7.png,Undersea,object,si,q,1,0.1748111000051722,None,0,0,0,0,0,46,46,46,,,,,271.3099680999876,,,,,,,,,,,,,,,,,,,,,,,,,,,,,,,,,,,,,,,,271.3012085999944,271.3099680999876,271.3099680999876,273.2609303999925,273.26097609999124,273.26853990001837,273.26853990001837,,,273.4441596000106,q,1,273.4442159999744,273.4520042000222,274.48359329998493,274.4358559999964,0.1748111000051722,None,,,,,,,,,,,,,,,,,,,,201,1,short,A,2026-07-09_14h05.35.427,SBL_superimposed_encoding,,2026.1.3,120.31971351195838,2026-07-09 14h05.35.614754 -0400,
1,47,47,0,stimuli/scenes/scene_U1.jpg,Undersea,Negvi,stimuli/items/jungle_object_11.png,Jungle,object,si,q,1,0.2299073999747634,None,0,0,0,0,0,47,47,47,,,,,274.48359329998493,,,,,,,,,,,,,,,,,,,,,,,,,,,,,,,,,,,,,,,,274.4734920000192,274.48359329998493,274.48359329998493,276.45241600001464,276.4524608000065,276.46051930001704,276.46051930001704,,,276.6940514000016,q,1,276.6941141000134,276.7016216000193,277.7268230000045,277.68551179999486,0.2299073999747634,None,,,,,,,,,,,,,,,,,,,,201,1,short,A,2026-07-09_14h05.35.427,SBL_superimposed_encoding,,2026.1.3,120.31971351195838,2026-07-09 14h05.35.614754 -0400,
1,48,48,0,stimuli/scenes/scene_U2.jpg,Undersea,Tulon,stimuli/items/jungle_animal_7.png,Jungle,animal,si,q,1,0.21234249998815358,None,0,0,0,0,0,48,48,48,,,,,277.7268230000045,,,,,,,,,,,,,,,,,,,,,,,,,,,,,,,,,,,,,,,,277.71940419997554,277.7268230000045,277.7268230000045,279.70246820000466,279.7025150000118,279.71018110000296,279.71018110000296,,,279.9275695999968,q,1,279.9276282999781,279.9355826000101,280.9680358999758,280.91909590002615,0.21234249998815358,None,,,,,,,,,,,,,,,,,,,,201,1,short,A,2026-07-09_14h05.35.427,SBL_superimposed_encoding,,2026.1.3,120.31971351195838,2026-07-09 14h05.35.614754 -0400,
1,49,49,0,stimuli/scenes/scene_J2.jpg,Jungle,Somar,stimuli/items/undersea_animal_8.png,Undersea,animal,si,q,1,0.34702159999869764,None,0,0,0,0,0,49,49,49,,,,,280.9680358999758,,,,,,,,,,,,,,,,,,,,,,,,,,,,,,,,,,,,,,,,280.95626609999454,280.9680358999758,280.9680358999758,282.92774770001415,282.92782709997846,282.9355105999857,282.9355105999857,,,283.2863783999928,q,1,283.28643660002854,283.2938492000103,284.34334959997796,284.27735500002746,0.34702159999869764,None,,,,,,,,,,,,,,,,,,,,201,1,short,A,2026-07-09_14h05.35.427,SBL_superimposed_encoding,,2026.1.3,120.31971351195838,2026-07-09 14h05.35.614754 -0400,
1,50,50,0,stimuli/scenes/scene_U1.jpg,Undersea,Negvi,stimuli/items/undersea_object_12.png,Undersea,object,sc,p,1,0.1964927000226453,None,0,0,0,0,0,50,50,50,,,,,284.34334959997796,,,,,,,,,,,,,,,,,,,,,,,,,,,,,,,,,,,,,,,,284.3334556000191,284.34334959997796,284.34334959997796,286.2941930000088,286.29423850000603,286.302275700029,286.302275700029,,,286.50260080001317,p,1,286.5026570999762,286.5105179999955,287.5434619000298,287.49406210001325,0.1964927000226453,None,,,,,,,,,,,,,,,,,,,,201,1,short,A,2026-07-09_14h05.35.427,SBL_superimposed_encoding,,2026.1.3,120.31971351195838,2026-07-09 14h05.35.614754 -0400,
1,51,51,0,stimuli/scenes/scene_J1.jpg,Jungle,Malbow,stimuli/items/undersea_object_8.png,Undersea,object,si,q,1,0.3807946000015363,None,0,0,0,0,0,51,51,51,,,,,287.5434619000298,,,,,,,,,,,,,,,,,,,,,,,,,,,,,,,,,,,,,,,,287.53468679997604,287.5434619000298,287.5434619000298,289.50281640002504,289.50286220002454,289.5103927999735,289.5103927999735,,,289.8944538999931,q,1,289.89451329997974,289.90202049998334,290.93506089999573,290.88593599997694,0.3807946000015363,None,,,,,,,,,,,,,,,,,,,,201,1,short,A,2026-07-09_14h05.35.427,SBL_superimposed_encoding,,2026.1.3,120.31971351195838,2026-07-09 14h05.35.614754 -0400,
1,52,52,0,stimuli/scenes/scene_U1.jpg,Undersea,Negvi,stimuli/items/undersea_object_3.png,Undersea,object,sc,p,1,0.24415270000463352,None,0,0,0,0,0,52,52,52,,,,,290.93506089999573,,,,,,,,,,,,,,,,,,,,,,,,,,,,,,,,,,,,,,,,290.9245516000083,290.93506089999573,290.93506089999573,292.9028190000099,292.9028641000041,292.91051389998756,292.91051389998756,,,293.1613203000161,p,1,293.161377899989,293.16885610000463,294.20101010001963,294.1525177999865,0.24415270000463352,None,,,,,,,,,,,,,,,,,,,,201,1,short,A,2026-07-09_14h05.35.427,SBL_superimposed_encoding,,2026.1.3,120.31971351195838,2026-07-09 14h05.35.614754 -0400,
1,53,53,0,stimuli/scenes/scene_U2.jpg,Undersea,Tulon,stimuli/items/jungle_object_15.png,Jungle,object,si,q,1,0.21036639995872974,None,0,0,0,0,0,53,53,53,,,,,294.20101010001963,,,,,,,,,,,,,,,,,,,,,,,,,,,,,,,,,,,,,,,,294.19002249999903,294.20101010001963,294.20101010001963,296.16937969997525,296.16942579997703,296.17696760001127,296.17696760001127,,,296.39474249997875,q,1,296.3948024000274,296.40233349998016,297.4355585000012,297.38591790001374,0.21036639995872974,None,,,,,,,,,,,,,,,,,,,,201,1,short,A,2026-07-09_14h05.35.427,SBL_superimposed_encoding,,2026.1.3,120.31971351195838,2026-07-09 14h05.35.614754 -0400,
1,54,54,0,stimuli/scenes/scene_J1.jpg,Jungle,Malbow,stimuli/items/undersea_animal_3.png,Undersea,animal,si,q,1,0.33584630000405014,None,0,0,0,0,0,54,54,54,,,,,297.4355585000012,,,,,,,,,,,,,,,,,,,,,,,,,,,,,,,,,,,,,,,,297.4279706000234,297.4355585000012,297.4355585000012,299.4031269000261,299.4031727000256,299.4107143000001,299.4107143000001,,,299.75328780000564,q,1,299.7533484000014,299.76058489998104,300.7854647000204,300.7446883000084,0.33584630000405014,None,,,,,,,,,,,,,,,,,,,,201,1,short,A,2026-07-09_14h05.35.427,SBL_superimposed_encoding,,2026.1.3,120.31971351195838,2026-07-09 14h05.35.614754 -0400,
1,55,55,0,stimuli/scenes/scene_U2.jpg,Undersea,Tulon,stimuli/items/jungle_animal_17.png,Jungle,animal,si,q,1,0.4343776000314392,None,0,0,0,0,0,55,55,55,,,,,300.7854647000204,,,,,,,,,,,,,,,,,,,,,,,,,,,,,,,,,,,,,,,,300.7780446999823,300.7854647000204,300.7854647000204,302.76130720000947,302.76135330001125,302.7688128000009,302.7688128000009,,,303.2115100999945,q,1,303.2115678000264,303.21886909997556,304.24350610002875,304.202667000005,0.4343776000314392,None,,,,,,,,,,,,,,,,,,,,201,1,short,A,2026-07-09_14h05.35.427,SBL_superimposed_encoding,,2026.1.3,120.31971351195838,2026-07-09 14h05.35.614754 -0400,
1,56,56,0,stimuli/scenes/scene_U1.jpg,Undersea,Negvi,stimuli/items/undersea_animal_13.png,Undersea,animal,sc,p,1,0.38307429995620623,None,0,0,0,0,0,56,56,56,,,,,304.24350610002875,,,,,,,,,,,,,,,,,,,,,,,,,,,,,,,,,,,,,,,,304.2358183999895,304.24350610002875,304.24350610002875,306.2196340999799,306.21967890003,306.2274385999772,306.2274385999772,,,306.6112546999939,p,1,306.6113129000296,306.61908179998863,307.64365560002625,307.60302929999307,0.38307429995620623,None,,,,,,,,,,,,,,,,,,,,201,1,short,A,2026-07-09_14h05.35.427,SBL_superimposed_encoding,,2026.1.3,120.31971351195838,2026-07-09 14h05.35.614754 -0400,
1,57,57,0,stimuli/scenes/scene_U2.jpg,Undersea,Tulon,stimuli/items/jungle_object_9.png,Jungle,object,si,q,1,0.3041963000432588,None,0,0,0,0,0,57,57,57,,,,,307.64365560002625,,,,,,,,,,,,,,,,,,,,,,,,,,,,,,,,,,,,,,,,307.6344861999969,307.64365560002625,307.64365560002625,309.6116627000156,309.61172490002355,309.6190990000032,309.6190990000032,,,309.9281158000231,q,1,309.9281758000143,309.9358699999866,310.9613276000018,310.9194496999844,0.3041963000432588,None,,,,,,,,,,,,,,,,,,,,201,1,short,A,2026-07-09_14h05.35.427,SBL_superimposed_encoding,,2026.1.3,120.31971351195838,2026-07-09 14h05.35.614754 -0400,
1,58,58,0,stimuli/scenes/scene_J2.jpg,Jungle,Somar,stimuli/items/undersea_object_16.png,Undersea,object,si,q,1,0.5870541000040248,None,0,0,0,0,0,58,58,58,,,,,310.9613276000018,,,,,,,,,,,,,,,,,,,,,,,,,,,,,,,,,,,,,,,,310.95551090000663,310.9613276000018,310.9613276000018,312.9286037000129,312.9286487000063,312.93576590000885,312.93576590000885,,,313.52821680001216,q,1,313.5282740999828,313.5358902000007,314.5693743000156,314.5194761999883,0.5870541000040248,None,,,,,,,,,,,,,,,,,,,,201,1,short,A,2026-07-09_14h05.35.427,SBL_superimposed_encoding,,2026.1.3,120.31971351195838,2026-07-09 14h05.35.614754 -0400,
1,59,59,0,stimuli/scenes/scene_U1.jpg,Undersea,Negvi,stimuli/items/jungle_animal_10.png,Jungle,animal,si,q,1,0.31451320002088323,None,0,0,0,0,0,59,59,59,,,,,314.5693743000156,,,,,,,,,,,,,,,,,,,,,,,,,,,,,,,,,,,,,,,,314.5621710999985,314.5693743000156,314.5693743000156,316.5283913000021,316.5284371000016,316.536344800028,316.536344800028,,,316.85338899999624,q,1,316.8534483999829,316.8607570999884,317.89365220000036,317.84477780002635,0.31451320002088323,None,,,,,,,,,,,,,,,,,,,,201,1,short,A,2026-07-09_14h05.35.427,SBL_superimposed_encoding,,2026.1.3,120.31971351195838,2026-07-09 14h05.35.614754 -0400,
1,60,60,0,stimuli/scenes/scene_J1.jpg,Jungle,Malbow,stimuli/items/undersea_animal_17.png,Undersea,animal,si,q,1,0.5010371999815106,None,0,0,0,0,0,60,60,60,,,,,317.89365220000036,,,,,,,,,,,,,,,,,,,,,,,,,,,,,,,,,,,,,,,,317.88334719999693,317.89365220000036,317.89365220000036,319.8619529000134,319.8620499999961,319.8694055000087,319.8694055000087,,,320.3781768999761,q,1,320.3782351000118,320.3857208000263,321.41908189997775,321.36940279998817,0.5010371999815106,None,,,,,,,,,,,,,,,,,,,,201,1,short,A,2026-07-09_14h05.35.427,SBL_superimposed_encoding,,2026.1.3,120.31971351195838,2026-07-09 14h05.35.614754 -0400,
1,61,61,0,stimuli/scenes/scene_U2.jpg,Undersea,Tulon,stimuli/items/jungle_object_14.png,Jungle,object,si,q,1,0.32115460000932217,None,0,0,0,0,0,61,61,61,,,,,321.41908189997775,,,,,,,,,,,,,,,,,,,,,,,,,,,,,,,,,,,,,,,,321.41162540001096,321.41908189997775,321.41908189997775,323.3866715999902,323.3867160999798,323.39429209998343,323.39429209998343,,,323.72004400001606,q,1,323.7201050000149,323.7274074999732,324.80229409999447,324.7110778000206,0.32115460000932217,None,,,,,,,,,,,,,,,,,,,,201,1,short,A,2026-07-09_14h05.35.427,SBL_superimposed_encoding,,2026.1.3,120.31971351195838,2026-07-09 14h05.35.614754 -0400,
1,62,62,0,stimuli/scenes/scene_J2.jpg,Jungle,Somar,stimuli/items/undersea_object_5.png,Undersea,object,si,q,1,0.3706619999720715,None,0,0,0,0,0,62,62,62,,,,,324.80229409999447,,,,,,,,,,,,,,,,,,,,,,,,,,,,,,,,,,,,,,,,324.79168690001825,324.80229409999447,324.80229409999447,326.728047600016,326.7280947000254,326.736093399988,326.736093399988,,,327.1118108999799,q,1,327.1118697000202,327.1194238999742,328.1780518000014,328.1032959999866,0.3706619999720715,None,,,,,,,,,,,,,,,,,,,,201,1,short,A,2026-07-09_14h05.35.427,SBL_superimposed_encoding,,2026.1.3,120.31971351195838,2026-07-09 14h05.35.614754 -0400,
1,63,63,0,stimuli/scenes/scene_U2.jpg,Undersea,Tulon,stimuli/items/undersea_animal_5.png,Undersea,animal,sc,p,1,0.6038120999583043,None,0,0,0,0,0,63,63,63,,,,,328.1780518000014,,,,,,,,,,,,,,,,,,,,,,,,,,,,,,,,,,,,,,,,328.17253049998544,328.1780518000014,328.1780518000014,330.11192180000944,330.1119663999998,330.1193773000268,330.1193773000268,,,330.728280899988,p,1,330.7283417999861,330.7361814000178,331.7857234000112,331.71959280001465,0.6038120999583043,None,,,,,,,,,,,,,,,,,,,,201,1,short,A,2026-07-09_14h05.35.427,SBL_superimposed_encoding,,2026.1.3,120.31971351195838,2026-07-09 14h05.35.614754 -0400,
1,64,64,0,stimuli/scenes/scene_J1.jpg,Jungle,Malbow,stimuli/items/jungle_animal_2.png,Jungle,animal,sc,p,1,0.3712035000207834,None,0,0,0,0,0,64,64,64,,,,,331.7857234000112,,,,,,,,,,,,,,,,,,,,,,,,,,,,,,,,,,,,,,,,331.7761872999836,331.7857234000112,331.7857234000112,333.73684670001967,333.7368951999815,333.7442702000262,333.7442702000262,,,334.12059920001775,p,1,334.1206566999899,334.1277721999795,335.1605997000006,335.11202679999406,0.3712035000207834,None,,,,,,,,,,,,,,,,,,,,201,1,short,A,2026-07-09_14h05.35.427,SBL_superimposed_encoding,,2026.1.3,120.31971351195838,2026-07-09 14h05.35.614754 -0400,
1,65,65,0,stimuli/scenes/scene_J2.jpg,Jungle,Somar,stimuli/items/undersea_object_4.png,Undersea,object,si,q,1,0.29107709997333586,None,0,0,0,0,0,65,65,65,,,,,335.1605997000006,,,,,,,,,,,,,,,,,,,,,,,,,,,,,,,,,,,,,,,,335.1496503999806,335.1605997000006,335.1605997000006,337.128472100012,337.1285172000062,337.1361724000308,337.1361724000308,,,337.42832260002615,q,1,337.4283807000029,337.4361262000166,338.46923290000996,338.42000169999665,0.29107709997333586,None,,,,,,,,,,,,,,,,,,,,201,1,short,A,2026-07-09_14h05.35.427,SBL_superimposed_encoding,,2026.1.3,120.31971351195838,2026-07-09 14h05.35.614754 -0400,
1,66,66,0,stimuli/scenes/scene_J1.jpg,Jungle,Malbow,stimuli/items/jungle_animal_6.png,Jungle,animal,sc,p,1,0.36663589999079704,None,0,0,0,0,0,66,66,66,,,,,338.46923290000996,,,,,,,,,,,,,,,,,,,,,,,,,,,,,,,,,,,,,,,,338.45945670001674,338.46923290000996,338.46923290000996,340.42847139999503,340.4285166999907,340.43615189997945,340.43615189997945,,,340.8035172999953,p,1,340.80357689998345,340.8109952000086,341.85316669999156,341.79469150002114,0.36663589999079704,None,,,,,,,,,,,,,,,,,,,,201,1,short,A,2026-07-09_14h05.35.427,SBL_superimposed_encoding,,2026.1.3,120.31971351195838,2026-07-09 14h05.35.614754 -0400,
1,67,67,0,stimuli/scenes/scene_J2.jpg,Jungle,Somar,stimuli/items/jungle_animal_4.png,Jungle,animal,sc,q,0,0.7438707000110298,None,0,0,0,0,0,67,67,67,,,,,341.85316669999156,,,,,,,,,,,,,,,,,,,,,,,,,,,,,,,,,,,,,,,,341.8469742999878,341.85316669999156,341.85316669999156,343.8119228000287,343.81196870002896,343.81957400002284,343.81957400002284,,,344.57039230002556,q,0,344.5704506000038,344.5779067000258,345.60338560002856,345.56184300000314,0.7438707000110298,None,,,,,,,,,,,,,,,,,,,,201,1,short,A,2026-07-09_14h05.35.427,SBL_superimposed_encoding,,2026.1.3,120.31971351195838,2026-07-09 14h05.35.614754 -0400,
1,68,68,0,stimuli/scenes/scene_J1.jpg,Jungle,Malbow,stimuli/items/jungle_object_10.png,Jungle,object,sc,p,1,0.536729900049977,None,0,0,0,0,0,68,68,68,,,,,345.60338560002856,,,,,,,,,,,,,,,,,,,,,,,,,,,,,,,,,,,,,,,,345.59660160000203,345.60338560002856,345.60338560002856,347.57075640000403,347.57080109999515,347.577856399992,347.577856399992,,,348.120455700031,p,1,348.1205160000245,348.12785849999636,349.15285429998767,349.1120761000202,0.536729900049977,None,,,,,,,,,,,,,,,,,,,,201,1,short,A,2026-07-09_14h05.35.427,SBL_superimposed_encoding,,2026.1.3,120.31971351195838,2026-07-09 14h05.35.614754 -0400,
1,69,69,0,stimuli/scenes/scene_J2.jpg,Jungle,Somar,stimuli/items/jungle_animal_8.png,Jungle,animal,sc,p,1,0.5150535999564454,None,0,0,0,0,0,69,69,69,,,,,349.15285429998767,,,,,,,,,,,,,,,,,,,,,,,,,,,,,,,,,,,,,,,,349.1444450999843,349.15285429998767,349.15285429998767,351.12867300002836,351.1287192000309,351.1364512,351.1364512,,,351.6535781000275,p,1,351.6536350999959,351.66158840002026,352.6866797999828,352.64498360001016,0.5150535999564454,None,,,,,,,,,,,,,,,,,,,,201,1,short,A,2026-07-09_14h05.35.427,SBL_superimposed_encoding,,2026.1.3,120.31971351195838,2026-07-09 14h05.35.614754 -0400,
1,70,70,0,stimuli/scenes/scene_J1.jpg,Jungle,Malbow,stimuli/items/undersea_object_19.png,Undersea,object,si,q,1,0.39702670002589,None,0,0,0,0,0,70,70,70,,,,,352.6866797999828,,,,,,,,,,,,,,,,,,,,,,,,,,,,,,,,,,,,,,,,352.68026380002266,352.6866797999828,352.6866797999828,354.6539394999854,354.653986099991,354.6616168000037,354.6616168000037,,,355.06228720000945,q,1,355.0623446999816,355.0700801999774,356.10268210002687,356.0537703000009,0.39702670002589,None,,,,,,,,,,,,,,,,,,,,201,1,short,A,2026-07-09_14h05.35.427,SBL_superimposed_encoding,,2026.1.3,120.31971351195838,2026-07-09 14h05.35.614754 -0400,
1,71,71,0,stimuli/scenes/scene_J2.jpg,Jungle,Somar,stimuli/items/jungle_object_7.png,Jungle,object,sc,p,1,0.43629699997836724,None,0,0,0,0,0,71,71,71,,,,,356.10268210002687,,,,,,,,,,,,,,,,,,,,,,,,,,,,,,,,,,,,,,,,356.09163919999264,356.10268210002687,356.10268210002687,358.0704507000046,358.0704951999942,358.0782242999994,358.0782242999994,,,358.52049999998417,p,1,358.5205581000191,358.5280365999788,359.5862824000069,359.51213390001794,0.43629699997836724,None,,,,,,,,,,,,,,,,,,,,201,1,short,A,2026-07-09_14h05.35.427,SBL_superimposed_encoding,,2026.1.3,120.31971351195838,2026-07-09 14h05.35.614754 -0400,
1,72,72,0,stimuli/scenes/scene_U1.jpg,Undersea,Negvi,stimuli/items/undersea_animal_2.png,Undersea,animal,sc,p,1,0.49856129998806864,None,0,0,0,0,0,72,72,72,,,,,359.5862824000069,,,,,,,,,,,,,,,,,,,,,,,,,,,,,,,,,,,,,,,,359.577092099993,359.5862824000069,359.5862824000069,361.5290959000122,361.5291416000109,361.53656390000833,361.53656390000833,,,362.0370682000066,p,1,362.03712629998336,362.0449420000077,363.0929345000186,363.028694299981,0.49856129998806864,None,,,,,,,,,,,,,,,,,,,,201,1,short,A,2026-07-09_14h05.35.427,SBL_superimposed_encoding,,2026.1.3,120.31971351195838,2026-07-09 14h05.35.614754 -0400,
1,73,73,0,stimuli/scenes/scene_J1.jpg,Jungle,Malbow,stimuli/items/jungle_animal_20.png,Jungle,animal,sc,p,1,0.5097819999791682,None,0,0,0,0,0,73,73,73,,,,,363.0929345000186,,,,,,,,,,,,,,,,,,,,,,,,,,,,,,,,,,,,,,,,363.08196069998667,363.0929345000186,363.0929345000186,365.0374804000021,365.0375763999764,365.04507180000655,365.04507180000655,,,365.56250659999205,p,1,365.56256430002395,365.5702117999899,366.59457519999705,366.55392590002157,0.5097819999791682,None,,,,,,,,,,,,,,,,,,,,201,1,short,A,2026-07-09_14h05.35.427,SBL_superimposed_encoding,,2026.1.3,120.31971351195838,2026-07-09 14h05.35.614754 -0400,
1,74,74,0,stimuli/scenes/scene_U1.jpg,Undersea,Negvi,stimuli/items/jungle_object_19.png,Jungle,object,si,q,1,0.6406775000505149,None,0,0,0,0,0,74,74,74,,,,,366.59457519999705,,,,,,,,,,,,,,,,,,,,,,,,,,,,,,,,,,,,,,,,366.58623050001916,366.59457519999705,366.59457519999705,368.57084980001673,368.57095690001734,368.57848189998185,368.57848189998185,,,369.2205615999992,q,1,369.22061870002653,369.22860370000126,370.27040949999355,370.21221030002926,0.6406775000505149,None,,,,,,,,,,,,,,,,,,,,201,1,short,A,2026-07-09_14h05.35.427,SBL_superimposed_encoding,,2026.1.3,120.31971351195838,2026-07-09 14h05.35.614754 -0400,
1,75,75,0,stimuli/scenes/scene_J1.jpg,Jungle,Malbow,stimuli/items/jungle_object_17.png,Jungle,object,sc,p,1,0.39827030000742525,None,0,0,0,0,0,75,75,75,,,,,370.27040949999355,,,,,,,,,,,,,,,,,,,,,,,,,,,,,,,,,,,,,,,,370.26493980002124,370.27040949999355,370.27040949999355,372.22085849998984,372.2209048999939,372.22834089997923,372.22834089997923,,,372.62882570002694,p,1,372.6288831999991,372.63665990001755,373.6845984000247,373.6204979000031,0.39827030000742525,None,,,,,,,,,,,,,,,,,,,,201,1,short,A,2026-07-09_14h05.35.427,SBL_superimposed_encoding,,2026.1.3,120.31971351195838,2026-07-09 14h05.35.614754 -0400,
1,76,76,0,stimuli/scenes/scene_U2.jpg,Undersea,Tulon,stimuli/items/undersea_animal_12.png,Undersea,animal,sc,p,1,0.5902806000085548,None,0,0,0,0,0,76,76,76,,,,,373.6845984000247,,,,,,,,,,,,,,,,,,,,,,,,,,,,,,,,,,,,,,,,373.6739564000163,373.6845984000247,373.6845984000247,375.6292559999856,375.62930069997674,375.63688970002113,375.63688970002113,,,376.22891810000874,p,1,376.22897649998777,376.23685609997483,377.27836090000346,377.2204250000068,0.5902806000085548,None,,,,,,,,,,,,,,,,,,,,201,1,short,A,2026-07-09_14h05.35.427,SBL_superimposed_encoding,,2026.1.3,120.31971351195838,2026-07-09 14h05.35.614754 -0400,
1,77,77,0,stimuli/scenes/scene_J2.jpg,Jungle,Somar,stimuli/items/undersea_animal_1.png,Undersea,animal,si,q,1,0.5981414000270888,None,0,0,0,0,0,77,77,77,,,,,377.27836090000346,,,,,,,,,,,,,,,,,,,,,,,,,,,,,,,,,,,,,,,,377.2697150000022,377.27836090000346,377.27836090000346,379.23775440000463,379.2378003000049,379.24512440001126,379.24512440001126,,,379.84565069997916,q,1,379.84571080002934,379.8532559000305,380.8789371000021,380.8372324000229,0.5981414000270888,None,,,,,,,,,,,,,,,,,,,,201,1,short,A,2026-07-09_14h05.35.427,SBL_superimposed_encoding,,2026.1.3,120.31971351195838,2026-07-09 14h05.35.614754 -0400,
1,78,78,0,stimuli/scenes/scene_J1.jpg,Jungle,Malbow,stimuli/items/jungle_object_5.png,Jungle,object,sc,p,1,0.5101663999957964,None,0,0,0,0,0,78,78,78,,,,,380.8789371000021,,,,,,,,,,,,,,,,,,,,,,,,,,,,,,,,,,,,,,,,380.8725519999862,380.8789371000021,380.8789371000021,382.8457421999774,382.8457902999944,382.8532840000116,382.8532840000116,,,383.3710833999794,p,1,383.3711401000037,383.37846189999254,384.40321219997713,384.3623482999974,0.5101663999957964,None,,,,,,,,,,,,,,,,,,,,201,1,short,A,2026-07-09_14h05.35.427,SBL_superimposed_encoding,,2026.1.3,120.31971351195838,2026-07-09 14h05.35.614754 -0400,
1,79,79,0,stimuli/scenes/scene_U2.jpg,Undersea,Tulon,stimuli/items/undersea_animal_10.png,Undersea,animal,sc,p,1,0.4319857999798842,None,0,0,0,0,0,79,79,79,,,,,384.40321219997713,,,,,,,,,,,,,,,,,,,,,,,,,,,,,,,,,,,,,,,,384.39631370001007,384.40321219997713,384.40321219997713,386.37922850000905,386.3792736000032,386.38723009999376,386.38723009999376,,,386.82078579999506,p,1,386.8208461999893,386.8283239000011,387.8311665999936,387.8120314999833,0.4319857999798842,None,,,,,,,,,,,,,,,,,,,,201,1,short,A,2026-07-09_14h05.35.427,SBL_superimposed_encoding,,2026.1.3,120.31971351195838,2026-07-09 14h05.35.614754 -0400,
2,0,0,0,stimuli/scenes/scene_J1.jpg,Jungle,Malbow,stimuli/items/undersea_animal_19.png,Undersea,animal,si,q,1,0.3161503999726847,None,0,1,1,1,0,0,0,0,0,0,0,0,414.7292128999834,,,,,,,,,,,,,,,,,,,,,,,,,,,,,,,,,,,,,,414.6640638000099,414.66428119997727,414.7210208000033,414.7292128999834,414.7292128999834,416.6715357999783,416.67164640000556,416.6791312000132,416.6791312000132,,,416.9963018000126,q,1,416.9963613,417.00381010002457,418.0204621999874,417.9878137999913,0.3161503999726847,None,387.8178579999949,387.81809920002706,387.8279110000003,387.8311665999936,387.8311665999936,387.8311665999936,414.6631419999758,space,26.827437300002202,None,,,,,,,,,,201,1,short,A,2026-07-09_14h05.35.427,SBL_superimposed_encoding,,2026.1.3,120.31971351195838,2026-07-09 14h05.35.614754 -0400,
2,1,1,0,stimuli/scenes/scene_U1.jpg,Undersea,Negvi,stimuli/items/jungle_animal_5.png,Jungle,animal,si,q,1,0.3354882000130601,None,0,1,1,1,0,1,1,1,,,,,418.0204621999874,,,,,,,,,,,,,,,,,,,,,,,,,,,,,,,,,,,,,,,,418.01371680002194,418.0204621999874,418.0204621999874,419.99658079998335,419.9966772000189,420.0039897999959,420.0039897999959,,,420.3464905000292,q,1,420.3465484000044,420.35399179998785,421.3705059000058,421.33813579997513,0.3354882000130601,None,,,,,,,,,,,,,,,,,,,,201,1,short,A,2026-07-09_14h05.35.427,SBL_superimposed_encoding,,2026.1.3,120.31971351195838,2026-07-09 14h05.35.614754 -0400,
2,2,2,0,stimuli/scenes/scene_J1.jpg,Jungle,Malbow,stimuli/items/jungle_animal_2.png,Jungle,animal,sc,p,1,0.2649412000318989,None,0,1,1,1,0,2,2,2,,,,,421.3705059000058,,,,,,,,,,,,,,,,,,,,,,,,,,,,,,,,,,,,,,,,421.3605550000211,421.3705059000058,421.3705059000058,423.34666749997996,423.34676659997785,423.35402209998574,423.35402209998574,,,423.62159549997887,p,1,423.6216518000001,423.6290695000207,424.6453225000296,424.61286330001894,0.2649412000318989,None,,,,,,,,,,,,,,,,,,,,201,1,short,A,2026-07-09_14h05.35.427,SBL_superimposed_encoding,,2026.1.3,120.31971351195838,2026-07-09 14h05.35.614754 -0400,
2,3,3,0,stimuli/scenes/scene_U2.jpg,Undersea,Tulon,stimuli/items/jungle_animal_13.png,Jungle,animal,si,q,1,0.3575571999535896,None,0,1,1,1,0,3,3,3,,,,,424.6453225000296,,,,,,,,,,,,,,,,,,,,,,,,,,,,,,,,,,,,,,,,424.6355578000075,424.6453225000296,424.6453225000296,426.6296565000084,426.62970140000107,426.63751420000335,426.63751420000335,,,426.9965080000111,q,1,426.9965663999901,427.0041371000116,428.019757299975,427.98774499999126,0.3575571999535896,None,,,,,,,,,,,,,,,,,,,,201,1,short,A,2026-07-09_14h05.35.427,SBL_superimposed_encoding,,2026.1.3,120.31971351195838,2026-07-09 14h05.35.614754 -0400,
2,4,4,0,stimuli/scenes/scene_J1.jpg,Jungle,Malbow,stimuli/items/undersea_object_8.png,Undersea,object,si,q,1,0.3902216999558732,None,0,1,1,1,0,4,4,4,,,,,428.019757299975,,,,,,,,,,,,,,,,,,,,,,,,,,,,,,,,,,,,,,,,428.0084498000215,428.019757299975,428.019757299975,430.0051407000283,430.0051859000232,430.01282469998114,430.01282469998114,,,430.40476270002546,q,1,430.40482150000753,430.41271240002243,431.42892440001015,431.3963468000293,0.3902216999558732,None,,,,,,,,,,,,,,,,,,,,201,1,short,A,2026-07-09_14h05.35.427,SBL_superimposed_encoding,,2026.1.3,120.31971351195838,2026-07-09 14h05.35.614754 -0400,
2,5,5,0,stimuli/scenes/scene_U1.jpg,Undersea,Negvi,stimuli/items/jungle_object_18.png,Jungle,object,si,q,1,0.4935655000153929,None,0,1,1,1,0,5,5,5,,,,,431.42892440001015,,,,,,,,,,,,,,,,,,,,,,,,,,,,,,,,,,,,,,,,431.4199721000041,431.42892440001015,431.42892440001015,433.4051605000277,433.4052575000096,433.41298139997525,433.41298139997525,,,433.9132419999805,q,1,433.9133023999748,433.9208011000301,434.9455403999891,434.90458909998415,0.4935655000153929,None,,,,,,,,,,,,,,,,,,,,201,1,short,A,2026-07-09_14h05.35.427,SBL_superimposed_encoding,,2026.1.3,120.31971351195838,2026-07-09 14h05.35.614754 -0400,
2,6,6,0,stimuli/scenes/scene_J2.jpg,Jungle,Somar,stimuli/items/undersea_object_11.png,Undersea,object,si,q,1,0.48212219995912164,None,0,1,1,1,0,6,6,6,,,,,434.9455403999891,,,,,,,,,,,,,,,,,,,,,,,,,,,,,,,,,,,,,,,,434.9331154000247,434.9455403999891,434.9455403999891,436.9215166000067,436.92156569997314,436.929314900015,436.929314900015,,,437.4131182000274,q,1,437.41317800001707,437.42085649998626,438.43835160002345,438.40488039999036,0.48212219995912164,None,,,,,,,,,,,,,,,,,,,,201,1,short,A,2026-07-09_14h05.35.427,SBL_superimposed_encoding,,2026.1.3,120.31971351195838,2026-07-09 14h05.35.614754 -0400,
2,7,7,0,stimuli/scenes/scene_U2.jpg,Undersea,Tulon,stimuli/items/jungle_animal_19.png,Jungle,animal,si,q,1,0.38185370003338903,None,0,1,1,1,0,7,7,7,,,,,438.43835160002345,,,,,,,,,,,,,,,,,,,,,,,,,,,,,,,,,,,,,,,,438.4326254000189,438.43835160002345,438.43835160002345,440.4136222000234,440.41370759997517,440.421477099997,440.421477099997,,,440.80516829999397,q,1,440.80522600002587,440.8128020000295,441.8291374000255,441.7967129999888,0.38185370003338903,None,,,,,,,,,,,,,,,,,,,,201,1,short,A,2026-07-09_14h05.35.427,SBL_superimposed_encoding,,2026.1.3,120.31971351195838,2026-07-09 14h05.35.614754 -0400,
2,8,8,0,stimuli/scenes/scene_J2.jpg,Jungle,Somar,stimuli/items/undersea_object_4.png,Undersea,object,si,q,1,0.43872400000691414,None,0,1,1,1,0,8,8,8,,,,,441.8291374000255,,,,,,,,,,,,,,,,,,,,,,,,,,,,,,,,,,,,,,,,441.8197233999963,441.8291374000255,441.8291374000255,443.81358010001713,443.81367679999676,443.8209600999835,443.8209600999835,,,444.2632960000192,q,1,444.26336079998873,444.2711291000014,445.2856130999862,445.2548130999785,0.43872400000691414,None,,,,,,,,,,,,,,,,,,,,201,1,short,A,2026-07-09_14h05.35.427,SBL_superimposed_encoding,,2026.1.3,120.31971351195838,2026-07-09 14h05.35.614754 -0400,
2,9,9,0,stimuli/scenes/scene_U2.jpg,Undersea,Tulon,stimuli/items/jungle_animal_17.png,Jungle,animal,si,q,1,0.5239887000061572,None,0,1,1,1,0,9,9,9,,,,,445.2856130999862,,,,,,,,,,,,,,,,,,,,,,,,,,,,,,,,,,,,,,,,445.2739596000174,445.2856130999862,445.2856130999862,447.2634936000104,447.2635383000015,447.2713600000134,447.2713600000134,,,447.79676960001234,q,1,447.7968286999967,447.80455639999127,448.8279169999878,448.7879987999913,0.5239887000061572,None,,,,,,,,,,,,,,,,,,,,201,1,short,A,2026-07-09_14h05.35.427,SBL_superimposed_encoding,,2026.1.3,120.31971351195838,2026-07-09 14h05.35.614754 -0400,
2,10,10,0,stimuli/scenes/scene_J1.jpg,Jungle,Malbow,stimuli/items/jungle_object_20.png,Jungle,object,sc,p,1,0.6060552999842912,None,0,1,1,1,0,10,10,10,,,,,448.8279169999878,,,,,,,,,,,,,,,,,,,,,,,,,,,,,,,,,,,,,,,,448.8170574000105,448.8279169999878,448.8279169999878,450.7973048000131,450.79734990000725,450.8046989000286,450.8046989000286,,,451.4136031999951,p,1,451.41366209997796,451.4213886000216,452.43611489998875,452.40520670003025,0.6060552999842912,None,,,,,,,,,,,,,,,,,,,,201,1,short,A,2026-07-09_14h05.35.427,SBL_superimposed_encoding,,2026.1.3,120.31971351195838,2026-07-09 14h05.35.614754 -0400,
2,11,11,0,stimuli/scenes/scene_U2.jpg,Undersea,Tulon,stimuli/items/undersea_object_10.png,Undersea,object,sc,p,1,0.34956909995526075,None,0,1,1,1,0,11,11,11,,,,,452.43611489998875,,,,,,,,,,,,,,,,,,,,,,,,,,,,,,,,,,,,,,,,452.42476869997336,452.43611489998875,452.43611489998875,454.41378140001325,454.4138831999735,454.42117659997893,454.42117659997893,,,454.7718615999911,p,1,454.7719185000169,454.779789799999,455.7958423999953,455.76350310002454,0.34956909995526075,None,,,,,,,,,,,,,,,,,,,,201,1,short,A,2026-07-09_14h05.35.427,SBL_superimposed_encoding,,2026.1.3,120.31971351195838,2026-07-09 14h05.35.614754 -0400,
2,12,12,0,stimuli/scenes/scene_J1.jpg,Jungle,Malbow,stimuli/items/undersea_object_19.png,Undersea,object,si,q,1,0.3198891999782063,None,0,1,1,1,0,12,12,12,,,,,455.7958423999953,,,,,,,,,,,,,,,,,,,,,,,,,,,,,,,,,,,,,,,,455.7849414999946,455.7958423999953,455.7958423999953,457.7721465000068,457.7721903999918,457.77960280003026,457.77960280003026,,,458.1056868000305,q,1,458.1057454000111,458.1130088000209,459.12953430000925,459.0968583999784,0.3198891999782063,None,,,,,,,,,,,,,,,,,,,,201,1,short,A,2026-07-09_14h05.35.427,SBL_superimposed_encoding,,2026.1.3,120.31971351195838,2026-07-09 14h05.35.614754 -0400,
2,13,13,0,stimuli/scenes/scene_U1.jpg,Undersea,Negvi,stimuli/items/undersea_object_2.png,Undersea,object,sc,p,1,0.4979113999870606,None,0,1,1,1,0,13,13,13,,,,,459.12953430000925,,,,,,,,,,,,,,,,,,,,,,,,,,,,,,,,,,,,,,,,459.12225429998944,459.12953430000925,459.12953430000925,461.11358880001353,461.1136325999978,461.12157359998673,461.12157359998673,,,461.62184129998786,p,1,461.62189900001977,461.6296261000098,462.64610030001495,462.6132836000179,0.4979113999870606,None,,,,,,,,,,,,,,,,,,,,201,1,short,A,2026-07-09_14h05.35.427,SBL_superimposed_encoding,,2026.1.3,120.31971351195838,2026-07-09 14h05.35.614754 -0400,
2,14,14,0,stimuli/scenes/scene_J1.jpg,Jungle,Malbow,stimuli/items/jungle_object_10.png,Jungle,object,sc,p,1,0.604788800003007,None,0,1,1,1,0,14,14,14,,,,,462.64610030001495,,,,,,,,,,,,,,,,,,,,,,,,,,,,,,,,,,,,,,,,462.6357032000087,462.64610030001495,462.64610030001495,464.6222037000116,464.6222479999997,464.6298702000058,464.6298702000058,,,465.2387776999967,p,1,465.23883609997574,465.2463738999795,466.26321770000504,466.2300691999844,0.604788800003007,None,,,,,,,,,,,,,,,,,,,,201,1,short,A,2026-07-09_14h05.35.427,SBL_superimposed_encoding,,2026.1.3,120.31971351195838,2026-07-09 14h05.35.614754 -0400,
2,15,15,0,stimuli/scenes/scene_U2.jpg,Undersea,Tulon,stimuli/items/undersea_object_15.png,Undersea,object,sc,q,0,0.8994937000097707,None,0,1,1,1,0,15,15,15,,,,,466.26321770000504,,,,,,,,,,,,,,,,,,,,,,,,,,,,,,,,,,,,,,,,466.25745009997627,466.26321770000504,466.26321770000504,468.24688200000674,468.2469276000047,468.255013099988,468.255013099988,,,469.1557444999926,q,0,469.1558033999754,469.1630574000301,470.1794114999939,470.14731989998836,0.8994937000097707,None,,,,,,,,,,,,,,,,,,,,201,1,short,A,2026-07-09_14h05.35.427,SBL_superimposed_encoding,,2026.1.3,120.31971351195838,2026-07-09 14h05.35.614754 -0400,
2,16,16,0,stimuli/scenes/scene_J1.jpg,Jungle,Malbow,stimuli/items/undersea_animal_18.png,Undersea,animal,si,p,0,0.5669667000183836,None,0,1,1,1,0,16,16,16,,,,,470.1794114999939,,,,,,,,,,,,,,,,,,,,,,,,,,,,,,,,,,,,,,,,470.1699658000143,470.1794114999939,470.1794114999939,472.16407759999856,472.1641763999942,472.17147230001865,472.17147230001865,,,472.7472144999774,p,0,472.74727360002,472.7550653999788,473.77193940000143,473.73840919998474,0.5669667000183836,None,,,,,,,,,,,,,,,,,,,,201,1,short,A,2026-07-09_14h05.35.427,SBL_superimposed_encoding,,2026.1.3,120.31971351195838,2026-07-09 14h05.35.614754 -0400,
2,17,17,0,stimuli/scenes/scene_J2.jpg,Jungle,Somar,stimuli/items/undersea_animal_1.png,Undersea,animal,si,q,1,0.511386499973014,None,0,1,1,1,0,17,17,17,,,,,473.77193940000143,,,,,,,,,,,,,,,,,,,,,,,,,,,,,,,,,,,,,,,,473.76585620001424,473.77193940000143,473.77193940000143,475.75556560000405,475.755662999989,475.7631500000134,475.7631500000134,,,476.28061760001583,q,1,476.2806758999941,476.2883724999847,477.30423750000773,477.2718267000164,0.511386499973014,None,,,,,,,,,,,,,,,,,,,,201,1,short,A,2026-07-09_14h05.35.427,SBL_superimposed_encoding,,2026.1.3,120.31971351195838,2026-07-09 14h05.35.614754 -0400,
2,18,18,0,stimuli/scenes/scene_J1.jpg,Jungle,Malbow,stimuli/items/undersea_animal_3.png,Undersea,animal,si,q,1,0.29815620003500953,None,0,1,1,1,0,18,18,18,,,,,477.30423750000773,,,,,,,,,,,,,,,,,,,,,,,,,,,,,,,,,,,,,,,,477.2934616000275,477.30423750000773,477.30423750000773,479.28090599999996,479.28099860000657,479.2882352999877,479.2882352999877,,,479.5889868999948,q,1,479.5890452999738,479.59671379998326,480.61260430002585,480.58051569998497,0.29815620003500953,None,,,,,,,,,,,,,,,,,,,,201,1,short,A,2026-07-09_14h05.35.427,SBL_superimposed_encoding,,2026.1.3,120.31971351195838,2026-07-09 14h05.35.614754 -0400,
2,19,19,0,stimuli/scenes/scene_J2.jpg,Jungle,Somar,stimuli/items/jungle_object_6.png,Jungle,object,sc,p,1,0.41367799998261034,None,0,1,1,1,0,19,19,19,,,,,480.61260430002585,,,,,,,,,,,,,,,,,,,,,,,,,,,,,,,,,,,,,,,,480.60167310002726,480.61260430002585,480.61260430002585,482.5893919999944,482.5894359999802,482.59687389998,482.59687389998,,,483.0143163999892,p,1,483.0143776999903,483.0214540999732,484.0378033000161,484.0052502999897,0.41367799998261034,None,,,,,,,,,,,,,,,,,,,,201,1,short,A,2026-07-09_14h05.35.427,SBL_superimposed_encoding,,2026.1.3,120.31971351195838,2026-07-09 14h05.35.614754 -0400,
2,20,20,0,stimuli/scenes/scene_J1.jpg,Jungle,Malbow,stimuli/items/undersea_object_7.png,Undersea,object,si,q,1,0.4527255999855697,None,0,1,1,1,0,20,20,20,,,,,484.0378033000161,,,,,,,,,,,,,,,,,,,,,,,,,,,,,,,,,,,,,,,,484.02591780002695,484.0378033000161,484.0378033000161,486.02237319998676,486.0224195999908,486.02990810002666,486.02990810002666,,,486.4893707000301,q,1,486.48942779999925,486.49692569999024,487.51304330001585,487.4804323000135,0.4527255999855697,None,,,,,,,,,,,,,,,,,,,,201,1,short,A,2026-07-09_14h05.35.427,SBL_superimposed_encoding,,2026.1.3,120.31971351195838,2026-07-09 14h05.35.614754 -0400,
2,21,21,0,stimuli/scenes/scene_J2.jpg,Jungle,Somar,stimuli/items/undersea_animal_4.png,Undersea,animal,si,q,1,0.6261336999596097,None,0,1,1,1,0,21,21,21,,,,,487.51304330001585,,,,,,,,,,,,,,,,,,,,,,,,,,,,,,,,,,,,,,,,487.5019958000048,487.51304330001585,487.51304330001585,489.4979439000017,489.4980036999914,489.50517880002735,489.50517880002735,,,490.13926269998774,q,1,490.1393297999748,490.14677890000166,491.1638493000064,491.13084990001516,0.6261336999596097,None,,,,,,,,,,,,,,,,,,,,201,1,short,A,2026-07-09_14h05.35.427,SBL_superimposed_encoding,,2026.1.3,120.31971351195838,2026-07-09 14h05.35.614754 -0400,
2,22,22,0,stimuli/scenes/scene_U2.jpg,Undersea,Tulon,stimuli/items/undersea_animal_12.png,Undersea,animal,sc,p,1,0.5279018000001088,None,0,1,1,1,0,22,22,22,,,,,491.1638493000064,,,,,,,,,,,,,,,,,,,,,,,,,,,,,,,,,,,,,,,,491.156928899989,491.1638493000064,491.1638493000064,493.147696,493.14776929997606,493.15514849999454,493.15514849999454,,,493.6893584000063,p,1,493.6894152999739,493.69693069998175,494.71380299999146,494.6805177999777,0.5279018000001088,None,,,,,,,,,,,,,,,,,,,,201,1,short,A,2026-07-09_14h05.35.427,SBL_superimposed_encoding,,2026.1.3,120.31971351195838,2026-07-09 14h05.35.614754 -0400,
2,23,23,0,stimuli/scenes/scene_J1.jpg,Jungle,Malbow,stimuli/items/jungle_object_8.png,Jungle,object,sc,p,1,0.5459474999806844,None,0,1,1,1,0,23,23,23,,,,,494.71380299999146,,,,,,,,,,,,,,,,,,,,,,,,,,,,,,,,,,,,,,,,494.7080499000149,494.71380299999146,494.71380299999146,496.6977318000281,496.6977758000139,496.705376500031,496.705376500031,,,497.2559304999886,p,1,497.25598890002584,497.2635927000083,498.2796702000196,498.24740719998954,0.5459474999806844,None,,,,,,,,,,,,,,,,,,,,201,1,short,A,2026-07-09_14h05.35.427,SBL_superimposed_encoding,,2026.1.3,120.31971351195838,2026-07-09 14h05.35.614754 -0400,
2,24,24,0,stimuli/scenes/scene_J2.jpg,Jungle,Somar,stimuli/items/jungle_animal_4.png,Jungle,animal,sc,p,1,0.4588384999660775,None,0,1,1,1,0,24,24,24,,,,,498.2796702000196,,,,,,,,,,,,,,,,,,,,,,,,,,,,,,,,,,,,,,,,498.2701685000211,498.2796702000196,498.2796702000196,500.25617880001664,500.2562732999795,500.26361329999054,500.26361329999054,,,500.7310755000217,p,1,500.73113219998777,500.7385935999919,501.7549334000214,501.7228650000179,0.4588384999660775,None,,,,,,,,,,,,,,,,,,,,201,1,short,A,2026-07-09_14h05.35.427,SBL_superimposed_encoding,,2026.1.3,120.31971351195838,2026-07-09 14h05.35.614754 -0400,
2,25,25,0,stimuli/scenes/scene_J1.jpg,Jungle,Malbow,stimuli/items/undersea_object_1.png,Undersea,object,si,q,1,0.36766430002171546,None,0,1,1,1,0,25,25,25,,,,,501.7549334000214,,,,,,,,,,,,,,,,,,,,,,,,,,,,,,,,,,,,,,,,501.7436263000127,501.7549334000214,501.7549334000214,503.7393390000216,503.7393822000013,503.74712339998223,503.74712339998223,,,504.12250270001823,q,1,504.12256210000487,504.13032190001104,505.13901410001563,505.114104999986,0.36766430002171546,None,,,,,,,,,,,,,,,,,,,,201,1,short,A,2026-07-09_14h05.35.427,SBL_superimposed_encoding,,2026.1.3,120.31971351195838,2026-07-09 14h05.35.614754 -0400,
2,26,26,0,stimuli/scenes/scene_U2.jpg,Undersea,Tulon,stimuli/items/jungle_object_13.png,Jungle,object,si,q,1,0.537999399995897,None,0,1,1,1,0,26,26,26,,,,,505.13901410001563,,,,,,,,,,,,,,,,,,,,,,,,,,,,,,,,,,,,,,,,505.13350390002597,505.13901410001563,505.13901410001563,507.12294660002226,507.12298899999587,507.1305535000283,507.1305535000283,,,507.67301790002966,q,1,507.67307509999955,507.6806228000205,508.6964832000085,508.6639599999762,0.537999399995897,None,,,,,,,,,,,507.1305535000283,507.1305535000283,,,,,,,,201,1,short,A,2026-07-09_14h05.35.427,SBL_superimposed_encoding,,2026.1.3,120.31971351195838,2026-07-09 14h05.35.614754 -0400,
2,27,27,0,stimuli/scenes/scene_J2.jpg,Jungle,Somar,stimuli/items/undersea_animal_11.png,Undersea,animal,si,q,1,0.5302421000087634,None,0,1,1,1,0,27,27,27,,,,,508.6964832000085,,,,,,,,,,,,,,,,,,,,,,,,,,,,,,,,,,,,,,,,508.6867271999945,508.6964832000085,508.6964832000085,510.68120170000475,510.68132099998184,510.68875829997705,510.68875829997705,,,511.2230192000279,q,1,511.2230796000222,511.23041090002516,512.2451972999843,512.214188700018,0.5302421000087634,None,,,,,,,,,,,,,,,,,,,,201,1,short,A,2026-07-09_14h05.35.427,SBL_superimposed_encoding,,2026.1.3,120.31971351195838,2026-07-09 14h05.35.614754 -0400,
2,28,28,0,stimuli/scenes/scene_U2.jpg,Undersea,Tulon,stimuli/items/undersea_object_17.png,Undersea,object,sc,p,1,0.4200171999982558,None,0,1,1,1,0,28,28,28,,,,,512.2451972999843,,,,,,,,,,,,,,,,,,,,,,,,,,,,,,,,,,,,,,,,512.2336999999825,512.2451972999843,512.2451972999843,514.2314411000116,514.2314858000027,514.2387503000209,514.2387503000209,,,514.6647342999931,p,1,514.6647924000281,514.6720912000164,515.6884785000002,515.6562426000019,0.4200171999982558,None,,,,,,,,,,,,,,,,,,,,201,1,short,A,2026-07-09_14h05.35.427,SBL_superimposed_encoding,,2026.1.3,120.31971351195838,2026-07-09 14h05.35.614754 -0400,
2,29,29,0,stimuli/scenes/scene_J2.jpg,Jungle,Somar,stimuli/items/jungle_object_16.png,Jungle,object,sc,p,1,0.4515578999998979,None,0,1,1,1,0,29,29,29,,,,,515.6884785000002,,,,,,,,,,,,,,,,,,,,,,,,,,,,,,,,,,,,,,,,515.6784953000024,515.6884785000002,515.6884785000002,517.6728827999905,517.6729271999793,517.6805182999815,517.6805182999815,,,518.1394601999782,p,1,518.1395191000192,518.1471086000092,519.1640763999894,519.1309949000133,0.4515578999998979,None,,,,,,,,,,,,,,,,,,,,201,1,short,A,2026-07-09_14h05.35.427,SBL_superimposed_encoding,,2026.1.3,120.31971351195838,2026-07-09 14h05.35.614754 -0400,
2,30,30,0,stimuli/scenes/scene_U1.jpg,Undersea,Negvi,stimuli/items/undersea_object_9.png,Undersea,object,sc,None,0,,,0,1,1,1,0,30,30,30,,,,,519.1640763999894,,,,,,,,,,,,,,,,,,,,,,,,,,,,,,,,,,,,,,,,519.1565389999887,519.1640763999894,519.1640763999894,521.1396343000233,521.1396785000106,521.1474521000055,521.1474521000055,522.1390541000292,522.1390541000292,522.1309682999854,None,0,522.131015299994,522.1390541000292,523.1544240000076,523.1227591999923,,,,,,,,,,,,,,,,,,,,,,201,1,short,A,2026-07-09_14h05.35.427,SBL_superimposed_encoding,,2026.1.3,120.31971351195838,2026-07-09 14h05.35.614754 -0400,
2,31,31,0,stimuli/scenes/scene_U2.jpg,Undersea,Tulon,stimuli/items/jungle_object_14.png,Jungle,object,si,q,1,0.3440824000281282,None,0,1,1,1,0,31,31,31,,,,,523.1544240000076,,,,,,,,,,,,,,,,,,,,,,,,,,,,,,,,,,,,,,,,523.1436828000005,523.1544240000076,523.1544240000076,525.1396787000122,525.1397769000032,525.1473211999983,525.1473211999983,,,525.4981873999932,q,1,525.498243900016,525.5056334999972,526.5224085000227,526.4895123000024,0.3440824000281282,None,,,,,,,,,,,,,,,,,,,,201,1,short,A,2026-07-09_14h05.35.427,SBL_superimposed_encoding,,2026.1.3,120.31971351195838,2026-07-09 14h05.35.614754 -0400,
2,32,32,0,stimuli/scenes/scene_J2.jpg,Jungle,Somar,stimuli/items/jungle_object_12.png,Jungle,object,sc,p,1,0.3528589000343345,None,0,1,1,1,0,32,32,32,,,,,526.5224085000227,,,,,,,,,,,,,,,,,,,,,,,,,,,,,,,,,,,,,,,,526.5141186999972,526.5224085000227,526.5224085000227,528.5068098999909,528.5069011999876,528.5140104999882,528.5140104999882,,,528.8733616999816,p,1,528.8734179000021,528.8808671000297,529.8963627999765,529.8644535000203,0.3528589000343345,None,,,,,,,,,,,,,,,,,,,,201,1,short,A,2026-07-09_14h05.35.427,SBL_superimposed_encoding,,2026.1.3,120.31971351195838,2026-07-09 14h05.35.614754 -0400,
2,33,33,0,stimuli/scenes/scene_U1.jpg,Undersea,Negvi,stimuli/items/jungle_animal_3.png,Jungle,animal,si,q,1,0.37033329997211695,None,0,1,1,1,0,33,33,33,,,,,529.8963627999765,,,,,,,,,,,,,,,,,,,,,,,,,,,,,,,,,,,,,,,,529.8852390000247,529.8963627999765,529.8963627999765,531.8811840999988,531.8812283999869,531.8891056000139,531.8891056000139,,,532.2647979999892,q,1,532.2648587999865,532.2724342999863,533.287159200001,533.256229599996,0.37033329997211695,None,,,,,,,,,,,,,,,,,,,,201,1,short,A,2026-07-09_14h05.35.427,SBL_superimposed_encoding,,2026.1.3,120.31971351195838,2026-07-09 14h05.35.614754 -0400,
2,34,34,0,stimuli/scenes/scene_U2.jpg,Undersea,Tulon,stimuli/items/undersea_animal_20.png,Undersea,animal,sc,p,1,0.4267468000180088,None,0,1,1,1,0,34,34,34,,,,,533.287159200001,,,,,,,,,,,,,,,,,,,,,,,,,,,,,,,,,,,,,,,,533.2766679999768,533.287159200001,533.287159200001,535.2651837000158,535.265229200013,535.2726578000002,535.2726578000002,,,535.7068901000312,p,1,535.7069487000117,535.7145665999851,536.7280330000212,536.6981309999828,0.4267468000180088,None,,,,,,,,,,,,,,,,,,,,201,1,short,A,2026-07-09_14h05.35.427,SBL_superimposed_encoding,,2026.1.3,120.31971351195838,2026-07-09 14h05.35.614754 -0400,
2,35,35,0,stimuli/scenes/scene_U1.jpg,Undersea,Negvi,stimuli/items/undersea_object_3.png,Undersea,object,sc,p,1,0.5286944999825209,None,0,1,1,1,0,35,35,35,,,,,536.7280330000212,,,,,,,,,,,,,,,,,,,,,,,,,,,,,,,,,,,,,,,,536.7176771999802,536.7280330000212,536.7280330000212,538.7148621000233,538.7149060000083,538.722609199991,538.722609199991,,,539.2568169999868,p,1,539.2568762000301,539.2640517000109,540.2819861000171,540.2482406999916,0.5286944999825209,None,,,,,,,,,,,,,,,,,,,,201,1,short,A,2026-07-09_14h05.35.427,SBL_superimposed_encoding,,2026.1.3,120.31971351195838,2026-07-09 14h05.35.614754 -0400,
2,36,36,0,stimuli/scenes/scene_J2.jpg,Jungle,Somar,stimuli/items/jungle_animal_16.png,Jungle,animal,sc,q,0,0.5464146999875084,None,0,1,1,1,0,36,36,36,,,,,540.2819861000171,,,,,,,,,,,,,,,,,,,,,,,,,,,,,,,,,,,,,,,,540.2764610000304,540.2819861000171,540.2819861000171,542.2649489999749,542.26500210003,542.272604800004,542.272604800004,,,542.8232902000309,q,0,542.8233469999977,542.8311016000225,543.8467066999874,543.8151810999843,0.5464146999875084,None,,,,,,,,,,,,,,,,,,,,201,1,short,A,2026-07-09_14h05.35.427,SBL_superimposed_encoding,,2026.1.3,120.31971351195838,2026-07-09 14h05.35.614754 -0400,
2,37,37,0,stimuli/scenes/scene_U1.jpg,Undersea,Negvi,stimuli/items/undersea_animal_2.png,Undersea,animal,sc,p,1,0.5401251000002958,None,0,1,1,1,0,37,37,37,,,,,543.8467066999874,,,,,,,,,,,,,,,,,,,,,,,,,,,,,,,,,,,,,,,,543.8356777000008,543.8467066999874,543.8467066999874,545.8237394000171,545.8238104999764,545.8308774000034,545.8308774000034,,,546.3735917999875,p,1,546.37365090003,546.3808478999999,547.3973328000284,547.3649795000092,0.5401251000002958,None,,,,,,,,,,,,,,,,,,,,201,1,short,A,2026-07-09_14h05.35.427,SBL_superimposed_encoding,,2026.1.3,120.31971351195838,2026-07-09 14h05.35.614754 -0400,
2,38,38,0,stimuli/scenes/scene_U2.jpg,Undersea,Tulon,stimuli/items/jungle_object_15.png,Jungle,object,si,q,1,0.36604669998632744,None,0,1,1,1,0,38,38,38,,,,,547.3973328000284,,,,,,,,,,,,,,,,,,,,,,,,,,,,,,,,,,,,,,,,547.3874004000099,547.3973328000284,547.3973328000284,549.3738391000079,549.3739392000134,549.3812724999734,549.3812724999734,,,549.7484289000276,q,1,549.7484860999975,549.756177400006,550.7644994999864,550.7397792999982,0.36604669998632744,None,,,,,,,,,,,,,,,,,,,,201,1,short,A,2026-07-09_14h05.35.427,SBL_superimposed_encoding,,2026.1.3,120.31971351195838,2026-07-09 14h05.35.614754 -0400,
2,39,39,0,stimuli/scenes/scene_U1.jpg,Undersea,Negvi,stimuli/items/jungle_object_19.png,Jungle,object,si,None,0,,,0,1,1,1,0,39,39,39,,,,,550.7644994999864,,,,,,,,,,,,,,,,,,,,,,,,,,,,,,,,,,,,,,,,550.7585926000029,550.7644994999864,550.7644994999864,552.7489586999873,552.749029700004,552.7563752999995,552.7563752999995,553.7477295999997,553.7477295999997,553.7400707000052,None,0,553.7401179000153,553.7477295999997,554.7643001999822,554.7314095000038,,,,,,,,,,,,,,,,,,,,,,201,1,short,A,2026-07-09_14h05.35.427,SBL_superimposed_encoding,,2026.1.3,120.31971351195838,2026-07-09 14h05.35.614754 -0400,
2,40,40,0,stimuli/scenes/scene_J1.jpg,Jungle,Malbow,stimuli/items/undersea_object_20.png,Undersea,object,si,q,1,0.6549635999836028,None,0,1,1,1,0,40,40,40,,,,,554.7643001999822,,,,,,,,,,,,,,,,,,,,,,,,,,,,,,,,,,,,,,,,554.7577569999848,554.7643001999822,554.7643001999822,556.748623499996,556.7486695999978,556.7561172000133,556.7561172000133,,,557.4154269000283,q,1,557.4154859000118,557.4229541000095,558.4367955999915,558.4065530999796,0.6549635999836028,None,,,,,,,,,,,,,,,,,,,,201,1,short,A,2026-07-09_14h05.35.427,SBL_superimposed_encoding,,2026.1.3,120.31971351195838,2026-07-09 14h05.35.614754 -0400,
2,41,41,0,stimuli/scenes/scene_U1.jpg,Undersea,Negvi,stimuli/items/undersea_animal_9.png,Undersea,animal,sc,p,1,0.532294999982696,None,0,1,1,1,0,41,41,41,,,,,558.4367955999915,,,,,,,,,,,,,,,,,,,,,,,,,,,,,,,,,,,,,,,,558.4263535999926,558.4367955999915,558.4367955999915,560.4235890000127,560.4236364000244,560.4311419000151,560.4311419000151,,,560.9653389999876,p,1,560.9653985999757,560.9728249000036,561.997623800009,561.9569782000035,0.532294999982696,None,,,,,,,,,,,,,,,,,,,,201,1,short,A,2026-07-09_14h05.35.427,SBL_superimposed_encoding,,2026.1.3,120.31971351195838,2026-07-09 14h05.35.614754 -0400,
2,42,42,0,stimuli/scenes/scene_J2.jpg,Jungle,Somar,stimuli/items/jungle_animal_9.png,Jungle,animal,sc,p,1,0.47002320003230125,None,0,1,1,1,0,42,42,42,,,,,561.997623800009,,,,,,,,,,,,,,,,,,,,,,,,,,,,,,,,,,,,,,,,561.9877375999931,561.997623800009,561.997623800009,563.9737154999748,563.9737603000249,563.9812947000028,563.9812947000028,,,564.4575402999762,p,1,564.4575992000173,564.4647021000274,565.4809113999945,565.4481818000204,0.47002320003230125,None,,,,,,,,,,,,,,,,,,,,201,1,short,A,2026-07-09_14h05.35.427,SBL_superimposed_encoding,,2026.1.3,120.31971351195838,2026-07-09 14h05.35.614754 -0400,
2,43,43,0,stimuli/scenes/scene_U2.jpg,Undersea,Tulon,stimuli/items/undersea_animal_5.png,Undersea,animal,sc,p,1,0.43338800000492483,None,0,1,1,1,0,43,43,43,,,,,565.4809113999945,,,,,,,,,,,,,,,,,,,,,,,,,,,,,,,,,,,,,,,,565.4714123000158,565.4809113999945,565.4809113999945,567.4652971000178,567.4653405999998,567.4731512999861,567.4731512999861,,,567.9072557999752,p,1,567.9073162000277,567.9147308000247,568.9314893999835,568.8985060999985,0.43338800000492483,None,,,,,,,,,,,,,,,,,,,,201,1,short,A,2026-07-09_14h05.35.427,SBL_superimposed_encoding,,2026.1.3,120.31971351195838,2026-07-09 14h05.35.614754 -0400,
2,44,44,0,stimuli/scenes/scene_J2.jpg,Jungle,Somar,stimuli/items/undersea_object_5.png,Undersea,object,si,q,1,0.34429769997950643,None,0,1,1,1,0,44,44,44,,,,,568.9314893999835,,,,,,,,,,,,,,,,,,,,,,,,,,,,,,,,,,,,,,,,568.9240883000311,568.9314893999835,568.9314893999835,570.9154597999877,570.9155548000126,570.9230013000197,570.9230013000197,,,571.2735279999906,q,1,571.2735861000256,571.2815460999846,572.2980780000216,572.2649664999917,0.34429769997950643,None,,,,,,,,,,,,,,,,,,,,201,1,short,A,2026-07-09_14h05.35.427,SBL_superimposed_encoding,,2026.1.3,120.31971351195838,2026-07-09 14h05.35.614754 -0400,
2,45,45,0,stimuli/scenes/scene_J1.jpg,Jungle,Malbow,stimuli/items/undersea_animal_17.png,Undersea,animal,si,q,1,0.4579956000088714,None,0,1,1,1,0,45,45,45,,,,,572.2980780000216,,,,,,,,,,,,,,,,,,,,,,,,,,,,,,,,,,,,,,,,572.2915386999957,572.2980780000216,572.2980780000216,574.2738438000088,574.2738902000128,574.2812237999751,574.2812237999751,,,574.7403209999902,q,1,574.7403789000236,574.7480966000003,575.7648469000123,575.732025299978,0.4579956000088714,None,,,,,,,,,,,,,,,,,,,,201,1,short,A,2026-07-09_14h05.35.427,SBL_superimposed_encoding,,2026.1.3,120.31971351195838,2026-07-09 14h05.35.614754 -0400,
2,46,46,0,stimuli/scenes/scene_U2.jpg,Undersea,Tulon,stimuli/items/undersea_object_13.png,Undersea,object,sc,None,0,,,0,1,1,1,0,46,46,46,,,,,575.7648469000123,,,,,,,,,,,,,,,,,,,,,,,,,,,,,,,,,,,,,,,,575.7583326000022,575.7648469000123,575.7648469000123,577.740507200011,577.7405532000121,577.7484190000105,577.7484190000105,578.7398173999973,578.7398173999973,578.7321994000231,None,0,578.7322466999758,578.7398173999973,579.7562575999764,579.7233757000067,,,,,,,,,,,,,,,,,,,,,,201,1,short,A,2026-07-09_14h05.35.427,SBL_superimposed_encoding,,2026.1.3,120.31971351195838,2026-07-09 14h05.35.614754 -0400,
2,47,47,0,stimuli/scenes/scene_J2.jpg,Jungle,Somar,stimuli/items/jungle_animal_8.png,Jungle,animal,sc,p,1,0.591449300001841,None,0,1,1,1,0,47,47,47,,,,,579.7562575999764,,,,,,,,,,,,,,,,,,,,,,,,,,,,,,,,,,,,,,,,579.7457177999895,579.7562575999764,579.7562575999764,581.740835500008,581.7408808000037,581.7479711999767,581.7479711999767,,,582.3405436999747,p,1,582.3406035000226,582.3481566000264,583.3567974999896,583.3322022000211,0.591449300001841,None,,,,,,,,,,,,,,,,,,,,201,1,short,A,2026-07-09_14h05.35.427,SBL_superimposed_encoding,,2026.1.3,120.31971351195838,2026-07-09 14h05.35.614754 -0400,
2,48,48,0,stimuli/scenes/scene_U2.jpg,Undersea,Tulon,stimuli/items/undersea_animal_10.png,Undersea,animal,sc,p,1,0.3510019999812357,None,0,1,1,1,0,48,48,48,,,,,583.3567974999896,,,,,,,,,,,,,,,,,,,,,,,,,,,,,,,,,,,,,,,,583.3504412000184,583.3567974999896,583.3567974999896,585.3408749999944,585.3409196999855,585.3483951999806,585.3483951999806,,,585.7075413999846,p,1,585.7075981000089,585.7151046000072,586.7317994000041,586.6983732000226,0.3510019999812357,None,,,,,,,,,,,,,,,,,,,,201,1,short,A,2026-07-09_14h05.35.427,SBL_superimposed_encoding,,2026.1.3,120.31971351195838,2026-07-09 14h05.35.614754 -0400,
2,49,49,0,stimuli/scenes/scene_U1.jpg,Undersea,Negvi,stimuli/items/undersea_object_12.png,Undersea,object,sc,p,1,0.32030780002241954,None,0,1,1,1,0,49,49,49,,,,,586.7317994000041,,,,,,,,,,,,,,,,,,,,,,,,,,,,,,,,,,,,,,,,586.7262204000144,586.7317994000041,586.7317994000041,588.7158863000222,588.7159309000126,588.7232686000061,588.7232686000061,,,589.0492111999774,p,1,589.0492697000154,589.0568317000289,590.0712448999984,590.0404884999734,0.32030780002241954,None,,,,,,,,,,,,,,,,,,,,201,1,short,A,2026-07-09_14h05.35.427,SBL_superimposed_encoding,,2026.1.3,120.31971351195838,2026-07-09 14h05.35.614754 -0400,
2,50,50,0,stimuli/scenes/scene_U2.jpg,Undersea,Tulon,stimuli/items/jungle_animal_15.png,Jungle,animal,si,q,1,0.5620951000018977,None,0,1,1,1,0,50,50,50,,,,,590.0712448999984,,,,,,,,,,,,,,,,,,,,,,,,,,,,,,,,,,,,,,,,590.060865300009,590.0712448999984,590.0712448999984,592.0576488000224,592.0577474000165,592.0650696000084,592.0650696000084,,,592.6323698000051,q,1,592.6324296999956,592.6401320000296,593.6555068999878,593.6237985999906,0.5620951000018977,None,,,,,,,,,,,,,,,,,,,,201,1,short,A,2026-07-09_14h05.35.427,SBL_superimposed_encoding,,2026.1.3,120.31971351195838,2026-07-09 14h05.35.614754 -0400,
2,51,51,0,stimuli/scenes/scene_U1.jpg,Undersea,Negvi,stimuli/items/jungle_animal_10.png,Jungle,animal,si,q,1,0.3222564000170678,None,0,1,1,1,0,51,51,51,,,,,593.6555068999878,,,,,,,,,,,,,,,,,,,,,,,,,,,,,,,,,,,,,,,,593.644793000014,593.6555068999878,593.6555068999878,595.6407733000233,595.6408168000053,595.6487029999844,595.6487029999844,,,595.9745311000152,q,1,595.9745892999927,595.9816323000123,596.9984093999956,596.9651714999927,0.3222564000170678,None,,,,,,,,,,,,,,,,,,,,201,1,short,A,2026-07-09_14h05.35.427,SBL_superimposed_encoding,,2026.1.3,120.31971351195838,2026-07-09 14h05.35.614754 -0400,
2,52,52,0,stimuli/scenes/scene_J1.jpg,Jungle,Malbow,stimuli/items/undersea_animal_14.png,Undersea,animal,si,q,1,0.46946089999983087,None,0,1,1,1,0,52,52,52,,,,,596.9984093999956,,,,,,,,,,,,,,,,,,,,,,,,,,,,,,,,,,,,,,,,596.9926731000305,596.9984093999956,596.9984093999956,598.9826955000171,598.9827914999914,598.9899747999734,598.9899747999734,,,599.4659191999817,q,1,599.4659786000266,599.473463399976,600.4874236999894,600.4571519999881,0.46946089999983087,None,,,,,,,,,,,,,,,,,,,,201,1,short,A,2026-07-09_14h05.35.427,SBL_superimposed_encoding,,2026.1.3,120.31971351195838,2026-07-09 14h05.35.614754 -0400,
2,53,53,0,stimuli/scenes/scene_U1.jpg,Undersea,Negvi,stimuli/items/undersea_animal_16.png,Undersea,animal,sc,p,1,0.3533399000298232,None,0,1,1,1,0,53,53,53,,,,,600.4874236999894,,,,,,,,,,,,,,,,,,,,,,,,,,,,,,,,,,,,,,,,600.476989399991,600.4874236999894,600.4874236999894,602.474444099993,602.474487999978,602.4821384000243,602.4821384000243,,,602.841147100029,p,1,602.8412031999906,602.8485213000095,603.8630815999932,603.8322270999779,0.3533399000298232,None,,,,,,,,,,,,,,,,,,,,201,1,short,A,2026-07-09_14h05.35.427,SBL_superimposed_encoding,,2026.1.3,120.31971351195838,2026-07-09 14h05.35.614754 -0400,
2,54,54,0,stimuli/scenes/scene_J1.jpg,Jungle,Malbow,stimuli/items/jungle_object_5.png,Jungle,object,sc,p,1,0.4981423999997787,None,0,1,1,1,0,54,54,54,,,,,603.8630815999932,,,,,,,,,,,,,,,,,,,,,,,,,,,,,,,,,,,,,,,,603.8520810999908,603.8630815999932,603.8630815999932,605.8493864000193,605.8494296999997,605.8567665999872,605.8567665999872,,,606.3574087999878,p,1,606.3574673000257,606.3653171000187,607.3817322999821,607.3493220999953,0.4981423999997787,None,,,,,,,,,,,,,,,,,,,,201,1,short,A,2026-07-09_14h05.35.427,SBL_superimposed_encoding,,2026.1.3,120.31971351195838,2026-07-09 14h05.35.614754 -0400,
2,55,55,0,stimuli/scenes/scene_U2.jpg,Undersea,Tulon,stimuli/items/undersea_animal_7.png,Undersea,animal,sc,p,1,0.3661396999959834,None,0,1,1,1,0,55,55,55,,,,,607.3817322999821,,,,,,,,,,,,,,,,,,,,,,,,,,,,,,,,,,,,,,,,607.3738696000073,607.3817322999821,607.3817322999821,609.3577182000154,609.357763100008,609.3653003000072,609.3653003000072,,,609.7326657000231,p,1,609.7327243000036,609.7404677000013,610.7568510000128,610.7242543000029,0.3661396999959834,None,,,,,,,,,,,,,,,,,,,,201,1,short,A,2026-07-09_14h05.35.427,SBL_superimposed_encoding,,2026.1.3,120.31971351195838,2026-07-09 14h05.35.614754 -0400,
2,56,56,0,stimuli/scenes/scene_J1.jpg,Jungle,Malbow,stimuli/items/jungle_animal_12.png,Jungle,animal,sc,p,1,0.4782709000282921,None,0,1,1,1,0,56,56,56,,,,,610.7568510000128,,,,,,,,,,,,,,,,,,,,,,,,,,,,,,,,,,,,,,,,610.748495900014,610.7568510000128,610.7568510000128,612.7329228000017,612.7329667999875,612.7403599999961,612.7403599999961,,,613.2242601999897,p,1,613.2243195999763,613.2320043999935,614.248381500016,614.21607580001,0.4782709000282921,None,,,,,,,,,,,,,,,,,,,,201,1,short,A,2026-07-09_14h05.35.427,SBL_superimposed_encoding,,2026.1.3,120.31971351195838,2026-07-09 14h05.35.614754 -0400,
2,57,57,0,stimuli/scenes/scene_U1.jpg,Undersea,Negvi,stimuli/items/jungle_animal_1.png,Jungle,animal,si,q,1,0.43460949999280274,None,0,1,1,1,0,57,57,57,,,,,614.248381500016,,,,,,,,,,,,,,,,,,,,,,,,,,,,,,,,,,,,,,,,614.2401948000188,614.248381500016,614.248381500016,616.2326754999813,616.2327218999853,616.2408283000113,616.2408283000113,,,616.6835012999945,q,1,616.6835591000272,616.6906152000302,617.714957499993,617.6742612000089,0.43460949999280274,None,,,,,,,,,,,,,,,,,,,,201,1,short,A,2026-07-09_14h05.35.427,SBL_superimposed_encoding,,2026.1.3,120.31971351195838,2026-07-09 14h05.35.614754 -0400,
2,58,58,0,stimuli/scenes/scene_J2.jpg,Jungle,Somar,stimuli/items/jungle_object_4.png,Jungle,object,sc,p,1,0.2563681000028737,None,0,1,1,1,0,58,58,58,,,,,617.714957499993,,,,,,,,,,,,,,,,,,,,,,,,,,,,,,,,,,,,,,,,617.7031385999871,617.714957499993,617.714957499993,619.6909982999787,619.6910450999858,619.698697099986,619.698697099986,,,619.9579549999908,p,1,619.958014999982,619.9652396999882,620.9814333000104,620.9492282000137,0.2563681000028737,None,,,,,,,,,,,,,,,,,,,,201,1,short,A,2026-07-09_14h05.35.427,SBL_superimposed_encoding,,2026.1.3,120.31971351195838,2026-07-09 14h05.35.614754 -0400,
2,59,59,0,stimuli/scenes/scene_U1.jpg,Undersea,Negvi,stimuli/items/undersea_object_6.png,Undersea,object,sc,p,1,0.33374829997774214,None,0,1,1,1,0,59,59,59,,,,,620.9814333000104,,,,,,,,,,,,,,,,,,,,,,,,,,,,,,,,,,,,,,,,620.9714327999973,620.9814333000104,620.9814333000104,622.9581139999791,622.9581954000168,622.9655218999833,622.9655218999833,,,623.3074417000171,p,1,623.3075012000045,623.3154550999752,624.3317882000119,624.2990609999979,0.33374829997774214,None,,,,,,,,,,,,,,,,,,,,201,1,short,A,2026-07-09_14h05.35.427,SBL_superimposed_encoding,,2026.1.3,120.31971351195838,2026-07-09 14h05.35.614754 -0400,
2,60,60,0,stimuli/scenes/scene_J2.jpg,Jungle,Somar,stimuli/items/jungle_animal_11.png,Jungle,animal,sc,q,0,0.6311634000157937,None,0,1,1,1,0,60,60,60,,,,,624.3317882000119,,,,,,,,,,,,,,,,,,,,,,,,,,,,,,,,,,,,,,,,624.3216431000037,624.3317882000119,624.3317882000119,626.3081177999848,626.3081629999797,626.3155168999801,626.3155168999801,,,626.9495464999927,q,0,626.9496147999889,626.9571083000046,627.9734301000135,627.9407839999767,0.6311634000157937,None,,,,,,,,,,,,,,,,,,,,201,1,short,A,2026-07-09_14h05.35.427,SBL_superimposed_encoding,,2026.1.3,120.31971351195838,2026-07-09 14h05.35.614754 -0400,
2,61,61,0,stimuli/scenes/scene_U1.jpg,Undersea,Negvi,stimuli/items/jungle_object_3.png,Jungle,object,si,q,1,0.36588970001321286,None,0,1,1,1,0,61,61,61,,,,,627.9734301000135,,,,,,,,,,,,,,,,,,,,,,,,,,,,,,,,,,,,,,,,627.9628675000276,627.9734301000135,627.9734301000135,629.9497804000275,629.9498247000156,629.9574097000295,629.9574097000295,,,630.3244170999969,q,1,630.3244774999912,630.332115199999,631.3484978000051,631.3160440999782,0.36588970001321286,None,,,,,,,,,,,,,,,,,,,,201,1,short,A,2026-07-09_14h05.35.427,SBL_superimposed_encoding,,2026.1.3,120.31971351195838,2026-07-09 14h05.35.614754 -0400,
2,62,62,0,stimuli/scenes/scene_J2.jpg,Jungle,Somar,stimuli/items/undersea_object_14.png,Undersea,object,si,q,1,0.44705070002237335,None,0,1,1,1,0,62,62,62,,,,,631.3484978000051,,,,,,,,,,,,,,,,,,,,,,,,,,,,,,,,,,,,,,,,631.3376113999984,631.3484978000051,631.3484978000051,633.3247336000204,633.3247790000169,633.3323946999735,633.3323946999735,,,633.7833087000181,q,1,633.783376300009,633.790965799999,634.8074965000269,634.7747380000073,0.44705070002237335,None,,,,,,,,,,,,,,,,,,,,201,1,short,A,2026-07-09_14h05.35.427,SBL_superimposed_encoding,,2026.1.3,120.31971351195838,2026-07-09 14h05.35.614754 -0400,
2,63,63,0,stimuli/scenes/scene_U2.jpg,Undersea,Tulon,stimuli/items/jungle_object_1.png,Jungle,object,si,q,1,0.3081712999846786,None,0,1,1,1,0,63,63,63,,,,,634.8074965000269,,,,,,,,,,,,,,,,,,,,,,,,,,,,,,,,,,,,,,,,634.7992157000117,634.8074965000269,634.8074965000269,636.7917374999961,636.7918319000164,636.7991396000143,636.7991396000143,,,637.1083526000148,q,1,637.1084090999793,637.1156974000041,638.1295311999856,638.099178000004,0.3081712999846786,None,,,,,,,,,,,,,,,,,,,,201,1,short,A,2026-07-09_14h05.35.427,SBL_superimposed_encoding,,2026.1.3,120.31971351195838,2026-07-09 14h05.35.614754 -0400,
2,64,64,0,stimuli/scenes/scene_U1.jpg,Undersea,Negvi,stimuli/items/jungle_object_2.png,Jungle,object,si,q,1,0.34257000003708526,None,0,1,1,1,0,64,64,64,,,,,638.1295311999856,,,,,,,,,,,,,,,,,,,,,,,,,,,,,,,,,,,,,,,,638.1192090000259,638.1295311999856,638.1295311999856,640.116273600026,640.1163176000118,640.1241679000086,640.1241679000086,,,640.4751343000098,q,1,640.4751933999942,640.4827901999815,641.4988172000158,641.4663948999951,0.34257000003708526,None,,,,,,,,,,,,,,,,,,,,201,1,short,A,2026-07-09_14h05.35.427,SBL_superimposed_encoding,,2026.1.3,120.31971351195838,2026-07-09 14h05.35.614754 -0400,
2,65,65,0,stimuli/scenes/scene_J2.jpg,Jungle,Somar,stimuli/items/undersea_object_16.png,Undersea,object,si,q,1,0.5762224000063725,None,0,1,1,1,0,65,65,65,,,,,641.4988172000158,,,,,,,,,,,,,,,,,,,,,,,,,,,,,,,,,,,,,,,,641.4891740999883,641.4988172000158,641.4988172000158,643.4833579999977,643.4834024999873,643.491040199995,643.491040199995,,,644.0746792000136,q,1,644.0747379999957,644.0824038999854,645.0987284000148,645.0665147000109,0.5762224000063725,None,,,,,,,,,,,,,,,,,,,,201,1,short,A,2026-07-09_14h05.35.427,SBL_superimposed_encoding,,2026.1.3,120.31971351195838,2026-07-09 14h05.35.614754 -0400,
2,66,66,0,stimuli/scenes/scene_U1.jpg,Undersea,Negvi,stimuli/items/jungle_animal_18.png,Jungle,animal,si,q,1,0.30463819997385144,None,0,1,1,1,0,66,66,66,,,,,645.0987284000148,,,,,,,,,,,,,,,,,,,,,,,,,,,,,,,,,,,,,,,,645.0873077000142,645.0987284000148,645.0987284000148,647.0832175000105,647.0832614999963,647.0906335000182,647.0906335000182,,,647.3999758000136,q,1,647.4000346999965,647.4074940999853,648.4235906000249,648.3915466999752,0.30463819997385144,None,,,,,,,,,,,,,,,,,,,,201,1,short,A,2026-07-09_14h05.35.427,SBL_superimposed_encoding,,2026.1.3,120.31971351195838,2026-07-09 14h05.35.614754 -0400,
2,67,67,0,stimuli/scenes/scene_J2.jpg,Jungle,Somar,stimuli/items/undersea_animal_15.png,Undersea,animal,si,q,1,0.4915095999604091,None,0,1,1,1,0,67,67,67,,,,,648.4235906000249,,,,,,,,,,,,,,,,,,,,,,,,,,,,,,,,,,,,,,,,648.4137615999789,648.4235906000249,648.4235906000249,650.4002751000226,650.4003199000144,650.4076002999791,650.4076002999791,,,650.9002509000129,q,1,650.900307999982,650.9077477999963,651.921981499996,651.8915300000226,0.4915095999604091,None,,,,,,,,,,,,,,,,,,,,201,1,short,A,2026-07-09_14h05.35.427,SBL_superimposed_encoding,,2026.1.3,120.31971351195838,2026-07-09 14h05.35.614754 -0400,
2,68,68,0,stimuli/scenes/scene_U1.jpg,Undersea,Negvi,stimuli/items/undersea_animal_6.png,Undersea,animal,sc,p,1,0.42334169999230653,None,0,1,1,1,0,68,68,68,,,,,651.921981499996,,,,,,,,,,,,,,,,,,,,,,,,,,,,,,,,,,,,,,,,651.9105211999849,651.921981499996,651.921981499996,653.908379200031,653.9084228000138,653.9160386000294,653.9160386000294,,,654.3416513000266,p,1,654.341710800014,654.3493252000189,655.3735123000224,655.3331715000095,0.42334169999230653,None,,,,,,,,,,,,,,,,,,,,201,1,short,A,2026-07-09_14h05.35.427,SBL_superimposed_encoding,,2026.1.3,120.31971351195838,2026-07-09 14h05.35.614754 -0400,
2,69,69,0,stimuli/scenes/scene_J1.jpg,Jungle,Malbow,stimuli/items/jungle_animal_20.png,Jungle,animal,sc,p,1,0.31752390001202,None,0,1,1,1,0,69,69,69,,,,,655.3735123000224,,,,,,,,,,,,,,,,,,,,,,,,,,,,,,,,,,,,,,,,655.3626471000025,655.3735123000224,655.3735123000224,657.3418658000301,657.3419629000127,657.3492187000229,657.3492187000229,,,657.6755010000197,p,1,657.6755582999904,657.6828898999956,658.6910819999757,658.6661586000118,0.31752390001202,None,,,,,,,,,,,,,,,,,,,,201,1,short,A,2026-07-09_14h05.35.427,SBL_superimposed_encoding,,2026.1.3,120.31971351195838,2026-07-09 14h05.35.614754 -0400,
2,70,70,0,stimuli/scenes/scene_U1.jpg,Undersea,Negvi,stimuli/items/jungle_object_11.png,Jungle,object,si,q,1,0.32850170001620427,None,0,1,1,1,0,70,70,70,,,,,658.6910819999757,,,,,,,,,,,,,,,,,,,,,,,,,,,,,,,,,,,,,,,,658.686185700004,658.6910819999757,658.6910819999757,660.6758461000281,660.6758879999979,660.6826684999978,660.6826684999978,,,661.0168974000262,q,1,661.0169531999854,661.0247955999803,662.0407215000014,662.0083783000009,0.32850170001620427,None,,,,,,,,,,,660.6826684999978,660.6826684999978,,,,,,,,201,1,short,A,2026-07-09_14h05.35.427,SBL_superimposed_encoding,,2026.1.3,120.31971351195838,2026-07-09 14h05.35.614754 -0400,
2,71,71,0,stimuli/scenes/scene_U2.jpg,Undersea,Tulon,stimuli/items/undersea_object_18.png,Undersea,object,sc,p,1,0.3694176999852061,None,0,1,1,1,0,71,71,71,,,,,662.0407215000014,,,,,,,,,,,,,,,,,,,,,,,,,,,,,,,,,,,,,,,,662.0312600000179,662.0407215000014,662.0407215000014,664.0253772999858,664.0254207000253,664.0333339999779,664.0333339999779,,,664.4087757000234,p,1,664.408834300004,664.4159479999798,665.4303989000036,665.3999486999819,0.3694176999852061,None,,,,,,,,,,,,,,,,,,,,201,1,short,A,2026-07-09_14h05.35.427,SBL_superimposed_encoding,,2026.1.3,120.31971351195838,2026-07-09 14h05.35.614754 -0400,
2,72,72,0,stimuli/scenes/scene_U1.jpg,Undersea,Negvi,stimuli/items/undersea_animal_13.png,Undersea,animal,sc,p,1,0.386518600047566,None,0,1,1,1,0,72,72,72,,,,,665.4303989000036,,,,,,,,,,,,,,,,,,,,,,,,,,,,,,,,,,,,,,,,665.4198769999784,665.4303989000036,665.4303989000036,667.4169455000083,667.4169898999971,667.4246104999911,667.4246104999911,,,667.8167539000278,p,1,667.8168117000023,667.8243066000286,668.8483894999954,668.8082825000165,0.386518600047566,None,,,,,,,,,,,,,,,,,,,,201,1,short,A,2026-07-09_14h05.35.427,SBL_superimposed_encoding,,2026.1.3,120.31971351195838,2026-07-09 14h05.35.614754 -0400,
2,73,73,0,stimuli/scenes/scene_J2.jpg,Jungle,Somar,stimuli/items/jungle_object_7.png,Jungle,object,sc,p,1,0.3066541999578476,None,0,1,1,1,0,73,73,73,,,,,668.8483894999954,,,,,,,,,,,,,,,,,,,,,,,,,,,,,,,,,,,,,,,,668.836939700006,668.8483894999954,668.8483894999954,670.8254049000097,670.8254700999823,670.8328390999814,670.8328390999814,,,671.142159799987,p,1,671.1422151000006,671.1495445999899,672.1660422999994,672.133222399978,0.3066541999578476,None,,,,,,,,,,,,,,,,,,,,201,1,short,A,2026-07-09_14h05.35.427,SBL_superimposed_encoding,,2026.1.3,120.31971351195838,2026-07-09 14h05.35.614754 -0400,
2,74,74,0,stimuli/scenes/scene_U2.jpg,Undersea,Tulon,stimuli/items/jungle_object_9.png,Jungle,object,si,q,1,0.309279500041157,None,0,1,1,1,0,74,74,74,,,,,672.1660422999994,,,,,,,,,,,,,,,,,,,,,,,,,,,,,,,,,,,,,,,,672.1573160000262,672.1660422999994,672.1660422999994,674.1506325000082,674.1507281999802,674.1579874000163,674.1579874000163,,,674.4755153000006,q,1,674.4755742999841,674.4827947000158,675.5064120999887,675.4668536999961,0.309279500041157,None,,,,,,,,,,,,,,,,,,,,201,1,short,A,2026-07-09_14h05.35.427,SBL_superimposed_encoding,,2026.1.3,120.31971351195838,2026-07-09 14h05.35.614754 -0400,
2,75,75,0,stimuli/scenes/scene_J1.jpg,Jungle,Malbow,stimuli/items/jungle_animal_14.png,Jungle,animal,sc,p,1,0.39921220001997426,None,0,1,1,1,0,75,75,75,,,,,675.5064120999887,,,,,,,,,,,,,,,,,,,,,,,,,,,,,,,,,,,,,,,,675.4954402000294,675.5064120999887,675.5064120999887,677.4838227999862,677.4839188000187,677.4914501999738,677.4914501999738,,,677.8923202999867,p,1,677.8923777000164,677.8998254999751,678.9151915999828,678.8834929000004,0.39921220001997426,None,,,,,,,,,,,,,,,,,,,,201,1,short,A,2026-07-09_14h05.35.427,SBL_superimposed_encoding,,2026.1.3,120.31971351195838,2026-07-09 14h05.35.614754 -0400,
2,76,76,0,stimuli/scenes/scene_U2.jpg,Undersea,Tulon,stimuli/items/jungle_animal_7.png,Jungle,animal,si,q,1,0.32637520000571385,None,0,1,1,1,0,76,76,76,,,,,678.9151915999828,,,,,,,,,,,,,,,,,,,,,,,,,,,,,,,,,,,,,,,,678.9046973999939,678.9151915999828,678.9151915999828,680.9004037000122,680.900447699998,680.9081672999891,680.9081672999891,,,681.2420115999994,q,1,681.2420721999952,681.2495241999859,682.2651932000299,682.233195799985,0.32637520000571385,None,,,,,,,,,,,,,,,,,,,,201,1,short,A,2026-07-09_14h05.35.427,SBL_superimposed_encoding,,2026.1.3,120.31971351195838,2026-07-09 14h05.35.614754 -0400,
2,77,77,0,stimuli/scenes/scene_J1.jpg,Jungle,Malbow,stimuli/items/jungle_animal_6.png,Jungle,animal,sc,p,1,0.4170019999728538,None,0,1,1,1,0,77,77,77,,,,,682.2651932000299,,,,,,,,,,,,,,,,,,,,,,,,,,,,,,,,,,,,,,,,682.2539382000105,682.2651932000299,682.2651932000299,684.2502683000057,684.2503153000143,684.2579594000126,684.2579594000126,,,684.675688599993,p,1,684.6757474999758,684.683007100015,685.7001461000182,685.6669769000146,0.4170019999728538,None,,,,,,,,,,,,,,,,,,,,201,1,short,A,2026-07-09_14h05.35.427,SBL_superimposed_encoding,,2026.1.3,120.31971351195838,2026-07-09 14h05.35.614754 -0400,
2,78,78,0,stimuli/scenes/scene_J2.jpg,Jungle,Somar,stimuli/items/undersea_animal_8.png,Undersea,animal,si,q,1,0.3271375999902375,None,0,1,1,1,0,78,78,78,,,,,685.7001461000182,,,,,,,,,,,,,,,,,,,,,,,,,,,,,,,,,,,,,,,,685.6941808999982,685.7001461000182,685.7001461000182,687.6839039999759,687.6839486000245,687.69165350002,687.69165350002,,,688.0255790000083,q,1,688.0256362999789,688.0332498999778,689.0496463999734,689.0171208999818,0.3271375999902375,None,,,,,,,,,,,,,,,,,,,,201,1,short,A,2026-07-09_14h05.35.427,SBL_superimposed_encoding,,2026.1.3,120.31971351195838,2026-07-09 14h05.35.614754 -0400,
2,79,79,0,stimuli/scenes/scene_J1.jpg,Jungle,Malbow,stimuli/items/jungle_object_17.png,Jungle,object,sc,p,1,0.4809252999839373,None,0,1,1,1,0,79,79,79,,,,,689.0496463999734,,,,,,,,,,,,,,,,,,,,,,,,,,,,,,,,,,,,,,,,689.040314199985,689.0496463999734,689.0496463999734,691.0339457999798,691.0340355000226,691.0416641000193,691.0416641000193,,,691.5254489000072,p,1,691.5255085999961,691.5335067000124,692.5247934000217,692.5168774999911,0.4809252999839373,None,,,,,,,,,,,,,,,,,,,,201,1,short,A,2026-07-09_14h05.35.427,SBL_superimposed_encoding,,2026.1.3,120.31971351195838,2026-07-09 14h05.35.614754 -0400,
3,0,0,0,stimuli/scenes/scene_U2.jpg,Undersea,Tulon,stimuli/items/undersea_animal_7.png,Undersea,animal,sc,p,1,0.8606564000365324,None,0,2,2,2,0,0,0,0,0,0,0,0,764.5760797000257,,,,,,,,,,,,,,,,,,,,,,,,,,,,,,,,,,,,,,764.5191583000124,764.519378500001,764.5687712000217,764.5760797000257,764.5760797000257,766.5268924999982,766.5269402000122,766.5346934000263,766.5346934000263,,,767.4014311999781,p,1,767.4014921999769,767.4093827999895,768.4262020000024,768.392913800024,0.8606564000365324,None,692.5225595000084,692.5227975000162,692.5230054000276,692.5247934000217,692.5247934000217,692.5247934000217,764.5182373999851,space,71.99074469995685,None,,,,,,,,,,201,1,short,A,2026-07-09_14h05.35.427,SBL_superimposed_encoding,,2026.1.3,120.31971351195838,2026-07-09 14h05.35.614754 -0400,
3,1,1,0,stimuli/scenes/scene_J1.jpg,Jungle,Malbow,stimuli/items/undersea_animal_3.png,Undersea,animal,si,q,1,0.34584039996843785,None,0,2,2,2,0,1,1,1,,,,,768.4262020000024,,,,,,,,,,,,,,,,,,,,,,,,,,,,,,,,,,,,,,,,768.4194258999778,768.4262020000024,768.4262020000024,770.4016846999875,770.4017302999855,770.4094595999923,770.4094595999923,,,770.760472599999,q,1,770.7605308999773,770.7676096999785,771.792418099998,771.7516466000234,0.34584039996843785,None,,,,,,,,,,,,,,,,,,,,201,1,short,A,2026-07-09_14h05.35.427,SBL_superimposed_encoding,,2026.1.3,120.31971351195838,2026-07-09 14h05.35.614754 -0400,
3,2,2,0,stimuli/scenes/scene_J2.jpg,Jungle,Somar,stimuli/items/jungle_animal_4.png,Jungle,animal,sc,p,1,0.29132090002531186,None,0,2,2,2,0,2,2,2,,,,,771.792418099998,,,,,,,,,,,,,,,,,,,,,,,,,,,,,,,,,,,,,,,,771.7807103000232,771.792418099998,771.792418099998,773.7687660999945,773.7688128000009,773.7761345999897,773.7761345999897,,,774.0684292999795,p,1,774.0684871000121,774.0763388000196,775.0925231000292,775.0600775000057,0.29132090002531186,None,,,,,,,,,,,,,,,,,,,,201,1,short,A,2026-07-09_14h05.35.427,SBL_superimposed_encoding,,2026.1.3,120.31971351195838,2026-07-09 14h05.35.614754 -0400,
3,3,3,0,stimuli/scenes/scene_J1.jpg,Jungle,Malbow,stimuli/items/undersea_object_7.png,Undersea,object,si,q,1,0.4783030000398867,None,0,2,2,2,0,3,3,3,,,,,775.0925231000292,,,,,,,,,,,,,,,,,,,,,,,,,,,,,,,,,,,,,,,,775.0823307000101,775.0925231000292,775.0925231000292,777.0686990999966,777.0687725999742,777.0763042999897,777.0763042999897,,,777.5603484999738,q,1,777.5604078000179,777.5677476000274,778.5840827000211,778.5516730999807,0.4783030000398867,None,,,,,,,,,,,,,,,,,,,,201,1,short,A,2026-07-09_14h05.35.427,SBL_superimposed_encoding,,2026.1.3,120.31971351195838,2026-07-09 14h05.35.614754 -0400,
3,4,4,0,stimuli/scenes/scene_J2.jpg,Jungle,Somar,stimuli/items/jungle_object_4.png,Jungle,object,sc,p,1,0.2586732999770902,None,0,2,2,2,0,4,4,4,,,,,778.5840827000211,,,,,,,,,,,,,,,,,,,,,,,,,,,,,,,,,,,,,,,,778.5727284000022,778.5840827000211,778.5840827000211,780.5686279999791,780.5686723000254,780.5763478000299,780.5763478000299,,,780.8437199000036,p,1,780.8437769000302,780.8513666000217,781.8676941000158,781.8350809999974,0.2586732999770902,None,,,,,,,,,,,,,,,,,,,,201,1,short,A,2026-07-09_14h05.35.427,SBL_superimposed_encoding,,2026.1.3,120.31971351195838,2026-07-09 14h05.35.614754 -0400,
3,5,5,0,stimuli/scenes/scene_J1.jpg,Jungle,Malbow,stimuli/items/jungle_animal_12.png,Jungle,animal,sc,p,1,0.43957559997215867,None,0,2,2,2,0,5,5,5,,,,,781.8676941000158,,,,,,,,,,,,,,,,,,,,,,,,,,,,,,,,,,,,,,,,781.8582375000115,781.8676941000158,781.8676941000158,783.8439831000287,783.8440803000121,783.8511520000175,783.8511520000175,,,784.2936684000306,p,1,784.2937552999938,784.3013873000164,785.3174793000217,785.2849865999888,0.43957559997215867,None,,,,,,,,,,,,,,,,,,,,201,1,short,A,2026-07-09_14h05.35.427,SBL_superimposed_encoding,,2026.1.3,120.31971351195838,2026-07-09 14h05.35.614754 -0400,
3,6,6,0,stimuli/scenes/scene_U1.jpg,Undersea,Negvi,stimuli/items/jungle_animal_18.png,Jungle,animal,si,q,1,0.29293360002338886,None,0,2,2,2,0,6,6,6,,,,,785.3174793000217,,,,,,,,,,,,,,,,,,,,,,,,,,,,,,,,,,,,,,,,785.3096942999982,785.3174793000217,785.3174793000217,787.3021264999988,787.3021727000014,787.3095495000016,787.3095495000016,,,787.6106398000265,q,1,787.6106973999995,787.6179140000022,788.6342030999949,788.601643299975,0.29293360002338886,None,,,,,,,,,,,,,,,,,,,,201,1,short,A,2026-07-09_14h05.35.427,SBL_superimposed_encoding,,2026.1.3,120.31971351195838,2026-07-09 14h05.35.614754 -0400,
3,7,7,0,stimuli/scenes/scene_J1.jpg,Jungle,Malbow,stimuli/items/undersea_animal_19.png,Undersea,animal,si,q,1,0.3998462000163272,None,0,2,2,2,0,7,7,7,,,,,788.6342030999949,,,,,,,,,,,,,,,,,,,,,,,,,,,,,,,,,,,,,,,,788.6235843999893,788.6342030999949,788.6342030999949,790.6189061999903,790.6189515999868,790.6267385000247,790.6267385000247,,,791.0274202,q,1,791.0274789999821,791.0346531000105,792.0495884999982,792.0183097000117,0.3998462000163272,None,,,,,,,,,,,,,,,,,,,,201,1,short,A,2026-07-09_14h05.35.427,SBL_superimposed_encoding,,2026.1.3,120.31971351195838,2026-07-09 14h05.35.614754 -0400,
3,8,8,0,stimuli/scenes/scene_U1.jpg,Undersea,Negvi,stimuli/items/jungle_animal_1.png,Jungle,animal,si,q,1,0.31241130002308637,None,0,2,2,2,0,8,8,8,,,,,792.0495884999982,,,,,,,,,,,,,,,,,,,,,,,,,,,,,,,,,,,,,,,,792.0391762999934,792.0495884999982,792.0495884999982,794.035642199975,794.0357397000189,794.0431326000253,794.0431326000253,,,794.3603690000018,q,1,794.3604251000215,794.368006100005,795.3843521000235,795.3521390000242,0.31241130002308637,None,,,,,,,,,,,,,,,,,,,,201,1,short,A,2026-07-09_14h05.35.427,SBL_superimposed_encoding,,2026.1.3,120.31971351195838,2026-07-09 14h05.35.614754 -0400,
3,9,9,0,stimuli/scenes/scene_J1.jpg,Jungle,Malbow,stimuli/items/undersea_animal_14.png,Undersea,animal,si,q,1,0.2988591999746859,None,0,2,2,2,0,9,9,9,,,,,795.3843521000235,,,,,,,,,,,,,,,,,,,,,,,,,,,,,,,,,,,,,,,,795.3735489000101,795.3843521000235,795.3843521000235,797.3606397000258,797.360763899982,797.3682089999784,797.3682089999784,,,797.6686539999791,q,1,797.668711300008,797.6768309000181,798.6938173000235,798.6600634999922,0.2988591999746859,None,,,,,,,,,,,,,,,,,,,,201,1,short,A,2026-07-09_14h05.35.427,SBL_superimposed_encoding,,2026.1.3,120.31971351195838,2026-07-09 14h05.35.614754 -0400,
3,10,10,0,stimuli/scenes/scene_J2.jpg,Jungle,Somar,stimuli/items/undersea_object_11.png,Undersea,object,si,q,1,0.2858268999843858,None,0,2,2,2,0,10,10,10,,,,,798.6938173000235,,,,,,,,,,,,,,,,,,,,,,,,,,,,,,,,,,,,,,,,798.6880688000238,798.6938173000235,798.6938173000235,800.6688043000177,800.6688490000088,800.6768016000278,800.6768016000278,,,800.9687383000273,q,1,800.9687957999995,800.9767599999905,801.9934280000161,801.9604208000237,0.2858268999843858,None,,,,,,,,,,,,,,,,,,,,201,1,short,A,2026-07-09_14h05.35.427,SBL_superimposed_encoding,,2026.1.3,120.31971351195838,2026-07-09 14h05.35.614754 -0400,
3,11,11,0,stimuli/scenes/scene_J1.jpg,Jungle,Malbow,stimuli/items/jungle_object_17.png,Jungle,object,sc,p,1,0.3941262000007555,None,0,2,2,2,0,11,11,11,,,,,801.9934280000161,,,,,,,,,,,,,,,,,,,,,,,,,,,,,,,,,,,,,,,,801.9847936999868,801.9934280000161,801.9934280000161,803.9689729000092,803.9690684999805,803.9769487000303,803.9769487000303,,,804.3771885000169,p,1,804.3772463999921,804.3849456000025,805.401445400028,805.3685068999766,0.3941262000007555,None,,,,,,,,,,,,,,,,,,,,201,1,short,A,2026-07-09_14h05.35.427,SBL_superimposed_encoding,,2026.1.3,120.31971351195838,2026-07-09 14h05.35.614754 -0400,
3,12,12,0,stimuli/scenes/scene_U2.jpg,Undersea,Tulon,stimuli/items/undersea_object_13.png,Undersea,object,sc,p,1,0.4096094999695197,None,0,2,2,2,0,12,12,12,,,,,805.401445400028,,,,,,,,,,,,,,,,,,,,,,,,,,,,,,,,,,,,,,,,805.393307899998,805.401445400028,805.401445400028,807.3775405000197,807.3775850000093,807.3849862000206,807.3849862000206,,,807.8022481999942,p,1,807.8023056000238,807.8098125000251,808.8255710999947,808.7934129000059,0.4096094999695197,None,,,,,,,,,,,,,,,,,,,,201,1,short,A,2026-07-09_14h05.35.427,SBL_superimposed_encoding,,2026.1.3,120.31971351195838,2026-07-09 14h05.35.614754 -0400,
3,13,13,0,stimuli/scenes/scene_J1.jpg,Jungle,Malbow,stimuli/items/jungle_object_20.png,Jungle,object,sc,p,1,0.2561633999575861,None,0,2,2,2,0,13,13,13,,,,,808.8255710999947,,,,,,,,,,,,,,,,,,,,,,,,,,,,,,,,,,,,,,,,808.8146486000041,808.8255710999947,808.8255710999947,810.8108039000072,810.810847899993,810.8184458999895,810.8184458999895,,,811.0771901999833,p,1,811.0772454999969,811.0850301000173,812.101483699982,812.068740000017,0.2561633999575861,None,,,,,,,,,,,,,,,,,,,,201,1,short,A,2026-07-09_14h05.35.427,SBL_superimposed_encoding,,2026.1.3,120.31971351195838,2026-07-09 14h05.35.614754 -0400,
3,14,14,0,stimuli/scenes/scene_U2.jpg,Undersea,Tulon,stimuli/items/undersea_object_15.png,Undersea,object,sc,p,1,0.6139919999986887,None,0,2,2,2,0,14,14,14,,,,,812.101483699982,,,,,,,,,,,,,,,,,,,,,,,,,,,,,,,,,,,,,,,,812.0932220999966,812.101483699982,812.101483699982,814.0854919999838,814.0855368999764,814.0933230000082,814.0933230000082,,,814.710902300023,p,1,814.7109612000058,814.7182392000104,815.7345667000045,815.7020114000188,0.6139919999986887,None,,,,,,,,,,,,,,,,,,,,201,1,short,A,2026-07-09_14h05.35.427,SBL_superimposed_encoding,,2026.1.3,120.31971351195838,2026-07-09 14h05.35.614754 -0400,
3,15,15,0,stimuli/scenes/scene_J1.jpg,Jungle,Malbow,stimuli/items/jungle_animal_2.png,Jungle,animal,sc,q,0,0.8608804999967106,None,0,2,2,2,0,15,15,15,,,,,815.7345667000045,,,,,,,,,,,,,,,,,,,,,,,,,,,,,,,,,,,,,,,,815.7243776000105,815.7345667000045,815.7345667000045,817.711154300021,817.7111990000121,817.7183501999825,817.7183501999825,,,818.585787500022,q,0,818.5858452999964,818.5936088999733,819.610568700009,819.5770879000193,0.8608804999967106,None,,,,,,,,,,,,,,,,,,,,201,1,short,A,2026-07-09_14h05.35.427,SBL_superimposed_encoding,,2026.1.3,120.31971351195838,2026-07-09 14h05.35.614754 -0400,
3,16,16,0,stimuli/scenes/scene_J2.jpg,Jungle,Somar,stimuli/items/undersea_animal_4.png,Undersea,animal,si,q,1,0.6575282999547198,None,0,2,2,2,0,16,16,16,,,,,819.610568700009,,,,,,,,,,,,,,,,,,,,,,,,,,,,,,,,,,,,,,,,819.6048819000134,819.610568700009,819.610568700009,821.5945008000126,821.59459719999,821.6018625000142,821.6018625000142,,,822.2609606999904,q,1,822.261017700017,822.2686038999818,823.2847543000244,823.2521551999962,0.6575282999547198,None,,,,,,,,,,,,,,,,,,,,201,1,short,A,2026-07-09_14h05.35.427,SBL_superimposed_encoding,,2026.1.3,120.31971351195838,2026-07-09 14h05.35.614754 -0400,
3,17,17,0,stimuli/scenes/scene_J1.jpg,Jungle,Malbow,stimuli/items/jungle_animal_20.png,Jungle,animal,sc,p,1,0.3585226000286639,None,0,2,2,2,0,17,17,17,,,,,823.2847543000244,,,,,,,,,,,,,,,,,,,,,,,,,,,,,,,,,,,,,,,,823.2752031999989,823.2847543000244,823.2847543000244,825.2696155000012,825.2697128999862,825.2767849999946,825.2767849999946,,,825.6360344000277,p,1,825.6360942000174,825.6434632000164,826.6598877999932,826.6269882000051,0.3585226000286639,None,,,,,,,,,,,,,,,,,,,,201,1,short,A,2026-07-09_14h05.35.427,SBL_superimposed_encoding,,2026.1.3,120.31971351195838,2026-07-09 14h05.35.614754 -0400,
3,18,18,0,stimuli/scenes/scene_U2.jpg,Undersea,Tulon,stimuli/items/undersea_animal_12.png,Undersea,animal,sc,p,1,0.3266791999922134,None,0,2,2,2,0,18,18,18,,,,,826.6598877999932,,,,,,,,,,,,,,,,,,,,,,,,,,,,,,,,,,,,,,,,826.6507959000301,826.6598877999932,826.6598877999932,828.6446775000077,828.6447504999815,828.651894700015,828.651894700015,,,828.9862428000197,p,1,828.9862999999896,828.9937986999867,830.010155899974,829.9773173999856,0.3266791999922134,None,,,,,,,,,,,,,,,,,,,,201,1,short,A,2026-07-09_14h05.35.427,SBL_superimposed_encoding,,2026.1.3,120.31971351195838,2026-07-09 14h05.35.614754 -0400,
3,19,19,0,stimuli/scenes/scene_J2.jpg,Jungle,Somar,stimuli/items/undersea_animal_11.png,Undersea,animal,si,q,1,0.2731732999673113,None,0,2,2,2,0,19,19,19,,,,,830.010155899974,,,,,,,,,,,,,,,,,,,,,,,,,,,,,,,,,,,,,,,,830.0012019000133,830.010155899974,830.010155899974,831.9946113000042,831.994691299973,832.0021185000078,832.0021185000078,,,832.2775141000166,q,1,832.2775691000279,832.2854318000027,833.3005895999959,833.2694859000039,0.2731732999673113,None,,,,,,,,,,,,,,,,,,,,201,1,short,A,2026-07-09_14h05.35.427,SBL_superimposed_encoding,,2026.1.3,120.31971351195838,2026-07-09 14h05.35.614754 -0400,
3,20,20,0,stimuli/scenes/scene_U2.jpg,Undersea,Tulon,stimuli/items/jungle_animal_15.png,Jungle,animal,si,q,1,0.3010367000242695,None,0,2,2,2,0,20,20,20,,,,,833.3005895999959,,,,,,,,,,,,,,,,,,,,,,,,,,,,,,,,,,,,,,,,833.2889562000055,833.3005895999959,833.3005895999959,835.2778982999735,835.277981900028,835.285444899986,835.285444899986,,,835.594482799992,q,1,835.5945416999748,835.6020148000098,836.6247350000194,836.5860129999928,0.3010367000242695,None,,,,,,,,,,,,,,,,,,,,201,1,short,A,2026-07-09_14h05.35.427,SBL_superimposed_encoding,,2026.1.3,120.31971351195838,2026-07-09 14h05.35.614754 -0400,
3,21,21,0,stimuli/scenes/scene_J1.jpg,Jungle,Malbow,stimuli/items/undersea_animal_17.png,Undersea,animal,si,q,1,0.5761496999766678,None,0,2,2,2,0,21,21,21,,,,,836.6247350000194,,,,,,,,,,,,,,,,,,,,,,,,,,,,,,,,,,,,,,,,836.6133613000275,836.6247350000194,836.6247350000194,838.60271810001,838.6027635000064,838.6104487000266,838.6104487000266,,,839.1946569000138,q,1,839.1947149999905,839.2023005000083,840.2185862999759,840.1860868000076,0.5761496999766678,None,,,,,,,,,,,,,,,,,,,,201,1,short,A,2026-07-09_14h05.35.427,SBL_superimposed_encoding,,2026.1.3,120.31971351195838,2026-07-09 14h05.35.614754 -0400,
3,22,22,0,stimuli/scenes/scene_J2.jpg,Jungle,Somar,stimuli/items/jungle_animal_16.png,Jungle,animal,sc,q,0,0.7202575000119396,None,0,2,2,2,0,22,22,22,,,,,840.2185862999759,,,,,,,,,,,,,,,,,,,,,,,,,,,,,,,,,,,,,,,,840.2083713000175,840.2185862999759,840.2185862999759,842.2028835000237,842.2029281000141,842.2105266000144,842.2105266000144,,,842.9365407000296,q,0,842.9365987000056,842.9440237000235,843.9603776999866,843.9273878000095,0.7202575000119396,None,,,,,,,,,,,,,,,,,,,,201,1,short,A,2026-07-09_14h05.35.427,SBL_superimposed_encoding,,2026.1.3,120.31971351195838,2026-07-09 14h05.35.614754 -0400,
3,23,23,0,stimuli/scenes/scene_U1.jpg,Undersea,Negvi,stimuli/items/jungle_object_2.png,Jungle,object,si,q,1,0.22617480001645163,None,0,2,2,2,0,23,23,23,,,,,843.9603776999866,,,,,,,,,,,,,,,,,,,,,,,,,,,,,,,,,,,,,,,,843.9512868000311,843.9603776999866,843.9603776999866,845.944491799979,845.9445413000067,845.9523240000126,845.9523240000126,,,846.1862520999857,q,1,846.1863119999762,846.1939166000229,847.2095392000047,847.1775114000193,0.22617480001645163,None,,,,,,,,,,,,,,,,,,,,201,1,short,A,2026-07-09_14h05.35.427,SBL_superimposed_encoding,,2026.1.3,120.31971351195838,2026-07-09 14h05.35.614754 -0400,
3,24,24,0,stimuli/scenes/scene_J2.jpg,Jungle,Somar,stimuli/items/undersea_animal_8.png,Undersea,animal,si,q,1,0.29706299997633323,None,0,2,2,2,0,24,24,24,,,,,847.2095392000047,,,,,,,,,,,,,,,,,,,,,,,,,,,,,,,,,,,,,,,,847.1980611999752,847.2095392000047,847.2095392000047,849.1866013000254,849.1866971999989,849.1939652999863,849.1939652999863,,,849.4946517000208,q,1,849.4947106000036,849.5022076999885,850.5111771000084,850.4859410999925,0.29706299997633323,None,,,,,,,,,,,,,,,,,,,,201,1,short,A,2026-07-09_14h05.35.427,SBL_superimposed_encoding,,2026.1.3,120.31971351195838,2026-07-09 14h05.35.614754 -0400,
3,25,25,0,stimuli/scenes/scene_U1.jpg,Undersea,Negvi,stimuli/items/jungle_object_11.png,Jungle,object,si,q,1,0.3971346999751404,None,0,2,2,2,0,25,25,25,,,,,850.5111771000084,,,,,,,,,,,,,,,,,,,,,,,,,,,,,,,,,,,,,,,,850.50569000002,850.5111771000084,850.5111771000084,852.4946293000248,852.4946777999867,852.5023775000009,852.5023775000009,,,852.9034044999862,q,1,852.9034711000277,852.9106877000304,853.9274938000017,853.8945063999854,0.3971346999751404,None,,,,,,,,,,,852.5023775000009,852.5023775000009,,,,,,,,201,1,short,A,2026-07-09_14h05.35.427,SBL_superimposed_encoding,,2026.1.3,120.31971351195838,2026-07-09 14h05.35.614754 -0400,
3,26,26,0,stimuli/scenes/scene_J1.jpg,Jungle,Malbow,stimuli/items/jungle_object_5.png,Jungle,object,sc,p,1,0.4672648000414483,None,0,2,2,2,0,26,26,26,,,,,853.9274938000017,,,,,,,,,,,,,,,,,,,,,,,,,,,,,,,,,,,,,,,,853.9204829999944,853.9274938000017,853.9274938000017,855.9116351000266,855.9117092000088,855.919186300016,855.919186300016,,,856.3946040000301,p,1,856.3946599999908,856.4025555999833,857.4186134000192,857.3858854999999,0.4672648000414483,None,,,,,,,,,,,,,,,,,,,,201,1,short,A,2026-07-09_14h05.35.427,SBL_superimposed_encoding,,2026.1.3,120.31971351195838,2026-07-09 14h05.35.614754 -0400,
3,27,27,0,stimuli/scenes/scene_J2.jpg,Jungle,Somar,stimuli/items/jungle_animal_8.png,Jungle,animal,sc,p,1,0.3605136999976821,None,0,2,2,2,0,27,27,27,,,,,857.4186134000192,,,,,,,,,,,,,,,,,,,,,,,,,,,,,,,,,,,,,,,,857.4079084999976,857.4186134000192,857.4186134000192,859.3948791000294,859.3949237000197,859.4024231000221,859.4024231000221,,,859.769586600014,p,1,859.7696456999984,859.7775366000133,860.7930409000255,860.7612393000163,0.3605136999976821,None,,,,,,,,,,,,,,,,,,,,201,1,short,A,2026-07-09_14h05.35.427,SBL_superimposed_encoding,,2026.1.3,120.31971351195838,2026-07-09 14h05.35.614754 -0400,
3,28,28,0,stimuli/scenes/scene_U1.jpg,Undersea,Negvi,stimuli/items/undersea_object_3.png,Undersea,object,sc,p,1,0.28180860000429675,None,0,2,2,2,0,28,28,28,,,,,860.7930409000255,,,,,,,,,,,,,,,,,,,,,,,,,,,,,,,,,,,,,,,,860.7817918999936,860.7930409000255,860.7930409000255,862.7698209999944,862.7698670999962,862.7775441000122,862.7775441000122,,,863.061343599984,p,1,863.061400400009,863.0693437000155,864.0855919999885,864.0531069000135,0.28180860000429675,None,,,,,,,,,,,,,,,,,,,,201,1,short,A,2026-07-09_14h05.35.427,SBL_superimposed_encoding,,2026.1.3,120.31971351195838,2026-07-09 14h05.35.614754 -0400,
3,29,29,0,stimuli/scenes/scene_J2.jpg,Jungle,Somar,stimuli/items/undersea_object_16.png,Undersea,object,si,q,1,0.2852720000082627,None,0,2,2,2,0,29,29,29,,,,,864.0855919999885,,,,,,,,,,,,,,,,,,,,,,,,,,,,,,,,,,,,,,,,864.0748094000155,864.0855919999885,864.0855919999885,866.0616613000166,866.0617071000161,866.069452500029,866.069452500029,,,866.3616581999813,q,1,866.3617253000266,866.3690982999979,867.385444900021,867.3528019000078,0.2852720000082627,None,,,,,,,,,,,,,,,,,,,,201,1,short,A,2026-07-09_14h05.35.427,SBL_superimposed_encoding,,2026.1.3,120.31971351195838,2026-07-09 14h05.35.614754 -0400,
3,30,30,0,stimuli/scenes/scene_U2.jpg,Undersea,Tulon,stimuli/items/jungle_object_14.png,Jungle,object,si,None,0,,,0,2,2,2,0,30,30,30,,,,,867.385444900021,,,,,,,,,,,,,,,,,,,,,,,,,,,,,,,,,,,,,,,,867.3746154999826,867.385444900021,867.385444900021,869.3619935999741,869.3620644999901,869.3694077000255,869.3694077000255,870.3613157999935,870.3613157999935,870.3531474000192,None,0,870.3531943000271,870.3613157999935,871.3848120999755,871.3448426999967,,,,,,,,,,,,,,,,,,,,,,201,1,short,A,2026-07-09_14h05.35.427,SBL_superimposed_encoding,,2026.1.3,120.31971351195838,2026-07-09 14h05.35.614754 -0400,
3,31,31,0,stimuli/scenes/scene_J1.jpg,Jungle,Malbow,stimuli/items/jungle_object_8.png,Jungle,object,sc,p,1,0.314023700018879,None,0,2,2,2,0,31,31,31,,,,,871.3848120999755,,,,,,,,,,,,,,,,,,,,,,,,,,,,,,,,,,,,,,,,871.3738195999758,871.3848120999755,871.3848120999755,873.3618792999769,873.3619240000262,873.3693672000081,873.3693672000081,,,873.6866402000305,p,1,873.6866992000141,873.6941759000183,874.7026828000089,874.6783311999752,0.314023700018879,None,,,,,,,,,,,,,,,,,,,,201,1,short,A,2026-07-09_14h05.35.427,SBL_superimposed_encoding,,2026.1.3,120.31971351195838,2026-07-09 14h05.35.614754 -0400,
3,32,32,0,stimuli/scenes/scene_U2.jpg,Undersea,Tulon,stimuli/items/jungle_animal_17.png,Jungle,animal,si,q,1,0.26797659997828305,None,0,2,2,2,0,32,32,32,,,,,874.7026828000089,,,,,,,,,,,,,,,,,,,,,,,,,,,,,,,,,,,,,,,,874.6964886999922,874.7026828000089,874.7026828000089,876.6869871999952,876.6870294000255,876.6945685999817,876.6945685999817,,,876.9701809000107,q,1,876.970238799986,876.977641000005,877.9940315000131,877.9612262999872,0.26797659997828305,None,,,,,,,,,,,876.6945685999817,876.6945685999817,,,,,,,,201,1,short,A,2026-07-09_14h05.35.427,SBL_superimposed_encoding,,2026.1.3,120.31971351195838,2026-07-09 14h05.35.614754 -0400,
3,33,33,0,stimuli/scenes/scene_U1.jpg,Undersea,Negvi,stimuli/items/undersea_animal_16.png,Undersea,animal,sc,p,1,0.2819243000121787,None,0,2,2,2,0,33,33,33,,,,,877.9940315000131,,,,,,,,,,,,,,,,,,,,,,,,,,,,,,,,,,,,,,,,877.9847924999776,877.9940315000131,877.9940315000131,879.9705875000218,879.9706964999787,879.9776314999908,879.9776314999908,,,880.2615232000244,p,1,880.2615790999844,880.2696396000101,881.2780188000179,881.2533260000055,0.2819243000121787,None,,,,,,,,,,,,,,,,,,,,201,1,short,A,2026-07-09_14h05.35.427,SBL_superimposed_encoding,,2026.1.3,120.31971351195838,2026-07-09 14h05.35.614754 -0400,
3,34,34,0,stimuli/scenes/scene_U2.jpg,Undersea,Tulon,stimuli/items/undersea_animal_10.png,Undersea,animal,sc,p,1,0.28566130000399426,None,0,2,2,2,0,34,34,34,,,,,881.2780188000179,,,,,,,,,,,,,,,,,,,,,,,,,,,,,,,,,,,,,,,,881.2719361999771,881.2780188000179,881.2780188000179,883.261840399995,883.2618833000306,883.2695018000086,883.2695018000086,,,883.5615768000134,p,1,883.5616381000145,883.5696348000201,884.5781918999855,884.5530470000231,0.28566130000399426,None,,,,,,,,,,,883.2695018000086,883.2695018000086,,,,,,,,201,1,short,A,2026-07-09_14h05.35.427,SBL_superimposed_encoding,,2026.1.3,120.31971351195838,2026-07-09 14h05.35.614754 -0400,
3,35,35,0,stimuli/scenes/scene_U1.jpg,Undersea,Negvi,stimuli/items/jungle_animal_5.png,Jungle,animal,si,q,1,0.281116199970711,None,0,2,2,2,0,35,35,35,,,,,884.5781918999855,,,,,,,,,,,,,,,,,,,,,,,,,,,,,,,,,,,,,,,,884.5726541000186,884.5781918999855,884.5781918999855,886.5619006999768,886.5619446000201,886.5697366999811,886.5697366999811,,,886.8533751000068,q,1,886.8534323999775,886.8610772999818,887.8857145999791,887.8453322999994,0.281116199970711,None,,,,,,,,,,,886.5697366999811,886.5697366999811,,,,,,,,201,1,short,A,2026-07-09_14h05.35.427,SBL_superimposed_encoding,,2026.1.3,120.31971351195838,2026-07-09 14h05.35.614754 -0400,
3,36,36,0,stimuli/scenes/scene_J2.jpg,Jungle,Somar,stimuli/items/jungle_object_7.png,Jungle,object,sc,p,1,0.3175576999783516,None,0,2,2,2,0,36,36,36,,,,,887.8857145999791,,,,,,,,,,,,,,,,,,,,,,,,,,,,,,,,,,,,,,,,887.8738658999791,887.8857145999791,887.8857145999791,889.853747199988,889.8538460999844,889.8610673000221,889.8610673000221,,,890.1872892000247,p,1,890.1873490000144,890.1945266000112,891.2088066000142,891.1784007999813,0.3175576999783516,None,,,,,,,,,,,,,,,,,,,,201,1,short,A,2026-07-09_14h05.35.427,SBL_superimposed_encoding,,2026.1.3,120.31971351195838,2026-07-09 14h05.35.614754 -0400,
3,37,37,0,stimuli/scenes/scene_U2.jpg,Undersea,Tulon,stimuli/items/jungle_object_13.png,Jungle,object,si,q,1,0.591986800020095,None,0,2,2,2,0,37,37,37,,,,,891.2088066000142,,,,,,,,,,,,,,,,,,,,,,,,,,,,,,,,,,,,,,,,891.1973489000229,891.2088066000142,891.2088066000142,893.1952655999921,893.1953125,893.2028595000156,893.2028595000156,,,893.7955554000218,q,1,893.7956245000241,893.802940100024,894.8193372000242,894.7869277999853,0.591986800020095,None,,,,,,,,,,,,,,,,,,,,201,1,short,A,2026-07-09_14h05.35.427,SBL_superimposed_encoding,,2026.1.3,120.31971351195838,2026-07-09 14h05.35.614754 -0400,
3,38,38,0,stimuli/scenes/scene_J2.jpg,Jungle,Somar,stimuli/items/undersea_animal_1.png,Undersea,animal,si,q,1,0.2796560999704525,None,0,2,2,2,0,38,38,38,,,,,894.8193372000242,,,,,,,,,,,,,,,,,,,,,,,,,,,,,,,,,,,,,,,,894.808392499981,894.8193372000242,894.8193372000242,896.8036377999815,896.8036841999856,896.8110864000046,896.8110864000046,,,897.095598999993,q,1,897.0956576999743,897.103420200001,898.1197130000219,898.0864330999902,0.2796560999704525,None,,,,,,,,,,,,,,,,,,,,201,1,short,A,2026-07-09_14h05.35.427,SBL_superimposed_encoding,,2026.1.3,120.31971351195838,2026-07-09 14h05.35.614754 -0400,
3,39,39,0,stimuli/scenes/scene_J1.jpg,Jungle,Malbow,stimuli/items/jungle_animal_6.png,Jungle,animal,sc,p,1,0.2998168999911286,None,0,2,2,2,0,39,39,39,,,,,898.1197130000219,,,,,,,,,,,,,,,,,,,,,,,,,,,,,,,,,,,,,,,,898.1132054000045,898.1197130000219,898.1197130000219,900.0957873000298,900.0958856000216,900.1031965999864,900.1031965999864,,,900.4038416999974,p,1,900.4039020999917,900.4112476999871,901.4276236000005,901.3951794999884,0.2998168999911286,None,,,,,,,,,,,,,,,,,,,,201,1,short,A,2026-07-09_14h05.35.427,SBL_superimposed_encoding,,2026.1.3,120.31971351195838,2026-07-09 14h05.35.614754 -0400,
3,40,40,0,stimuli/scenes/scene_J2.jpg,Jungle,Somar,stimuli/items/undersea_object_14.png,Undersea,object,si,q,1,0.3357532000518404,None,0,2,2,2,0,40,40,40,,,,,901.4276236000005,,,,,,,,,,,,,,,,,,,,,,,,,,,,,,,,,,,,,,,,901.4171792999841,901.4276236000005,901.4276236000005,903.4040494000074,903.4040940999985,903.4117321000085,903.4117321000085,,,903.7538650999777,q,1,903.7539251000271,903.7613941000309,904.7781247000094,904.7452544000116,0.3357532000518404,None,,,,,,,,,,,,,,,,,,,,201,1,short,A,2026-07-09_14h05.35.427,SBL_superimposed_encoding,,2026.1.3,120.31971351195838,2026-07-09 14h05.35.614754 -0400,
3,41,41,0,stimuli/scenes/scene_U1.jpg,Undersea,Negvi,stimuli/items/jungle_animal_10.png,Jungle,animal,si,q,1,0.6489770000334829,None,0,2,2,2,0,41,41,41,,,,,904.7781247000094,,,,,,,,,,,,,,,,,,,,,,,,,,,,,,,,,,,,,,,,904.7706967000267,904.7781247000094,904.7781247000094,906.7540097999736,906.7540888999938,906.7615896000061,906.7615896000061,,,907.412256999989,q,1,907.4123150000232,907.4197222000221,908.4360315999947,908.4034829000011,0.6489770000334829,None,,,,,,,,,,,,,,,,,,,,201,1,short,A,2026-07-09_14h05.35.427,SBL_superimposed_encoding,,2026.1.3,120.31971351195838,2026-07-09 14h05.35.614754 -0400,
3,42,42,0,stimuli/scenes/scene_U2.jpg,Undersea,Tulon,stimuli/items/jungle_object_15.png,Jungle,object,si,q,1,0.5343498999718577,None,0,2,2,2,0,42,42,42,,,,,908.4360315999947,,,,,,,,,,,,,,,,,,,,,,,,,,,,,,,,,,,,,,,,908.4263947000145,908.4360315999947,908.4360315999947,910.4207908000099,910.4208635999821,910.4282006000285,910.4282006000285,,,910.970830300008,q,1,910.97088909999,910.9783856000286,911.9953244000208,911.9620619000052,0.5343498999718577,None,,,,,,,,,,,,,,,,,,,,201,1,short,A,2026-07-09_14h05.35.427,SBL_superimposed_encoding,,2026.1.3,120.31971351195838,2026-07-09 14h05.35.614754 -0400,
3,43,43,0,stimuli/scenes/scene_J1.jpg,Jungle,Malbow,stimuli/items/undersea_object_1.png,Undersea,object,si,q,1,0.3357040000264533,None,0,2,2,2,0,43,43,43,,,,,911.9953244000208,,,,,,,,,,,,,,,,,,,,,,,,,,,,,,,,,,,,,,,,911.9895184999914,911.9953244000208,911.9953244000208,913.9790225999895,913.9791193000274,913.986834899988,913.986834899988,,,914.3287790999748,q,1,914.3288352999953,914.3368287999765,915.3617985000019,915.3207275000168,0.3357040000264533,None,,,,,,,,,,,,,,,,,,,,201,1,short,A,2026-07-09_14h05.35.427,SBL_superimposed_encoding,,2026.1.3,120.31971351195838,2026-07-09 14h05.35.614754 -0400,
3,44,44,0,stimuli/scenes/scene_J2.jpg,Jungle,Somar,stimuli/items/undersea_object_5.png,Undersea,object,si,q,1,0.42645760002778843,None,0,2,2,2,0,44,44,44,,,,,915.3617985000019,,,,,,,,,,,,,,,,,,,,,,,,,,,,,,,,,,,,,,,,915.3535944999894,915.3617985000019,915.3617985000019,917.3289804999949,917.329024799983,917.3368757999851,917.3368757999851,,,917.7709090000135,q,1,917.7709670999902,917.7786282000015,918.7948261999991,918.762534199981,0.42645760002778843,None,,,,,,,,,,,,,,,,,,,,201,1,short,A,2026-07-09_14h05.35.427,SBL_superimposed_encoding,,2026.1.3,120.31971351195838,2026-07-09 14h05.35.614754 -0400,
3,45,45,0,stimuli/scenes/scene_J1.jpg,Jungle,Malbow,stimuli/items/jungle_object_10.png,Jungle,object,sc,p,1,0.27199999999720603,None,0,2,2,2,0,45,45,45,,,,,918.7948261999991,,,,,,,,,,,,,,,,,,,,,,,,,,,,,,,,,,,,,,,,918.7856512999861,918.7948261999991,918.7948261999991,920.7791474999976,920.7791923999903,920.7869718000293,920.7869718000293,,,921.0626924000098,p,1,921.0627481000265,921.0700913000037,922.0860761000076,922.053943899984,0.27199999999720603,None,,,,,,,,,,,,,,,,,,,,201,1,short,A,2026-07-09_14h05.35.427,SBL_superimposed_encoding,,2026.1.3,120.31971351195838,2026-07-09 14h05.35.614754 -0400,
3,46,46,0,stimuli/scenes/scene_J2.jpg,Jungle,Somar,stimuli/items/undersea_animal_15.png,Undersea,animal,si,q,1,0.22882610000669956,None,0,2,2,2,0,46,46,46,,,,,922.0860761000076,,,,,,,,,,,,,,,,,,,,,,,,,,,,,,,,,,,,,,,,922.0750538000138,922.0860761000076,922.0860761000076,924.0707731000148,924.0708187000128,924.0783890999737,924.0783890999737,,,924.312114499975,q,1,924.312179600005,924.3202321000281,925.3367255000048,925.3041292999987,0.22882610000669956,None,,,,,,,,,,,,,,,,,,,,201,1,short,A,2026-07-09_14h05.35.427,SBL_superimposed_encoding,,2026.1.3,120.31971351195838,2026-07-09 14h05.35.614754 -0400,
3,47,47,0,stimuli/scenes/scene_U1.jpg,Undersea,Negvi,stimuli/items/undersea_object_6.png,Undersea,object,sc,p,1,0.29844330000923946,None,0,2,2,2,0,47,47,47,,,,,925.3367255000048,,,,,,,,,,,,,,,,,,,,,,,,,,,,,,,,,,,,,,,,925.3294017000007,925.3367255000048,925.3367255000048,927.3123798000161,927.3124237000011,927.3202817999991,927.3202817999991,,,927.620653400023,p,1,927.6207168999827,927.6283061000286,928.6446631000144,928.6120316999732,0.29844330000923946,None,,,,,,,,,,,,,,,,,,,,201,1,short,A,2026-07-09_14h05.35.427,SBL_superimposed_encoding,,2026.1.3,120.31971351195838,2026-07-09 14h05.35.614754 -0400,
3,48,48,0,stimuli/scenes/scene_U2.jpg,Undersea,Tulon,stimuli/items/undersea_object_17.png,Undersea,object,sc,p,1,0.39026339998235926,None,0,2,2,2,0,48,48,48,,,,,928.6446631000144,,,,,,,,,,,,,,,,,,,,,,,,,,,,,,,,,,,,,,,,928.6342154000304,928.6446631000144,928.6446631000144,930.6290727999876,930.6291195999947,930.6367398999864,930.6367398999864,,,931.0289243999869,p,1,931.0289936999907,931.0366773999995,932.0540633000201,932.0207149999915,0.39026339998235926,None,,,,,,,,,,,,,,,,,,,,201,1,short,A,2026-07-09_14h05.35.427,SBL_superimposed_encoding,,2026.1.3,120.31971351195838,2026-07-09 14h05.35.614754 -0400,
3,49,49,0,stimuli/scenes/scene_J1.jpg,Jungle,Malbow,stimuli/items/undersea_object_20.png,Undersea,object,si,q,1,0.28634069999679923,None,0,2,2,2,0,49,49,49,,,,,932.0540633000201,,,,,,,,,,,,,,,,,,,,,,,,,,,,,,,,,,,,,,,,932.0481312000193,932.0540633000201,932.0540633000201,934.0294171000132,934.0295135999913,934.0369005000102,934.0369005000102,,,934.329668499995,q,1,934.3297251000185,934.3368982999818,935.3516099000117,935.3213071000064,0.28634069999679923,None,,,,,,,,,,,,,,,,,,,,201,1,short,A,2026-07-09_14h05.35.427,SBL_superimposed_encoding,,2026.1.3,120.31971351195838,2026-07-09 14h05.35.614754 -0400,
3,50,50,0,stimuli/scenes/scene_U2.jpg,Undersea,Tulon,stimuli/items/undersea_animal_20.png,Undersea,animal,sc,p,1,0.2890157999936491,None,0,2,2,2,0,50,50,50,,,,,935.3516099000117,,,,,,,,,,,,,,,,,,,,,,,,,,,,,,,,,,,,,,,,935.3412229000241,935.3516099000117,935.3516099000117,937.3376856999821,937.3377291000215,937.3456574000302,937.3456574000302,,,937.63763870002,p,1,937.6377025999827,937.6454053000198,938.6617831999902,938.6289036999806,0.2890157999936491,None,,,,,,,,,,,,,,,,,,,,201,1,short,A,2026-07-09_14h05.35.427,SBL_superimposed_encoding,,2026.1.3,120.31971351195838,2026-07-09 14h05.35.614754 -0400,
3,51,51,0,stimuli/scenes/scene_U1.jpg,Undersea,Negvi,stimuli/items/jungle_animal_3.png,Jungle,animal,si,q,1,0.7588288999977522,None,0,2,2,2,0,51,51,51,,,,,938.6617831999902,,,,,,,,,,,,,,,,,,,,,,,,,,,,,,,,,,,,,,,,938.6537889000028,938.6617831999902,938.6617831999902,940.6457229999942,940.6457689999952,940.6537287000101,940.6537287000101,,,941.4213634000043,q,1,941.4214215999818,941.4286925999913,942.4434890000266,942.4125529000303,0.7588288999977522,None,,,,,,,,,,,,,,,,,,,,201,1,short,A,2026-07-09_14h05.35.427,SBL_superimposed_encoding,,2026.1.3,120.31971351195838,2026-07-09 14h05.35.614754 -0400,
3,52,52,0,stimuli/scenes/scene_U2.jpg,Undersea,Tulon,stimuli/items/undersea_animal_5.png,Undersea,animal,sc,p,1,0.23757330002263188,None,0,2,2,2,0,52,52,52,,,,,942.4434890000266,,,,,,,,,,,,,,,,,,,,,,,,,,,,,,,,,,,,,,,,942.4328010000172,942.4434890000266,942.4434890000266,944.4298211000278,944.4299158999929,944.4371609999798,944.4371609999798,,,944.6793532000156,p,1,944.6794162000297,944.6869549999828,945.7020829999819,945.6707286000019,0.23757330002263188,None,,,,,,,,,,,,,,,,,,,,201,1,short,A,2026-07-09_14h05.35.427,SBL_superimposed_encoding,,2026.1.3,120.31971351195838,2026-07-09 14h05.35.614754 -0400,
3,53,53,0,stimuli/scenes/scene_U1.jpg,Undersea,Negvi,stimuli/items/undersea_object_9.png,Undersea,object,sc,p,1,0.8359551000175998,None,0,2,2,2,0,53,53,53,,,,,945.7020829999819,,,,,,,,,,,,,,,,,,,,,,,,,,,,,,,,,,,,,,,,945.6915743999998,945.7020829999819,945.7020829999819,947.6881076000282,947.6881759000244,947.6953539000242,947.6953539000242,,,948.5381804999779,p,1,948.5382422999828,948.5457024999778,949.5622104000067,949.5291449999786,0.8359551000175998,None,,,,,,,,,,,,,,,,,,,,201,1,short,A,2026-07-09_14h05.35.427,SBL_superimposed_encoding,,2026.1.3,120.31971351195838,2026-07-09 14h05.35.614754 -0400,
3,54,54,0,stimuli/scenes/scene_J1.jpg,Jungle,Malbow,stimuli/items/undersea_object_19.png,Undersea,object,si,q,1,0.32139850000385195,None,0,2,2,2,0,54,54,54,,,,,949.5622104000067,,,,,,,,,,,,,,,,,,,,,,,,,,,,,,,,,,,,,,,,949.5554776000208,949.5622104000067,949.5622104000067,951.5462886000169,951.546342000016,951.5541302000056,951.5541302000056,,,951.879788900027,q,1,951.8798476000084,951.8870955000166,952.9110467000282,952.8709569000057,0.32139850000385195,None,,,,,,,,,,,,,,,,,,,,201,1,short,A,2026-07-09_14h05.35.427,SBL_superimposed_encoding,,2026.1.3,120.31971351195838,2026-07-09 14h05.35.614754 -0400,
3,55,55,0,stimuli/scenes/scene_J2.jpg,Jungle,Somar,stimuli/items/jungle_object_6.png,Jungle,object,sc,p,1,0.8595096000353806,None,0,2,2,2,0,55,55,55,,,,,952.9110467000282,,,,,,,,,,,,,,,,,,,,,,,,,,,,,,,,,,,,,,,,952.8994817999774,952.9110467000282,952.9110467000282,954.8800149000017,954.880110899976,954.8875320000225,954.8875320000225,,,955.7548245000071,p,1,955.7548831999884,955.7621971999761,956.7784532000078,956.7460749000311,0.8595096000353806,None,,,,,,,,,,,,,,,,,,,,201,1,short,A,2026-07-09_14h05.35.427,SBL_superimposed_encoding,,2026.1.3,120.31971351195838,2026-07-09 14h05.35.614754 -0400,
3,56,56,0,stimuli/scenes/scene_U1.jpg,Undersea,Negvi,stimuli/items/undersea_object_12.png,Undersea,object,sc,p,1,0.43267170002218336,None,0,2,2,2,0,56,56,56,,,,,956.7784532000078,,,,,,,,,,,,,,,,,,,,,,,,,,,,,,,,,,,,,,,,956.7699671000009,956.7784532000078,956.7784532000078,958.7629031999968,958.7629479999887,958.7707966999733,958.7707966999733,,,959.2044981999788,p,1,959.2045555000077,959.2122500999831,960.2283138000057,960.1961732999771,0.43267170002218336,None,,,,,,,,,,,,,,,,,,,,201,1,short,A,2026-07-09_14h05.35.427,SBL_superimposed_encoding,,2026.1.3,120.31971351195838,2026-07-09 14h05.35.614754 -0400,
3,57,57,0,stimuli/scenes/scene_J2.jpg,Jungle,Somar,stimuli/items/jungle_object_16.png,Jungle,object,sc,p,1,0.22241039999062195,None,0,2,2,2,0,57,57,57,,,,,960.2283138000057,,,,,,,,,,,,,,,,,,,,,,,,,,,,,,,,,,,,,,,,960.2179386999924,960.2283138000057,960.2283138000057,962.2048312000115,962.2049189999816,962.2125793999876,962.2125793999876,,,962.4382049000124,p,1,962.4382608000305,962.4457536999835,963.4624702000292,963.4293328999775,0.22241039999062195,None,,,,,,,,,,,,,,,,,,,,201,1,short,A,2026-07-09_14h05.35.427,SBL_superimposed_encoding,,2026.1.3,120.31971351195838,2026-07-09 14h05.35.614754 -0400,
3,58,58,0,stimuli/scenes/scene_U1.jpg,Undersea,Negvi,stimuli/items/undersea_animal_6.png,Undersea,animal,sc,p,1,0.23704630002612248,None,0,2,2,2,0,58,58,58,,,,,963.4624702000292,,,,,,,,,,,,,,,,,,,,,,,,,,,,,,,,,,,,,,,,963.4547016000142,963.4624702000292,963.4624702000292,965.4383168999921,965.4383690999821,965.4457083999878,965.4457083999878,,,965.6879653999931,p,1,965.6880238000304,965.6955319999834,966.7125101999845,966.6791981999995,0.23704630002612248,None,,,,,,,,,,,,,,,,,,,,201,1,short,A,2026-07-09_14h05.35.427,SBL_superimposed_encoding,,2026.1.3,120.31971351195838,2026-07-09 14h05.35.614754 -0400,
3,59,59,0,stimuli/scenes/scene_J1.jpg,Jungle,Malbow,stimuli/items/undersea_animal_18.png,Undersea,animal,si,q,1,0.32329550001304597,None,0,2,2,2,0,59,59,59,,,,,966.7125101999845,,,,,,,,,,,,,,,,,,,,,,,,,,,,,,,,,,,,,,,,966.7067769999849,966.7125101999845,966.7125101999845,968.6964226000127,968.6964714999776,968.7039785999805,968.7039785999805,,,969.0298216000083,q,1,969.0298804999911,969.0377619999927,970.0537092000013,970.0214062000159,0.32329550001304597,None,,,,,,,,,,,,,,,,,,,,201,1,short,A,2026-07-09_14h05.35.427,SBL_superimposed_encoding,,2026.1.3,120.31971351195838,2026-07-09 14h05.35.614754 -0400,
3,60,60,0,stimuli/scenes/scene_J2.jpg,Jungle,Somar,stimuli/items/undersea_object_4.png,Undersea,object,si,q,1,0.5173890999867581,None,0,2,2,2,0,60,60,60,,,,,970.0537092000013,,,,,,,,,,,,,,,,,,,,,,,,,,,,,,,,,,,,,,,,970.0429396000109,970.0537092000013,970.0537092000013,972.0379432999762,972.0379884000286,972.0458383000223,972.0458383000223,,,972.571870099986,q,1,972.5719272000133,972.5792608999764,973.5953519999748,973.5631495999987,0.5173890999867581,None,,,,,,,,,,,,,,,,,,,,201,1,short,A,2026-07-09_14h05.35.427,SBL_superimposed_encoding,,2026.1.3,120.31971351195838,2026-07-09 14h05.35.614754 -0400,
3,61,61,0,stimuli/scenes/scene_U2.jpg,Undersea,Tulon,stimuli/items/undersea_object_10.png,Undersea,object,sc,p,1,0.287805300031323,None,0,2,2,2,0,61,61,61,,,,,973.5953519999748,,,,,,,,,,,,,,,,,,,,,,,,,,,,,,,,,,,,,,,,973.5867247999995,973.5953519999748,973.5953519999748,975.5800993000157,975.5801439000061,975.5875070000184,975.5875070000184,,,975.8799652000307,p,1,975.8800232000067,975.8876471000258,976.903763499984,976.871182599978,0.287805300031323,None,,,,,,,,,,,,,,,,,,,,201,1,short,A,2026-07-09_14h05.35.427,SBL_superimposed_encoding,,2026.1.3,120.31971351195838,2026-07-09 14h05.35.614754 -0400,
3,62,62,0,stimuli/scenes/scene_J2.jpg,Jungle,Somar,stimuli/items/jungle_animal_11.png,Jungle,animal,sc,q,0,0.5955488000181504,None,0,2,2,2,0,62,62,62,,,,,976.903763499984,,,,,,,,,,,,,,,,,,,,,,,,,,,,,,,,,,,,,,,,976.8932512999745,976.903763499984,976.903763499984,978.8885966999806,978.8886982999975,978.8958972999826,978.8958972999826,,,979.4969284000108,q,0,979.4969869999913,979.5042481999844,980.5205245999969,980.4879092000192,0.5955488000181504,None,,,,,,,,,,,,,,,,,,,,201,1,short,A,2026-07-09_14h05.35.427,SBL_superimposed_encoding,,2026.1.3,120.31971351195838,2026-07-09 14h05.35.614754 -0400,
3,63,63,0,stimuli/scenes/scene_U2.jpg,Undersea,Tulon,stimuli/items/jungle_animal_19.png,Jungle,animal,si,q,1,0.27415700000710785,None,0,2,2,2,0,63,63,63,,,,,980.5205245999969,,,,,,,,,,,,,,,,,,,,,,,,,,,,,,,,,,,,,,,,980.5103356000036,980.5205245999969,980.5205245999969,982.5050988000003,982.5051427999861,982.512694199977,982.512694199977,,,982.7885430000024,q,1,982.7886020999867,982.7961800000048,983.8122049000231,983.7803092999966,0.27415700000710785,None,,,,,,,,,,,,,,,,,,,,201,1,short,A,2026-07-09_14h05.35.427,SBL_superimposed_encoding,,2026.1.3,120.31971351195838,2026-07-09 14h05.35.614754 -0400,
3,64,64,0,stimuli/scenes/scene_U1.jpg,Undersea,Negvi,stimuli/items/undersea_animal_2.png,Undersea,animal,sc,p,1,0.26308840001001954,None,0,2,2,2,0,64,64,64,,,,,983.8122049000231,,,,,,,,,,,,,,,,,,,,,,,,,,,,,,,,,,,,,,,,983.8046242999844,983.8122049000231,983.8122049000231,985.7967740999884,985.7968184999772,985.8045834000222,985.8045834000222,,,986.07179180003,p,1,986.0718484999961,986.0795733000268,987.0945152000058,987.0630884999991,0.26308840001001954,None,,,,,,,,,,,,,,,,,,,,201,1,short,A,2026-07-09_14h05.35.427,SBL_superimposed_encoding,,2026.1.3,120.31971351195838,2026-07-09 14h05.35.614754 -0400,
3,65,65,0,stimuli/scenes/scene_U2.jpg,Undersea,Tulon,stimuli/items/jungle_animal_13.png,Jungle,animal,si,q,1,0.2997827000217512,None,0,2,2,2,0,65,65,65,,,,,987.0945152000058,,,,,,,,,,,,,,,,,,,,,,,,,,,,,,,,,,,,,,,,987.0838812000002,987.0945152000058,987.0945152000058,989.0720497000148,989.0721477000043,989.0795037000207,989.0795037000207,,,989.380215000012,q,1,989.3802744999994,989.387629600009,990.396114800009,990.3714000000036,0.2997827000217512,None,,,,,,,,,,,,,,,,,,,,201,1,short,A,2026-07-09_14h05.35.427,SBL_superimposed_encoding,,2026.1.3,120.31971351195838,2026-07-09 14h05.35.614754 -0400,
3,66,66,0,stimuli/scenes/scene_U1.jpg,Undersea,Negvi,stimuli/items/undersea_animal_13.png,Undersea,animal,sc,p,1,0.2236519000143744,None,0,2,2,2,0,66,66,66,,,,,990.396114800009,,,,,,,,,,,,,,,,,,,,,,,,,,,,,,,,,,,,,,,,990.3898366999929,990.396114800009,990.396114800009,992.3801968999906,992.3802396000247,992.3876471000258,992.3876471000258,,,992.6136025000014,p,1,992.613663600001,992.6210333000054,993.6457747999812,993.6048700999818,0.2236519000143744,None,,,,,,,,,,,992.3876471000258,992.3876471000258,,,,,,,,201,1,short,A,2026-07-09_14h05.35.427,SBL_superimposed_encoding,,2026.1.3,120.31971351195838,2026-07-09 14h05.35.614754 -0400,
3,67,67,0,stimuli/scenes/scene_J2.jpg,Jungle,Somar,stimuli/items/jungle_animal_9.png,Jungle,animal,sc,p,1,0.30214290000731125,None,0,2,2,2,0,67,67,67,,,,,993.6457747999812,,,,,,,,,,,,,,,,,,,,,,,,,,,,,,,,,,,,,,,,993.6371644000174,993.6457747999812,993.6457747999812,995.6137650000164,995.6138097000076,995.6212690999964,995.6212690999964,,,995.9300545000006,p,1,995.9301120999735,995.9376779000158,996.9617419000133,996.9214450999862,0.30214290000731125,None,,,,,,,,,,,,,,,,,,,,201,1,short,A,2026-07-09_14h05.35.427,SBL_superimposed_encoding,,2026.1.3,120.31971351195838,2026-07-09 14h05.35.614754 -0400,
3,68,68,0,stimuli/scenes/scene_J1.jpg,Jungle,Malbow,stimuli/items/undersea_object_8.png,Undersea,object,si,q,1,0.3935071000014432,None,0,2,2,2,0,68,68,68,,,,,996.9617419000133,,,,,,,,,,,,,,,,,,,,,,,,,,,,,,,,,,,,,,,,996.9498692000052,996.9617419000133,996.9617419000133,998.9306487999856,998.9307532000239,998.9378645999823,998.9378645999823,,,999.3389245999861,q,1,999.3389810000081,999.346253799973,1000.3623370000278,1000.3302917000256,0.3935071000014432,None,,,,,,,,,,,,,,,,,,,,201,1,short,A,2026-07-09_14h05.35.427,SBL_superimposed_encoding,,2026.1.3,120.31971351195838,2026-07-09 14h05.35.614754 -0400,
3,69,69,0,stimuli/scenes/scene_U2.jpg,Undersea,Tulon,stimuli/items/jungle_animal_7.png,Jungle,animal,si,q,1,0.9283736999495886,None,0,2,2,2,0,69,69,69,,,,,1000.3623370000278,,,,,,,,,,,,,,,,,,,,,,,,,,,,,,,,,,,,,,,,1000.3521581999958,1000.3623370000278,1000.3623370000278,1002.3469440999907,1002.3469876999734,1002.3549278000137,1002.3549278000137,,,1003.2884771000245,q,1,1003.2885348999989,1003.2966328000184,1004.3128095000284,1004.2803470999934,0.9283736999495886,None,,,,,,,,,,,,,,,,,,,,201,1,short,A,2026-07-09_14h05.35.427,SBL_superimposed_encoding,,2026.1.3,120.31971351195838,2026-07-09 14h05.35.614754 -0400,
3,70,70,0,stimuli/scenes/scene_U1.jpg,Undersea,Negvi,stimuli/items/undersea_animal_9.png,Undersea,animal,sc,p,1,0.23406809999141842,None,0,2,2,2,0,70,70,70,,,,,1004.3128095000284,,,,,,,,,,,,,,,,,,,,,,,,,,,,,,,,,,,,,,,,1004.305385500018,1004.3128095000284,1004.3128095000284,1006.2888459999813,1006.2888902000268,1006.2965347000281,1006.2965347000281,,,1006.538668800029,p,1,1006.5387269000057,1006.5464665999752,1007.5602777000167,1007.529962599976,0.23406809999141842,None,,,,,,,,,,,,,,,,,,,,201,1,short,A,2026-07-09_14h05.35.427,SBL_superimposed_encoding,,2026.1.3,120.31971351195838,2026-07-09 14h05.35.614754 -0400,
3,71,71,0,stimuli/scenes/scene_U2.jpg,Undersea,Tulon,stimuli/items/undersea_object_18.png,Undersea,object,sc,p,1,0.28057770000305027,None,0,2,2,2,0,71,71,71,,,,,1007.5602777000167,,,,,,,,,,,,,,,,,,,,,,,,,,,,,,,,,,,,,,,,1007.5499372999766,1007.5602777000167,1007.5602777000167,1009.5387970000156,1009.5388407999999,1009.5465324000106,1009.5465324000106,,,1009.8305519000278,p,1,1009.8306101000053,1009.8380769999931,1010.846816300007,1010.8219066000311,0.28057770000305027,None,,,,,,,,,,,,,,,,,,,,201,1,short,A,2026-07-09_14h05.35.427,SBL_superimposed_encoding,,2026.1.3,120.31971351195838,2026-07-09 14h05.35.614754 -0400,
3,72,72,0,stimuli/scenes/scene_U1.jpg,Undersea,Negvi,stimuli/items/jungle_object_19.png,Jungle,object,si,q,1,0.2693915000418201,None,0,2,2,2,0,72,72,72,,,,,1010.846816300007,,,,,,,,,,,,,,,,,,,,,,,,,,,,,,,,,,,,,,,,1010.8412194999983,1010.846816300007,1010.846816300007,1012.8305154999834,1012.8305566000054,1012.8380443999777,1012.8380443999777,,,1013.1137878000154,q,1,1013.1138447999838,1013.1215183999739,1014.1361949000275,1014.1050796000054,0.2693915000418201,None,,,,,,,,,,,1012.8380443999777,1012.8380443999777,,,,,,,,201,1,short,A,2026-07-09_14h05.35.427,SBL_superimposed_encoding,,2026.1.3,120.31971351195838,2026-07-09 14h05.35.614754 -0400,
3,73,73,0,stimuli/scenes/scene_U2.jpg,Undersea,Tulon,stimuli/items/jungle_object_1.png,Jungle,object,si,q,1,0.2658194999676198,None,0,2,2,2,0,73,73,73,,,,,1014.1361949000275,,,,,,,,,,,,,,,,,,,,,,,,,,,,,,,,,,,,,,,,1014.1258438000223,1014.1361949000275,1014.1361949000275,1016.1141398000182,1016.1141850000131,1016.1215312000131,1016.1215312000131,,,1016.3892091999878,q,1,1016.3892669000197,1016.3963388000266,1017.411467500031,1017.3802336999797,0.2658194999676198,None,,,,,,,,,,,,,,,,,,,,201,1,short,A,2026-07-09_14h05.35.427,SBL_superimposed_encoding,,2026.1.3,120.31971351195838,2026-07-09 14h05.35.614754 -0400,
3,74,74,0,stimuli/scenes/scene_U1.jpg,Undersea,Negvi,stimuli/items/jungle_object_18.png,Jungle,object,si,q,1,0.26294000004418194,None,0,2,2,2,0,74,74,74,,,,,1017.411467500031,,,,,,,,,,,,,,,,,,,,,,,,,,,,,,,,,,,,,,,,1017.4010622000205,1017.411467500031,1017.411467500031,1019.3973691000137,1019.3974139000056,1019.4047890999936,1019.4047890999936,,,1019.6725588000263,q,1,1019.6726151999901,1019.6798108000075,1020.6946591999731,1020.6640527999843,0.26294000004418194,None,,,,,,,,,,,,,,,,,,,,201,1,short,A,2026-07-09_14h05.35.427,SBL_superimposed_encoding,,2026.1.3,120.31971351195838,2026-07-09 14h05.35.614754 -0400,
3,75,75,0,stimuli/scenes/scene_U2.jpg,Undersea,Tulon,stimuli/items/jungle_object_9.png,Jungle,object,si,q,1,0.27548370003933087,None,0,2,2,2,0,75,75,75,,,,,1020.6946591999731,,,,,,,,,,,,,,,,,,,,,,,,,,,,,,,,,,,,,,,,1020.6844560999889,1020.6946591999731,1020.6946591999731,1022.6807078000274,1022.6808298000251,1022.6885296999826,1022.6885296999826,,,1022.9721248000278,q,1,1022.9721835000091,1022.980075999978,1023.995526099985,1023.9636807999923,0.27548370003933087,None,,,,,,,,,,,,,,,,,,,,201,1,short,A,2026-07-09_14h05.35.427,SBL_superimposed_encoding,,2026.1.3,120.31971351195838,2026-07-09 14h05.35.614754 -0400,
3,76,76,0,stimuli/scenes/scene_U1.jpg,Undersea,Negvi,stimuli/items/jungle_object_3.png,Jungle,object,si,q,1,0.2632037000148557,None,0,2,2,2,0,76,76,76,,,,,1023.995526099985,,,,,,,,,,,,,,,,,,,,,,,,,,,,,,,,,,,,,,,,1023.9847943999921,1023.995526099985,1023.995526099985,1025.9723161000293,1025.9723617000272,1025.9800375999766,1025.9800375999766,,,1026.247526000021,q,1,1026.2475828999886,1026.255023900012,1027.2796428999864,1027.2386309999856,0.2632037000148557,None,,,,,,,,,,,,,,,,,,,,201,1,short,A,2026-07-09_14h05.35.427,SBL_superimposed_encoding,,2026.1.3,120.31971351195838,2026-07-09 14h05.35.614754 -0400,
3,77,77,0,stimuli/scenes/scene_J2.jpg,Jungle,Somar,stimuli/items/jungle_object_12.png,Jungle,object,sc,p,1,0.40408449998358265,None,0,2,2,2,0,77,77,77,,,,,1027.2796428999864,,,,,,,,,,,,,,,,,,,,,,,,,,,,,,,,,,,,,,,,1027.2690627999837,1027.2796428999864,1027.2796428999864,1029.2561534999986,1029.256654100027,1029.2634325000108,1029.2634325000108,,,1029.672591599985,p,1,1029.6726489000139,1029.6800689999945,1030.6971725000185,1030.6639305999852,0.40408449998358265,None,,,,,,,,,,,,,,,,,,,,201,1,short,A,2026-07-09_14h05.35.427,SBL_superimposed_encoding,,2026.1.3,120.31971351195838,2026-07-09 14h05.35.614754 -0400,
3,78,78,0,stimuli/scenes/scene_J1.jpg,Jungle,Malbow,stimuli/items/jungle_animal_14.png,Jungle,animal,sc,p,1,0.31531159998849034,None,0,2,2,2,0,78,78,78,,,,,1030.6971725000185,,,,,,,,,,,,,,,,,,,,,,,,,,,,,,,,,,,,,,,,1030.6916536000208,1030.6971725000185,1030.6971725000185,1032.6726935000042,1032.6727382999961,1032.6803397000185,1032.6803397000185,,,1032.9972875000094,p,1,1032.9973458999884,1033.0051305000088,1034.0196421000292,1033.9890030000242,0.31531159998849034,None,,,,,,,,,,,,,,,,,,,,201,1,short,A,2026-07-09_14h05.35.427,SBL_superimposed_encoding,,2026.1.3,120.31971351195838,2026-07-09 14h05.35.614754 -0400,
3,79,79,0,stimuli/scenes/scene_U1.jpg,Undersea,Negvi,stimuli/items/undersea_object_2.png,Undersea,object,sc,p,1,0.41353879997041076,None,0,2,2,2,0,79,79,79,,,,,1034.0196421000292,,,,,,,,,,,,,,,,,,,,,,,,,,,,,,,,,,,,,,,,1034.009297200013,1034.0196421000292,1034.0196421000292,1035.9975900999852,1035.9976343000308,1036.0051158000133,1036.0051158000133,,,1036.4228304999997,p,1,1036.4228878000285,1036.4302375999978,1037.4298676999751,1037.4139628999983,0.41353879997041076,None,,,,,,,,,,,,,,,,,,,,201,1,short,A,2026-07-09_14h05.35.427,SBL_superimposed_encoding,,2026.1.3,120.31971351195838,2026-07-09 14h05.35.614754 -0400,
,,,,,,,,,,,,,,,,,,,,,,,,,,,,,,,,,,,,,,,,,,,,,,,,,,,,,,,,,,,,,,,,,,,,,,,,,,,,,,,,,,,,,1037.4197626999812,1037.4199895000202,,,,,,,,,,,1037.4271063000197,1037.4298676999751,1038.4137035000022,1052.4055863000103,1052.4220246999757,1052.4143503999803,None,201,1,short,A,2026-07-09_14h05.35.427,SBL_superimposed_encoding,,2026.1.3,120.31971351195838,2026-07-09 14h05.35.614754 -0400,
