run,thisN,thisTrialN,thisRepN,scene_stimulus,scene_cat,scene_label,item_stimulus,item_cat,item_type,congruency,key_resp_congruency.keys,key_resp_congruency.corr,key_resp_congruency.rt,key_resp_congruency.duration,runs.thisRepN,runs.thisTrialN,runs.thisN,runs.thisIndex,trials.thisRepN,trials.thisTrialN,trials.thisN,trials.thisIndex,between_run_inst.thisRepN,between_run_inst.thisTrialN,between_run_inst.thisN,between_run_inst.thisIndex,thisRow.t,notes,piloting,get_relatedness_keys.started,get_relatedness_keys.stopped,instructions_screen.started,text_instructions.started,key_welcome.started,instructions_screen.stopped,key_welcome.keys,key_welcome.rt,key_welcome.duration,instruction_keys.started,text_keys.started,key_resp_keysInst.started,instruction_keys.stopped,key_resp_keysInst.keys,key_resp_keysInst.rt,key_resp_keysInst.duration,scene_names_reminder.started,text_reminder.started,image1.started,image2.started,image3.started,image4.started,textbox1.started,textbox2.started,textbox3.started,textbox4.started,key_reminder.started,scene_names_reminder.stopped,key_reminder.keys,key_reminder.rt,key_reminder.duration,blank2000.started,text_2.started,text_2.stopped,blank2000.stopped,get_run_stim_list.started,get_run_stim_list.stopped,scene_item_presentation.started,image_scene.started,image_item.started,scene_item_presentation.stopped,congruency_response.started,text_congruency.started,key_resp_congruency.started,text_congruency.stopped,key_resp_congruency.stopped,congruency_response.stopped,trials.key_resp_congruency.keys,trials.key_resp_congruency.corr,blank1000.started,text.started,text.stopped,blank1000.stopped,trials.key_resp_congruency.rt,trials.key_resp_congruency.duration,is_last_run.started,is_last_run.stopped,between_run_pause.started,text_run_pause.started,text_relatedness_pause.started,key_resp_next_run.started,between_run_pause.stopped,between_run_inst.key_resp_next_run.keys,between_run_inst.key_resp_next_run.rt,between_run_inst.key_resp_next_run.duration,image_scene.stopped,image_item.stopped,end_screen.started,text_end.started,key_end.started,end_screen.stopped,key_end.keys,key_end.rt,key_end.duration,participant,session,delay,group,date,expName,expVersion,psychopyVersion,frameRate,expStart,
,,,,,,,,,,,,,,,,,,,,,,,,,,,,,False,0.00260749994777143,0.0029003999661654234,,,,,,,,,,,,,,,,,,,,,,,,,,,,,,,,,,,,,,,,,,,,,,,,,,,,,,,,,,,,,,,,,,,,,,,,,202,1,short,A,2026-07-10_09h51.52.511,SBL_superimposed_encoding,,2026.1.3,119.53943850693051,2026-07-10 09h51.52.729903 -0400,
,,,,,,,,,,,,,,,,,,,,,,,,,,,,,,,,0.002928399946540594,0.009498299797996879,1.001280999975279,28.71557529992424,space,27.700123500078917,None,,,,,,,,,,,,,,,,,,,,,,,,,,,,,,,,,,,,,,,,,,,,,,,,,,,,,,,,,,,,,,,,,,202,1,short,A,2026-07-10_09h51.52.511,SBL_superimposed_encoding,,2026.1.3,119.53943850693051,2026-07-10 09h51.52.729903 -0400,
,,,,,,,,,,,,,,,,,,,,,,,,,,,,,,,,,,,,,,,28.741242399904877,28.744289899943396,28.744289899943396,46.51084819994867,space,17.764730899827555,None,,,,,,,,,,,,,,,,,,,,,,,,,,,,,,,,,,,,,,,,,,,,,,,,,,,,,,,,,,,202,1,short,A,2026-07-10_09h51.52.511,SBL_superimposed_encoding,,2026.1.3,119.53943850693051,2026-07-10 09h51.52.729903 -0400,
,,,,,,,,,,,,,,,,,,,,,,,,,,,,,,,,,,,,,,,,,,,,,,46.730829699896276,46.80661999993026,46.80661999993026,46.80661999993026,46.80661999993026,46.80661999993026,46.80661999993026,46.80661999993026,46.80661999993026,46.80661999993026,48.502099599922076,69.0449996998068,space,20.5350639000535,None,,,,,,,,,,,,,,,,,,,,,,,,,,,,,,,,,,,,,,,,,,,,202,1,short,A,2026-07-10_09h51.52.511,SBL_superimposed_encoding,,2026.1.3,119.53943850693051,2026-07-10 09h51.52.729903 -0400,
,,,,,,,,,,,,,,,,,,,,,,,,,,,,,,,,,,,,,,,,,,,,,,,,,,,,,,,,,,,,,69.04504539980553,69.05234289984219,71.1435692999512,71.03603859990835,,,,,,,,,,,,,,,,,,,,,,,,,,,,,,,,,,,,,,,,202,1,short,A,2026-07-10_09h51.52.511,SBL_superimposed_encoding,,2026.1.3,119.53943850693051,2026-07-10 09h51.52.729903 -0400,
1,0,0,0,stimuli/scenes/scene_J2.jpg,Jungle,Somar,stimuli/items/jungle_animal_18.png,Jungle,animal,sc,None,0,,,0,0,0,0,0,0,0,0,,,,,71.1435692999512,,,,,,,,,,,,,,,,,,,,,,,,,,,,,,,,,,,,,,71.06569089996628,71.06595019996166,71.13162659993395,71.1435692999512,71.1435692999512,73.06978019978851,73.07299759984016,73.07733000000007,73.07733000000007,74.06908519985154,74.06908519985154,74.06105699995533,None,0,74.06110369996168,74.06908519985154,75.09365739999339,75.05282399989665,,,,,,,,,,,,,,,,,,,,,,202,1,short,A,2026-07-10_09h51.52.511,SBL_superimposed_encoding,,2026.1.3,119.53943850693051,2026-07-10 09h51.52.729903 -0400,
1,1,1,0,stimuli/scenes/scene_J1.jpg,Jungle,Negvi,stimuli/items/jungle_object_5.png,Jungle,object,sc,q,1,0.3755856999196112,None,0,0,0,0,0,1,1,1,,,,,75.09365739999339,,,,,,,,,,,,,,,,,,,,,,,,,,,,,,,,,,,,,,,,75.08309499989264,75.09365739999339,75.09365739999339,77.0701064998284,77.0702019999735,77.07727879984304,77.07727879984304,,,77.46169189992361,q,1,77.4617486000061,77.46904789982364,78.49438379984349,78.45303019997664,0.3755856999196112,None,,,,,,,,,,,,,,,,,,,,202,1,short,A,2026-07-10_09h51.52.511,SBL_superimposed_encoding,,2026.1.3,119.53943850693051,2026-07-10 09h51.52.729903 -0400,
1,2,2,0,stimuli/scenes/scene_J2.jpg,Jungle,Somar,stimuli/items/undersea_animal_18.png,Undersea,animal,si,p,1,0.3117598001845181,None,0,0,0,0,0,2,2,2,,,,,78.49438379984349,,,,,,,,,,,,,,,,,,,,,,,,,,,,,,,,,,,,,,,,78.48781139985658,78.49438379984349,78.49438379984349,80.46197899989784,80.46207679994404,80.46920759999193,80.46920759999193,,,80.78688929998316,p,1,80.78694529994391,80.79420499992557,81.82761569996364,81.77809359994717,0.3117598001845181,None,,,,,,,,,,,,,,,,,,,,202,1,short,A,2026-07-10_09h51.52.511,SBL_superimposed_encoding,,2026.1.3,119.53943850693051,2026-07-10 09h51.52.729903 -0400,
1,3,3,0,stimuli/scenes/scene_U2.jpg,Undersea,Malbow,stimuli/items/undersea_object_8.png,Undersea,object,sc,q,1,0.3385916000697762,None,0,0,0,0,0,3,3,3,,,,,81.82761569996364,,,,,,,,,,,,,,,,,,,,,,,,,,,,,,,,,,,,,,,,81.82037489977665,81.82761569996364,81.82761569996364,83.7951766999904,83.79527129977942,83.80263549997471,83.80263549997471,,,84.14475309988484,q,1,84.14481049985625,84.15281259990297,85.18589589977637,85.13646989990957,0.3385916000697762,None,,,,,,,,,,,,,,,,,,,,202,1,short,A,2026-07-10_09h51.52.511,SBL_superimposed_encoding,,2026.1.3,119.53943850693051,2026-07-10 09h51.52.729903 -0400,
1,4,4,0,stimuli/scenes/scene_J2.jpg,Jungle,Somar,stimuli/items/undersea_animal_19.png,Undersea,animal,si,p,1,0.34818460000678897,None,0,0,0,0,0,4,4,4,,,,,85.18589589977637,,,,,,,,,,,,,,,,,,,,,,,,,,,,,,,,,,,,,,,,85.17698859982193,85.18589589977637,85.18589589977637,87.14494839985855,87.14499289984815,87.15261009987444,87.15261009987444,,,87.50326809985563,p,1,87.50332369981334,87.51116159977391,88.5508595998399,88.49486249987967,0.34818460000678897,None,,,,,,,,,,,,,,,,,,,,202,1,short,A,2026-07-10_09h51.52.511,SBL_superimposed_encoding,,2026.1.3,119.53943850693051,2026-07-10 09h51.52.729903 -0400,
1,5,5,0,stimuli/scenes/scene_U1.jpg,Undersea,Tulon,stimuli/items/jungle_object_2.png,Jungle,object,si,q,0,0.2378343001473695,None,0,0,0,0,0,5,5,5,,,,,88.5508595998399,,,,,,,,,,,,,,,,,,,,,,,,,,,,,,,,,,,,,,,,88.539623899851,88.5508595998399,88.5508595998399,90.50347559992224,90.50357019994408,90.51104129990563,90.51104129990563,,,90.75343259982765,q,0,90.75348799978383,90.76094039995223,91.79393249982968,91.74479239992797,0.2378343001473695,None,,,,,,,,,,,,,,,,,,,,202,1,short,A,2026-07-10_09h51.52.511,SBL_superimposed_encoding,,2026.1.3,119.53943850693051,2026-07-10 09h51.52.729903 -0400,
1,6,6,0,stimuli/scenes/scene_J2.jpg,Jungle,Somar,stimuli/items/undersea_object_10.png,Undersea,object,si,None,0,,,0,0,0,0,0,6,6,6,,,,,91.79393249982968,,,,,,,,,,,,,,,,,,,,,,,,,,,,,,,,,,,,,,,,91.78355219983496,91.79393249982968,91.79393249982968,93.76178269996308,93.76182609982789,93.76963459979743,93.76963459979743,94.76138999988325,94.76138999988325,94.75319809978828,None,0,94.75324399978854,94.76138999988325,95.79249689984135,95.74478629999794,,,,,,,,,,,,,,,,,,,,,,202,1,short,A,2026-07-10_09h51.52.511,SBL_superimposed_encoding,,2026.1.3,119.53943850693051,2026-07-10 09h51.52.729903 -0400,
1,7,7,0,stimuli/scenes/scene_J1.jpg,Jungle,Negvi,stimuli/items/undersea_object_3.png,Undersea,object,si,p,1,0.4600655999965966,None,0,0,0,0,0,7,7,7,,,,,95.79249689984135,,,,,,,,,,,,,,,,,,,,,,,,,,,,,,,,,,,,,,,,95.78087389981374,95.79249689984135,95.79249689984135,97.75366669986397,97.75371159985662,97.76116469991393,97.76116469991393,,,98.22852549981326,p,1,98.22858159989119,98.2360281997826,99.25249989982694,99.21998609998263,0.4600655999965966,None,,,,,,,,,,,,,,,,,,,,202,1,short,A,2026-07-10_09h51.52.511,SBL_superimposed_encoding,,2026.1.3,119.53943850693051,2026-07-10 09h51.52.729903 -0400,
1,8,8,0,stimuli/scenes/scene_J2.jpg,Jungle,Somar,stimuli/items/undersea_animal_1.png,Undersea,animal,si,p,1,0.4484337999019772,None,0,0,0,0,0,8,8,8,,,,,99.25249989982694,,,,,,,,,,,,,,,,,,,,,,,,,,,,,,,,,,,,,,,,99.24264369998127,99.25249989982694,99.25249989982694,101.23708029999398,101.23717330000363,101.24455129983835,101.24455129983835,,,101.69544879999012,p,1,101.6955056998413,101.70286599989049,102.72743779979646,102.68656889977865,0.4484337999019772,None,,,,,,,,,,,,,,,,,,,,202,1,short,A,2026-07-10_09h51.52.511,SBL_superimposed_encoding,,2026.1.3,119.53943850693051,2026-07-10 09h51.52.729903 -0400,
1,9,9,0,stimuli/scenes/scene_U2.jpg,Undersea,Malbow,stimuli/items/jungle_object_11.png,Jungle,object,si,p,1,0.29346439987421036,None,0,0,0,0,0,9,9,9,,,,,102.72743779979646,,,,,,,,,,,,,,,,,,,,,,,,,,,,,,,,,,,,,,,,102.71776139992289,102.72743779979646,102.72743779979646,104.70375849981792,104.70380319980904,104.71135569992475,104.71135569992475,,,105.01199239981361,p,1,105.01204849989153,105.0197236998938,106.04301619995385,106.00348689989187,0.29346439987421036,None,,,,,,,,,,,,,,,,,,,,202,1,short,A,2026-07-10_09h51.52.511,SBL_superimposed_encoding,,2026.1.3,119.53943850693051,2026-07-10 09h51.52.729903 -0400,
1,10,10,0,stimuli/scenes/scene_U1.jpg,Undersea,Tulon,stimuli/items/jungle_object_13.png,Jungle,object,si,p,1,0.36139629990793765,None,0,0,0,0,0,10,10,10,,,,,106.04301619995385,,,,,,,,,,,,,,,,,,,,,,,,,,,,,,,,,,,,,,,,106.03290359978564,106.04301619995385,106.04301619995385,108.01219789986499,108.01229339977726,108.01963709993288,108.01963709993288,,,108.38725689984858,p,1,108.38731419993564,108.39458819990978,109.41099020000547,109.37857149983756,0.36139629990793765,None,,,,,,,,,,,,,,,,,,,,202,1,short,A,2026-07-10_09h51.52.511,SBL_superimposed_encoding,,2026.1.3,119.53943850693051,2026-07-10 09h51.52.729903 -0400,
1,11,11,0,stimuli/scenes/scene_J2.jpg,Jungle,Somar,stimuli/items/jungle_animal_17.png,Jungle,animal,sc,q,1,0.3381765999365598,None,0,0,0,0,0,11,11,11,,,,,109.41099020000547,,,,,,,,,,,,,,,,,,,,,,,,,,,,,,,,,,,,,,,,109.40120689989999,109.41099020000547,109.41099020000547,111.39549729996361,111.39559319987893,111.40295609994791,111.40295609994791,,,111.74571649986319,q,1,111.74577349983156,111.75318519980647,112.76929569989443,112.73671470000409,0.3381765999365598,None,,,,,,,,,,,,,,,,,,,,202,1,short,A,2026-07-10_09h51.52.511,SBL_superimposed_encoding,,2026.1.3,119.53943850693051,2026-07-10 09h51.52.729903 -0400,
1,12,12,0,stimuli/scenes/scene_U2.jpg,Undersea,Malbow,stimuli/items/undersea_object_16.png,Undersea,object,sc,q,1,0.4198716999962926,None,0,0,0,0,0,12,12,12,,,,,112.76929569989443,,,,,,,,,,,,,,,,,,,,,,,,,,,,,,,,,,,,,,,,112.75913259992376,112.76929569989443,112.76929569989443,114.75402749981731,114.75407109991647,114.7614834997803,114.7614834997803,,,115.1872497999575,q,1,115.1873172998894,115.19481679983437,116.23612999985926,116.17855029995553,0.4198716999962926,None,,,,,,,,,,,,,,,,,,,,202,1,short,A,2026-07-10_09h51.52.511,SBL_superimposed_encoding,,2026.1.3,119.53943850693051,2026-07-10 09h51.52.729903 -0400,
1,13,13,0,stimuli/scenes/scene_J2.jpg,Jungle,Somar,stimuli/items/undersea_object_6.png,Undersea,object,si,p,1,0.32168699987232685,None,0,0,0,0,0,13,13,13,,,,,116.23612999985926,,,,,,,,,,,,,,,,,,,,,,,,,,,,,,,,,,,,,,,,116.22639259998687,116.23612999985926,116.23612999985926,118.1955838999711,118.19566019997,118.20317019987851,118.20317019987851,,,118.52912089996971,p,1,118.52917649992742,118.53648809995502,119.56091269990429,119.52027300000191,0.32168699987232685,None,,,,,,,,,,,,,,,,,,,,202,1,short,A,2026-07-10_09h51.52.511,SBL_superimposed_encoding,,2026.1.3,119.53943850693051,2026-07-10 09h51.52.729903 -0400,
1,14,14,0,stimuli/scenes/scene_U1.jpg,Undersea,Tulon,stimuli/items/jungle_object_18.png,Jungle,object,si,p,1,0.2926041001919657,None,0,0,0,0,0,14,14,14,,,,,119.56091269990429,,,,,,,,,,,,,,,,,,,,,,,,,,,,,,,,,,,,,,,,119.5501902999822,119.56091269990429,119.56091269990429,121.53730819979683,121.53740439983085,121.54511690000072,121.54511690000072,,,121.84577139979228,p,1,121.84582849987783,121.85323709994555,122.8697314998135,122.83688329998404,0.2926041001919657,None,,,,,,,,,,,,,,,,,,,,202,1,short,A,2026-07-10_09h51.52.511,SBL_superimposed_encoding,,2026.1.3,119.53943850693051,2026-07-10 09h51.52.729903 -0400,
1,15,15,0,stimuli/scenes/scene_J2.jpg,Jungle,Somar,stimuli/items/jungle_animal_3.png,Jungle,animal,sc,q,1,0.35185630014166236,None,0,0,0,0,0,15,15,15,,,,,122.8697314998135,,,,,,,,,,,,,,,,,,,,,,,,,,,,,,,,,,,,,,,,122.86075819982216,122.8697314998135,122.8697314998135,124.85364329977892,124.85368769988418,124.86156079987995,124.86156079987995,,,125.2207956998609,q,1,125.22085379995406,125.22826759982854,126.26961909979582,126.21210159990005,0.35185630014166236,None,,,,,,,,,,,,,,,,,,,,202,1,short,A,2026-07-10_09h51.52.511,SBL_superimposed_encoding,,2026.1.3,119.53943850693051,2026-07-10 09h51.52.729903 -0400,
1,16,16,0,stimuli/scenes/scene_J1.jpg,Jungle,Negvi,stimuli/items/jungle_object_17.png,Jungle,object,sc,q,1,0.336185900028795,None,0,0,0,0,0,16,16,16,,,,,126.26961909979582,,,,,,,,,,,,,,,,,,,,,,,,,,,,,,,,,,,,,,,,126.25975440000184,126.26961909979582,126.26961909979582,128.22923549986444,128.2293295999989,128.23657269985415,128.23657269985415,,,128.57876569987275,q,1,128.57882549986243,128.58658439991996,129.62816479988396,129.57024399982765,0.336185900028795,None,,,,,,,,,,,,,,,,,,,,202,1,short,A,2026-07-10_09h51.52.511,SBL_superimposed_encoding,,2026.1.3,119.53943850693051,2026-07-10 09h51.52.729903 -0400,
1,17,17,0,stimuli/scenes/scene_J2.jpg,Jungle,Somar,stimuli/items/undersea_object_12.png,Undersea,object,si,p,1,0.2498292000964284,None,0,0,0,0,0,17,17,17,,,,,129.62816479988396,,,,,,,,,,,,,,,,,,,,,,,,,,,,,,,,,,,,,,,,129.61954210000113,129.62816479988396,129.62816479988396,131.57910989993252,131.57921269978397,131.58679219987243,131.58679219987243,,,131.83781919977628,p,1,131.83787489985116,131.84502669982612,132.86982909985818,132.82881229999475,0.2498292000964284,None,,,,,,,,,,,,,,,,,,,,202,1,short,A,2026-07-10_09h51.52.511,SBL_superimposed_encoding,,2026.1.3,119.53943850693051,2026-07-10 09h51.52.729903 -0400,
1,18,18,0,stimuli/scenes/scene_U2.jpg,Undersea,Malbow,stimuli/items/undersea_object_4.png,Undersea,object,sc,q,1,0.2636277999263257,None,0,0,0,0,0,18,18,18,,,,,132.86982909985818,,,,,,,,,,,,,,,,,,,,,,,,,,,,,,,,,,,,,,,,132.86019209981896,132.86982909985818,132.86982909985818,134.84536869986914,134.84541629999876,134.85346959996969,134.85346959996969,,,135.1206155999098,q,1,135.1206745998934,135.12824969994836,136.16000259993598,136.11183739989065,0.2636277999263257,None,,,,,,,,,,,,,,,,,,,,202,1,short,A,2026-07-10_09h51.52.511,SBL_superimposed_encoding,,2026.1.3,119.53943850693051,2026-07-10 09h51.52.729903 -0400,
1,19,19,0,stimuli/scenes/scene_J2.jpg,Jungle,Somar,stimuli/items/jungle_object_16.png,Jungle,object,sc,p,0,0.3167793999891728,None,0,0,0,0,0,19,19,19,,,,,136.16000259993598,,,,,,,,,,,,,,,,,,,,,,,,,,,,,,,,,,,,,,,,136.14843889977783,136.16000259993598,136.16000259993598,138.12075209990144,138.1207968997769,138.12831810000353,138.12831810000353,,,138.4457209999673,p,0,138.4457799999509,138.4534271999728,139.47850839979947,139.43696269998327,0.3167793999891728,None,,,,,,,,,,,,,,,,,,,,202,1,short,A,2026-07-10_09h51.52.511,SBL_superimposed_encoding,,2026.1.3,119.53943850693051,2026-07-10 09h51.52.729903 -0400,
1,20,20,0,stimuli/scenes/scene_U1.jpg,Undersea,Tulon,stimuli/items/jungle_object_9.png,Jungle,object,si,q,0,0.26311289984732866,None,0,0,0,0,0,20,20,20,,,,,139.47850839979947,,,,,,,,,,,,,,,,,,,,,,,,,,,,,,,,,,,,,,,,139.4725272997748,139.47850839979947,139.47850839979947,141.45405179983936,141.454096699832,141.46165989991277,141.46165989991277,,,141.72915729996748,q,0,141.72921399981715,141.7368594999425,142.7618278998416,142.72047159983777,0.26311289984732866,None,,,,,,,,,,,,,,,,,,,,202,1,short,A,2026-07-10_09h51.52.511,SBL_superimposed_encoding,,2026.1.3,119.53943850693051,2026-07-10 09h51.52.729903 -0400,
1,21,21,0,stimuli/scenes/scene_J2.jpg,Jungle,Somar,stimuli/items/jungle_animal_15.png,Jungle,animal,sc,p,0,0.3398259999230504,None,0,0,0,0,0,21,21,21,,,,,142.7618278998416,,,,,,,,,,,,,,,,,,,,,,,,,,,,,,,,,,,,,,,,142.75348049984314,142.7618278998416,142.7618278998416,144.73743429989554,144.73747859988362,144.74535469990224,144.74535469990224,,,145.08748240000568,p,0,145.087538999971,145.09536539996043,146.1870318998117,146.0787321999669,0.3398259999230504,None,,,,,,,,,,,,,,,,,,,,202,1,short,A,2026-07-10_09h51.52.511,SBL_superimposed_encoding,,2026.1.3,119.53943850693051,2026-07-10 09h51.52.729903 -0400,
1,22,22,0,stimuli/scenes/scene_U1.jpg,Undersea,Tulon,stimuli/items/undersea_object_5.png,Undersea,object,sc,q,1,0.3897071999963373,None,0,0,0,0,0,22,22,22,,,,,146.1870318998117,,,,,,,,,,,,,,,,,,,,,,,,,,,,,,,,,,,,,,,,146.17915719980374,146.1870318998117,146.1870318998117,148.09586599981412,148.09591189981438,148.10366469994187,148.10366469994187,,,148.49606739985757,q,1,148.49612689996138,148.5036934998352,149.5284248997923,149.4871660999488,0.3897071999963373,None,,,,,,,,,,,,,,,,,,,,202,1,short,A,2026-07-10_09h51.52.511,SBL_superimposed_encoding,,2026.1.3,119.53943850693051,2026-07-10 09h51.52.729903 -0400,
1,23,23,0,stimuli/scenes/scene_U2.jpg,Undersea,Malbow,stimuli/items/jungle_object_14.png,Jungle,object,si,p,1,0.10112690017558634,None,0,0,0,0,0,23,23,23,,,,,149.5284248997923,,,,,,,,,,,,,,,,,,,,,,,,,,,,,,,,,,,,,,,,149.52027029986493,149.5284248997923,149.5284248997923,151.5040963999927,151.50414209999144,151.51188849983737,151.51188849983737,,,151.62105209985748,p,1,151.62111119995825,151.62867579981685,152.65331179997884,152.61240789992735,0.10112690017558634,None,,,,,,,,,,,,,,,,,,,,202,1,short,A,2026-07-10_09h51.52.511,SBL_superimposed_encoding,,2026.1.3,119.53943850693051,2026-07-10 09h51.52.729903 -0400,
1,24,24,0,stimuli/scenes/scene_J1.jpg,Jungle,Negvi,stimuli/items/undersea_animal_14.png,Undersea,animal,si,p,1,0.256054800003767,None,0,0,0,0,0,24,24,24,,,,,152.65331179997884,,,,,,,,,,,,,,,,,,,,,,,,,,,,,,,,,,,,,,,,152.64361859997734,152.65331179997884,152.65331179997884,154.6291749998927,154.62922489992343,154.63685069978237,154.63685069978237,,,154.89591949991882,p,1,154.89597909990698,154.90355609986,155.93549499986693,155.88737519993447,0.256054800003767,None,,,,,,,,,,,,,,,,,,,,202,1,short,A,2026-07-10_09h51.52.511,SBL_superimposed_encoding,,2026.1.3,119.53943850693051,2026-07-10 09h51.52.729903 -0400,
1,25,25,0,stimuli/scenes/scene_U2.jpg,Undersea,Malbow,stimuli/items/undersea_animal_20.png,Undersea,animal,sc,None,0,,,0,0,0,0,0,25,25,25,,,,,155.93549499986693,,,,,,,,,,,,,,,,,,,,,,,,,,,,,,,,,,,,,,,,155.92515939986333,155.93549499986693,155.93549499986693,157.90452109999023,157.90456609986722,157.91189369978383,157.91189369978383,158.90378019982018,158.90378019982018,158.89582119998522,None,0,158.8958685998805,158.90378019982018,159.9375107998494,159.88751109992154,,,,,,,,,,,,,,,,,,,,,,202,1,short,A,2026-07-10_09h51.52.511,SBL_superimposed_encoding,,2026.1.3,119.53943850693051,2026-07-10 09h51.52.729903 -0400,
1,26,26,0,stimuli/scenes/scene_J2.jpg,Jungle,Somar,stimuli/items/jungle_object_12.png,Jungle,object,sc,q,1,0.24533900013193488,None,0,0,0,0,0,26,26,26,,,,,159.9375107998494,,,,,,,,,,,,,,,,,,,,,,,,,,,,,,,,,,,,,,,,159.93164099985734,159.9375107998494,159.9375107998494,161.90451319981366,161.90455819992349,161.91200259979814,161.91200259979814,,,162.162925099954,q,1,162.16298369993456,162.17042799992487,163.1876305998303,163.15421049995348,0.24533900013193488,None,,,,,,,,,,,,,,,,,,,,202,1,short,A,2026-07-10_09h51.52.511,SBL_superimposed_encoding,,2026.1.3,119.53943850693051,2026-07-10 09h51.52.729903 -0400,
1,27,27,0,stimuli/scenes/scene_U2.jpg,Undersea,Malbow,stimuli/items/jungle_animal_8.png,Jungle,animal,si,p,1,0.19395290012471378,None,0,0,0,0,0,27,27,27,,,,,163.1876305998303,,,,,,,,,,,,,,,,,,,,,,,,,,,,,,,,,,,,,,,,163.18098789989017,163.1876305998303,163.1876305998303,165.17116869986057,165.17121349996887,165.17899439996108,165.17899439996108,,,165.37959709996358,p,1,165.37965609994717,165.38713969988748,166.41118109994568,166.370975199854,0.19395290012471378,None,,,,,,,,,,,,,,,,,,,,202,1,short,A,2026-07-10_09h51.52.511,SBL_superimposed_encoding,,2026.1.3,119.53943850693051,2026-07-10 09h51.52.729903 -0400,
1,28,28,0,stimuli/scenes/scene_U1.jpg,Undersea,Tulon,stimuli/items/undersea_object_1.png,Undersea,object,sc,q,1,0.25741230021230876,None,0,0,0,0,0,28,28,28,,,,,166.41118109994568,,,,,,,,,,,,,,,,,,,,,,,,,,,,,,,,,,,,,,,,166.40093229990453,166.41118109994568,166.41118109994568,168.38771229982376,168.38775819982402,168.39563669986092,168.39563669986092,,,168.65462289983407,q,1,168.65468219993636,168.6623514997773,169.69535119994543,169.64585449988954,0.25741230021230876,None,,,,,,,,,,,,,,,,,,,,202,1,short,A,2026-07-10_09h51.52.511,SBL_superimposed_encoding,,2026.1.3,119.53943850693051,2026-07-10 09h51.52.729903 -0400,
1,29,29,0,stimuli/scenes/scene_U2.jpg,Undersea,Malbow,stimuli/items/jungle_object_1.png,Jungle,object,si,p,1,0.4137728000059724,None,0,0,0,0,0,29,29,29,,,,,169.69535119994543,,,,,,,,,,,,,,,,,,,,,,,,,,,,,,,,,,,,,,,,169.6868360999506,169.69535119994543,169.69535119994543,171.6548913998995,171.65498719993047,171.6626963999588,171.6626963999588,,,172.0795622000005,p,1,172.07962419977412,172.08731119986624,173.12057129992172,173.07123759994283,0.4137728000059724,None,,,,,,,,,,,,,,,,,,,,202,1,short,A,2026-07-10_09h51.52.511,SBL_superimposed_encoding,,2026.1.3,119.53943850693051,2026-07-10 09h51.52.729903 -0400,
1,30,30,0,stimuli/scenes/scene_J1.jpg,Jungle,Negvi,stimuli/items/jungle_animal_7.png,Jungle,animal,sc,q,1,0.23748319991864264,None,0,0,0,0,0,30,30,30,,,,,173.12057129992172,,,,,,,,,,,,,,,,,,,,,,,,,,,,,,,,,,,,,,,,173.11192769999616,173.12057129992172,173.12057129992172,175.0800239997916,175.08011939981952,175.0878359999042,175.0878359999042,,,175.32962049986236,q,1,175.32968039996922,175.33733419980854,176.37015729979612,176.32135179988109,0.23748319991864264,None,,,,,,,,,,,,,,,,,,,,202,1,short,A,2026-07-10_09h51.52.511,SBL_superimposed_encoding,,2026.1.3,119.53943850693051,2026-07-10 09h51.52.729903 -0400,
1,31,31,0,stimuli/scenes/scene_J2.jpg,Jungle,Somar,stimuli/items/undersea_animal_15.png,Undersea,animal,si,p,1,0.25186820002272725,None,0,0,0,0,0,31,31,31,,,,,176.37015729979612,,,,,,,,,,,,,,,,,,,,,,,,,,,,,,,,,,,,,,,,176.35998359997757,176.37015729979612,176.37015729979612,178.32974489987828,178.32979939994402,178.3374392997939,178.3374392997939,,,178.59629889996722,p,1,178.59635829995386,178.60397089994512,179.62720469990745,179.58787539997138,0.25186820002272725,None,,,,,,,,,,,,,,,,,,,,202,1,short,A,2026-07-10_09h51.52.511,SBL_superimposed_encoding,,2026.1.3,119.53943850693051,2026-07-10 09h51.52.729903 -0400,
1,32,32,0,stimuli/scenes/scene_U2.jpg,Undersea,Malbow,stimuli/items/undersea_animal_5.png,Undersea,animal,sc,q,1,0.2965406998991966,None,0,0,0,0,0,32,32,32,,,,,179.62720469990745,,,,,,,,,,,,,,,,,,,,,,,,,,,,,,,,,,,,,,,,179.61605459987186,179.62720469990745,179.62720469990745,181.59650709992275,181.59655239991844,181.60405460000038,181.60405460000038,,,181.9048639999237,q,1,181.90492329979315,181.91276049986482,182.94555609999225,182.89620559988543,0.2965406998991966,None,,,,,,,,,,,,,,,,,,,,202,1,short,A,2026-07-10_09h51.52.511,SBL_superimposed_encoding,,2026.1.3,119.53943850693051,2026-07-10 09h51.52.729903 -0400,
1,33,33,0,stimuli/scenes/scene_U1.jpg,Undersea,Tulon,stimuli/items/undersea_object_11.png,Undersea,object,sc,p,0,0.22845409996807575,None,0,0,0,0,0,33,33,33,,,,,182.94555609999225,,,,,,,,,,,,,,,,,,,,,,,,,,,,,,,,,,,,,,,,182.9366291000042,182.94555609999225,182.94555609999225,184.9131325997878,184.9131884998642,184.9207988998387,184.9207988998387,,,185.15470809978433,p,0,185.15476629999466,185.16263919998892,186.17982319998555,186.14628429990262,0.22845409996807575,None,,,,,,,,,,,,,,,,,,,,202,1,short,A,2026-07-10_09h51.52.511,SBL_superimposed_encoding,,2026.1.3,119.53943850693051,2026-07-10 09h51.52.729903 -0400,
1,34,34,0,stimuli/scenes/scene_J2.jpg,Jungle,Somar,stimuli/items/undersea_object_2.png,Undersea,object,si,q,0,0.24998590000905097,None,0,0,0,0,0,34,34,34,,,,,186.17982319998555,,,,,,,,,,,,,,,,,,,,,,,,,,,,,,,,,,,,,,,,186.17446949984878,186.17982319998555,186.17982319998555,188.15489709982648,188.1549425998237,188.16249359981157,188.16249359981157,,,188.41329079982825,q,0,188.41335029993206,188.42099649994634,189.44555809977464,189.40440769982524,0.24998590000905097,None,,,,,,,,,,,,,,,,,,,,202,1,short,A,2026-07-10_09h51.52.511,SBL_superimposed_encoding,,2026.1.3,119.53943850693051,2026-07-10 09h51.52.729903 -0400,
1,35,35,0,stimuli/scenes/scene_U1.jpg,Undersea,Tulon,stimuli/items/undersea_animal_9.png,Undersea,animal,sc,q,1,0.3918987999204546,None,0,0,0,0,0,35,35,35,,,,,189.44555809977464,,,,,,,,,,,,,,,,,,,,,,,,,,,,,,,,,,,,,,,,189.43454859987833,189.44555809977464,189.44555809977464,191.42148779984564,191.42153459996916,191.4292719999794,191.4292719999794,,,191.82184779993258,q,1,191.8219074998051,191.82918819994666,192.8541167997755,192.8129526998382,0.3918987999204546,None,,,,,,,,,,,,,,,,,,,,202,1,short,A,2026-07-10_09h51.52.511,SBL_superimposed_encoding,,2026.1.3,119.53943850693051,2026-07-10 09h51.52.729903 -0400,
1,36,36,0,stimuli/scenes/scene_J2.jpg,Jungle,Somar,stimuli/items/jungle_object_6.png,Jungle,object,sc,q,1,0.4717131999786943,None,0,0,0,0,0,36,36,36,,,,,192.8541167997755,,,,,,,,,,,,,,,,,,,,,,,,,,,,,,,,,,,,,,,,192.84397449996322,192.8541167997755,192.8541167997755,194.83004219993018,194.83008899982087,194.83762299991213,194.83762299991213,,,195.31333919987082,q,1,195.3134015998803,195.32126659993082,196.34563519991934,196.30466719996184,0.4717131999786943,None,,,,,,,,,,,,,,,,,,,,202,1,short,A,2026-07-10_09h51.52.511,SBL_superimposed_encoding,,2026.1.3,119.53943850693051,2026-07-10 09h51.52.729903 -0400,
1,37,37,0,stimuli/scenes/scene_U2.jpg,Undersea,Malbow,stimuli/items/undersea_object_20.png,Undersea,object,sc,q,1,0.4035958999302238,None,0,0,0,0,0,37,37,37,,,,,196.34563519991934,,,,,,,,,,,,,,,,,,,,,,,,,,,,,,,,,,,,,,,,196.3348673998844,196.34563519991934,196.34563519991934,198.32193719991483,198.321983799804,198.32956159999594,198.32956159999594,,,198.73843319993466,q,1,198.73849419993348,198.7463565999642,199.84575909981504,199.7298505997751,0.4035958999302238,None,,,,,,,,,,,,,,,,,,,,202,1,short,A,2026-07-10_09h51.52.511,SBL_superimposed_encoding,,2026.1.3,119.53943850693051,2026-07-10 09h51.52.729903 -0400,
1,38,38,0,stimuli/scenes/scene_U1.jpg,Undersea,Tulon,stimuli/items/jungle_animal_12.png,Jungle,animal,si,p,1,0.8989251998718828,None,0,0,0,0,0,38,38,38,,,,,199.84575909981504,,,,,,,,,,,,,,,,,,,,,,,,,,,,,,,,,,,,,,,,199.83480949979275,199.84575909981504,199.84575909981504,201.7465464998968,201.74659269978292,201.75446099997498,201.75446099997498,,,202.6551508998964,p,1,202.65520849986933,202.6627902998589,203.7125353999436,203.64655389986,0.8989251998718828,None,,,,,,,,,,,,,,,,,,,,202,1,short,A,2026-07-10_09h51.52.511,SBL_superimposed_encoding,,2026.1.3,119.53943850693051,2026-07-10 09h51.52.729903 -0400,
1,39,39,0,stimuli/scenes/scene_J2.jpg,Jungle,Somar,stimuli/items/jungle_animal_19.png,Jungle,animal,sc,p,0,0.41402530018240213,None,0,0,0,0,0,39,39,39,,,,,203.7125353999436,,,,,,,,,,,,,,,,,,,,,,,,,,,,,,,,,,,,,,,,203.7016488998197,203.7125353999436,203.7125353999436,205.65525089995936,205.655295799952,205.66272759996355,205.66272759996355,,,206.08023609989323,p,0,206.0802948998753,206.0879779998213,207.11275319987908,207.07151179993525,0.41402530018240213,None,,,,,,,,,,,,,,,,,,,,202,1,short,A,2026-07-10_09h51.52.511,SBL_superimposed_encoding,,2026.1.3,119.53943850693051,2026-07-10 09h51.52.729903 -0400,
1,40,40,0,stimuli/scenes/scene_U1.jpg,Undersea,Tulon,stimuli/items/undersea_animal_7.png,Undersea,animal,sc,q,1,0.26041350001469254,None,0,0,0,0,0,40,40,40,,,,,207.11275319987908,,,,,,,,,,,,,,,,,,,,,,,,,,,,,,,,,,,,,,,,207.1036674999632,207.11275319987908,207.11275319987908,209.08845119993202,209.08849659981206,209.0964065999724,209.0964065999724,,,209.36352659994736,q,1,209.36358609981835,209.3713759998791,210.40241989982314,210.35495029995218,0.26041350001469254,None,,,,,,,,,,,,,,,,,,,,202,1,short,A,2026-07-10_09h51.52.511,SBL_superimposed_encoding,,2026.1.3,119.53943850693051,2026-07-10 09h51.52.729903 -0400,
1,41,41,0,stimuli/scenes/scene_J1.jpg,Jungle,Negvi,stimuli/items/jungle_object_10.png,Jungle,object,sc,q,1,0.25700470013543963,None,0,0,0,0,0,41,41,41,,,,,210.40241989982314,,,,,,,,,,,,,,,,,,,,,,,,,,,,,,,,,,,,,,,,210.3919141998049,210.40241989982314,210.40241989982314,212.37190399994142,212.37194999982603,212.3797374998685,212.3797374998685,,,212.6388441999443,q,1,212.63890299992636,212.64630849985406,213.66958329989575,213.63015309977345,0.25700470013543963,None,,,,,,,,,,,,,,,,,,,,202,1,short,A,2026-07-10_09h51.52.511,SBL_superimposed_encoding,,2026.1.3,119.53943850693051,2026-07-10 09h51.52.729903 -0400,
1,42,42,0,stimuli/scenes/scene_U1.jpg,Undersea,Tulon,stimuli/items/jungle_animal_6.png,Jungle,animal,si,p,1,0.34990180004388094,None,0,0,0,0,0,42,42,42,,,,,213.66958329989575,,,,,,,,,,,,,,,,,,,,,,,,,,,,,,,,,,,,,,,,213.65907829999924,213.66958329989575,213.66958329989575,215.639131099917,215.63920399989001,215.64693699986674,215.64693699986674,,,216.0055777998641,p,1,216.00564239989035,216.01333819981664,217.06214669998735,216.99702919996344,0.34990180004388094,None,,,,,,,,,,,,,,,,,,,,202,1,short,A,2026-07-10_09h51.52.511,SBL_superimposed_encoding,,2026.1.3,119.53943850693051,2026-07-10 09h51.52.729903 -0400,
1,43,43,0,stimuli/scenes/scene_J1.jpg,Jungle,Negvi,stimuli/items/jungle_object_20.png,Jungle,object,sc,q,1,0.2729656998999417,None,0,0,0,0,0,43,43,43,,,,,217.06214669998735,,,,,,,,,,,,,,,,,,,,,,,,,,,,,,,,,,,,,,,,217.05115039995871,217.06214669998735,217.06214669998735,219.0140487998724,219.01409299997613,219.02168189990334,219.02168189990334,,,219.2973328998778,q,1,219.29738839995116,219.30502849980257,220.3218166998122,220.288407899905,0.2729656998999417,None,,,,,,,,,,,,,,,,,,,,202,1,short,A,2026-07-10_09h51.52.511,SBL_superimposed_encoding,,2026.1.3,119.53943850693051,2026-07-10 09h51.52.729903 -0400,
1,44,44,0,stimuli/scenes/scene_U1.jpg,Undersea,Tulon,stimuli/items/jungle_object_15.png,Jungle,object,si,p,1,0.24365400010719895,None,0,0,0,0,0,44,44,44,,,,,220.3218166998122,,,,,,,,,,,,,,,,,,,,,,,,,,,,,,,,,,,,,,,,220.31516459980048,220.3218166998122,220.3218166998122,222.30567649984732,222.30572069995105,222.3134186998941,222.3134186998941,,,222.5642962998245,p,1,222.5643518997822,222.5716347999405,223.58824409986846,223.55533799994737,0.24365400010719895,None,,,,,,,,,,,,,,,,,,,,202,1,short,A,2026-07-10_09h51.52.511,SBL_superimposed_encoding,,2026.1.3,119.53943850693051,2026-07-10 09h51.52.729903 -0400,
1,45,45,0,stimuli/scenes/scene_J1.jpg,Jungle,Negvi,stimuli/items/jungle_animal_13.png,Jungle,animal,sc,q,1,0.3211904999334365,None,0,0,0,0,0,45,45,45,,,,,223.58824409986846,,,,,,,,,,,,,,,,,,,,,,,,,,,,,,,,,,,,,,,,223.58065179991536,223.58824409986846,223.58824409986846,225.57249679998495,225.5725408999715,225.5800149999559,225.5800149999559,,,225.90596959996037,q,1,225.90602659992874,225.91329629998654,226.96250829985365,226.89692429988645,0.3211904999334365,None,,,,,,,,,,,,,,,,,,,,202,1,short,A,2026-07-10_09h51.52.511,SBL_superimposed_encoding,,2026.1.3,119.53943850693051,2026-07-10 09h51.52.729903 -0400,
1,46,46,0,stimuli/scenes/scene_U1.jpg,Undersea,Tulon,stimuli/items/undersea_animal_2.png,Undersea,animal,sc,q,1,0.24294880009256303,None,0,0,0,0,0,46,46,46,,,,,226.96250829985365,,,,,,,,,,,,,,,,,,,,,,,,,,,,,,,,,,,,,,,,226.9524532998912,226.96250829985365,226.96250829985365,228.91414359980263,228.9141881999094,228.92195469979197,228.92195469979197,,,229.1726267999038,q,1,229.17268239986151,229.17999619990587,230.21318019996397,230.16425099992193,0.24294880009256303,None,,,,,,,,,,,,,,,,,,,,202,1,short,A,2026-07-10_09h51.52.511,SBL_superimposed_encoding,,2026.1.3,119.53943850693051,2026-07-10 09h51.52.729903 -0400,
1,47,47,0,stimuli/scenes/scene_J1.jpg,Jungle,Negvi,stimuli/items/undersea_animal_17.png,Undersea,animal,si,p,1,0.3924963001627475,None,0,0,0,0,0,47,47,47,,,,,230.21318019996397,,,,,,,,,,,,,,,,,,,,,,,,,,,,,,,,,,,,,,,,230.20370069984347,230.21318019996397,230.21318019996397,232.17288239998743,232.1729796999134,232.18029919988476,232.18029919988476,,,232.58100349991582,p,1,232.58106060000136,232.58886309992522,233.61310959979892,233.57244689995423,0.3924963001627475,None,,,,,,,,,,,,,,,,,,,,202,1,short,A,2026-07-10_09h51.52.511,SBL_superimposed_encoding,,2026.1.3,119.53943850693051,2026-07-10 09h51.52.729903 -0400,
1,48,48,0,stimuli/scenes/scene_U2.jpg,Undersea,Malbow,stimuli/items/jungle_object_3.png,Jungle,object,si,p,1,0.27250590012408793,None,0,0,0,0,0,48,48,48,,,,,233.61310959979892,,,,,,,,,,,,,,,,,,,,,,,,,,,,,,,,,,,,,,,,233.6044422998093,233.61310959979892,233.61310959979892,235.58895229990594,235.5889973999001,235.59698699996807,235.59698699996807,,,235.8726933998987,p,1,235.8727492999751,235.88056809990667,236.92918279999867,236.86388939991593,0.27250590012408793,None,,,,,,,,,,,,,,,,,,,,202,1,short,A,2026-07-10_09h51.52.511,SBL_superimposed_encoding,,2026.1.3,119.53943850693051,2026-07-10 09h51.52.729903 -0400,
1,49,49,0,stimuli/scenes/scene_J2.jpg,Jungle,Somar,stimuli/items/undersea_object_13.png,Undersea,object,si,p,1,0.2281114999204874,None,0,0,0,0,0,49,49,49,,,,,236.92918279999867,,,,,,,,,,,,,,,,,,,,,,,,,,,,,,,,,,,,,,,,236.9175202997867,236.92918279999867,236.92918279999867,238.8809125998523,238.88096059998497,238.88878249982372,238.88878249982372,,,239.12288829986937,p,1,239.12294429983012,239.13038889993913,240.18868809984997,240.1142370000016,0.2281114999204874,None,,,,,,,,,,,,,,,,,,,,202,1,short,A,2026-07-10_09h51.52.511,SBL_superimposed_encoding,,2026.1.3,119.53943850693051,2026-07-10 09h51.52.729903 -0400,
1,50,50,0,stimuli/scenes/scene_U2.jpg,Undersea,Malbow,stimuli/items/jungle_animal_9.png,Jungle,animal,si,p,1,0.24223620002157986,None,0,0,0,0,0,50,50,50,,,,,240.18868809984997,,,,,,,,,,,,,,,,,,,,,,,,,,,,,,,,,,,,,,,,240.18052849988453,240.18868809984997,240.18868809984997,242.1311702998355,242.13127009989694,242.13853489980102,242.13853489980102,,,242.38920729979873,p,1,242.38926659990102,242.3970092998352,243.43070019991137,243.38075199979357,0.24223620002157986,None,,,,,,,,,,,,,,,,,,,,202,1,short,A,2026-07-10_09h51.52.511,SBL_superimposed_encoding,,2026.1.3,119.53943850693051,2026-07-10 09h51.52.729903 -0400,
1,51,51,0,stimuli/scenes/scene_U1.jpg,Undersea,Tulon,stimuli/items/jungle_animal_14.png,Jungle,animal,si,p,1,0.32783119985833764,None,0,0,0,0,0,51,51,51,,,,,243.43070019991137,,,,,,,,,,,,,,,,,,,,,,,,,,,,,,,,,,,,,,,,243.425252399873,243.43070019991137,243.43070019991137,245.38932319986634,245.38936879998073,245.3972074999474,245.3972074999474,,,245.730956699932,p,1,245.73101449990645,245.73876149998978,246.7716692998074,246.72255639987998,0.32783119985833764,None,,,,,,,,,,,,,,,,,,,,202,1,short,A,2026-07-10_09h51.52.511,SBL_superimposed_encoding,,2026.1.3,119.53943850693051,2026-07-10 09h51.52.729903 -0400,
1,52,52,0,stimuli/scenes/scene_J1.jpg,Jungle,Negvi,stimuli/items/undersea_object_17.png,Undersea,object,si,p,1,0.23445599991828203,None,0,0,0,0,0,52,52,52,,,,,246.7716692998074,,,,,,,,,,,,,,,,,,,,,,,,,,,,,,,,,,,,,,,,246.7615823999513,246.7716692998074,246.7716692998074,248.73121379991062,248.73130999994464,248.7387768998742,248.7387768998742,,,248.9810326998122,p,1,248.98109059990384,248.9887769999914,250.0054476999212,249.97293779999018,0.23445599991828203,None,,,,,,,,,,,,,,,,,,,,202,1,short,A,2026-07-10_09h51.52.511,SBL_superimposed_encoding,,2026.1.3,119.53943850693051,2026-07-10 09h51.52.729903 -0400,
1,53,53,0,stimuli/scenes/scene_U2.jpg,Undersea,Malbow,stimuli/items/undersea_animal_6.png,Undersea,animal,sc,q,1,0.2955857999622822,None,0,0,0,0,0,53,53,53,,,,,250.0054476999212,,,,,,,,,,,,,,,,,,,,,,,,,,,,,,,,,,,,,,,,249.9978035998065,250.0054476999212,250.0054476999212,251.98118239990436,251.9812264998909,251.98894909978844,251.98894909978844,,,252.2895912998356,q,1,252.2896494998131,252.29735679994337,253.32215319992974,253.2808690997772,0.2955857999622822,None,,,,,,,,,,,,,,,,,,,,202,1,short,A,2026-07-10_09h51.52.511,SBL_superimposed_encoding,,2026.1.3,119.53943850693051,2026-07-10 09h51.52.729903 -0400,
1,54,54,0,stimuli/scenes/scene_J1.jpg,Jungle,Negvi,stimuli/items/jungle_object_8.png,Jungle,object,sc,q,1,0.2753202000167221,None,0,0,0,0,0,54,54,54,,,,,253.32215319992974,,,,,,,,,,,,,,,,,,,,,,,,,,,,,,,,,,,,,,,,253.3150356998667,253.32215319992974,253.32215319992974,255.29810449993238,255.29819999984466,255.30562969995663,255.30562969995663,,,255.58958449983038,q,1,255.58964259992354,255.59731149999425,256.6221886998974,256.5810743998736,0.2753202000167221,None,,,,,,,,,,,,,,,,,,,,202,1,short,A,2026-07-10_09h51.52.511,SBL_superimposed_encoding,,2026.1.3,119.53943850693051,2026-07-10 09h51.52.729903 -0400,
1,55,55,0,stimuli/scenes/scene_U1.jpg,Undersea,Tulon,stimuli/items/undersea_object_7.png,Undersea,object,sc,q,1,0.27996539999730885,None,0,0,0,0,0,55,55,55,,,,,256.6221886998974,,,,,,,,,,,,,,,,,,,,,,,,,,,,,,,,,,,,,,,,256.61546939983964,256.6221886998974,256.6221886998974,258.58979939995334,258.58984329993837,258.5972217998933,258.5972217998933,,,258.88185419980437,q,1,258.8819112998899,258.88913169992156,259.9136300999671,259.87296179984696,0.27996539999730885,None,,,,,,,,,,,,,,,,,,,,202,1,short,A,2026-07-10_09h51.52.511,SBL_superimposed_encoding,,2026.1.3,119.53943850693051,2026-07-10 09h51.52.729903 -0400,
1,56,56,0,stimuli/scenes/scene_U2.jpg,Undersea,Malbow,stimuli/items/jungle_animal_4.png,Jungle,animal,si,p,1,0.2756739999167621,None,0,0,0,0,0,56,56,56,,,,,259.9136300999671,,,,,,,,,,,,,,,,,,,,,,,,,,,,,,,,,,,,,,,,259.90436759986915,259.9136300999671,259.9136300999671,261.88967639999464,261.88972089998424,261.8975924998522,261.8975924998522,,,262.1814514999278,p,1,262.1815074000042,262.1892294997815,263.20529859978706,263.1728296999354,0.2756739999167621,None,,,,,,,,,,,,,,,,,,,,202,1,short,A,2026-07-10_09h51.52.511,SBL_superimposed_encoding,,2026.1.3,119.53943850693051,2026-07-10 09h51.52.729903 -0400,
1,57,57,0,stimuli/scenes/scene_J1.jpg,Jungle,Negvi,stimuli/items/jungle_animal_5.png,Jungle,animal,sc,q,1,0.5677531000692397,None,0,0,0,0,0,57,57,57,,,,,263.20529859978706,,,,,,,,,,,,,,,,,,,,,,,,,,,,,,,,,,,,,,,,263.1955651999451,263.20529859978706,263.20529859978706,265.1819966000039,265.18209189991467,265.18927549989894,265.18927549989894,,,265.7650412998628,q,1,265.76510019996203,265.77251839987,266.8055010999087,266.7563726999797,0.5677531000692397,None,,,,,,,,,,,,,,,,,,,,202,1,short,A,2026-07-10_09h51.52.511,SBL_superimposed_encoding,,2026.1.3,119.53943850693051,2026-07-10 09h51.52.729903 -0400,
1,58,58,0,stimuli/scenes/scene_J2.jpg,Jungle,Somar,stimuli/items/jungle_object_7.png,Jungle,object,sc,q,1,0.28821530006825924,None,0,0,0,0,0,58,58,58,,,,,266.8055010999087,,,,,,,,,,,,,,,,,,,,,,,,,,,,,,,,,,,,,,,,266.7951456999872,266.8055010999087,266.8055010999087,268.7733320998959,268.7734258999117,268.7806255999021,268.7806255999021,,,269.0733519999776,q,1,269.07340539991856,269.0806350999046,270.10579509986565,270.06479629990645,0.28821530006825924,None,,,,,,,,,,,,,,,,,,,,202,1,short,A,2026-07-10_09h51.52.511,SBL_superimposed_encoding,,2026.1.3,119.53943850693051,2026-07-10 09h51.52.729903 -0400,
1,59,59,0,stimuli/scenes/scene_J1.jpg,Jungle,Negvi,stimuli/items/undersea_object_9.png,Undersea,object,si,p,1,0.30776360002346337,None,0,0,0,0,0,59,59,59,,,,,270.10579509986565,,,,,,,,,,,,,,,,,,,,,,,,,,,,,,,,,,,,,,,,270.0972740999423,270.10579509986565,270.10579509986565,272.0816414000001,272.08168619987555,272.0893023998942,272.0893023998942,,,272.3983114999719,p,1,272.3983667998109,272.4062765999697,273.44754789979197,273.3896705999505,0.30776360002346337,None,,,,,,,,,,,,,,,,,,,,202,1,short,A,2026-07-10_09h51.52.511,SBL_superimposed_encoding,,2026.1.3,119.53943850693051,2026-07-10 09h51.52.729903 -0400,
1,60,60,0,stimuli/scenes/scene_U1.jpg,Undersea,Tulon,stimuli/items/jungle_animal_20.png,Jungle,animal,si,p,1,0.2306764000095427,None,0,0,0,0,0,60,60,60,,,,,273.44754789979197,,,,,,,,,,,,,,,,,,,,,,,,,,,,,,,,,,,,,,,,273.44114399980754,273.44754789979197,273.44754789979197,275.40675149997696,275.40679729986005,275.41420129989274,275.41420129989274,,,275.6485299000051,p,1,275.6485872999765,275.65609509986825,276.68120889994316,276.64004889992066,0.2306764000095427,None,,,,,,,,,,,,,,,,,,,,202,1,short,A,2026-07-10_09h51.52.511,SBL_superimposed_encoding,,2026.1.3,119.53943850693051,2026-07-10 09h51.52.729903 -0400,
1,61,61,0,stimuli/scenes/scene_J1.jpg,Jungle,Negvi,stimuli/items/undersea_object_18.png,Undersea,object,si,p,1,0.26030310010537505,None,0,0,0,0,0,61,61,61,,,,,276.68120889994316,,,,,,,,,,,,,,,,,,,,,,,,,,,,,,,,,,,,,,,,276.67540730000474,276.68120889994316,276.68120889994316,278.65693779988214,278.65703449980356,278.6644041999243,278.6644041999243,,,278.9319809998851,p,1,278.9320382999722,278.93950489978306,279.98062299983576,279.9230622998439,0.26030310010537505,None,,,,,,,,,,,,,,,,,,,,202,1,short,A,2026-07-10_09h51.52.511,SBL_superimposed_encoding,,2026.1.3,119.53943850693051,2026-07-10 09h51.52.729903 -0400,
1,62,62,0,stimuli/scenes/scene_U2.jpg,Undersea,Malbow,stimuli/items/undersea_animal_12.png,Undersea,animal,sc,q,1,0.27305439999327064,None,0,0,0,0,0,62,62,62,,,,,279.98062299983576,,,,,,,,,,,,,,,,,,,,,,,,,,,,,,,,,,,,,,,,279.97169049992226,279.98062299983576,279.98062299983576,281.9401873999741,281.9402804998681,281.9478891999461,281.9478891999461,,,282.2235295998398,q,1,282.2235854999162,282.23112839995883,283.2648960999213,283.21541359997354,0.27305439999327064,None,,,,,,,,,,,,,,,,,,,,202,1,short,A,2026-07-10_09h51.52.511,SBL_superimposed_encoding,,2026.1.3,119.53943850693051,2026-07-10 09h51.52.729903 -0400,
1,63,63,0,stimuli/scenes/scene_J1.jpg,Jungle,Negvi,stimuli/items/undersea_animal_8.png,Undersea,animal,si,p,1,0.24537270003929734,None,0,0,0,0,0,63,63,63,,,,,283.2648960999213,,,,,,,,,,,,,,,,,,,,,,,,,,,,,,,,,,,,,,,,283.25914219999686,283.2648960999213,283.2648960999213,285.23185979994014,285.23190499981865,285.2397035998292,285.2397035998292,,,285.4903031999711,p,1,285.490360799944,285.4978336999193,286.529399999883,286.4816414997913,0.24537270003929734,None,,,,,,,,,,,,,,,,,,,,202,1,short,A,2026-07-10_09h51.52.511,SBL_superimposed_encoding,,2026.1.3,119.53943850693051,2026-07-10 09h51.52.729903 -0400,
1,64,64,0,stimuli/scenes/scene_U1.jpg,Undersea,Tulon,stimuli/items/jungle_animal_2.png,Jungle,animal,si,p,1,0.19467029999941587,None,0,0,0,0,0,64,64,64,,,,,286.529399999883,,,,,,,,,,,,,,,,,,,,,,,,,,,,,,,,,,,,,,,,286.5191066998523,286.529399999883,286.529399999883,288.4987701999489,288.4988146999385,288.5062639999669,288.5062639999669,,,288.70684629981406,p,1,288.7069017000031,288.7148878998123,289.7398747999687,289.6981472999323,0.19467029999941587,None,,,,,,,,,,,,,,,,,,,,202,1,short,A,2026-07-10_09h51.52.511,SBL_superimposed_encoding,,2026.1.3,119.53943850693051,2026-07-10 09h51.52.729903 -0400,
1,65,65,0,stimuli/scenes/scene_J1.jpg,Jungle,Negvi,stimuli/items/undersea_animal_3.png,Undersea,animal,si,p,1,0.26569480006583035,None,0,0,0,0,0,65,65,65,,,,,289.7398747999687,,,,,,,,,,,,,,,,,,,,,,,,,,,,,,,,,,,,,,,,289.7345159999095,289.7398747999687,289.7398747999687,291.7071499999147,291.7072464998346,291.714885099791,291.714885099791,,,291.9818354998715,p,1,291.9818895999342,291.98979019979015,293.01440489990637,292.97350089997053,0.26569480006583035,None,,,,,,,,,,,,,,,,,,,,202,1,short,A,2026-07-10_09h51.52.511,SBL_superimposed_encoding,,2026.1.3,119.53943850693051,2026-07-10 09h51.52.729903 -0400,
1,66,66,0,stimuli/scenes/scene_U2.jpg,Undersea,Malbow,stimuli/items/jungle_animal_11.png,Jungle,animal,si,p,1,0.23917620000429451,None,0,0,0,0,0,66,66,66,,,,,293.01440489990637,,,,,,,,,,,,,,,,,,,,,,,,,,,,,,,,,,,,,,,,293.0068906999659,293.01440489990637,293.01440489990637,294.9823276998941,294.98237290000543,294.98968669981696,294.98968669981696,,,295.2322724999394,p,1,295.232328399783,295.2397445999086,296.28933709999546,296.223317499971,0.23917620000429451,None,,,,,,,,,,,,,,,,,,,,202,1,short,A,2026-07-10_09h51.52.511,SBL_superimposed_encoding,,2026.1.3,119.53943850693051,2026-07-10 09h51.52.729903 -0400,
1,67,67,0,stimuli/scenes/scene_J1.jpg,Jungle,Negvi,stimuli/items/jungle_animal_10.png,Jungle,animal,sc,q,1,0.24477059999480844,None,0,0,0,0,0,67,67,67,,,,,296.28933709999546,,,,,,,,,,,,,,,,,,,,,,,,,,,,,,,,,,,,,,,,296.2788274998311,296.28933709999546,296.28933709999546,298.240587499924,298.2406823998317,298.24838000000454,298.24838000000454,,,298.4988899999298,q,1,298.49894479988143,298.506646099966,299.5393509999849,299.4905716998037,0.24477059999480844,None,,,,,,,,,,,,,,,,,,,,202,1,short,A,2026-07-10_09h51.52.511,SBL_superimposed_encoding,,2026.1.3,119.53943850693051,2026-07-10 09h51.52.729903 -0400,
1,68,68,0,stimuli/scenes/scene_J2.jpg,Jungle,Somar,stimuli/items/undersea_animal_4.png,Undersea,animal,si,p,1,0.37042009993456304,None,0,0,0,0,0,68,68,68,,,,,299.5393509999849,,,,,,,,,,,,,,,,,,,,,,,,,,,,,,,,,,,,,,,,299.5293374999892,299.5393509999849,299.5393509999849,301.5074949997943,301.507539199898,301.51490089995787,301.51490089995787,,,301.8902192998212,p,1,301.89027889980935,301.8980937998276,302.9399257998448,302.8819656998385,0.37042009993456304,None,,,,,,,,,,,,,,,,,,,,202,1,short,A,2026-07-10_09h51.52.511,SBL_superimposed_encoding,,2026.1.3,119.53943850693051,2026-07-10 09h51.52.729903 -0400,
1,69,69,0,stimuli/scenes/scene_J1.jpg,Jungle,Negvi,stimuli/items/jungle_animal_1.png,Jungle,animal,sc,q,1,0.3311037998646498,None,0,0,0,0,0,69,69,69,,,,,302.9399257998448,,,,,,,,,,,,,,,,,,,,,,,,,,,,,,,,,,,,,,,,302.9319880998228,302.9399257998448,302.9399257998448,304.89089149981737,304.8910393998958,304.89807719993405,304.89807719993405,,,305.2321540999692,q,1,305.23220799979754,305.23981820000336,306.2565705999732,306.22380349994637,0.3311037998646498,None,,,,,,,,,,,,,,,,,,,,202,1,short,A,2026-07-10_09h51.52.511,SBL_superimposed_encoding,,2026.1.3,119.53943850693051,2026-07-10 09h51.52.729903 -0400,
1,70,70,0,stimuli/scenes/scene_U2.jpg,Undersea,Malbow,stimuli/items/jungle_animal_16.png,Jungle,animal,si,p,1,0.2447965000756085,None,0,0,0,0,0,70,70,70,,,,,306.2565705999732,,,,,,,,,,,,,,,,,,,,,,,,,,,,,,,,,,,,,,,,306.249320599949,306.2565705999732,306.2565705999732,308.24034829996526,308.24039329984225,308.24823039979674,308.24823039979674,,,308.49885909981094,p,1,308.49891429999843,308.5068837997969,309.52318739984185,309.4904348999262,0.2447965000756085,None,,,,,,,,,,,,,,,,,,,,202,1,short,A,2026-07-10_09h51.52.511,SBL_superimposed_encoding,,2026.1.3,119.53943850693051,2026-07-10 09h51.52.729903 -0400,
1,71,71,0,stimuli/scenes/scene_J2.jpg,Jungle,Somar,stimuli/items/jungle_object_4.png,Jungle,object,sc,q,1,0.34686940000392497,None,0,0,0,0,0,71,71,71,,,,,309.52318739984185,,,,,,,,,,,,,,,,,,,,,,,,,,,,,,,,,,,,,,,,309.51529159978963,309.52318739984185,309.52318739984185,311.4991404998582,311.4992496999912,311.50683559989557,311.50683559989557,,,311.8577402997762,q,1,311.8577961998526,311.8652110998519,312.9151029998902,312.8487346000038,0.34686940000392497,None,,,,,,,,,,,,,,,,,,,,202,1,short,A,2026-07-10_09h51.52.511,SBL_superimposed_encoding,,2026.1.3,119.53943850693051,2026-07-10 09h51.52.729903 -0400,
1,72,72,0,stimuli/scenes/scene_U2.jpg,Undersea,Malbow,stimuli/items/undersea_object_14.png,Undersea,object,sc,q,1,0.3711312001105398,None,0,0,0,0,0,72,72,72,,,,,312.9151029998902,,,,,,,,,,,,,,,,,,,,,,,,,,,,,,,,,,,,,,,,312.9077838999219,312.9151029998902,312.9151029998902,314.86576669989154,314.8658112999983,314.8736481999513,314.8736481999513,,,315.24893569992855,q,1,315.24899140000343,315.2566192999948,316.2897118998226,316.2404844998382,0.3711312001105398,None,,,,,,,,,,,,,,,,,,,,202,1,short,A,2026-07-10_09h51.52.511,SBL_superimposed_encoding,,2026.1.3,119.53943850693051,2026-07-10 09h51.52.729903 -0400,
1,73,73,0,stimuli/scenes/scene_U1.jpg,Undersea,Tulon,stimuli/items/undersea_animal_13.png,Undersea,animal,sc,q,1,0.2761047000531107,None,0,0,0,0,0,73,73,73,,,,,316.2897118998226,,,,,,,,,,,,,,,,,,,,,,,,,,,,,,,,,,,,,,,,316.2815138997976,316.2897118998226,316.2897118998226,318.25744779990055,318.2575423999224,318.265000899788,318.265000899788,,,318.548663900001,q,1,318.54872269998305,318.55661479989067,319.5733112997841,319.5401961999014,0.2761047000531107,None,,,,,,,,,,,,,,,,,,,,202,1,short,A,2026-07-10_09h51.52.511,SBL_superimposed_encoding,,2026.1.3,119.53943850693051,2026-07-10 09h51.52.729903 -0400,
1,74,74,0,stimuli/scenes/scene_U2.jpg,Undersea,Malbow,stimuli/items/jungle_object_19.png,Jungle,object,si,p,1,0.24911019997671247,None,0,0,0,0,0,74,74,74,,,,,319.5733112997841,,,,,,,,,,,,,,,,,,,,,,,,,,,,,,,,,,,,,,,,319.5674457999412,319.5733112997841,319.5733112997841,321.5490388998296,321.5490836999379,321.5566821999382,321.5566821999382,,,321.807301599998,p,1,321.8073551999405,321.8152000999544,322.8564926998224,322.7990091999527,0.24911019997671247,None,,,,,,,,,,,,,,,,,,,,202,1,short,A,2026-07-10_09h51.52.511,SBL_superimposed_encoding,,2026.1.3,119.53943850693051,2026-07-10 09h51.52.729903 -0400,
1,75,75,0,stimuli/scenes/scene_J1.jpg,Jungle,Negvi,stimuli/items/undersea_animal_11.png,Undersea,animal,si,p,1,0.27754699997603893,None,0,0,0,0,0,75,75,75,,,,,322.8564926998224,,,,,,,,,,,,,,,,,,,,,,,,,,,,,,,,,,,,,,,,322.8477826998569,322.8564926998224,322.8564926998224,324.8158465998713,324.8158912998624,324.8234771999996,324.8234771999996,,,325.10744029982015,p,1,325.1074962997809,325.11535839992575,326.13725079991855,326.0988695998676,0.27754699997603893,None,,,,,,,,,,,,,,,,,,,,202,1,short,A,2026-07-10_09h51.52.511,SBL_superimposed_encoding,,2026.1.3,119.53943850693051,2026-07-10 09h51.52.729903 -0400,
1,76,76,0,stimuli/scenes/scene_U1.jpg,Undersea,Tulon,stimuli/items/undersea_animal_10.png,Undersea,animal,sc,q,1,0.2660399000160396,None,0,0,0,0,0,76,76,76,,,,,326.13725079991855,,,,,,,,,,,,,,,,,,,,,,,,,,,,,,,,,,,,,,,,326.1269675998483,326.13725079991855,326.13725079991855,328.1076350999065,328.10768019990064,328.11523759993725,328.11523759993725,,,328.38243769994006,q,1,328.382492599776,328.39026209991425,329.44030859996565,329.3738975999877,0.2660399000160396,None,,,,,,,,,,,,,,,,,,,,202,1,short,A,2026-07-10_09h51.52.511,SBL_superimposed_encoding,,2026.1.3,119.53943850693051,2026-07-10 09h51.52.729903 -0400,
1,77,77,0,stimuli/scenes/scene_J1.jpg,Jungle,Negvi,stimuli/items/undersea_object_15.png,Undersea,object,si,p,1,0.28631120012141764,None,0,0,0,0,0,77,77,77,,,,,329.44030859996565,,,,,,,,,,,,,,,,,,,,,,,,,,,,,,,,,,,,,,,,329.4326319999527,329.44030859996565,329.44030859996565,331.3825707999058,331.38261569989845,331.3904891998973,331.3904891998973,,,331.6827745998744,p,1,331.68282909994014,331.6905249999836,332.72265999997035,332.67444169986993,0.28631120012141764,None,,,,,,,,,,,,,,,,,,,,202,1,short,A,2026-07-10_09h51.52.511,SBL_superimposed_encoding,,2026.1.3,119.53943850693051,2026-07-10 09h51.52.729903 -0400,
1,78,78,0,stimuli/scenes/scene_U1.jpg,Undersea,Tulon,stimuli/items/undersea_object_19.png,Undersea,object,sc,q,1,0.25795429991558194,None,0,0,0,0,0,78,78,78,,,,,332.72265999997035,,,,,,,,,,,,,,,,,,,,,,,,,,,,,,,,,,,,,,,,332.7127482998185,332.72265999997035,332.72265999997035,334.6910085999407,334.69105159980245,334.69890089984983,334.69890089984983,,,334.95777649991214,q,1,334.9578326998744,334.96557989995927,335.9982175999321,335.94899139995687,0.25795429991558194,None,,,,,,,,,,,,,,,,,,,,202,1,short,A,2026-07-10_09h51.52.511,SBL_superimposed_encoding,,2026.1.3,119.53943850693051,2026-07-10 09h51.52.729903 -0400,
1,79,79,0,stimuli/scenes/scene_U2.jpg,Undersea,Malbow,stimuli/items/undersea_animal_16.png,Undersea,animal,sc,q,1,0.3193552999291569,None,0,0,0,0,0,79,79,79,,,,,335.9982175999321,,,,,,,,,,,,,,,,,,,,,,,,,,,,,,,,,,,,,,,,335.98868599999696,335.9982175999321,335.9982175999321,337.95801499998197,337.958109999774,337.9655507998541,337.9655507998541,,,338.2914041997865,q,1,338.291459799977,338.298669999931,339.3018429998774,339.28280639997683,0.3193552999291569,None,,,,,,,,,,,,,,,,,,,,202,1,short,A,2026-07-10_09h51.52.511,SBL_superimposed_encoding,,2026.1.3,119.53943850693051,2026-07-10 09h51.52.729903 -0400,
2,0,0,0,stimuli/scenes/scene_J2.jpg,Jungle,Somar,stimuli/items/undersea_object_13.png,Undersea,object,si,p,1,0.8085743000265211,None,0,1,1,1,0,0,0,0,0,0,0,0,370.3656550999731,,,,,,,,,,,,,,,,,,,,,,,,,,,,,,,,,,,,,,370.30930819991045,370.3095723998267,370.3549349999521,370.3656550999731,370.3656550999731,372.3167934999801,372.3168384998571,372.3242457997985,372.3242457997985,,,373.13349689985625,p,1,373.1335547999479,373.1410297998227,374.1664739998523,374.1249119997956,0.8085743000265211,None,339.28862479981035,339.2888428999577,339.2985574998893,339.3018429998774,339.3018429998774,339.3018429998774,370.30836899997666,space,30.999210100155324,None,,,,,,,,,,202,1,short,A,2026-07-10_09h51.52.511,SBL_superimposed_encoding,,2026.1.3,119.53943850693051,2026-07-10 09h51.52.729903 -0400,
2,1,1,0,stimuli/scenes/scene_J1.jpg,Jungle,Negvi,stimuli/items/undersea_object_3.png,Undersea,object,si,p,1,0.3114384999498725,None,0,1,1,1,0,1,1,1,,,,,374.1664739998523,,,,,,,,,,,,,,,,,,,,,,,,,,,,,,,,,,,,,,,,374.1602237999905,374.1664739998523,374.1664739998523,376.1419811998494,376.1420748999808,376.1495002999436,376.1495002999436,,,376.46719129988924,p,1,376.46724899997935,376.47423930000514,377.50732259987853,377.458121499978,0.3114384999498725,None,,,,,,,,,,,,,,,,,,,,202,1,short,A,2026-07-10_09h51.52.511,SBL_superimposed_encoding,,2026.1.3,119.53943850693051,2026-07-10 09h51.52.729903 -0400,
2,2,2,0,stimuli/scenes/scene_J2.jpg,Jungle,Somar,stimuli/items/undersea_object_10.png,Undersea,object,si,p,1,0.22632679995149374,None,0,1,1,1,0,2,2,2,,,,,377.50732259987853,,,,,,,,,,,,,,,,,,,,,,,,,,,,,,,,,,,,,,,,377.49683869979344,377.50732259987853,377.50732259987853,379.4752548998222,379.47534629981965,379.4829297999386,379.4829297999386,,,379.71714550000615,p,1,379.7172035998665,379.72444699984044,380.7407400999218,380.70837879995815,0.22632679995149374,None,,,,,,,,,,,,,,,,,,,,202,1,short,A,2026-07-10_09h51.52.511,SBL_superimposed_encoding,,2026.1.3,119.53943850693051,2026-07-10 09h51.52.729903 -0400,
2,3,3,0,stimuli/scenes/scene_J1.jpg,Jungle,Negvi,stimuli/items/jungle_object_10.png,Jungle,object,sc,None,0,,,0,1,1,1,0,3,3,3,,,,,380.7407400999218,,,,,,,,,,,,,,,,,,,,,,,,,,,,,,,,,,,,,,,,380.73158209980465,380.7407400999218,380.7407400999218,382.7252395998221,382.72528649982996,382.7329297999386,382.7329297999386,383.72457429999486,383.72457429999486,383.71706039994024,None,0,383.717106499942,383.72457429999486,384.7408055998385,384.70847529987805,,,,,,,,,,,,,,,,,,,,,,202,1,short,A,2026-07-10_09h51.52.511,SBL_superimposed_encoding,,2026.1.3,119.53943850693051,2026-07-10 09h51.52.729903 -0400,
2,4,4,0,stimuli/scenes/scene_J2.jpg,Jungle,Somar,stimuli/items/undersea_animal_4.png,Undersea,animal,si,p,1,0.6882118999492377,None,0,1,1,1,0,4,4,4,,,,,384.7408055998385,,,,,,,,,,,,,,,,,,,,,,,,,,,,,,,,,,,,,,,,384.73019279981963,384.7408055998385,384.7408055998385,386.7251769998111,386.7252747998573,386.73298419988714,386.73298419988714,,,387.42540929978713,p,1,387.4254670999944,387.4329726998694,388.44936289987527,388.41653789998963,0.6882118999492377,None,,,,,,,,,,,,,,,,,,,,202,1,short,A,2026-07-10_09h51.52.511,SBL_superimposed_encoding,,2026.1.3,119.53943850693051,2026-07-10 09h51.52.729903 -0400,
2,5,5,0,stimuli/scenes/scene_J1.jpg,Jungle,Negvi,stimuli/items/undersea_animal_11.png,Undersea,animal,si,p,1,0.23585149995051324,None,0,1,1,1,0,5,5,5,,,,,388.44936289987527,,,,,,,,,,,,,,,,,,,,,,,,,,,,,,,,,,,,,,,,388.4398178998381,388.44936289987527,388.44936289987527,390.4255900999997,390.4256323999725,390.43279389990494,390.43279389990494,,,390.67535809986293,p,1,390.6754129999317,390.68308179988526,391.6993760999758,391.6667882998008,0.23585149995051324,None,,,,,,,,,,,,,,,,,,,,202,1,short,A,2026-07-10_09h51.52.511,SBL_superimposed_encoding,,2026.1.3,119.53943850693051,2026-07-10 09h51.52.729903 -0400,
2,6,6,0,stimuli/scenes/scene_J2.jpg,Jungle,Somar,stimuli/items/undersea_animal_19.png,Undersea,animal,si,p,1,0.2659758999943733,None,0,1,1,1,0,6,6,6,,,,,391.6993760999758,,,,,,,,,,,,,,,,,,,,,,,,,,,,,,,,,,,,,,,,391.689750299789,391.6993760999758,391.6993760999758,393.6755796999205,393.67567549995147,393.6831739000045,393.6831739000045,,,393.9502999999095,p,1,393.95035359985195,393.95820059999824,394.974201799836,394.9419057997875,0.2659758999943733,None,,,,,,,,,,,,,,,,,,,,202,1,short,A,2026-07-10_09h51.52.511,SBL_superimposed_encoding,,2026.1.3,119.53943850693051,2026-07-10 09h51.52.729903 -0400,
2,7,7,0,stimuli/scenes/scene_J1.jpg,Jungle,Negvi,stimuli/items/jungle_animal_13.png,Jungle,animal,sc,q,1,0.22250950010493398,None,0,1,1,1,0,7,7,7,,,,,394.974201799836,,,,,,,,,,,,,,,,,,,,,,,,,,,,,,,,,,,,,,,,394.9631153999362,394.974201799836,394.974201799836,396.9505585997831,396.9506016999949,396.9581118999049,396.9581118999049,,,397.1842039998155,q,1,397.18425749987364,397.191456399858,398.20801349985413,398.1755276999902,0.22250950010493398,None,,,,,,,,,,,,,,,,,,,,202,1,short,A,2026-07-10_09h51.52.511,SBL_superimposed_encoding,,2026.1.3,119.53943850693051,2026-07-10 09h51.52.729903 -0400,
2,8,8,0,stimuli/scenes/scene_U1.jpg,Undersea,Tulon,stimuli/items/undersea_object_19.png,Undersea,object,sc,q,1,0.21309460001066327,None,0,1,1,1,0,8,8,8,,,,,398.20801349985413,,,,,,,,,,,,,,,,,,,,,,,,,,,,,,,,,,,,,,,,398.1997452999931,398.20801349985413,398.20801349985413,400.192416299833,400.1925114998594,400.19967239978723,400.19967239978723,,,400.41684679989703,q,1,400.41690259985626,400.4251972998027,401.4405837999657,401.40852089994587,0.21309460001066327,None,,,,,,,,,,,,,,,,,,,,202,1,short,A,2026-07-10_09h51.52.511,SBL_superimposed_encoding,,2026.1.3,119.53943850693051,2026-07-10 09h51.52.729903 -0400,
2,9,9,0,stimuli/scenes/scene_J2.jpg,Jungle,Somar,stimuli/items/jungle_animal_17.png,Jungle,animal,sc,q,1,0.2037579999305308,None,0,1,1,1,0,9,9,9,,,,,401.4405837999657,,,,,,,,,,,,,,,,,,,,,,,,,,,,,,,,,,,,,,,,401.42928709997796,401.4405837999657,401.4405837999657,403.41722709988244,403.41727159987204,403.42498939996585,403.42498939996585,,,403.633913599886,q,1,403.6339696999639,403.64143619989045,404.6571937999688,404.62542729987763,0.2037579999305308,None,,,,,,,,,,,,,,,,,,,,202,1,short,A,2026-07-10_09h51.52.511,SBL_superimposed_encoding,,2026.1.3,119.53943850693051,2026-07-10 09h51.52.729903 -0400,
2,10,10,0,stimuli/scenes/scene_U1.jpg,Undersea,Tulon,stimuli/items/undersea_animal_10.png,Undersea,animal,sc,q,1,0.23560589994303882,None,0,1,1,1,0,10,10,10,,,,,404.6571937999688,,,,,,,,,,,,,,,,,,,,,,,,,,,,,,,,,,,,,,,,404.6456638998352,404.6571937999688,404.6571937999688,406.6342279999517,406.6343246998731,406.6415788999293,406.6415788999293,,,406.88381199981086,q,1,406.8838689997792,406.8915958998259,407.90801509981975,407.8751181999687,0.23560589994303882,None,,,,,,,,,,,,,,,,,,,,202,1,short,A,2026-07-10_09h51.52.511,SBL_superimposed_encoding,,2026.1.3,119.53943850693051,2026-07-10 09h51.52.729903 -0400,
2,11,11,0,stimuli/scenes/scene_J2.jpg,Jungle,Somar,stimuli/items/undersea_object_2.png,Undersea,object,si,p,1,0.23340280004777014,None,0,1,1,1,0,11,11,11,,,,,407.90801509981975,,,,,,,,,,,,,,,,,,,,,,,,,,,,,,,,,,,,,,,,407.89816669980064,407.90801509981975,407.90801509981975,409.8840633998625,409.88410749984905,409.89188689994626,409.89188689994626,,,410.1260035999585,p,1,410.1260578997899,410.1336333998479,411.1498546998482,411.1171049999539,0.23340280004777014,None,,,,,,,,,,,,,,,,,,,,202,1,short,A,2026-07-10_09h51.52.511,SBL_superimposed_encoding,,2026.1.3,119.53943850693051,2026-07-10 09h51.52.729903 -0400,
2,12,12,0,stimuli/scenes/scene_U2.jpg,Undersea,Malbow,stimuli/items/undersea_object_14.png,Undersea,object,sc,q,1,0.24774510017596185,None,0,1,1,1,0,12,12,12,,,,,411.1498546998482,,,,,,,,,,,,,,,,,,,,,,,,,,,,,,,,,,,,,,,,411.14072239981033,411.1498546998482,411.1498546998482,413.1343102999963,413.13435329985805,413.14169049984775,413.14169049984775,,,413.39274839987047,q,1,413.39280299982056,413.40021789981984,414.40867229993455,414.38397429999895,0.24774510017596185,None,,,,,,,,,,,,,,,,,,,,202,1,short,A,2026-07-10_09h51.52.511,SBL_superimposed_encoding,,2026.1.3,119.53943850693051,2026-07-10 09h51.52.729903 -0400,
2,13,13,0,stimuli/scenes/scene_U1.jpg,Undersea,Tulon,stimuli/items/jungle_object_15.png,Jungle,object,si,p,1,0.3328643999993801,None,0,1,1,1,0,13,13,13,,,,,414.40867229993455,,,,,,,,,,,,,,,,,,,,,,,,,,,,,,,,,,,,,,,,414.40244889981113,414.40867229993455,414.40867229993455,416.3929849998094,416.39302679989487,416.40018729981966,416.40018729981966,,,416.73436859995127,p,1,416.7344235999044,416.742004300002,417.7588520999998,417.7256781999022,0.3328643999993801,None,,,,,,,,,,,416.40018729981966,416.40018729981966,,,,,,,,202,1,short,A,2026-07-10_09h51.52.511,SBL_superimposed_encoding,,2026.1.3,119.53943850693051,2026-07-10 09h51.52.729903 -0400,
2,14,14,0,stimuli/scenes/scene_J1.jpg,Jungle,Negvi,stimuli/items/undersea_animal_8.png,Undersea,animal,si,p,1,0.3264164999127388,None,0,1,1,1,0,14,14,14,,,,,417.7588520999998,,,,,,,,,,,,,,,,,,,,,,,,,,,,,,,,,,,,,,,,417.7533491998911,417.7588520999998,417.7588520999998,419.7427103999071,419.742754599778,419.7501939998474,419.7501939998474,,,420.0842020998243,p,1,420.08425639988855,420.0919344997965,421.1002759998664,421.07558649987914,0.3264164999127388,None,,,,,,,,,,,,,,,,,,,,202,1,short,A,2026-07-10_09h51.52.511,SBL_superimposed_encoding,,2026.1.3,119.53943850693051,2026-07-10 09h51.52.729903 -0400,
2,15,15,0,stimuli/scenes/scene_U1.jpg,Undersea,Tulon,stimuli/items/undersea_object_11.png,Undersea,object,sc,q,1,0.23286259989254177,None,0,1,1,1,0,15,15,15,,,,,421.1002759998664,,,,,,,,,,,,,,,,,,,,,,,,,,,,,,,,,,,,,,,,421.0943268998526,421.1002759998664,421.1002759998664,423.0844313998241,423.0845027999021,423.09195059980266,423.09195059980266,,,423.3258411998395,q,1,423.3258939997759,423.33394019980915,424.35696479980834,424.3175328997895,0.23286259989254177,None,,,,,,,,,,,,,,,,,,,,202,1,short,A,2026-07-10_09h51.52.511,SBL_superimposed_encoding,,2026.1.3,119.53943850693051,2026-07-10 09h51.52.729903 -0400,
2,16,16,0,stimuli/scenes/scene_J2.jpg,Jungle,Somar,stimuli/items/undersea_animal_15.png,Undersea,animal,si,p,1,0.3835601001046598,None,0,1,1,1,0,16,16,16,,,,,424.35696479980834,,,,,,,,,,,,,,,,,,,,,,,,,,,,,,,,,,,,,,,,424.34530039993115,424.35696479980834,424.35696479980834,426.326229600003,426.32627369998954,426.333685599966,426.333685599966,,,426.7179276999086,p,1,426.7179843999911,426.7253978999797,427.7416005998384,427.70924969995394,0.3835601001046598,None,,,,,,,,,,,,,,,,,,,,202,1,short,A,2026-07-10_09h51.52.511,SBL_superimposed_encoding,,2026.1.3,119.53943850693051,2026-07-10 09h51.52.729903 -0400,
2,17,17,0,stimuli/scenes/scene_J1.jpg,Jungle,Negvi,stimuli/items/jungle_animal_5.png,Jungle,animal,sc,q,1,0.3351235999725759,None,0,1,1,1,0,17,17,17,,,,,427.7416005998384,,,,,,,,,,,,,,,,,,,,,,,,,,,,,,,,,,,,,,,,427.7300425998401,427.7416005998384,427.7416005998384,429.7180929000024,429.7181871999055,429.7255153998267,429.7255153998267,,,430.0681333998218,q,1,430.0681888998952,430.0751312999055,431.09167429991066,431.0596244998742,0.3351235999725759,None,,,,,,,,,,,,,,,,,,,,202,1,short,A,2026-07-10_09h51.52.511,SBL_superimposed_encoding,,2026.1.3,119.53943850693051,2026-07-10 09h51.52.729903 -0400,
2,18,18,0,stimuli/scenes/scene_J2.jpg,Jungle,Somar,stimuli/items/jungle_object_4.png,Jungle,object,sc,p,0,0.320760500151664,None,0,1,1,1,0,18,18,18,,,,,431.09167429991066,,,,,,,,,,,,,,,,,,,,,,,,,,,,,,,,,,,,,,,,431.0814539999701,431.09167429991066,431.09167429991066,433.0763456998393,433.07643969985656,433.0837711999193,433.0837711999193,,,433.409202599898,p,0,433.40925829997286,433.41747309989296,434.4334452999756,434.4006008999422,0.320760500151664,None,,,,,,,,,,,,,,,,,,,,202,1,short,A,2026-07-10_09h51.52.511,SBL_superimposed_encoding,,2026.1.3,119.53943850693051,2026-07-10 09h51.52.729903 -0400,
2,19,19,0,stimuli/scenes/scene_J1.jpg,Jungle,Negvi,stimuli/items/jungle_object_20.png,Jungle,object,sc,q,1,0.23559860000386834,None,0,1,1,1,0,19,19,19,,,,,434.4334452999756,,,,,,,,,,,,,,,,,,,,,,,,,,,,,,,,,,,,,,,,434.42253799992613,434.4334452999756,434.4334452999756,436.4095000999514,436.40954499994405,436.4173016999848,436.4173016999848,,,436.6593507998623,q,1,436.6594084999524,436.6674155998044,437.6833420000039,437.65112599986605,0.23559860000386834,None,,,,,,,,,,,,,,,,,,,,202,1,short,A,2026-07-10_09h51.52.511,SBL_superimposed_encoding,,2026.1.3,119.53943850693051,2026-07-10 09h51.52.729903 -0400,
2,20,20,0,stimuli/scenes/scene_J2.jpg,Jungle,Somar,stimuli/items/undersea_animal_1.png,Undersea,animal,si,p,1,0.3618431999348104,None,0,1,1,1,0,20,20,20,,,,,437.6833420000039,,,,,,,,,,,,,,,,,,,,,,,,,,,,,,,,,,,,,,,,437.6717752998229,437.6833420000039,437.6833420000039,439.6596234999597,439.65971729997545,439.66726309992373,439.66726309992373,,,440.0348655998241,p,1,440.0349206998944,440.04221699992195,441.0585494998377,441.02615549997427,0.3618431999348104,None,,,,,,,,,,,,,,,,,,,,202,1,short,A,2026-07-10_09h51.52.511,SBL_superimposed_encoding,,2026.1.3,119.53943850693051,2026-07-10 09h51.52.729903 -0400,
2,21,21,0,stimuli/scenes/scene_J1.jpg,Jungle,Negvi,stimuli/items/undersea_animal_17.png,Undersea,animal,si,p,1,0.38589440006762743,None,0,1,1,1,0,21,21,21,,,,,441.0585494998377,,,,,,,,,,,,,,,,,,,,,,,,,,,,,,,,,,,,,,,,441.0471693999134,441.0585494998377,441.0585494998377,443.042829999933,443.04287389991805,443.05098529998213,443.05098529998213,,,443.44275249983184,p,1,443.44280729978345,443.45085559994914,444.4669528999366,444.434187799925,0.38589440006762743,None,,,,,,,,,,,,,,,,,,,,202,1,short,A,2026-07-10_09h51.52.511,SBL_superimposed_encoding,,2026.1.3,119.53943850693051,2026-07-10 09h51.52.729903 -0400,
2,22,22,0,stimuli/scenes/scene_J2.jpg,Jungle,Somar,stimuli/items/jungle_object_7.png,Jungle,object,sc,q,1,0.26604580017738044,None,0,1,1,1,0,22,22,22,,,,,444.4669528999366,,,,,,,,,,,,,,,,,,,,,,,,,,,,,,,,,,,,,,,,444.4569113999605,444.4669528999366,444.4669528999366,446.4433526999783,446.44345229980536,446.4508488997817,446.4508488997817,,,446.7179677998647,q,1,446.71802299981937,446.72591059980914,447.74191779992543,447.7094983998686,0.26604580017738044,None,,,,,,,,,,,,,,,,,,,,202,1,short,A,2026-07-10_09h51.52.511,SBL_superimposed_encoding,,2026.1.3,119.53943850693051,2026-07-10 09h51.52.729903 -0400,
2,23,23,0,stimuli/scenes/scene_U2.jpg,Undersea,Malbow,stimuli/items/jungle_animal_16.png,Jungle,animal,si,p,1,0.39143249997869134,None,0,1,1,1,0,23,23,23,,,,,447.74191779992543,,,,,,,,,,,,,,,,,,,,,,,,,,,,,,,,,,,,,,,,447.73314139992,447.74191779992543,447.74191779992543,449.72669979999773,449.7267448999919,449.7340964998584,449.7340964998584,,,450.1267871998716,p,1,450.1268423998263,450.1343246998731,451.15031339996494,451.11772539978847,0.39143249997869134,None,,,,,,,,,,,,,,,,,,,,202,1,short,A,2026-07-10_09h51.52.511,SBL_superimposed_encoding,,2026.1.3,119.53943850693051,2026-07-10 09h51.52.729903 -0400,
2,24,24,0,stimuli/scenes/scene_J2.jpg,Jungle,Somar,stimuli/items/jungle_animal_19.png,Jungle,animal,sc,p,0,0.29401700012385845,None,0,1,1,1,0,24,24,24,,,,,451.15031339996494,,,,,,,,,,,,,,,,,,,,,,,,,,,,,,,,,,,,,,,,451.1412182999775,451.15031339996494,451.15031339996494,453.13489429978654,453.13493780000135,453.1427231999114,453.1427231999114,,,453.4430550998077,p,0,453.4431104999967,453.45076389983296,454.4655388998799,454.43467839993536,0.29401700012385845,None,,,,,,,,,,,,,,,,,,,,202,1,short,A,2026-07-10_09h51.52.511,SBL_superimposed_encoding,,2026.1.3,119.53943850693051,2026-07-10 09h51.52.729903 -0400,
2,25,25,0,stimuli/scenes/scene_U2.jpg,Undersea,Malbow,stimuli/items/jungle_object_19.png,Jungle,object,si,p,1,0.3220491998363286,None,0,1,1,1,0,25,25,25,,,,,454.4655388998799,,,,,,,,,,,,,,,,,,,,,,,,,,,,,,,,,,,,,,,,454.45434469985776,454.4655388998799,454.4655388998799,456.4516074999701,456.45165319996886,456.4591943998821,456.4591943998821,,,456.78499279986136,p,1,456.7850488999393,456.7923670997843,457.80932989995927,457.77647289982997,0.3220491998363286,None,,,,,,,,,,,,,,,,,,,,202,1,short,A,2026-07-10_09h51.52.511,SBL_superimposed_encoding,,2026.1.3,119.53943850693051,2026-07-10 09h51.52.729903 -0400,
2,26,26,0,stimuli/scenes/scene_J2.jpg,Jungle,Somar,stimuli/items/jungle_object_12.png,Jungle,object,sc,q,1,0.30768260010518134,None,0,1,1,1,0,26,26,26,,,,,457.80932989995927,,,,,,,,,,,,,,,,,,,,,,,,,,,,,,,,,,,,,,,,457.80113339982927,457.80932989995927,457.80932989995927,459.7933847999666,459.7934788998682,459.80110889999196,459.80110889999196,,,460.1099475999363,q,1,460.11000609979965,460.1178427999839,461.1339896998834,461.1009883999359,0.30768260010518134,None,,,,,,,,,,,,,,,,,,,,202,1,short,A,2026-07-10_09h51.52.511,SBL_superimposed_encoding,,2026.1.3,119.53943850693051,2026-07-10 09h51.52.729903 -0400,
2,27,27,0,stimuli/scenes/scene_U1.jpg,Undersea,Tulon,stimuli/items/jungle_animal_6.png,Jungle,animal,si,p,1,0.44785759993828833,None,0,1,1,1,0,27,27,27,,,,,461.1339896998834,,,,,,,,,,,,,,,,,,,,,,,,,,,,,,,,,,,,,,,,461.12486559990793,461.1339896998834,461.1339896998834,463.1102071998175,463.1102514998056,463.11772629991174,463.11772629991174,,,463.56879049981944,p,1,463.568847599905,463.57589019997977,464.59027829999104,464.5599046999123,0.44785759993828833,None,,,,,,,,,,,,,,,,,,,,202,1,short,A,2026-07-10_09h51.52.511,SBL_superimposed_encoding,,2026.1.3,119.53943850693051,2026-07-10 09h51.52.729903 -0400,
2,28,28,0,stimuli/scenes/scene_U2.jpg,Undersea,Malbow,stimuli/items/jungle_object_14.png,Jungle,object,si,p,1,0.3399649001657963,None,0,1,1,1,0,28,28,28,,,,,464.59027829999104,,,,,,,,,,,,,,,,,,,,,,,,,,,,,,,,,,,,,,,,464.5801286997739,464.59027829999104,464.59027829999104,466.5765670998953,466.5766152997967,466.58453119988553,466.58453119988553,,,466.9265317998361,p,1,466.92659139982425,466.9343737999443,467.94291909993626,467.9180815999862,0.3399649001657963,None,,,,,,,,,,,,,,,,,,,,202,1,short,A,2026-07-10_09h51.52.511,SBL_superimposed_encoding,,2026.1.3,119.53943850693051,2026-07-10 09h51.52.729903 -0400,
2,29,29,0,stimuli/scenes/scene_U1.jpg,Undersea,Tulon,stimuli/items/undersea_animal_2.png,Undersea,animal,sc,q,1,0.2870513000525534,None,0,1,1,1,0,29,29,29,,,,,467.94291909993626,,,,,,,,,,,,,,,,,,,,,,,,,,,,,,,,,,,,,,,,467.93699759989977,467.94291909993626,467.94291909993626,469.92692209989764,469.92696609999985,469.93458219990134,469.93458219990134,,,470.2270669999998,q,1,470.2271215999499,470.2346519997809,471.2485336998943,471.21834329981357,0.2870513000525534,None,,,,,,,,,,,,,,,,,,,,202,1,short,A,2026-07-10_09h51.52.511,SBL_superimposed_encoding,,2026.1.3,119.53943850693051,2026-07-10 09h51.52.729903 -0400,
2,30,30,0,stimuli/scenes/scene_U2.jpg,Undersea,Malbow,stimuli/items/undersea_animal_12.png,Undersea,animal,sc,p,0,0.5938984998501837,None,0,1,1,1,0,30,30,30,,,,,471.2485336998943,,,,,,,,,,,,,,,,,,,,,,,,,,,,,,,,,,,,,,,,471.2382148997858,471.2485336998943,471.2485336998943,473.2353568999097,473.2354005998932,473.2431111999322,473.2431111999322,,,473.8436210998334,p,0,473.8436777999159,473.8512964998372,474.86535269999877,474.8347904998809,0.5938984998501837,None,,,,,,,,,,,,,,,,,,,,202,1,short,A,2026-07-10_09h51.52.511,SBL_superimposed_encoding,,2026.1.3,119.53943850693051,2026-07-10 09h51.52.729903 -0400,
2,31,31,0,stimuli/scenes/scene_U1.jpg,Undersea,Tulon,stimuli/items/undersea_object_7.png,Undersea,object,sc,q,1,0.28185099991969764,None,0,1,1,1,0,31,31,31,,,,,474.86535269999877,,,,,,,,,,,,,,,,,,,,,,,,,,,,,,,,,,,,,,,,474.85529939993285,474.86535269999877,474.86535269999877,476.84372859983705,476.84377229982056,476.85142500000075,476.85142500000075,,,477.13508659997024,q,1,477.13514469983056,477.142840199871,478.1516616998706,478.1266963998787,0.28185099991969764,None,,,,,,,,,,,,,,,,,,,,202,1,short,A,2026-07-10_09h51.52.511,SBL_superimposed_encoding,,2026.1.3,119.53943850693051,2026-07-10 09h51.52.729903 -0400,
2,32,32,0,stimuli/scenes/scene_U2.jpg,Undersea,Malbow,stimuli/items/jungle_object_1.png,Jungle,object,si,p,1,0.30223789997398853,None,0,1,1,1,0,32,32,32,,,,,478.1516616998706,,,,,,,,,,,,,,,,,,,,,,,,,,,,,,,,,,,,,,,,478.14649620000273,478.1516616998706,478.1516616998706,480.13542129984125,480.13546559982933,480.1428869999945,480.1428869999945,,,480.4522162999492,p,1,480.4522715997882,480.45947209978476,481.4765236999374,481.44350719987415,0.30223789997398853,None,,,,,,,,,,,,,,,,,,,,202,1,short,A,2026-07-10_09h51.52.511,SBL_superimposed_encoding,,2026.1.3,119.53943850693051,2026-07-10 09h51.52.729903 -0400,
2,33,33,0,stimuli/scenes/scene_J1.jpg,Jungle,Negvi,stimuli/items/undersea_animal_14.png,Undersea,animal,si,p,1,0.32098680012859404,None,0,1,1,1,0,33,33,33,,,,,481.4765236999374,,,,,,,,,,,,,,,,,,,,,,,,,,,,,,,,,,,,,,,,481.47049289988354,481.4765236999374,481.4765236999374,483.46054429979995,483.46062169992365,483.4681012998335,483.4681012998335,,,483.79385699983686,p,1,483.79391199979,483.8014701998327,484.8098301999271,484.78481919993646,0.32098680012859404,None,,,,,,,,,,,,,,,,,,,,202,1,short,A,2026-07-10_09h51.52.511,SBL_superimposed_encoding,,2026.1.3,119.53943850693051,2026-07-10 09h51.52.729903 -0400,
2,34,34,0,stimuli/scenes/scene_U2.jpg,Undersea,Malbow,stimuli/items/undersea_animal_16.png,Undersea,animal,sc,q,1,0.29944860003888607,None,0,1,1,1,0,34,34,34,,,,,484.8098301999271,,,,,,,,,,,,,,,,,,,,,,,,,,,,,,,,,,,,,,,,484.8033487999346,484.8098301999271,484.8098301999271,486.794080699794,486.7941210998688,486.8014068999328,486.8014068999328,,,487.1021494998131,q,1,487.1022035998758,487.10965969995596,488.12612759997137,488.0933667998761,0.29944860003888607,None,,,,,,,,,,,486.8014068999328,486.8014068999328,,,,,,,,202,1,short,A,2026-07-10_09h51.52.511,SBL_superimposed_encoding,,2026.1.3,119.53943850693051,2026-07-10 09h51.52.729903 -0400,
2,35,35,0,stimuli/scenes/scene_U1.jpg,Undersea,Tulon,stimuli/items/undersea_object_5.png,Undersea,object,sc,q,1,0.46321349986828864,None,0,1,1,1,0,35,35,35,,,,,488.12612759997137,,,,,,,,,,,,,,,,,,,,,,,,,,,,,,,,,,,,,,,,488.11788559984416,488.12612759997137,488.12612759997137,490.1023096998688,490.1023528999649,490.1097490999382,490.1097490999382,,,490.5773754999973,q,1,490.57743429997936,490.58477719989605,491.6087007999886,491.56875899992883,0.46321349986828864,None,,,,,,,,,,,,,,,,,,,,202,1,short,A,2026-07-10_09h51.52.511,SBL_superimposed_encoding,,2026.1.3,119.53943850693051,2026-07-10 09h51.52.729903 -0400,
2,36,36,0,stimuli/scenes/scene_J2.jpg,Jungle,Somar,stimuli/items/jungle_object_16.png,Jungle,object,sc,p,0,0.380016699898988,None,0,1,1,1,0,36,36,36,,,,,491.6087007999886,,,,,,,,,,,,,,,,,,,,,,,,,,,,,,,,,,,,,,,,491.5971167997923,491.6087007999886,491.6087007999886,493.5776232997887,493.57771649979986,493.58499919995666,493.58499919995666,,,493.9688800999429,p,0,493.9689442999661,493.9765750998631,495.0185118999798,494.960404999787,0.380016699898988,None,,,,,,,,,,,,,,,,,,,,202,1,short,A,2026-07-10_09h51.52.511,SBL_superimposed_encoding,,2026.1.3,119.53943850693051,2026-07-10 09h51.52.729903 -0400,
2,37,37,0,stimuli/scenes/scene_U1.jpg,Undersea,Tulon,stimuli/items/undersea_animal_9.png,Undersea,animal,sc,q,1,0.4523134999908507,None,0,1,1,1,0,37,37,37,,,,,495.0185118999798,,,,,,,,,,,,,,,,,,,,,,,,,,,,,,,,,,,,,,,,495.01182409981266,495.0185118999798,495.0185118999798,496.97744950000197,496.9774932998698,496.98477869993076,496.98477869993076,,,497.4440134000033,q,1,497.44406759995036,497.4519184997771,498.4601148997899,498.43522819993086,0.4523134999908507,None,,,,,,,,,,,,,,,,,,,,202,1,short,A,2026-07-10_09h51.52.511,SBL_superimposed_encoding,,2026.1.3,119.53943850693051,2026-07-10 09h51.52.729903 -0400,
2,38,38,0,stimuli/scenes/scene_U2.jpg,Undersea,Malbow,stimuli/items/undersea_object_20.png,Undersea,object,sc,q,1,0.2810182999819517,None,0,1,1,1,0,38,38,38,,,,,498.4601148997899,,,,,,,,,,,,,,,,,,,,,,,,,,,,,,,,,,,,,,,,498.4539262999315,498.4601148997899,498.4601148997899,500.44393359986134,500.44397499994375,500.45176009996794,500.45176009996794,,,500.7360441999044,q,1,500.73609919985756,500.74330449989066,501.7601432998199,501.7272423999384,0.2810182999819517,None,,,,,,,,,,,500.45176009996794,500.45176009996794,,,,,,,,202,1,short,A,2026-07-10_09h51.52.511,SBL_superimposed_encoding,,2026.1.3,119.53943850693051,2026-07-10 09h51.52.729903 -0400,
2,39,39,0,stimuli/scenes/scene_J1.jpg,Jungle,Negvi,stimuli/items/jungle_object_5.png,Jungle,object,sc,q,1,0.27736630011349916,None,0,1,1,1,0,39,39,39,,,,,501.7601432998199,,,,,,,,,,,,,,,,,,,,,,,,,,,,,,,,,,,,,,,,501.75349809997715,501.7601432998199,501.7601432998199,503.7441294998862,503.7442251998,503.75174549990334,503.75174549990334,,,504.0359294998925,q,1,504.0359957998153,504.0432224997785,505.057587799849,505.0272101999726,0.27736630011349916,None,,,,,,,,,,,,,,,,,,,,202,1,short,A,2026-07-10_09h51.52.511,SBL_superimposed_encoding,,2026.1.3,119.53943850693051,2026-07-10 09h51.52.729903 -0400,
2,40,40,0,stimuli/scenes/scene_U2.jpg,Undersea,Malbow,stimuli/items/jungle_object_3.png,Jungle,object,si,p,1,0.28101799986325204,None,0,1,1,1,0,40,40,40,,,,,505.057587799849,,,,,,,,,,,,,,,,,,,,,,,,,,,,,,,,,,,,,,,,505.047330299858,505.057587799849,505.057587799849,507.03613949986175,507.0362346000038,507.0435335999355,507.0435335999355,,,507.32750359992497,p,1,507.3275689999573,507.33519579982385,508.3576830998063,508.31870899978094,0.28101799986325204,None,,,,,,,,,,,,,,,,,,,,202,1,short,A,2026-07-10_09h51.52.511,SBL_superimposed_encoding,,2026.1.3,119.53943850693051,2026-07-10 09h51.52.729903 -0400,
2,41,41,0,stimuli/scenes/scene_J2.jpg,Jungle,Somar,stimuli/items/jungle_object_6.png,Jungle,object,sc,q,1,0.27732600015588105,None,0,1,1,1,0,41,41,41,,,,,508.3576830998063,,,,,,,,,,,,,,,,,,,,,,,,,,,,,,,,,,,,,,,,508.346225499874,508.3576830998063,508.3576830998063,510.33597099990584,510.3360646998044,510.3435261999257,510.3435261999257,,,510.6277061998844,q,1,510.62777179991826,510.6353699997999,511.65160079998896,511.6187152999919,0.27732600015588105,None,,,,,,,,,,,,,,,,,,,,202,1,short,A,2026-07-10_09h51.52.511,SBL_superimposed_encoding,,2026.1.3,119.53943850693051,2026-07-10 09h51.52.729903 -0400,
2,42,42,0,stimuli/scenes/scene_J1.jpg,Jungle,Negvi,stimuli/items/jungle_animal_10.png,Jungle,animal,sc,p,0,0.4171211998909712,None,0,1,1,1,0,42,42,42,,,,,511.65160079998896,,,,,,,,,,,,,,,,,,,,,,,,,,,,,,,,,,,,,,,,511.6426665999461,511.65160079998896,511.65160079998896,513.6363479997963,513.6364427998196,513.6439059998374,513.6439059998374,,,514.0691466999706,p,0,514.0692028999329,514.0768575998954,515.0933008999564,515.0607175999321,0.4171211998909712,None,,,,,,,,,,,,,,,,,,,,202,1,short,A,2026-07-10_09h51.52.511,SBL_superimposed_encoding,,2026.1.3,119.53943850693051,2026-07-10 09h51.52.729903 -0400,
2,43,43,0,stimuli/scenes/scene_J2.jpg,Jungle,Somar,stimuli/items/undersea_animal_18.png,Undersea,animal,si,p,1,0.28009000001475215,None,0,1,1,1,0,43,43,43,,,,,515.0933008999564,,,,,,,,,,,,,,,,,,,,,,,,,,,,,,,,,,,,,,,,515.0828214997891,515.0933008999564,515.0933008999564,517.0692412999924,517.0692854998633,517.0770361998584,517.0770361998584,,,517.3611386998091,p,1,517.3611947000027,517.3685743999667,518.384923499776,518.3523889000062,0.28009000001475215,None,,,,,,,,,,,,,,,,,,,,202,1,short,A,2026-07-10_09h51.52.511,SBL_superimposed_encoding,,2026.1.3,119.53943850693051,2026-07-10 09h51.52.729903 -0400,
2,44,44,0,stimuli/scenes/scene_U1.jpg,Undersea,Tulon,stimuli/items/jungle_object_13.png,Jungle,object,si,p,1,0.32435370003804564,None,0,1,1,1,0,44,44,44,,,,,518.384923499776,,,,,,,,,,,,,,,,,,,,,,,,,,,,,,,,,,,,,,,,518.3752715999726,518.384923499776,518.384923499776,520.369537099963,520.369603900006,520.3772203999106,520.3772203999106,,,520.702958199894,p,1,520.7030134999659,520.7103124998976,521.7269751999993,521.694208699977,0.32435370003804564,None,,,,,,,,,,,,,,,,,,,,202,1,short,A,2026-07-10_09h51.52.511,SBL_superimposed_encoding,,2026.1.3,119.53943850693051,2026-07-10 09h51.52.729903 -0400,
2,45,45,0,stimuli/scenes/scene_U2.jpg,Undersea,Malbow,stimuli/items/jungle_animal_4.png,Jungle,animal,si,p,1,0.2627636000979692,None,0,1,1,1,0,45,45,45,,,,,521.7269751999993,,,,,,,,,,,,,,,,,,,,,,,,,,,,,,,,,,,,,,,,521.719990799902,521.7269751999993,521.7269751999993,523.7111245999113,523.7112200998235,523.7186267999932,523.7186267999932,,,523.9860625998117,p,1,523.9861159999855,523.9938685998786,525.0018650998827,524.9778630998917,0.2627636000979692,None,,,,,,,,,,,,,,,,,,,,202,1,short,A,2026-07-10_09h51.52.511,SBL_superimposed_encoding,,2026.1.3,119.53943850693051,2026-07-10 09h51.52.729903 -0400,
2,46,46,0,stimuli/scenes/scene_U1.jpg,Undersea,Tulon,stimuli/items/undersea_animal_13.png,Undersea,animal,sc,q,1,0.18709879997186363,None,0,1,1,1,0,46,46,46,,,,,525.0018650998827,,,,,,,,,,,,,,,,,,,,,,,,,,,,,,,,,,,,,,,,524.9960427999031,525.0018650998827,525.0018650998827,526.9863552998286,526.9864240998868,526.9942112998106,526.9942112998106,,,527.1858718998265,q,1,527.1859303999227,527.1936508999206,528.2183341998607,528.1776422997937,0.18709879997186363,None,,,,,,,,,,,,,,,,,,,,202,1,short,A,2026-07-10_09h51.52.511,SBL_superimposed_encoding,,2026.1.3,119.53943850693051,2026-07-10 09h51.52.729903 -0400,
2,47,47,0,stimuli/scenes/scene_J1.jpg,Jungle,Negvi,stimuli/items/undersea_object_15.png,Undersea,object,si,q,0,0.20429449994117022,None,0,1,1,1,0,47,47,47,,,,,528.2183341998607,,,,,,,,,,,,,,,,,,,,,,,,,,,,,,,,,,,,,,,,528.207866899902,528.2183341998607,528.2183341998607,530.1860741998535,530.1861181999557,530.1941599999554,530.1941599999554,,,530.4028407998849,q,0,530.4028943998273,530.4106164998375,531.4189157998189,531.3944761999883,0.20429449994117022,None,,,,,,,,,,,,,,,,,,,,202,1,short,A,2026-07-10_09h51.52.511,SBL_superimposed_encoding,,2026.1.3,119.53943850693051,2026-07-10 09h51.52.729903 -0400,
2,48,48,0,stimuli/scenes/scene_U2.jpg,Undersea,Malbow,stimuli/items/undersea_object_8.png,Undersea,object,sc,q,1,0.234489600174129,None,0,1,1,1,0,48,48,48,,,,,531.4189157998189,,,,,,,,,,,,,,,,,,,,,,,,,,,,,,,,,,,,,,,,531.4122791998088,531.4189157998189,531.4189157998189,533.4032150998246,533.4033085999545,533.4107074998319,533.4107074998319,,,533.6530615999363,q,1,533.6531267999671,533.6606079998892,534.6767190999817,534.6442119998392,0.234489600174129,None,,,,,,,,,,,,,,,,,,,,202,1,short,A,2026-07-10_09h51.52.511,SBL_superimposed_encoding,,2026.1.3,119.53943850693051,2026-07-10 09h51.52.729903 -0400,
2,49,49,0,stimuli/scenes/scene_J1.jpg,Jungle,Negvi,stimuli/items/undersea_object_9.png,Undersea,object,si,p,1,0.2807135998737067,None,0,1,1,1,0,49,49,49,,,,,534.6767190999817,,,,,,,,,,,,,,,,,,,,,,,,,,,,,,,,,,,,,,,,534.6665375998709,534.6767190999817,534.6767190999817,536.6531996999402,536.6532861997839,536.6609071998391,536.6609071998391,,,536.9444431997836,p,1,536.9444988998584,536.9524296999443,537.968803399941,537.9362927000038,0.2807135998737067,None,,,,,,,,,,,,,,,,,,,,202,1,short,A,2026-07-10_09h51.52.511,SBL_superimposed_encoding,,2026.1.3,119.53943850693051,2026-07-10 09h51.52.729903 -0400,
2,50,50,0,stimuli/scenes/scene_U1.jpg,Undersea,Tulon,stimuli/items/undersea_animal_7.png,Undersea,animal,sc,q,1,0.5403244998306036,None,0,1,1,1,0,50,50,50,,,,,537.968803399941,,,,,,,,,,,,,,,,,,,,,,,,,,,,,,,,,,,,,,,,537.961155399913,537.968803399941,537.968803399941,539.9447036997881,539.9447466998827,539.9524575998075,539.9524575998075,,,540.4947651999537,q,1,540.4948211999144,540.5024057999253,541.5187381999567,541.4859188999981,0.5403244998306036,None,,,,,,,,,,,,,,,,,,,,202,1,short,A,2026-07-10_09h51.52.511,SBL_superimposed_encoding,,2026.1.3,119.53943850693051,2026-07-10 09h51.52.729903 -0400,
2,51,51,0,stimuli/scenes/scene_J1.jpg,Jungle,Negvi,stimuli/items/jungle_object_17.png,Jungle,object,sc,q,1,0.32613219995982945,None,0,1,1,1,0,51,51,51,,,,,541.5187381999567,,,,,,,,,,,,,,,,,,,,,,,,,,,,,,,,,,,,,,,,541.5085278998595,541.5187381999567,541.5187381999567,543.5033164999913,543.5033590998501,543.5107156999875,543.5107156999875,,,543.8446171998512,q,1,543.8446726999246,543.8527504999656,544.8771994998679,544.8363045000006,0.32613219995982945,None,,,,,,,,,,,,,,,,,,,,202,1,short,A,2026-07-10_09h51.52.511,SBL_superimposed_encoding,,2026.1.3,119.53943850693051,2026-07-10 09h51.52.729903 -0400,
2,52,52,0,stimuli/scenes/scene_J2.jpg,Jungle,Somar,stimuli/items/jungle_animal_3.png,Jungle,animal,sc,p,0,0.5685135999228805,None,0,1,1,1,0,52,52,52,,,,,544.8771994998679,,,,,,,,,,,,,,,,,,,,,,,,,,,,,,,,,,,,,,,,544.8675381999929,544.8771994998679,544.8771994998679,546.8449509998318,546.8450455998536,546.8525008999277,546.8525008999277,,,547.42857489991,p,0,547.428633299889,547.436006099917,548.4521652997937,548.4195771999657,0.5685135999228805,None,,,,,,,,,,,,,,,,,,,,202,1,short,A,2026-07-10_09h51.52.511,SBL_superimposed_encoding,,2026.1.3,119.53943850693051,2026-07-10 09h51.52.729903 -0400,
2,53,53,0,stimuli/scenes/scene_J1.jpg,Jungle,Negvi,stimuli/items/jungle_animal_1.png,Jungle,animal,sc,q,1,0.22524209995754063,None,0,1,1,1,0,53,53,53,,,,,548.4521652997937,,,,,,,,,,,,,,,,,,,,,,,,,,,,,,,,,,,,,,,,548.4402617998421,548.4521652997937,548.4521652997937,550.436528199818,550.436572099803,550.444222799968,550.444222799968,,,550.6701205999125,q,1,550.6701774999965,550.6777247998398,551.6941197998822,551.6611966998316,0.22524209995754063,None,,,,,,,,,,,,,,,,,,,,202,1,short,A,2026-07-10_09h51.52.511,SBL_superimposed_encoding,,2026.1.3,119.53943850693051,2026-07-10 09h51.52.729903 -0400,
2,54,54,0,stimuli/scenes/scene_J2.jpg,Jungle,Somar,stimuli/items/undersea_object_12.png,Undersea,object,si,p,1,0.26379330013878644,None,0,1,1,1,0,54,54,54,,,,,551.6941197998822,,,,,,,,,,,,,,,,,,,,,,,,,,,,,,,,,,,,,,,,551.6852529998869,551.6941197998822,551.6941197998822,553.6785269998945,553.6785699999891,553.685864900006,553.685864900006,,,553.9536054998171,p,1,553.9536611998919,553.961262999801,554.9772079999093,554.9444441997912,0.26379330013878644,None,,,,,,,,,,,,,,,,,,,,202,1,short,A,2026-07-10_09h51.52.511,SBL_superimposed_encoding,,2026.1.3,119.53943850693051,2026-07-10 09h51.52.729903 -0400,
2,55,55,0,stimuli/scenes/scene_U2.jpg,Undersea,Malbow,stimuli/items/undersea_animal_6.png,Undersea,animal,sc,q,1,0.2593567001167685,None,0,1,1,1,0,55,55,55,,,,,554.9772079999093,,,,,,,,,,,,,,,,,,,,,,,,,,,,,,,,,,,,,,,,554.9685852997936,554.9772079999093,554.9772079999093,556.961647399934,556.9617182998918,556.9695882999804,556.9695882999804,,,557.2368856999092,q,1,557.2369491998106,557.2444994999096,558.2599755998235,558.2279020999558,0.2593567001167685,None,,,,,,,,,,,,,,,,,,,,202,1,short,A,2026-07-10_09h51.52.511,SBL_superimposed_encoding,,2026.1.3,119.53943850693051,2026-07-10 09h51.52.729903 -0400,
2,56,56,0,stimuli/scenes/scene_J1.jpg,Jungle,Negvi,stimuli/items/jungle_object_8.png,Jungle,object,sc,q,1,0.3841777998022735,None,0,1,1,1,0,56,56,56,,,,,558.2599755998235,,,,,,,,,,,,,,,,,,,,,,,,,,,,,,,,,,,,,,,,558.2493970999494,558.2599755998235,558.2599755998235,560.2450942997821,560.2451879999135,560.2527728998102,560.2527728998102,,,560.6452987999655,q,1,560.6453540998045,560.6527512997855,561.6669128998183,561.6365501999389,0.3841777998022735,None,,,,,,,,,,,,,,,,,,,,202,1,short,A,2026-07-10_09h51.52.511,SBL_superimposed_encoding,,2026.1.3,119.53943850693051,2026-07-10 09h51.52.729903 -0400,
2,57,57,0,stimuli/scenes/scene_U2.jpg,Undersea,Malbow,stimuli/items/jungle_animal_8.png,Jungle,animal,si,p,1,0.39950890000909567,None,0,1,1,1,0,57,57,57,,,,,561.6669128998183,,,,,,,,,,,,,,,,,,,,,,,,,,,,,,,,,,,,,,,,561.6564803998917,561.6669128998183,561.6669128998183,563.6535878998693,563.6536323998589,563.6612938998733,563.6612938998733,,,564.0621107998304,p,1,564.0621681998018,564.069336899789,565.102894499898,565.0533315998036,0.39950890000909567,None,,,,,,,,,,,,,,,,,,,,202,1,short,A,2026-07-10_09h51.52.511,SBL_superimposed_encoding,,2026.1.3,119.53943850693051,2026-07-10 09h51.52.729903 -0400,
2,58,58,0,stimuli/scenes/scene_J2.jpg,Jungle,Somar,stimuli/items/undersea_object_6.png,Undersea,object,si,p,1,0.34289679978974164,None,0,1,1,1,0,58,58,58,,,,,565.102894499898,,,,,,,,,,,,,,,,,,,,,,,,,,,,,,,,,,,,,,,,565.0947727998719,565.102894499898,565.102894499898,567.0701281998772,567.0701747999992,567.0781329998281,567.0781329998281,,,567.4285213998519,p,1,567.4285732998978,567.4362962997984,568.4524520998821,568.4203854999505,0.34289679978974164,None,,,,,,,,,,,,,,,,,,,,202,1,short,A,2026-07-10_09h51.52.511,SBL_superimposed_encoding,,2026.1.3,119.53943850693051,2026-07-10 09h51.52.729903 -0400,
2,59,59,0,stimuli/scenes/scene_U1.jpg,Undersea,Tulon,stimuli/items/jungle_animal_2.png,Jungle,animal,si,p,1,0.3365073997993022,None,0,1,1,1,0,59,59,59,,,,,568.4524520998821,,,,,,,,,,,,,,,,,,,,,,,,,,,,,,,,,,,,,,,,568.4445716999471,568.4524520998821,568.4524520998821,570.4368956999388,570.4369421999436,570.4446018999442,570.4446018999442,,,570.7871348999906,p,1,570.7871950999834,570.794541799929,571.8110990999267,571.7787456999067,0.3365073997993022,None,,,,,,,,,,,,,,,,,,,,202,1,short,A,2026-07-10_09h51.52.511,SBL_superimposed_encoding,,2026.1.3,119.53943850693051,2026-07-10 09h51.52.729903 -0400,
2,60,60,0,stimuli/scenes/scene_J1.jpg,Jungle,Negvi,stimuli/items/undersea_object_18.png,Undersea,object,si,p,1,0.3536300999112427,None,0,1,1,1,0,60,60,60,,,,,571.8110990999267,,,,,,,,,,,,,,,,,,,,,,,,,,,,,,,,,,,,,,,,571.8047069997992,571.8110990999267,571.8110990999267,573.7955765998922,573.7956762998365,573.8031422998756,573.8031422998756,,,574.1622084998526,p,1,574.1622644998133,574.1696355999447,575.1780945998617,575.1533653999213,0.3536300999112427,None,,,,,,,,,,,,,,,,,,,,202,1,short,A,2026-07-10_09h51.52.511,SBL_superimposed_encoding,,2026.1.3,119.53943850693051,2026-07-10 09h51.52.729903 -0400,
2,61,61,0,stimuli/scenes/scene_U1.jpg,Undersea,Tulon,stimuli/items/jungle_animal_14.png,Jungle,animal,si,None,0,,,0,1,1,1,0,61,61,61,,,,,575.1780945998617,,,,,,,,,,,,,,,,,,,,,,,,,,,,,,,,,,,,,,,,575.1716920998879,575.1780945998617,575.1780945998617,577.162254899973,577.1622955999337,577.1695794998668,577.1695794998668,578.1613878000062,578.1613878000062,578.1533124998678,None,0,578.1533566999715,578.1613878000062,579.1759490999393,579.145460399799,,,,,,,,,,,,,577.1695794998668,577.1695794998668,,,,,,,,202,1,short,A,2026-07-10_09h51.52.511,SBL_superimposed_encoding,,2026.1.3,119.53943850693051,2026-07-10 09h51.52.729903 -0400,
2,62,62,0,stimuli/scenes/scene_J1.jpg,Jungle,Negvi,stimuli/items/undersea_object_17.png,Undersea,object,si,p,1,0.5232171998359263,None,0,1,1,1,0,62,62,62,,,,,579.1759490999393,,,,,,,,,,,,,,,,,,,,,,,,,,,,,,,,,,,,,,,,579.1649585999548,579.1759490999393,579.1759490999393,581.1624631998129,581.1625037000049,581.1694948999211,581.1694948999211,,,581.695744499797,p,1,581.6958034997806,581.7030885999557,582.7192453998141,582.6871909999754,0.5232171998359263,None,,,,,,,,,,,581.1694948999211,581.1694948999211,,,,,,,,202,1,short,A,2026-07-10_09h51.52.511,SBL_superimposed_encoding,,2026.1.3,119.53943850693051,2026-07-10 09h51.52.729903 -0400,
2,63,63,0,stimuli/scenes/scene_U1.jpg,Undersea,Tulon,stimuli/items/jungle_animal_12.png,Jungle,animal,si,p,1,0.3735378000419587,None,0,1,1,1,0,63,63,63,,,,,582.7192453998141,,,,,,,,,,,,,,,,,,,,,,,,,,,,,,,,,,,,,,,,582.7095631998964,582.7192453998141,582.7192453998141,584.7037414999213,584.7037854997907,584.7116701998748,584.7116701998748,,,585.0870652999729,p,1,585.0871219998226,585.0950236998033,586.1111449999735,586.0787601999473,0.3735378000419587,None,,,,,,,,,,,,,,,,,,,,202,1,short,A,2026-07-10_09h51.52.511,SBL_superimposed_encoding,,2026.1.3,119.53943850693051,2026-07-10 09h51.52.729903 -0400,
2,64,64,0,stimuli/scenes/scene_U2.jpg,Undersea,Malbow,stimuli/items/undersea_object_16.png,Undersea,object,sc,q,1,0.4618221002165228,None,0,1,1,1,0,64,64,64,,,,,586.1111449999735,,,,,,,,,,,,,,,,,,,,,,,,,,,,,,,,,,,,,,,,586.1027525998652,586.1111449999735,586.1111449999735,588.0873351998162,588.0874285998289,588.0949085999746,588.0949085999746,,,588.562082399847,q,1,588.562139299931,588.5698644998483,589.5783055999782,589.5535552999936,0.4618221002165228,None,,,,,,,,,,,,,,,,,,,,202,1,short,A,2026-07-10_09h51.52.511,SBL_superimposed_encoding,,2026.1.3,119.53943850693051,2026-07-10 09h51.52.729903 -0400,
2,65,65,0,stimuli/scenes/scene_U1.jpg,Undersea,Tulon,stimuli/items/jungle_object_9.png,Jungle,object,si,p,1,0.8110525000374764,None,0,1,1,1,0,65,65,65,,,,,589.5783055999782,,,,,,,,,,,,,,,,,,,,,,,,,,,,,,,,,,,,,,,,589.5721128999721,589.5783055999782,589.5783055999782,591.5622090999968,591.5622507999651,591.5697977999225,591.5697977999225,,,592.3871019999497,p,1,592.387160499813,592.3947438998148,593.4195701999124,593.3790524997748,0.8110525000374764,None,,,,,,,,,,,591.5697977999225,591.5697977999225,,,,,,,,202,1,short,A,2026-07-10_09h51.52.511,SBL_superimposed_encoding,,2026.1.3,119.53943850693051,2026-07-10 09h51.52.729903 -0400,
2,66,66,0,stimuli/scenes/scene_J2.jpg,Jungle,Somar,stimuli/items/jungle_animal_15.png,Jungle,animal,sc,p,0,0.47375859995372593,None,0,1,1,1,0,66,66,66,,,,,593.4195701999124,,,,,,,,,,,,,,,,,,,,,,,,,,,,,,,,,,,,,,,,593.4077982997987,593.4195701999124,593.4195701999124,595.3872863999568,595.3873551997822,595.3950634999201,595.3950634999201,,,595.87071869988,p,0,595.8707747999579,595.8786513998639,596.8935765998904,596.8624426999595,0.47375859995372593,None,,,,,,,,,,,,,,,,,,,,202,1,short,A,2026-07-10_09h51.52.511,SBL_superimposed_encoding,,2026.1.3,119.53943850693051,2026-07-10 09h51.52.729903 -0400,
2,67,67,0,stimuli/scenes/scene_U1.jpg,Undersea,Tulon,stimuli/items/jungle_object_2.png,Jungle,object,si,p,1,0.7258648998104036,None,0,1,1,1,0,67,67,67,,,,,596.8935765998904,,,,,,,,,,,,,,,,,,,,,,,,,,,,,,,,,,,,,,,,596.8824591999874,596.8935765998904,596.8935765998904,598.8792659000028,598.8793099999893,598.8869630999397,598.8869630999397,,,599.6206127000041,p,1,599.6206675998401,599.6289585998747,600.6446650999133,600.6121132997796,0.7258648998104036,None,,,,,,,,,,,,,,,,,,,,202,1,short,A,2026-07-10_09h51.52.511,SBL_superimposed_encoding,,2026.1.3,119.53943850693051,2026-07-10 09h51.52.729903 -0400,
2,68,68,0,stimuli/scenes/scene_U2.jpg,Undersea,Malbow,stimuli/items/jungle_animal_9.png,Jungle,animal,si,p,1,0.3041660999879241,None,0,1,1,1,0,68,68,68,,,,,600.6446650999133,,,,,,,,,,,,,,,,,,,,,,,,,,,,,,,,,,,,,,,,600.6357279999647,600.6446650999133,600.6446650999133,602.629094599979,602.6291708999779,602.6371148999315,602.6371148999315,,,602.9457753999159,p,1,602.9458291998599,602.9536217998248,603.9699137997814,603.9375199999195,0.3041660999879241,None,,,,,,,,,,,,,,,,,,,,202,1,short,A,2026-07-10_09h51.52.511,SBL_superimposed_encoding,,2026.1.3,119.53943850693051,2026-07-10 09h51.52.729903 -0400,
2,69,69,0,stimuli/scenes/scene_J2.jpg,Jungle,Somar,stimuli/items/jungle_animal_18.png,Jungle,animal,sc,p,0,0.2835119999945164,None,0,1,1,1,0,69,69,69,,,,,603.9699137997814,,,,,,,,,,,,,,,,,,,,,,,,,,,,,,,,,,,,,,,,603.960504299961,603.9699137997814,603.9699137997814,605.9460086999461,605.9461289998144,605.9534138999879,605.9534138999879,,,606.2378207999282,p,0,606.2378769998904,606.2450631998945,607.2607869999483,607.2286331998184,0.2835119999945164,None,,,,,,,,,,,,,,,,,,,,202,1,short,A,2026-07-10_09h51.52.511,SBL_superimposed_encoding,,2026.1.3,119.53943850693051,2026-07-10 09h51.52.729903 -0400,
2,70,70,0,stimuli/scenes/scene_U1.jpg,Undersea,Tulon,stimuli/items/jungle_animal_20.png,Jungle,animal,si,p,1,0.40744969993829727,None,0,1,1,1,0,70,70,70,,,,,607.2607869999483,,,,,,,,,,,,,,,,,,,,,,,,,,,,,,,,,,,,,,,,607.2500358999241,607.2607869999483,607.2607869999483,609.2462307999376,609.2463257999625,609.2536149998195,609.2536149998195,,,609.6629461999983,p,1,609.6630028998479,609.6701881999616,610.6787831999827,610.6539180998225,0.40744969993829727,None,,,,,,,,,,,,,,,,,,,,202,1,short,A,2026-07-10_09h51.52.511,SBL_superimposed_encoding,,2026.1.3,119.53943850693051,2026-07-10 09h51.52.729903 -0400,
2,71,71,0,stimuli/scenes/scene_U2.jpg,Undersea,Malbow,stimuli/items/undersea_animal_5.png,Undersea,animal,sc,q,1,0.3665040999185294,None,0,1,1,1,0,71,71,71,,,,,610.6787831999827,,,,,,,,,,,,,,,,,,,,,,,,,,,,,,,,,,,,,,,,610.6726003999356,610.6787831999827,610.6787831999827,612.6633641999215,612.6634049999993,612.6704328998458,612.6704328998458,,,613.0377932998817,q,1,613.0378477999475,613.0451793998946,614.0621373998001,614.028942699777,0.3665040999185294,None,,,,,,,,,,,612.6704328998458,612.6704328998458,,,,,,,,202,1,short,A,2026-07-10_09h51.52.511,SBL_superimposed_encoding,,2026.1.3,119.53943850693051,2026-07-10 09h51.52.729903 -0400,
2,72,72,0,stimuli/scenes/scene_J1.jpg,Jungle,Negvi,stimuli/items/undersea_animal_3.png,Undersea,animal,si,p,1,0.31988630001433194,None,0,1,1,1,0,72,72,72,,,,,614.0621373998001,,,,,,,,,,,,,,,,,,,,,,,,,,,,,,,,,,,,,,,,614.0551883999724,614.0621373998001,614.0621373998001,616.0381889999844,616.0382342999801,616.0454560997896,616.0454560997896,,,616.3709675997961,p,1,616.3710233999882,616.3787072999403,617.3942791998852,617.3629189999774,0.31988630001433194,None,,,,,,,,,,,,,,,,,,,,202,1,short,A,2026-07-10_09h51.52.511,SBL_superimposed_encoding,,2026.1.3,119.53943850693051,2026-07-10 09h51.52.729903 -0400,
2,73,73,0,stimuli/scenes/scene_U2.jpg,Undersea,Malbow,stimuli/items/undersea_animal_20.png,Undersea,animal,sc,q,1,0.26740090013481677,None,0,1,1,1,0,73,73,73,,,,,617.3942791998852,,,,,,,,,,,,,,,,,,,,,,,,,,,,,,,,,,,,,,,,617.3837223998271,617.3942791998852,617.3942791998852,619.3710692999884,619.371113799978,619.3788451999426,619.3788451999426,,,619.6544328997843,q,1,619.6544881998561,619.6621930999681,620.6704801998567,620.6454838998616,0.26740090013481677,None,,,,,,,,,,,,,,,,,,,,202,1,short,A,2026-07-10_09h51.52.511,SBL_superimposed_encoding,,2026.1.3,119.53943850693051,2026-07-10 09h51.52.729903 -0400,
2,74,74,0,stimuli/scenes/scene_U1.jpg,Undersea,Tulon,stimuli/items/undersea_object_1.png,Undersea,object,sc,q,1,0.27890160004608333,None,0,1,1,1,0,74,74,74,,,,,620.6704801998567,,,,,,,,,,,,,,,,,,,,,,,,,,,,,,,,,,,,,,,,620.6642226998229,620.6704801998567,620.6704801998567,622.6546544998419,622.6546958999243,622.6621675998904,622.6621675998904,,,622.946571999928,q,1,622.9466258999892,622.9538545999676,623.9682004998904,623.9375329997856,0.27890160004608333,None,,,,,,,,,,,622.6621675998904,622.6621675998904,,,,,,,,202,1,short,A,2026-07-10_09h51.52.511,SBL_superimposed_encoding,,2026.1.3,119.53943850693051,2026-07-10 09h51.52.729903 -0400,
2,75,75,0,stimuli/scenes/scene_U2.jpg,Undersea,Malbow,stimuli/items/jungle_animal_11.png,Jungle,animal,si,p,1,0.41869930014945567,None,0,1,1,1,0,75,75,75,,,,,623.9682004998904,,,,,,,,,,,,,,,,,,,,,,,,,,,,,,,,,,,,,,,,623.95790509996,623.9682004998904,623.9682004998904,625.9545032999013,625.9545467998832,625.9623101998586,625.9623101998586,,,626.3878554999828,p,1,626.3879083998036,626.3953193000052,627.4116710999515,627.3796447999775,0.41869930014945567,None,,,,,,,,,,,,,,,,,,,,202,1,short,A,2026-07-10_09h51.52.511,SBL_superimposed_encoding,,2026.1.3,119.53943850693051,2026-07-10 09h51.52.729903 -0400,
2,76,76,0,stimuli/scenes/scene_J1.jpg,Jungle,Negvi,stimuli/items/jungle_animal_7.png,Jungle,animal,sc,q,1,0.2887701001018286,None,0,1,1,1,0,76,76,76,,,,,627.4116710999515,,,,,,,,,,,,,,,,,,,,,,,,,,,,,,,,,,,,,,,,627.4025929998606,627.4116710999515,627.4116710999515,629.3965865999926,629.3967029999476,629.4040143999737,629.4040143999737,,,629.6966451997869,q,1,629.6967006998602,629.7039484998677,630.7125714998692,630.6874362998642,0.2887701001018286,None,,,,,,,,,,,,,,,,,,,,202,1,short,A,2026-07-10_09h51.52.511,SBL_superimposed_encoding,,2026.1.3,119.53943850693051,2026-07-10 09h51.52.729903 -0400,
2,77,77,0,stimuli/scenes/scene_U2.jpg,Undersea,Malbow,stimuli/items/undersea_object_4.png,Undersea,object,sc,q,1,0.25299840001389384,None,0,1,1,1,0,77,77,77,,,,,630.7125714998692,,,,,,,,,,,,,,,,,,,,,,,,,,,,,,,,,,,,,,,,630.706933299778,630.7125714998692,630.7125714998692,632.6969480998814,632.6969924999867,632.7039132998325,632.7039132998325,,,632.9627584998962,q,1,632.9628124998417,632.9709007998463,633.9871060999576,633.9546097998973,0.25299840001389384,None,,,,,,,,,,,632.7039132998325,632.7039132998325,,,,,,,,202,1,short,A,2026-07-10_09h51.52.511,SBL_superimposed_encoding,,2026.1.3,119.53943850693051,2026-07-10 09h51.52.729903 -0400,
2,78,78,0,stimuli/scenes/scene_U1.jpg,Undersea,Tulon,stimuli/items/jungle_object_18.png,Jungle,object,si,p,1,0.3141642000991851,None,0,1,1,1,0,78,78,78,,,,,633.9871060999576,,,,,,,,,,,,,,,,,,,,,,,,,,,,,,,,,,,,,,,,633.9787040997762,633.9871060999576,633.9871060999576,635.9632277998608,635.9633206999861,635.9710108998697,635.9710108998697,,,636.2883710998576,p,1,636.2884247999173,636.2957084998488,637.495575599838,637.2796083998401,0.3141642000991851,None,,,,,,,,,,,,,,,,,,,,202,1,short,A,2026-07-10_09h51.52.511,SBL_superimposed_encoding,,2026.1.3,119.53943850693051,2026-07-10 09h51.52.729903 -0400,
2,79,79,0,stimuli/scenes/scene_U2.jpg,Undersea,Malbow,stimuli/items/jungle_object_11.png,Jungle,object,si,p,1,0.2928885999135673,None,0,1,1,1,0,79,79,79,,,,,637.495575599838,,,,,,,,,,,,,,,,,,,,,,,,,,,,,,,,,,,,,,,,637.4868037998676,637.495575599838,637.495575599838,639.2962820997927,639.2963261997793,639.3042138998862,639.3042138998862,,,639.6048505997751,p,1,639.6049077999778,639.612342099892,640.604399099946,640.5963503997773,0.2928885999135673,None,,,,,,,,,,,,,,,,,,,,202,1,short,A,2026-07-10_09h51.52.511,SBL_superimposed_encoding,,2026.1.3,119.53943850693051,2026-07-10 09h51.52.729903 -0400,
3,0,0,0,stimuli/scenes/scene_U1.jpg,Undersea,Tulon,stimuli/items/undersea_object_11.png,Undersea,object,sc,q,1,0.5442477001342922,None,0,2,2,2,0,0,0,0,0,0,0,0,702.8470261998009,,,,,,,,,,,,,,,,,,,,,,,,,,,,,,,,,,,,,,702.7824064998422,702.7826305998024,702.8374646999873,702.8470261998009,702.8470261998009,704.7894237998407,704.7894675999414,704.7968036998063,704.7968036998063,,,705.3481578999199,q,1,705.3482144000009,705.3552536999341,706.3866919998545,706.3390418998897,0.5442477001342922,None,640.6020495998673,640.6022717999294,640.6024782999884,640.604399099946,640.604399099946,640.604399099946,702.7814652998932,space,62.17636670009233,None,,,,,,,,,,202,1,short,A,2026-07-10_09h51.52.511,SBL_superimposed_encoding,,2026.1.3,119.53943850693051,2026-07-10 09h51.52.729903 -0400,
3,1,1,0,stimuli/scenes/scene_J1.jpg,Jungle,Negvi,stimuli/items/undersea_object_3.png,Undersea,object,si,p,1,0.28930639987811446,None,0,2,2,2,0,1,1,1,,,,,706.3866919998545,,,,,,,,,,,,,,,,,,,,,,,,,,,,,,,,,,,,,,,,706.3759062997997,706.3866919998545,706.3866919998545,708.3562017998192,708.3562954999506,708.3637299998663,708.3637299998663,,,708.6560065997764,p,1,708.6560606998391,708.6638256998267,709.6780208998825,709.6478219998535,0.28930639987811446,None,,,,,,,,,,,,,,,,,,,,202,1,short,A,2026-07-10_09h51.52.511,SBL_superimposed_encoding,,2026.1.3,119.53943850693051,2026-07-10 09h51.52.729903 -0400,
3,2,2,0,stimuli/scenes/scene_U1.jpg,Undersea,Tulon,stimuli/items/undersea_object_19.png,Undersea,object,sc,q,1,0.25351840001530945,None,0,2,2,2,0,2,2,2,,,,,709.6780208998825,,,,,,,,,,,,,,,,,,,,,,,,,,,,,,,,,,,,,,,,709.6680296999402,709.6780208998825,709.6780208998825,711.6561920999084,711.6562875998206,711.6637382998597,711.6637382998597,,,711.9229581998661,q,1,711.923010799801,711.9304480999708,712.9467604998499,712.9144924997818,0.25351840001530945,None,,,,,,,,,,,,,,,,,,,,202,1,short,A,2026-07-10_09h51.52.511,SBL_superimposed_encoding,,2026.1.3,119.53943850693051,2026-07-10 09h51.52.729903 -0400,
3,3,3,0,stimuli/scenes/scene_J1.jpg,Jungle,Negvi,stimuli/items/undersea_animal_17.png,Undersea,animal,si,p,1,0.274172900011763,None,0,2,2,2,0,3,3,3,,,,,712.9467604998499,,,,,,,,,,,,,,,,,,,,,,,,,,,,,,,,,,,,,,,,712.9367084999103,712.9467604998499,712.9467604998499,714.9308574998286,714.9309031998273,714.9387185999658,714.9387185999658,,,715.2147037999239,p,1,715.2147641999181,715.2222517000046,716.2377349999733,716.2060887999833,0.274172900011763,None,,,,,,,,,,,,,,,,,,,,202,1,short,A,2026-07-10_09h51.52.511,SBL_superimposed_encoding,,2026.1.3,119.53943850693051,2026-07-10 09h51.52.729903 -0400,
3,4,4,0,stimuli/scenes/scene_U1.jpg,Undersea,Tulon,stimuli/items/undersea_object_1.png,Undersea,object,sc,q,1,0.2391401999630034,None,0,2,2,2,0,4,4,4,,,,,716.2377349999733,,,,,,,,,,,,,,,,,,,,,,,,,,,,,,,,,,,,,,,,716.2276808999013,716.2377349999733,716.2377349999733,718.2148322998546,718.2148775998503,718.2220866999123,718.2220866999123,,,718.4649929997977,q,1,718.4650490998756,718.4723317997996,719.4969118000008,719.456438299967,0.2391401999630034,None,,,,,,,,,,,,,,,,,,,,202,1,short,A,2026-07-10_09h51.52.511,SBL_superimposed_encoding,,2026.1.3,119.53943850693051,2026-07-10 09h51.52.729903 -0400,
3,5,5,0,stimuli/scenes/scene_J2.jpg,Jungle,Somar,stimuli/items/undersea_object_6.png,Undersea,object,si,p,1,0.2443322001490742,None,0,2,2,2,0,5,5,5,,,,,719.4969118000008,,,,,,,,,,,,,,,,,,,,,,,,,,,,,,,,,,,,,,,,719.4859984999057,719.4969118000008,719.4969118000008,721.473322799895,721.4734252998605,721.4807638998609,721.4807638998609,,,721.7317583998665,p,1,721.7318139998242,721.7389851999469,722.7477659999859,722.722629299853,0.2443322001490742,None,,,,,,,,,,,,,,,,,,,,202,1,short,A,2026-07-10_09h51.52.511,SBL_superimposed_encoding,,2026.1.3,119.53943850693051,2026-07-10 09h51.52.729903 -0400,
3,6,6,0,stimuli/scenes/scene_U1.jpg,Undersea,Tulon,stimuli/items/undersea_animal_13.png,Undersea,animal,sc,q,1,0.2971228000242263,None,0,2,2,2,0,6,6,6,,,,,722.7477659999859,,,,,,,,,,,,,,,,,,,,,,,,,,,,,,,,,,,,,,,,722.742146599805,722.7477659999859,722.7477659999859,724.731850199867,724.7318909999449,724.7393898998853,724.7393898998853,,,725.0400982999709,q,1,725.0401528999209,725.0475285998546,726.063653399935,726.0308568999171,0.2971228000242263,None,,,,,,,,,,,724.7393898998853,724.7393898998853,,,,,,,,202,1,short,A,2026-07-10_09h51.52.511,SBL_superimposed_encoding,,2026.1.3,119.53943850693051,2026-07-10 09h51.52.729903 -0400,
3,7,7,0,stimuli/scenes/scene_J2.jpg,Jungle,Somar,stimuli/items/jungle_animal_15.png,Jungle,animal,sc,p,0,0.22932190005667508,None,0,2,2,2,0,7,7,7,,,,,726.063653399935,,,,,,,,,,,,,,,,,,,,,,,,,,,,,,,,,,,,,,,,726.0538530999329,726.063653399935,726.063653399935,728.048326899996,728.0483985999599,728.0556382997893,728.0556382997893,,,728.2898039999418,p,0,728.2898574999999,728.2974747999106,729.311682799831,729.280893499963,0.22932190005667508,None,,,,,,,,,,,,,,,,,,,,202,1,short,A,2026-07-10_09h51.52.511,SBL_superimposed_encoding,,2026.1.3,119.53943850693051,2026-07-10 09h51.52.729903 -0400,
3,8,8,0,stimuli/scenes/scene_U1.jpg,Undersea,Tulon,stimuli/items/undersea_animal_2.png,Undersea,animal,sc,q,1,0.23538730014115572,None,0,2,2,2,0,8,8,8,,,,,729.311682799831,,,,,,,,,,,,,,,,,,,,,,,,,,,,,,,,,,,,,,,,729.3005424998701,729.311682799831,729.311682799831,731.2899067997932,731.289949900005,731.2975898999721,731.2975898999721,,,731.5396651998162,q,1,731.5397204000037,731.5479401999619,732.5636190997902,732.5313835998531,0.23538730014115572,None,,,,,,,,,,,,,,,,,,,,202,1,short,A,2026-07-10_09h51.52.511,SBL_superimposed_encoding,,2026.1.3,119.53943850693051,2026-07-10 09h51.52.729903 -0400,
3,9,9,0,stimuli/scenes/scene_J2.jpg,Jungle,Somar,stimuli/items/undersea_object_10.png,Undersea,object,si,p,1,0.29767920006997883,None,0,2,2,2,0,9,9,9,,,,,732.5636190997902,,,,,,,,,,,,,,,,,,,,,,,,,,,,,,,,,,,,,,,,732.5527971999254,732.5636190997902,732.5636190997902,734.539966999786,734.5400102999993,734.5476933999453,734.5476933999453,,,734.8482080998365,p,1,734.8482690998353,734.8557174999733,735.8645398998633,735.8396779999603,0.29767920006997883,None,,,,,,,,,,,,,,,,,,,,202,1,short,A,2026-07-10_09h51.52.511,SBL_superimposed_encoding,,2026.1.3,119.53943850693051,2026-07-10 09h51.52.729903 -0400,
3,10,10,0,stimuli/scenes/scene_U1.jpg,Undersea,Tulon,stimuli/items/undersea_animal_7.png,Undersea,animal,sc,q,1,0.23729899991303682,None,0,2,2,2,0,10,10,10,,,,,735.8645398998633,,,,,,,,,,,,,,,,,,,,,,,,,,,,,,,,,,,,,,,,735.8594410999212,735.8645398998633,735.8645398998633,737.8485894999467,737.8486864999868,737.8558817999437,737.8558817999437,,,738.0984780997969,q,1,738.0985322999768,738.1059415999334,739.1223677999806,739.0897808999289,0.23729899991303682,None,,,,,,,,,,,,,,,,,,,,202,1,short,A,2026-07-10_09h51.52.511,SBL_superimposed_encoding,,2026.1.3,119.53943850693051,2026-07-10 09h51.52.729903 -0400,
3,11,11,0,stimuli/scenes/scene_J2.jpg,Jungle,Somar,stimuli/items/undersea_animal_18.png,Undersea,animal,si,p,1,0.2747764000669122,None,0,2,2,2,0,11,11,11,,,,,739.1223677999806,,,,,,,,,,,,,,,,,,,,,,,,,,,,,,,,,,,,,,,,739.1134152999148,739.1223677999806,739.1223677999806,741.1065147998743,741.1065584998578,741.1142452999484,741.1142452999484,,,741.3898419998586,p,1,741.3898963998072,741.3979772999883,742.4142850998323,742.3815942998044,0.2747764000669122,None,,,,,,,,,,,,,,,,,,,,202,1,short,A,2026-07-10_09h51.52.511,SBL_superimposed_encoding,,2026.1.3,119.53943850693051,2026-07-10 09h51.52.729903 -0400,
3,12,12,0,stimuli/scenes/scene_U2.jpg,Undersea,Malbow,stimuli/items/jungle_animal_11.png,Jungle,animal,si,p,1,0.7032614001072943,None,0,2,2,2,0,12,12,12,,,,,742.4142850998323,,,,,,,,,,,,,,,,,,,,,,,,,,,,,,,,,,,,,,,,742.4068115998525,742.4142850998323,742.4142850998323,744.3899229997769,744.3899664999917,744.3975591999479,744.3975591999479,,,745.1069170997944,p,1,745.1069735998753,745.1143592000008,746.1230110998731,746.0981392997783,0.7032614001072943,None,,,,,,,,,,,,,,,,,,,,202,1,short,A,2026-07-10_09h51.52.511,SBL_superimposed_encoding,,2026.1.3,119.53943850693051,2026-07-10 09h51.52.729903 -0400,
3,13,13,0,stimuli/scenes/scene_U1.jpg,Undersea,Tulon,stimuli/items/jungle_animal_14.png,Jungle,animal,si,p,1,0.29860499990172684,None,0,2,2,2,0,13,13,13,,,,,746.1230110998731,,,,,,,,,,,,,,,,,,,,,,,,,,,,,,,,,,,,,,,,746.1175518999808,746.1230110998731,746.1230110998731,748.1071751997806,748.1072164999787,748.1147296999115,748.1147296999115,,,748.4149656998925,p,1,748.4150193999521,748.4229495998006,749.4465553998016,749.4068147998769,0.29860499990172684,None,,,,,,,,,,,748.1147296999115,748.1147296999115,,,,,,,,202,1,short,A,2026-07-10_09h51.52.511,SBL_superimposed_encoding,,2026.1.3,119.53943850693051,2026-07-10 09h51.52.729903 -0400,
3,14,14,0,stimuli/scenes/scene_J1.jpg,Jungle,Negvi,stimuli/items/undersea_object_9.png,Undersea,object,si,p,1,0.4783554000314325,None,0,2,2,2,0,14,14,14,,,,,749.4465553998016,,,,,,,,,,,,,,,,,,,,,,,,,,,,,,,,,,,,,,,,749.4354088997934,749.4465553998016,749.4465553998016,751.4155160998926,751.4156092999037,751.4227926000021,751.4227926000021,,,751.9072794998065,p,1,751.9073368997779,751.9146413998678,752.9379215999506,752.8983749998733,0.4783554000314325,None,,,,,,,,,,,,,,,,,,,,202,1,short,A,2026-07-10_09h51.52.511,SBL_superimposed_encoding,,2026.1.3,119.53943850693051,2026-07-10 09h51.52.729903 -0400,
3,15,15,0,stimuli/scenes/scene_J2.jpg,Jungle,Somar,stimuli/items/jungle_animal_18.png,Jungle,animal,sc,p,0,0.3696196998935193,None,0,2,2,2,0,15,15,15,,,,,752.9379215999506,,,,,,,,,,,,,,,,,,,,,,,,,,,,,,,,,,,,,,,,752.9264579999726,752.9379215999506,752.9379215999506,754.9153666999191,754.915409799898,754.9231686999556,754.9231686999556,,,755.2986494998913,p,0,755.2987033999525,755.3062134999782,756.322444899939,756.290230399929,0.3696196998935193,None,,,,,,,,,,,,,,,,,,,,202,1,short,A,2026-07-10_09h51.52.511,SBL_superimposed_encoding,,2026.1.3,119.53943850693051,2026-07-10 09h51.52.729903 -0400,
3,16,16,0,stimuli/scenes/scene_J1.jpg,Jungle,Negvi,stimuli/items/undersea_animal_3.png,Undersea,animal,si,p,1,0.28301010001450777,None,0,2,2,2,0,16,16,16,,,,,756.322444899939,,,,,,,,,,,,,,,,,,,,,,,,,,,,,,,,,,,,,,,,756.3111657998525,756.322444899939,756.322444899939,758.298829899868,758.2989249997772,758.3064659999218,758.3064659999218,,,758.5902700999286,p,1,758.5903252998833,758.5981657998636,759.6141711999662,759.5813131998293,0.28301010001450777,None,,,,,,,,,,,,,,,,,,,,202,1,short,A,2026-07-10_09h51.52.511,SBL_superimposed_encoding,,2026.1.3,119.53943850693051,2026-07-10 09h51.52.729903 -0400,
3,17,17,0,stimuli/scenes/scene_U2.jpg,Undersea,Malbow,stimuli/items/undersea_object_14.png,Undersea,object,sc,None,0,,,0,2,2,2,0,17,17,17,,,,,759.6141711999662,,,,,,,,,,,,,,,,,,,,,,,,,,,,,,,,,,,,,,,,759.6048091999255,759.6141711999662,759.6141711999662,761.5903788998257,761.5904226999264,761.5979929999448,761.5979929999448,762.5896140998229,762.5896140998229,762.5819091999438,None,0,762.5819525998086,762.5896140998229,763.6048331998754,763.5735728999134,,,,,,,,,,,,,,,,,,,,,,202,1,short,A,2026-07-10_09h51.52.511,SBL_superimposed_encoding,,2026.1.3,119.53943850693051,2026-07-10 09h51.52.729903 -0400,
3,18,18,0,stimuli/scenes/scene_J1.jpg,Jungle,Negvi,stimuli/items/undersea_animal_8.png,Undersea,animal,si,None,0,,,0,2,2,2,0,18,18,18,,,,,763.6048331998754,,,,,,,,,,,,,,,,,,,,,,,,,,,,,,,,,,,,,,,,763.5938965999521,763.6048331998754,763.6048331998754,765.5904599998612,765.5905026998371,765.5983318998478,765.5983318998478,766.590222499799,766.590222499799,766.5821824998129,None,0,766.5822272999212,766.590222499799,767.614250899991,767.5737154998351,,,,,,,,,,,,,,,,,,,,,,202,1,short,A,2026-07-10_09h51.52.511,SBL_superimposed_encoding,,2026.1.3,119.53943850693051,2026-07-10 09h51.52.729903 -0400,
3,19,19,0,stimuli/scenes/scene_J2.jpg,Jungle,Somar,stimuli/items/jungle_animal_3.png,Jungle,animal,sc,p,0,0.43865610007196665,None,0,2,2,2,0,19,19,19,,,,,767.614250899991,,,,,,,,,,,,,,,,,,,,,,,,,,,,,,,,,,,,,,,,767.6031428999268,767.614250899991,767.614250899991,769.5991692999378,769.5992693998851,769.6062147999182,769.6062147999182,,,770.0491434999276,p,0,770.0491999997757,770.0565940998495,771.0720496999566,771.0401333000045,0.43865610007196665,None,,,,,,,,,,,,,,,,,,,,202,1,short,A,2026-07-10_09h51.52.511,SBL_superimposed_encoding,,2026.1.3,119.53943850693051,2026-07-10 09h51.52.729903 -0400,
3,20,20,0,stimuli/scenes/scene_U2.jpg,Undersea,Malbow,stimuli/items/undersea_animal_20.png,Undersea,animal,sc,q,1,0.46801970014348626,None,0,2,2,2,0,20,20,20,,,,,771.0720496999566,,,,,,,,,,,,,,,,,,,,,,,,,,,,,,,,,,,,,,,,771.0612235998269,771.0720496999566,771.0720496999566,773.0571785999928,773.0572227998637,773.0649341999087,773.0649341999087,,,773.5408266999293,q,1,773.5408830998931,773.5483039999381,774.5643698999193,774.5324667999521,0.46801970014348626,None,,,,,,,,,,,,,,,,,,,,202,1,short,A,2026-07-10_09h51.52.511,SBL_superimposed_encoding,,2026.1.3,119.53943850693051,2026-07-10 09h51.52.729903 -0400,
3,21,21,0,stimuli/scenes/scene_J1.jpg,Jungle,Negvi,stimuli/items/undersea_object_18.png,Undersea,object,si,p,1,0.33607749990187585,None,0,2,2,2,0,21,21,21,,,,,774.5643698999193,,,,,,,,,,,,,,,,,,,,,,,,,,,,,,,,,,,,,,,,774.5534670997877,774.5643698999193,774.5643698999193,776.549264999805,776.5493512998801,776.556575199822,776.556575199822,,,776.898855399806,p,1,776.8989096998703,776.9066458998714,777.915178499883,777.8906440997962,0.33607749990187585,None,,,,,,,,,,,,,,,,,,,,202,1,short,A,2026-07-10_09h51.52.511,SBL_superimposed_encoding,,2026.1.3,119.53943850693051,2026-07-10 09h51.52.729903 -0400,
3,22,22,0,stimuli/scenes/scene_U2.jpg,Undersea,Malbow,stimuli/items/undersea_animal_5.png,Undersea,animal,sc,q,1,0.23460960015654564,None,0,2,2,2,0,22,22,22,,,,,777.915178499883,,,,,,,,,,,,,,,,,,,,,,,,,,,,,,,,,,,,,,,,777.9097636998631,777.915178499883,777.915178499883,779.8992420998402,779.8993380998727,779.9065658999607,779.9065658999607,,,780.1491967998445,q,1,780.1492501997855,780.1568270998541,781.1728343998548,781.1401566998102,0.23460960015654564,None,,,,,,,,,,,,,,,,,,,,202,1,short,A,2026-07-10_09h51.52.511,SBL_superimposed_encoding,,2026.1.3,119.53943850693051,2026-07-10 09h51.52.729903 -0400,
3,23,23,0,stimuli/scenes/scene_J1.jpg,Jungle,Negvi,stimuli/items/jungle_animal_5.png,Jungle,animal,sc,p,0,0.3761273000854999,None,0,2,2,2,0,23,23,23,,,,,781.1728343998548,,,,,,,,,,,,,,,,,,,,,,,,,,,,,,,,,,,,,,,,781.1623757998459,781.1728343998548,781.1728343998548,783.1493576997891,783.1494018998928,783.1569075000007,783.1569075000007,,,783.5409170999192,p,0,783.5409721999895,783.548857799964,784.5646251998842,784.5321222997736,0.3761273000854999,None,,,,,,,,,,,,,,,,,,,,202,1,short,A,2026-07-10_09h51.52.511,SBL_superimposed_encoding,,2026.1.3,119.53943850693051,2026-07-10 09h51.52.729903 -0400,
3,24,24,0,stimuli/scenes/scene_U1.jpg,Undersea,Tulon,stimuli/items/jungle_animal_6.png,Jungle,animal,si,p,1,0.5279326001182199,None,0,2,2,2,0,24,24,24,,,,,784.5646251998842,,,,,,,,,,,,,,,,,,,,,,,,,,,,,,,,,,,,,,,,784.5551757998765,784.5646251998842,784.5646251998842,786.5493258999195,786.5493874999229,786.5570146997925,786.5570146997925,,,787.0905788999517,p,1,787.0906332999002,787.0984860998578,788.1146110999398,788.0823234999552,0.5279326001182199,None,,,,,,,,,,,,,,,,,,,,202,1,short,A,2026-07-10_09h51.52.511,SBL_superimposed_encoding,,2026.1.3,119.53943850693051,2026-07-10 09h51.52.729903 -0400,
3,25,25,0,stimuli/scenes/scene_J1.jpg,Jungle,Negvi,stimuli/items/undersea_animal_11.png,Undersea,animal,si,p,1,0.2504414999857545,None,0,2,2,2,0,25,25,25,,,,,788.1146110999398,,,,,,,,,,,,,,,,,,,,,,,,,,,,,,,,,,,,,,,,788.1045672998298,788.1146110999398,788.1146110999398,790.090867199935,790.0909113998059,790.0985100998078,790.0985100998078,,,790.3575319999363,p,1,790.3575854999945,790.3650872998405,791.3817423998844,791.3491104999557,0.2504414999857545,None,,,,,,,,,,,,,,,,,,,,202,1,short,A,2026-07-10_09h51.52.511,SBL_superimposed_encoding,,2026.1.3,119.53943850693051,2026-07-10 09h51.52.729903 -0400,
3,26,26,0,stimuli/scenes/scene_U2.jpg,Undersea,Malbow,stimuli/items/jungle_animal_8.png,Jungle,animal,si,p,1,0.2475580999162048,None,0,2,2,2,0,26,26,26,,,,,791.3817423998844,,,,,,,,,,,,,,,,,,,,,,,,,,,,,,,,,,,,,,,,791.3731219999027,791.3817423998844,791.3817423998844,793.3577566999011,793.357801299775,793.365245899884,793.365245899884,,,793.6160743997898,p,1,793.6161280998494,793.6236274999101,794.6380305998027,794.607588699786,0.2475580999162048,None,,,,,,,,,,,,,,,,,,,,202,1,short,A,2026-07-10_09h51.52.511,SBL_superimposed_encoding,,2026.1.3,119.53943850693051,2026-07-10 09h51.52.729903 -0400,
3,27,27,0,stimuli/scenes/scene_U1.jpg,Undersea,Tulon,stimuli/items/jungle_object_18.png,Jungle,object,si,p,1,0.244840000057593,None,0,2,2,2,0,27,27,27,,,,,794.6380305998027,,,,,,,,,,,,,,,,,,,,,,,,,,,,,,,,,,,,,,,,794.627749599982,794.6380305998027,794.6380305998027,796.624441199936,796.624486999819,796.6321344999596,796.6321344999596,,,796.882403699914,p,1,796.8824567999691,796.8904897999018,797.8989418998826,797.874147699913,0.244840000057593,None,,,,,,,,,,,,,,,,,,,,202,1,short,A,2026-07-10_09h51.52.511,SBL_superimposed_encoding,,2026.1.3,119.53943850693051,2026-07-10 09h51.52.729903 -0400,
3,28,28,0,stimuli/scenes/scene_U2.jpg,Undersea,Malbow,stimuli/items/jungle_object_11.png,Jungle,object,si,p,1,0.26620389986783266,None,0,2,2,2,0,28,28,28,,,,,797.8989418998826,,,,,,,,,,,,,,,,,,,,,,,,,,,,,,,,,,,,,,,,797.893225699896,797.8989418998826,797.8989418998826,799.883092999924,799.8831384999212,799.8906029998325,799.8906029998325,,,800.1578324998263,p,1,800.1578867998905,800.1655214999337,801.1735371998511,801.1493230999913,0.26620389986783266,None,,,,,,,,,,,,,,,,,,,,202,1,short,A,2026-07-10_09h51.52.511,SBL_superimposed_encoding,,2026.1.3,119.53943850693051,2026-07-10 09h51.52.729903 -0400,
3,29,29,0,stimuli/scenes/scene_U1.jpg,Undersea,Tulon,stimuli/items/undersea_animal_10.png,Undersea,animal,sc,q,1,0.25547180022113025,None,0,2,2,2,0,29,29,29,,,,,801.1735371998511,,,,,,,,,,,,,,,,,,,,,,,,,,,,,,,,,,,,,,,,801.1672416999936,801.1735371998511,801.1735371998511,803.1580452998169,803.1581386998296,803.1655313998926,803.1655313998926,,,803.4242757998873,q,1,803.4243297998328,803.4321259998251,804.4462590999901,804.4156428999268,0.25547180022113025,None,,,,,,,,,,,,,,,,,,,,202,1,short,A,2026-07-10_09h51.52.511,SBL_superimposed_encoding,,2026.1.3,119.53943850693051,2026-07-10 09h51.52.729903 -0400,
3,30,30,0,stimuli/scenes/scene_U2.jpg,Undersea,Malbow,stimuli/items/jungle_object_3.png,Jungle,object,si,p,1,0.26879629981704056,None,0,2,2,2,0,30,30,30,,,,,804.4462590999901,,,,,,,,,,,,,,,,,,,,,,,,,,,,,,,,,,,,,,,,804.4361295998096,804.4462590999901,804.4462590999901,806.4245507998858,806.424646299798,806.4322391999885,806.4322391999885,,,806.7079620999284,p,1,806.7080147999804,806.7156586998608,807.7323563999962,807.699131899979,0.26879629981704056,None,,,,,,,,,,,,,,,,,,,,202,1,short,A,2026-07-10_09h51.52.511,SBL_superimposed_encoding,,2026.1.3,119.53943850693051,2026-07-10 09h51.52.729903 -0400,
3,31,31,0,stimuli/scenes/scene_J1.jpg,Jungle,Negvi,stimuli/items/undersea_object_17.png,Undersea,object,si,p,1,0.320963499834761,None,0,2,2,2,0,31,31,31,,,,,807.7323563999962,,,,,,,,,,,,,,,,,,,,,,,,,,,,,,,,,,,,,,,,807.7252779998817,807.7323563999962,807.7323563999962,809.7163627999835,809.7164565999992,809.7237375997938,809.7237375997938,,,810.0498845998663,p,1,810.0499380999245,810.0573053997941,811.0656864999328,811.0412941998802,0.320963499834761,None,,,,,,,,,,,,,,,,,,,,202,1,short,A,2026-07-10_09h51.52.511,SBL_superimposed_encoding,,2026.1.3,119.53943850693051,2026-07-10 09h51.52.729903 -0400,
3,32,32,0,stimuli/scenes/scene_U2.jpg,Undersea,Malbow,stimuli/items/jungle_animal_16.png,Jungle,animal,si,p,1,0.37902370002120733,None,0,2,2,2,0,32,32,32,,,,,811.0656864999328,,,,,,,,,,,,,,,,,,,,,,,,,,,,,,,,,,,,,,,,811.059453799855,811.0656864999328,811.0656864999328,813.0495150999632,813.0495563999284,813.0575982998125,813.0575982998125,,,813.4412710999604,p,1,813.4413241997827,813.4490780998021,814.4645189999137,814.4327958999202,0.37902370002120733,None,,,,,,,,,,,813.0575982998125,813.0575982998125,,,,,,,,202,1,short,A,2026-07-10_09h51.52.511,SBL_superimposed_encoding,,2026.1.3,119.53943850693051,2026-07-10 09h51.52.729903 -0400,
3,33,33,0,stimuli/scenes/scene_U1.jpg,Undersea,Tulon,stimuli/items/jungle_animal_20.png,Jungle,animal,si,p,1,0.3634041999466717,None,0,2,2,2,0,33,33,33,,,,,814.4645189999137,,,,,,,,,,,,,,,,,,,,,,,,,,,,,,,,,,,,,,,,814.4544159998186,814.4645189999137,814.4645189999137,816.4415346998721,816.4416111998726,816.4492952998262,816.4492952998262,,,816.8164994998369,p,1,816.816556399921,816.8243487,817.8484942999203,817.8079215998296,0.3634041999466717,None,,,,,,,,,,,,,,,,,,,,202,1,short,A,2026-07-10_09h51.52.511,SBL_superimposed_encoding,,2026.1.3,119.53943850693051,2026-07-10 09h51.52.729903 -0400,
3,34,34,0,stimuli/scenes/scene_J2.jpg,Jungle,Somar,stimuli/items/jungle_object_12.png,Jungle,object,sc,q,1,0.32439900003373623,None,0,2,2,2,0,34,34,34,,,,,817.8484942999203,,,,,,,,,,,,,,,,,,,,,,,,,,,,,,,,,,,,,,,,817.8377331998199,817.8484942999203,817.8484942999203,819.8250092999078,819.8251053998247,819.8326025998686,819.8326025998686,,,820.1580684999935,q,1,820.1581223998219,820.1655354998074,821.1820053998381,821.149914899841,0.32439900003373623,None,,,,,,,,,,,,,,,,,,,,202,1,short,A,2026-07-10_09h51.52.511,SBL_superimposed_encoding,,2026.1.3,119.53943850693051,2026-07-10 09h51.52.729903 -0400,
3,35,35,0,stimuli/scenes/scene_U2.jpg,Undersea,Malbow,stimuli/items/jungle_animal_9.png,Jungle,animal,si,p,1,0.4314184000249952,None,0,2,2,2,0,35,35,35,,,,,821.1820053998381,,,,,,,,,,,,,,,,,,,,,,,,,,,,,,,,,,,,,,,,821.1718337999191,821.1820053998381,821.1820053998381,823.1582526999991,823.1583398999646,823.165603299858,823.165603299858,,,823.600001799874,p,1,823.6000576999504,823.6073565999977,824.6238039999735,824.5916096998844,0.4314184000249952,None,,,,,,,,,,,,,,,,,,,,202,1,short,A,2026-07-10_09h51.52.511,SBL_superimposed_encoding,,2026.1.3,119.53943850693051,2026-07-10 09h51.52.729903 -0400,
3,36,36,0,stimuli/scenes/scene_J2.jpg,Jungle,Somar,stimuli/items/undersea_animal_1.png,Undersea,animal,si,p,1,0.3571369999554008,None,0,2,2,2,0,36,36,36,,,,,824.6238039999735,,,,,,,,,,,,,,,,,,,,,,,,,,,,,,,,,,,,,,,,824.6133719999343,824.6238039999735,824.6238039999735,826.6081874999218,826.6082327999175,826.6158660999499,826.6158660999499,,,826.9746231997851,p,1,826.974677799968,826.9824152998626,828.0152449999005,827.9660843999591,0.3571369999554008,None,,,,,,,,,,,,,,,,,,,,202,1,short,A,2026-07-10_09h51.52.511,SBL_superimposed_encoding,,2026.1.3,119.53943850693051,2026-07-10 09h51.52.729903 -0400,
3,37,37,0,stimuli/scenes/scene_U1.jpg,Undersea,Tulon,stimuli/items/jungle_animal_2.png,Jungle,animal,si,p,1,0.9425633000209928,None,0,2,2,2,0,37,37,37,,,,,828.0152449999005,,,,,,,,,,,,,,,,,,,,,,,,,,,,,,,,,,,,,,,,828.0044397998136,828.0152449999005,828.0152449999005,829.9752011999954,829.9752970999107,829.9823566998821,829.9823566998821,,,830.933114899788,p,1,830.9331700999755,830.9410152998753,831.9567386999261,831.9248075999785,0.9425633000209928,None,,,,,,,,,,,,,,,,,,,,202,1,short,A,2026-07-10_09h51.52.511,SBL_superimposed_encoding,,2026.1.3,119.53943850693051,2026-07-10 09h51.52.729903 -0400,
3,38,38,0,stimuli/scenes/scene_U2.jpg,Undersea,Malbow,stimuli/items/jungle_object_19.png,Jungle,object,si,p,1,0.2803905999753624,None,0,2,2,2,0,38,38,38,,,,,831.9567386999261,,,,,,,,,,,,,,,,,,,,,,,,,,,,,,,,,,,,,,,,831.9468191999476,831.9567386999261,831.9567386999261,833.9335097998846,833.9336031998973,833.9410997999366,833.9410997999366,,,834.2252499999013,p,1,834.2253229999915,834.2326506997924,835.246795799816,835.2166347999591,0.2803905999753624,None,,,,,,,,,,,,,,,,,,,,202,1,short,A,2026-07-10_09h51.52.511,SBL_superimposed_encoding,,2026.1.3,119.53943850693051,2026-07-10 09h51.52.729903 -0400,
3,39,39,0,stimuli/scenes/scene_U1.jpg,Undersea,Tulon,stimuli/items/jungle_object_13.png,Jungle,object,si,p,1,0.355999399907887,None,0,2,2,2,0,39,39,39,,,,,835.246795799816,,,,,,,,,,,,,,,,,,,,,,,,,,,,,,,,,,,,,,,,835.2366032998543,835.246795799816,835.246795799816,837.2335784998722,837.2336785998195,837.2412552998867,837.2412552998867,,,837.6000503997784,p,1,837.6001047999598,837.607549799839,838.6243293997832,838.5910607997794,0.355999399907887,None,,,,,,,,,,,,,,,,,,,,202,1,short,A,2026-07-10_09h51.52.511,SBL_superimposed_encoding,,2026.1.3,119.53943850693051,2026-07-10 09h51.52.729903 -0400,
3,40,40,0,stimuli/scenes/scene_J1.jpg,Jungle,Negvi,stimuli/items/jungle_object_5.png,Jungle,object,sc,q,1,0.39719799999147654,None,0,2,2,2,0,40,40,40,,,,,838.6243293997832,,,,,,,,,,,,,,,,,,,,,,,,,,,,,,,,,,,,,,,,838.6172504997812,838.6243293997832,838.6243293997832,840.6004153999966,840.6005101997871,840.6076479998883,840.6076479998883,,,841.0086999998894,q,1,841.0087522999384,841.0159877999686,842.0246162998956,841.9997857999988,0.39719799999147654,None,,,,,,,,,,,,,,,,,,,,202,1,short,A,2026-07-10_09h51.52.511,SBL_superimposed_encoding,,2026.1.3,119.53943850693051,2026-07-10 09h51.52.729903 -0400,
3,41,41,0,stimuli/scenes/scene_U2.jpg,Undersea,Malbow,stimuli/items/undersea_object_8.png,Undersea,object,sc,q,1,0.2530066999606788,None,0,2,2,2,0,41,41,41,,,,,842.0246162998956,,,,,,,,,,,,,,,,,,,,,,,,,,,,,,,,,,,,,,,,842.0193332999479,842.0246162998956,842.0246162998956,844.0088937999681,844.0089352999348,844.0161400998477,844.0161400998477,,,844.2755088999402,q,1,844.2755620998796,844.2828801998403,845.297442499781,845.2665519998409,0.2530066999606788,None,,,,,,,,,,,844.0161400998477,844.0161400998477,,,,,,,,202,1,short,A,2026-07-10_09h51.52.511,SBL_superimposed_encoding,,2026.1.3,119.53943850693051,2026-07-10 09h51.52.729903 -0400,
3,42,42,0,stimuli/scenes/scene_U1.jpg,Undersea,Tulon,stimuli/items/undersea_animal_9.png,Undersea,animal,sc,q,1,0.5137283001095057,None,0,2,2,2,0,42,42,42,,,,,845.297442499781,,,,,,,,,,,,,,,,,,,,,,,,,,,,,,,,,,,,,,,,845.2871926999651,845.297442499781,845.297442499781,847.2835251998622,847.2835746000055,847.2909648998175,847.2909648998175,,,847.8088272998575,q,1,847.8088847999461,847.8161611999385,848.8391583999619,848.8000598999206,0.5137283001095057,None,,,,,,,,,,,,,,,,,,,,202,1,short,A,2026-07-10_09h51.52.511,SBL_superimposed_encoding,,2026.1.3,119.53943850693051,2026-07-10 09h51.52.729903 -0400,
3,43,43,0,stimuli/scenes/scene_J2.jpg,Jungle,Somar,stimuli/items/jungle_object_4.png,Jungle,object,sc,q,1,0.3008014999795705,None,0,2,2,2,0,43,43,43,,,,,848.8391583999619,,,,,,,,,,,,,,,,,,,,,,,,,,,,,,,,,,,,,,,,848.8275585998781,848.8391583999619,848.8391583999619,850.8089185999706,850.8089629998431,850.8163885998074,850.8163885998074,,,851.1255492998753,q,1,851.1256056998391,851.1332696999889,852.1473013998475,852.1167459997814,0.3008014999795705,None,,,,,,,,,,,,,,,,,,,,202,1,short,A,2026-07-10_09h51.52.511,SBL_superimposed_encoding,,2026.1.3,119.53943850693051,2026-07-10 09h51.52.729903 -0400,
3,44,44,0,stimuli/scenes/scene_U2.jpg,Undersea,Malbow,stimuli/items/undersea_animal_6.png,Undersea,animal,sc,q,1,0.38345859991386533,None,0,2,2,2,0,44,44,44,,,,,852.1473013998475,,,,,,,,,,,,,,,,,,,,,,,,,,,,,,,,,,,,,,,,852.1360926998314,852.1473013998475,852.1473013998475,854.1336282999255,854.1336716997903,854.1415113999974,854.1415113999974,,,854.5337123998906,q,1,854.5337673998438,854.5412056997884,855.5579794999212,855.5249561998062,0.38345859991386533,None,,,,,,,,,,,,,,,,,,,,202,1,short,A,2026-07-10_09h51.52.511,SBL_superimposed_encoding,,2026.1.3,119.53943850693051,2026-07-10 09h51.52.729903 -0400,
3,45,45,0,stimuli/scenes/scene_J2.jpg,Jungle,Somar,stimuli/items/undersea_object_12.png,Undersea,object,si,p,1,0.35102790012024343,None,0,2,2,2,0,45,45,45,,,,,855.5579794999212,,,,,,,,,,,,,,,,,,,,,,,,,,,,,,,,,,,,,,,,855.5500874998979,855.5579794999212,855.5579794999212,857.5423737999517,857.5424720998853,857.5498861998785,857.5498861998785,,,857.908734699944,p,1,857.9087917997967,857.9162339998875,858.9327342999168,858.9002064999659,0.35102790012024343,None,,,,,,,,,,,,,,,,,,,,202,1,short,A,2026-07-10_09h51.52.511,SBL_superimposed_encoding,,2026.1.3,119.53943850693051,2026-07-10 09h51.52.729903 -0400,
3,46,46,0,stimuli/scenes/scene_U1.jpg,Undersea,Tulon,stimuli/items/undersea_object_7.png,Undersea,object,sc,q,1,0.5120004999917,None,0,2,2,2,0,46,46,46,,,,,858.9327342999168,,,,,,,,,,,,,,,,,,,,,,,,,,,,,,,,,,,,,,,,858.923785299994,858.9327342999168,858.9327342999168,860.9170303998981,860.9170756998938,860.9249411998317,860.9249411998317,,,861.4424673998728,q,1,861.4425226999447,861.4498294999357,862.4582014000043,862.433275599964,0.5120004999917,None,,,,,,,,,,,,,,,,,,,,202,1,short,A,2026-07-10_09h51.52.511,SBL_superimposed_encoding,,2026.1.3,119.53943850693051,2026-07-10 09h51.52.729903 -0400,
3,47,47,0,stimuli/scenes/scene_U2.jpg,Undersea,Malbow,stimuli/items/undersea_object_20.png,Undersea,object,sc,q,1,0.25138500006869435,None,0,2,2,2,0,47,47,47,,,,,862.4582014000043,,,,,,,,,,,,,,,,,,,,,,,,,,,,,,,,,,,,,,,,862.4523640999105,862.4582014000043,862.4582014000043,864.4426767998375,864.4427195999306,864.4498779999558,864.4498779999558,,,864.7089733998291,q,1,864.7090268000029,864.7167140999809,865.7495666998439,865.7004145998508,0.25138500006869435,None,,,,,,,,,,,864.4498779999558,864.4498779999558,,,,,,,,202,1,short,A,2026-07-10_09h51.52.511,SBL_superimposed_encoding,,2026.1.3,119.53943850693051,2026-07-10 09h51.52.729903 -0400,
3,48,48,0,stimuli/scenes/scene_U1.jpg,Undersea,Tulon,stimuli/items/jungle_animal_12.png,Jungle,animal,si,p,1,0.2238874000031501,None,0,2,2,2,0,48,48,48,,,,,865.7495666998439,,,,,,,,,,,,,,,,,,,,,,,,,,,,,,,,,,,,,,,,865.7409473999869,865.7495666998439,865.7495666998439,867.7173760998994,867.717420999892,867.7250740998425,867.7250740998425,,,867.9503961999435,p,1,867.9504477998707,867.9583461999428,868.9744254997931,868.9419795998838,0.2238874000031501,None,,,,,,,,,,,,,,,,,,,,202,1,short,A,2026-07-10_09h51.52.511,SBL_superimposed_encoding,,2026.1.3,119.53943850693051,2026-07-10 09h51.52.729903 -0400,
3,49,49,0,stimuli/scenes/scene_J2.jpg,Jungle,Somar,stimuli/items/jungle_object_16.png,Jungle,object,sc,p,0,0.3347302000038326,None,0,2,2,2,0,49,49,49,,,,,868.9744254997931,,,,,,,,,,,,,,,,,,,,,,,,,,,,,,,,,,,,,,,,868.9638998999726,868.9744254997931,868.9744254997931,870.9506996998098,870.9507435997948,870.9583812998608,870.9583812998608,,,871.300783299841,p,0,871.3008366997819,871.3083825998474,872.3329719998874,872.292348699877,0.3347302000038326,None,,,,,,,,,,,,,,,,,,,,202,1,short,A,2026-07-10_09h51.52.511,SBL_superimposed_encoding,,2026.1.3,119.53943850693051,2026-07-10 09h51.52.729903 -0400,
3,50,50,0,stimuli/scenes/scene_J1.jpg,Jungle,Negvi,stimuli/items/jungle_object_17.png,Jungle,object,sc,q,1,0.25613049999810755,None,0,2,2,2,0,50,50,50,,,,,872.3329719998874,,,,,,,,,,,,,,,,,,,,,,,,,,,,,,,,,,,,,,,,872.3225394999608,872.3329719998874,872.3329719998874,874.3091696999036,874.3092725998722,874.3169297999702,874.3169297999702,,,874.5762097998522,q,1,874.5762648999225,874.5833023998421,875.5990995999891,875.5668989999685,0.25613049999810755,None,,,,,,,,,,,,,,,,,,,,202,1,short,A,2026-07-10_09h51.52.511,SBL_superimposed_encoding,,2026.1.3,119.53943850693051,2026-07-10 09h51.52.729903 -0400,
3,51,51,0,stimuli/scenes/scene_J2.jpg,Jungle,Somar,stimuli/items/jungle_object_6.png,Jungle,object,sc,q,1,0.533134900033474,None,0,2,2,2,0,51,51,51,,,,,875.5990995999891,,,,,,,,,,,,,,,,,,,,,,,,,,,,,,,,,,,,,,,,875.5875029999297,875.5990995999891,875.5990995999891,877.5844457999337,877.584541299846,877.5919309000019,877.5919309000019,,,878.1258892999031,q,1,878.1259436998516,878.1332700999919,879.1497784999665,879.1170764998533,0.533134900033474,None,,,,,,,,,,,,,,,,,,,,202,1,short,A,2026-07-10_09h51.52.511,SBL_superimposed_encoding,,2026.1.3,119.53943850693051,2026-07-10 09h51.52.729903 -0400,
3,52,52,0,stimuli/scenes/scene_J1.jpg,Jungle,Negvi,stimuli/items/jungle_object_10.png,Jungle,object,sc,q,1,0.41578979999758303,None,0,2,2,2,0,52,52,52,,,,,879.1497784999665,,,,,,,,,,,,,,,,,,,,,,,,,,,,,,,,,,,,,,,,879.1397384998854,879.1497784999665,879.1497784999665,881.1261866998393,881.126288899919,881.1334355999716,881.1334355999716,,,881.5509783998132,q,1,881.551034099888,881.558529399801,882.5747026999015,882.5424080998637,0.41578979999758303,None,,,,,,,,,,,,,,,,,,,,202,1,short,A,2026-07-10_09h51.52.511,SBL_superimposed_encoding,,2026.1.3,119.53943850693051,2026-07-10 09h51.52.729903 -0400,
3,53,53,0,stimuli/scenes/scene_U1.jpg,Undersea,Tulon,stimuli/items/jungle_object_2.png,Jungle,object,si,p,1,0.37435450009070337,None,0,2,2,2,0,53,53,53,,,,,882.5747026999015,,,,,,,,,,,,,,,,,,,,,,,,,,,,,,,,,,,,,,,,882.5656578999478,882.5747026999015,882.5747026999015,884.5592604998965,884.5593557998072,884.5668349999469,884.5668349999469,,,884.9424800998531,p,1,884.9425344998017,884.9504509998951,885.9666680998635,885.9341201998759,0.37435450009070337,None,,,,,,,,,,,,,,,,,,,,202,1,short,A,2026-07-10_09h51.52.511,SBL_superimposed_encoding,,2026.1.3,119.53943850693051,2026-07-10 09h51.52.729903 -0400,
3,54,54,0,stimuli/scenes/scene_J2.jpg,Jungle,Somar,stimuli/items/jungle_animal_19.png,Jungle,animal,sc,p,0,0.39911590004339814,None,0,2,2,2,0,54,54,54,,,,,885.9666680998635,,,,,,,,,,,,,,,,,,,,,,,,,,,,,,,,,,,,,,,,885.9578999998048,885.9666680998635,885.9666680998635,887.9427559999749,887.9428014999721,887.9504079998005,887.9504079998005,,,888.350810199976,p,0,888.3508655999321,888.3585303998552,889.375270599965,889.342338899849,0.39911590004339814,None,,,,,,,,,,,,,,,,,,,,202,1,short,A,2026-07-10_09h51.52.511,SBL_superimposed_encoding,,2026.1.3,119.53943850693051,2026-07-10 09h51.52.729903 -0400,
3,55,55,0,stimuli/scenes/scene_J1.jpg,Jungle,Negvi,stimuli/items/undersea_object_15.png,Undersea,object,si,q,0,0.4378685001283884,None,0,2,2,2,0,55,55,55,,,,,889.375270599965,,,,,,,,,,,,,,,,,,,,,,,,,,,,,,,,,,,,,,,,889.3670086998027,889.375270599965,889.375270599965,891.3591720999684,891.35921769985,891.3671605999116,891.3671605999116,,,891.8093119999394,q,0,891.8093681999017,891.8169791998807,892.8332833999302,892.8007989998441,0.4378685001283884,None,,,,,,,,,,,,,,,,,,,,202,1,short,A,2026-07-10_09h51.52.511,SBL_superimposed_encoding,,2026.1.3,119.53943850693051,2026-07-10 09h51.52.729903 -0400,
3,56,56,0,stimuli/scenes/scene_J2.jpg,Jungle,Somar,stimuli/items/undersea_animal_19.png,Undersea,animal,si,p,1,0.284005300141871,None,0,2,2,2,0,56,56,56,,,,,892.8332833999302,,,,,,,,,,,,,,,,,,,,,,,,,,,,,,,,,,,,,,,,892.8233061998617,892.8332833999302,892.8332833999302,894.8095562998205,894.8095997998025,894.8171167999972,894.8171167999972,,,895.109797099838,p,1,895.1098499998916,895.1170551998075,896.133266299963,896.1005558997858,0.284005300141871,None,,,,,,,,,,,,,,,,,,,,202,1,short,A,2026-07-10_09h51.52.511,SBL_superimposed_encoding,,2026.1.3,119.53943850693051,2026-07-10 09h51.52.729903 -0400,
3,57,57,0,stimuli/scenes/scene_J1.jpg,Jungle,Negvi,stimuli/items/jungle_animal_7.png,Jungle,animal,sc,q,1,0.495858300011605,None,0,2,2,2,0,57,57,57,,,,,896.133266299963,,,,,,,,,,,,,,,,,,,,,,,,,,,,,,,,,,,,,,,,896.1216132999398,896.133266299963,896.133266299963,898.1177720997948,898.1178161997814,898.1254111998715,898.1254111998715,,,898.626153799938,q,1,898.6262093998957,898.6341817998327,899.6502230998594,899.6177497999743,0.495858300011605,None,,,,,,,,,,,,,,,,,,,,202,1,short,A,2026-07-10_09h51.52.511,SBL_superimposed_encoding,,2026.1.3,119.53943850693051,2026-07-10 09h51.52.729903 -0400,
3,58,58,0,stimuli/scenes/scene_U2.jpg,Undersea,Malbow,stimuli/items/undersea_animal_12.png,Undersea,animal,sc,q,1,0.4027682999148965,None,0,2,2,2,0,58,58,58,,,,,899.6502230998594,,,,,,,,,,,,,,,,,,,,,,,,,,,,,,,,,,,,,,,,899.6427002998535,899.6502230998594,899.6502230998594,901.634632299887,901.6346939997748,901.6421577997971,901.6421577997971,,,902.0513287999202,q,1,902.0513839998748,902.05900189979,903.0749444998801,903.0428187998477,0.4027682999148965,None,,,,,,,,,,,,,,,,,,,,202,1,short,A,2026-07-10_09h51.52.511,SBL_superimposed_encoding,,2026.1.3,119.53943850693051,2026-07-10 09h51.52.729903 -0400,
3,59,59,0,stimuli/scenes/scene_U1.jpg,Undersea,Tulon,stimuli/items/jungle_object_15.png,Jungle,object,si,p,1,0.3140020000282675,None,0,2,2,2,0,59,59,59,,,,,903.0749444998801,,,,,,,,,,,,,,,,,,,,,,,,,,,,,,,,,,,,,,,,903.0650415997952,903.0749444998801,903.0749444998801,905.0515009998344,905.0515959998593,905.0589230000041,905.0589230000041,,,905.3762052999809,p,1,905.3762595998123,905.3840496998746,906.3996821998153,906.3679315999616,0.3140020000282675,None,,,,,,,,,,,,,,,,,,,,202,1,short,A,2026-07-10_09h51.52.511,SBL_superimposed_encoding,,2026.1.3,119.53943850693051,2026-07-10 09h51.52.729903 -0400,
3,60,60,0,stimuli/scenes/scene_J1.jpg,Jungle,Negvi,stimuli/items/jungle_animal_1.png,Jungle,animal,sc,q,1,0.3248386001214385,None,0,2,2,2,0,60,60,60,,,,,906.3996821998153,,,,,,,,,,,,,,,,,,,,,,,,,,,,,,,,,,,,,,,,906.3890087998006,906.3996821998153,906.3996821998153,908.3847240000032,908.3848178999033,908.3920763998758,908.3920763998758,,,908.7183193999808,q,1,908.7183749999385,908.7255221998785,909.7340472999495,909.7090872998815,0.3248386001214385,None,,,,,,,,,,,,,,,,,,,,202,1,short,A,2026-07-10_09h51.52.511,SBL_superimposed_encoding,,2026.1.3,119.53943850693051,2026-07-10 09h51.52.729903 -0400,
3,61,61,0,stimuli/scenes/scene_U2.jpg,Undersea,Malbow,stimuli/items/undersea_animal_16.png,Undersea,animal,sc,q,1,0.46345419995486736,None,0,2,2,2,0,61,61,61,,,,,909.7340472999495,,,,,,,,,,,,,,,,,,,,,,,,,,,,,,,,,,,,,,,,909.7281626998447,909.7340472999495,909.7340472999495,911.718282799935,911.7183236998972,911.7256021997891,911.7256021997891,,,912.193171299994,q,1,912.193226999836,912.2008641997818,913.2152332998812,913.1845660998952,0.46345419995486736,None,,,,,,,,,,,911.7256021997891,911.7256021997891,,,,,,,,202,1,short,A,2026-07-10_09h51.52.511,SBL_superimposed_encoding,,2026.1.3,119.53943850693051,2026-07-10 09h51.52.729903 -0400,
3,62,62,0,stimuli/scenes/scene_J1.jpg,Jungle,Negvi,stimuli/items/undersea_animal_14.png,Undersea,animal,si,p,1,0.30721940007060766,None,0,2,2,2,0,62,62,62,,,,,913.2152332998812,,,,,,,,,,,,,,,,,,,,,,,,,,,,,,,,,,,,,,,,913.2043196999002,913.2152332998812,913.2152332998812,915.2013023998588,915.2013461999595,915.209328299854,915.209328299854,,,915.5183454998769,p,1,915.5183992998209,915.5255836998112,916.5740416999906,916.5095729997847,0.30721940007060766,None,,,,,,,,,,,,,,,,,,,,202,1,short,A,2026-07-10_09h51.52.511,SBL_superimposed_encoding,,2026.1.3,119.53943850693051,2026-07-10 09h51.52.729903 -0400,
3,63,63,0,stimuli/scenes/scene_U1.jpg,Undersea,Tulon,stimuli/items/jungle_object_9.png,Jungle,object,si,p,1,0.29445670009590685,None,0,2,2,2,0,63,63,63,,,,,916.5740416999906,,,,,,,,,,,,,,,,,,,,,,,,,,,,,,,,,,,,,,,,916.5637342999689,916.5740416999906,916.5740416999906,918.5264754998498,918.5265204999596,918.5342199997976,918.5342199997976,,,918.8347276998684,p,1,918.8347802998032,918.8424477998633,919.8565420999657,919.826408599969,0.29445670009590685,None,,,,,,,,,,,,,,,,,,,,202,1,short,A,2026-07-10_09h51.52.511,SBL_superimposed_encoding,,2026.1.3,119.53943850693051,2026-07-10 09h51.52.729903 -0400,
3,64,64,0,stimuli/scenes/scene_U2.jpg,Undersea,Malbow,stimuli/items/jungle_object_1.png,Jungle,object,si,p,1,0.5399289999622852,None,0,2,2,2,0,64,64,64,,,,,919.8565420999657,,,,,,,,,,,,,,,,,,,,,,,,,,,,,,,,,,,,,,,,919.8464970998466,919.8565420999657,919.8565420999657,921.8350921999663,921.8351864998695,921.842602699995,921.842602699995,,,922.3850008998998,p,1,922.3850556998514,922.3925117999315,923.4167061999906,923.3765332999174,0.5399289999622852,None,,,,,,,,,,,,,,,,,,,,202,1,short,A,2026-07-10_09h51.52.511,SBL_superimposed_encoding,,2026.1.3,119.53943850693051,2026-07-10 09h51.52.729903 -0400,
3,65,65,0,stimuli/scenes/scene_J2.jpg,Jungle,Somar,stimuli/items/jungle_object_7.png,Jungle,object,sc,q,1,0.5882441999856383,None,0,2,2,2,0,65,65,65,,,,,923.4167061999906,,,,,,,,,,,,,,,,,,,,,,,,,,,,,,,,,,,,,,,,923.4052528999746,923.4167061999906,923.4167061999906,925.3853450999595,925.3854378999677,925.3928947998211,925.3928947998211,,,925.9846716998145,q,1,925.984727999894,925.9926600998733,927.008769299835,926.9767665998079,0.5882441999856383,None,,,,,,,,,,,,,,,,,,,,202,1,short,A,2026-07-10_09h51.52.511,SBL_superimposed_encoding,,2026.1.3,119.53943850693051,2026-07-10 09h51.52.729903 -0400,
3,66,66,0,stimuli/scenes/scene_J1.jpg,Jungle,Negvi,stimuli/items/jungle_object_20.png,Jungle,object,sc,q,1,0.699811500031501,None,0,2,2,2,0,66,66,66,,,,,927.008769299835,,,,,,,,,,,,,,,,,,,,,,,,,,,,,,,,,,,,,,,,926.9996225999203,927.008769299835,927.008769299835,928.9852999998257,928.9853430998046,928.9927854998969,928.9927854998969,,,929.693524699891,q,1,929.6935837999918,929.7007899999153,930.7171998999547,930.6848927999381,0.699811500031501,None,,,,,,,,,,,,,,,,,,,,202,1,short,A,2026-07-10_09h51.52.511,SBL_superimposed_encoding,,2026.1.3,119.53943850693051,2026-07-10 09h51.52.729903 -0400,
3,67,67,0,stimuli/scenes/scene_J2.jpg,Jungle,Somar,stimuli/items/undersea_animal_4.png,Undersea,animal,si,p,1,0.4557041998486966,None,0,2,2,2,0,67,67,67,,,,,930.7171998999547,,,,,,,,,,,,,,,,,,,,,,,,,,,,,,,,,,,,,,,,930.706619199831,930.7171998999547,930.7171998999547,932.702049799962,932.7021014997736,932.7095236999448,932.7095236999448,,,933.168901699828,p,1,933.1689577999059,933.1761201999616,934.1852745998185,934.1599458998535,0.4557041998486966,None,,,,,,,,,,,,,,,,,,,,202,1,short,A,2026-07-10_09h51.52.511,SBL_superimposed_encoding,,2026.1.3,119.53943850693051,2026-07-10 09h51.52.729903 -0400,
3,68,68,0,stimuli/scenes/scene_J1.jpg,Jungle,Negvi,stimuli/items/jungle_animal_13.png,Jungle,animal,sc,q,1,0.39640159998089075,None,0,2,2,2,0,68,68,68,,,,,934.1852745998185,,,,,,,,,,,,,,,,,,,,,,,,,,,,,,,,,,,,,,,,934.1801050999202,934.1852745998185,934.1852745998185,936.1687522998545,936.1687923998106,936.1763351999689,936.1763351999689,,,936.5770219999831,q,1,936.5770776998252,936.5846280998085,937.6007957998663,937.568066699896,0.39640159998089075,None,,,,,,,,,,,936.1763351999689,936.1763351999689,,,,,,,,202,1,short,A,2026-07-10_09h51.52.511,SBL_superimposed_encoding,,2026.1.3,119.53943850693051,2026-07-10 09h51.52.729903 -0400,
3,69,69,0,stimuli/scenes/scene_J2.jpg,Jungle,Somar,stimuli/items/undersea_object_13.png,Undersea,object,si,p,1,0.4523618998937309,None,0,2,2,2,0,69,69,69,,,,,937.6007957998663,,,,,,,,,,,,,,,,,,,,,,,,,,,,,,,,,,,,,,,,937.5908456000034,937.6007957998663,937.6007957998663,939.5854011999909,939.585470699938,939.5928208997939,939.5928208997939,,,940.0520800999366,p,1,940.0521370999049,940.0598035999574,941.076129199937,941.0433432999998,0.4523618998937309,None,,,,,,,,,,,,,,,,,,,,202,1,short,A,2026-07-10_09h51.52.511,SBL_superimposed_encoding,,2026.1.3,119.53943850693051,2026-07-10 09h51.52.729903 -0400,
3,70,70,0,stimuli/scenes/scene_J1.jpg,Jungle,Negvi,stimuli/items/jungle_animal_10.png,Jungle,animal,sc,q,1,0.3534230999648571,None,0,2,2,2,0,70,70,70,,,,,941.076129199937,,,,,,,,,,,,,,,,,,,,,,,,,,,,,,,,,,,,,,,,941.0681986999698,941.076129199937,941.076129199937,943.0600972999819,943.0601401999593,943.0679629999213,943.0679629999213,,,943.4268445998896,q,1,943.4268982999492,943.4347710998263,944.4507459998131,944.418665799778,0.3534230999648571,None,,,,,,,,,,,,,,,,,,,,202,1,short,A,2026-07-10_09h51.52.511,SBL_superimposed_encoding,,2026.1.3,119.53943850693051,2026-07-10 09h51.52.729903 -0400,
3,71,71,0,stimuli/scenes/scene_U2.jpg,Undersea,Malbow,stimuli/items/jungle_object_14.png,Jungle,object,si,p,1,0.2985088999848813,None,0,2,2,2,0,71,71,71,,,,,944.4507459998131,,,,,,,,,,,,,,,,,,,,,,,,,,,,,,,,,,,,,,,,944.4412887999788,944.4507459998131,944.4507459998131,946.4271577999461,946.427253899863,946.4348524999805,946.4348524999805,,,946.7353322999552,p,1,946.7353899998125,946.7427989998832,947.7591150999069,947.7266939999536,0.2985088999848813,None,,,,,,,,,,,,,,,,,,,,202,1,short,A,2026-07-10_09h51.52.511,SBL_superimposed_encoding,,2026.1.3,119.53943850693051,2026-07-10 09h51.52.729903 -0400,
3,72,72,0,stimuli/scenes/scene_J2.jpg,Jungle,Somar,stimuli/items/jungle_animal_17.png,Jungle,animal,sc,q,1,0.49420149996876717,None,0,2,2,2,0,72,72,72,,,,,947.7591150999069,,,,,,,,,,,,,,,,,,,,,,,,,,,,,,,,,,,,,,,,947.74785039993,947.7591150999069,947.7591150999069,949.7357829997782,949.7358590997756,949.7429911999498,949.7429911999498,,,950.2438535999972,q,1,950.2439084998332,950.2515899999999,951.2670074999332,951.2356290998869,0.49420149996876717,None,,,,,,,,,,,,,,,,,,,,202,1,short,A,2026-07-10_09h51.52.511,SBL_superimposed_encoding,,2026.1.3,119.53943850693051,2026-07-10 09h51.52.729903 -0400,
3,73,73,0,stimuli/scenes/scene_U2.jpg,Undersea,Malbow,stimuli/items/undersea_object_16.png,Undersea,object,sc,q,1,0.4327549000736326,None,0,2,2,2,0,73,73,73,,,,,951.2670074999332,,,,,,,,,,,,,,,,,,,,,,,,,,,,,,,,,,,,,,,,951.2558175998274,951.2670074999332,951.2670074999332,953.2521421997808,953.2522361997981,953.2600926999003,953.2600926999003,,,953.6938233999535,q,1,953.6938870998565,953.7013006999623,954.742927899817,954.6849345997907,0.4327549000736326,None,,,,,,,,,,,,,,,,,,,,202,1,short,A,2026-07-10_09h51.52.511,SBL_superimposed_encoding,,2026.1.3,119.53943850693051,2026-07-10 09h51.52.729903 -0400,
3,74,74,0,stimuli/scenes/scene_J2.jpg,Jungle,Somar,stimuli/items/undersea_animal_15.png,Undersea,animal,si,p,1,0.3277720999903977,None,0,2,2,2,0,74,74,74,,,,,954.742927899817,,,,,,,,,,,,,,,,,,,,,,,,,,,,,,,,,,,,,,,,954.7337153998669,954.742927899817,954.742927899817,956.7022548997775,956.7023509999271,956.7096712999046,956.7096712999046,,,957.0438499997836,p,1,957.0439029999543,957.0515671998728,958.0666245999746,958.0349094998091,0.3277720999903977,None,,,,,,,,,,,,,,,,,,,,202,1,short,A,2026-07-10_09h51.52.511,SBL_superimposed_encoding,,2026.1.3,119.53943850693051,2026-07-10 09h51.52.729903 -0400,
3,75,75,0,stimuli/scenes/scene_U2.jpg,Undersea,Malbow,stimuli/items/jungle_animal_4.png,Jungle,animal,si,p,1,0.36122590000741184,None,0,2,2,2,0,75,75,75,,,,,958.0666245999746,,,,,,,,,,,,,,,,,,,,,,,,,,,,,,,,,,,,,,,,958.0555608998984,958.0666245999746,958.0666245999746,960.0440606998745,960.044104399858,960.0519441999495,960.0519441999495,,,960.4188069999218,p,1,960.4188631998841,960.4265660999808,961.4433892997913,961.4105127998628,0.36122590000741184,None,,,,,,,,,,,,,,,,,,,,202,1,short,A,2026-07-10_09h51.52.511,SBL_superimposed_encoding,,2026.1.3,119.53943850693051,2026-07-10 09h51.52.729903 -0400,
3,76,76,0,stimuli/scenes/scene_U1.jpg,Undersea,Tulon,stimuli/items/undersea_object_5.png,Undersea,object,sc,q,1,0.3710647998377681,None,0,2,2,2,0,76,76,76,,,,,961.4433892997913,,,,,,,,,,,,,,,,,,,,,,,,,,,,,,,,,,,,,,,,961.437337399926,961.4433892997913,961.4433892997913,963.427389399847,963.4274351999629,963.4347500998992,963.4347500998992,,,963.8107788998168,q,1,963.8108339000028,963.8185917998198,964.8271021998953,964.8022457999177,0.3710647998377681,None,,,,,,,,,,,,,,,,,,,,202,1,short,A,2026-07-10_09h51.52.511,SBL_superimposed_encoding,,2026.1.3,119.53943850693051,2026-07-10 09h51.52.729903 -0400,
3,77,77,0,stimuli/scenes/scene_U2.jpg,Undersea,Malbow,stimuli/items/undersea_object_4.png,Undersea,object,sc,q,1,0.4748092999216169,None,0,2,2,2,0,77,77,77,,,,,964.8271021998953,,,,,,,,,,,,,,,,,,,,,,,,,,,,,,,,,,,,,,,,964.8214806998149,964.8271021998953,964.8271021998953,966.810706899967,966.8107484998181,966.8185462998226,966.8185462998226,,,967.2942762000021,q,1,967.294344099937,967.3015243997797,968.3184915999882,968.2851937999949,0.4748092999216169,None,,,,,,,,,,,966.8185462998226,966.8185462998226,,,,,,,,202,1,short,A,2026-07-10_09h51.52.511,SBL_superimposed_encoding,,2026.1.3,119.53943850693051,2026-07-10 09h51.52.729903 -0400,
3,78,78,0,stimuli/scenes/scene_J2.jpg,Jungle,Somar,stimuli/items/undersea_object_2.png,Undersea,object,si,p,1,0.5182709000073373,None,0,2,2,2,0,78,78,78,,,,,968.3184915999882,,,,,,,,,,,,,,,,,,,,,,,,,,,,,,,,,,,,,,,,968.3133472998161,968.3184915999882,968.3184915999882,970.3026092997752,970.3026531999931,970.3104048999958,970.3104048999958,,,970.8360353999306,p,1,970.8360911998898,970.8435604998376,971.8679739998188,971.8274927998427,0.5182709000073373,None,,,,,,,,,,,,,,,,,,,,202,1,short,A,2026-07-10_09h51.52.511,SBL_superimposed_encoding,,2026.1.3,119.53943850693051,2026-07-10 09h51.52.729903 -0400,
3,79,79,0,stimuli/scenes/scene_J1.jpg,Jungle,Negvi,stimuli/items/jungle_object_8.png,Jungle,object,sc,q,1,0.5127458998467773,None,0,2,2,2,0,79,79,79,,,,,971.8679739998188,,,,,,,,,,,,,,,,,,,,,,,,,,,,,,,,,,,,,,,,971.8571229998488,971.8679739998188,971.8679739998188,973.8438232999761,973.8438665999565,973.8522026999854,973.8522026999854,,,974.3690279999282,q,1,974.3690830999985,974.3769163999241,975.3765062999446,975.3607050999999,0.5127458998467773,None,,,,,,,,,,,,,,,,,,,,202,1,short,A,2026-07-10_09h51.52.511,SBL_superimposed_encoding,,2026.1.3,119.53943850693051,2026-07-10 09h51.52.729903 -0400,
,,,,,,,,,,,,,,,,,,,,,,,,,,,,,,,,,,,,,,,,,,,,,,,,,,,,,,,,,,,,,,,,,,,,,,,,,,,,,,,,,,,,,975.3664881999139,975.366705799941,,,,,,,,,,,975.373772099847,975.3765062999446,976.3603754998185,979.44431479997,space,3.076839700108394,None,202,1,short,A,2026-07-10_09h51.52.511,SBL_superimposed_encoding,,2026.1.3,119.53943850693051,2026-07-10 09h51.52.729903 -0400,
