run,thisN,thisTrialN,thisRepN,scene_stimulus,scene_cat,scene_label,item_stimulus,item_cat,item_type,congruency,key_resp_congruency.keys,key_resp_congruency.corr,key_resp_congruency.rt,key_resp_congruency.duration,runs.thisRepN,runs.thisTrialN,runs.thisN,runs.thisIndex,trials.thisRepN,trials.thisTrialN,trials.thisN,trials.thisIndex,between_run_inst.thisRepN,between_run_inst.thisTrialN,between_run_inst.thisN,between_run_inst.thisIndex,thisRow.t,notes,piloting,get_relatedness_keys.started,get_relatedness_keys.stopped,instructions_screen.started,text_instructions.started,key_welcome.started,instructions_screen.stopped,key_welcome.keys,key_welcome.rt,key_welcome.duration,instruction_keys.started,text_keys.started,key_resp_keysInst.started,instruction_keys.stopped,key_resp_keysInst.keys,key_resp_keysInst.rt,key_resp_keysInst.duration,scene_names_reminder.started,text_reminder.started,image1.started,image2.started,image3.started,image4.started,textbox1.started,textbox2.started,textbox3.started,textbox4.started,key_reminder.started,scene_names_reminder.stopped,key_reminder.keys,key_reminder.rt,key_reminder.duration,blank2000.started,text_2.started,text_2.stopped,blank2000.stopped,get_run_stim_list.started,get_run_stim_list.stopped,scene_item_presentation.started,image_scene.started,image_item.started,scene_item_presentation.stopped,congruency_response.started,text_congruency.started,key_resp_congruency.started,text_congruency.stopped,key_resp_congruency.stopped,congruency_response.stopped,trials.key_resp_congruency.keys,trials.key_resp_congruency.corr,blank1000.started,text.started,text.stopped,blank1000.stopped,trials.key_resp_congruency.rt,trials.key_resp_congruency.duration,image_scene.stopped,image_item.stopped,is_last_run.started,is_last_run.stopped,between_run_pause.started,text_run_pause.started,text_relatedness_pause.started,key_resp_next_run.started,between_run_pause.stopped,between_run_inst.key_resp_next_run.keys,between_run_inst.key_resp_next_run.rt,between_run_inst.key_resp_next_run.duration,end_screen.started,text_end.started,key_end.started,end_screen.stopped,key_end.keys,key_end.rt,key_end.duration,participant,session,delay,group,date,expName,expVersion,psychopyVersion,frameRate,expStart,
,,,,,,,,,,,,,,,,,,,,,,,,,,,,,False,0.0025581999798305333,0.002930199960246682,,,,,,,,,,,,,,,,,,,,,,,,,,,,,,,,,,,,,,,,,,,,,,,,,,,,,,,,,,,,,,,,,,,,,,,,,203,1,short,A,2026-07-10_10h16.11.098,SBL_superimposed_encoding,,2026.1.3,120.6736970761365,2026-07-10 10h16.11.316225 -0400,
,,,,,,,,,,,,,,,,,,,,,,,,,,,,,,,,0.0029597999528050423,0.008589099976234138,1.000405500002671,11.838779299985617,space,10.81979560002219,None,,,,,,,,,,,,,,,,,,,,,,,,,,,,,,,,,,,,,,,,,,,,,,,,,,,,,,,,,,,,,,,,,,203,1,short,A,2026-07-10_10h16.11.098,SBL_superimposed_encoding,,2026.1.3,120.6736970761365,2026-07-10 10h16.11.316225 -0400,
,,,,,,,,,,,,,,,,,,,,,,,,,,,,,,,,,,,,,,,11.865437100001145,11.86832670000149,11.86832670000149,15.084368799987715,space,3.2150686999666505,None,,,,,,,,,,,,,,,,,,,,,,,,,,,,,,,,,,,,,,,,,,,,,,,,,,,,,,,,,,,203,1,short,A,2026-07-10_10h16.11.098,SBL_superimposed_encoding,,2026.1.3,120.6736970761365,2026-07-10 10h16.11.316225 -0400,
,,,,,,,,,,,,,,,,,,,,,,,,,,,,,,,,,,,,,,,,,,,,,,15.219008999993093,15.295907899970189,15.295907899970189,15.295907899970189,15.295907899970189,15.295907899970189,15.295907899970189,15.295907899970189,15.295907899970189,15.295907899970189,17.075829799985513,49.05228179995902,space,31.975668099999893,None,,,,,,,,,,,,,,,,,,,,,,,,,,,,,,,,,,,,,,,,,,,,203,1,short,A,2026-07-10_10h16.11.098,SBL_superimposed_encoding,,2026.1.3,120.6736970761365,2026-07-10 10h16.11.316225 -0400,
,,,,,,,,,,,,,,,,,,,,,,,,,,,,,,,,,,,,,,,,,,,,,,,,,,,,,,,,,,,,,49.05232590000378,49.05930669995723,51.11789029999636,51.042866399977356,,,,,,,,,,,,,,,,,,,,,,,,,,,,,,,,,,,,,,,,203,1,short,A,2026-07-10_10h16.11.098,SBL_superimposed_encoding,,2026.1.3,120.6736970761365,2026-07-10 10h16.11.316225 -0400,
1,0,0,0,stimuli/scenes/scene_J2.jpg,Jungle,Negvi,stimuli/items/jungle_object_19.png,Jungle,object,sc,None,0,,,0,0,0,0,0,0,0,0,,,,,51.11789029999636,,,,,,,,,,,,,,,,,,,,,,,,,,,,,,,,,,,,,,51.05657419998897,51.05682880000677,51.11098979995586,51.11789029999636,51.11789029999636,53.06022539996775,53.06347160000587,53.06789740000386,53.06789740000386,54.05951379996259,54.05951379996259,54.05176619999111,None,0,54.05181309999898,54.05951379996259,55.08363129995996,55.04346199997235,,,,,,,,,,,,,,,,,,,,,,203,1,short,A,2026-07-10_10h16.11.098,SBL_superimposed_encoding,,2026.1.3,120.6736970761365,2026-07-10 10h16.11.316225 -0400,
1,1,1,0,stimuli/scenes/scene_J1.jpg,Jungle,Malbow,stimuli/items/jungle_object_9.png,Jungle,object,sc,None,0,,,0,0,0,0,0,1,1,1,,,,,55.08363129995996,,,,,,,,,,,,,,,,,,,,,,,,,,,,,,,,,,,,,,,,55.07323769998038,55.08363129995996,55.08363129995996,57.060225899971556,57.06032349995803,57.06786819995614,57.06786819995614,58.05946479999693,58.05946479999693,58.051659299992025,None,0,58.05170700000599,58.05946479999693,59.075725900009274,59.04319699999178,,,,,,,,,,,,,,,,,,,,,,203,1,short,A,2026-07-10_10h16.11.098,SBL_superimposed_encoding,,2026.1.3,120.6736970761365,2026-07-10 10h16.11.316225 -0400,
1,2,2,0,stimuli/scenes/scene_J2.jpg,Jungle,Negvi,stimuli/items/jungle_animal_16.png,Jungle,animal,sc,q,1,0.7523465999984182,None,0,0,0,0,0,2,2,2,,,,,59.075725900009274,,,,,,,,,,,,,,,,,,,,,,,,,,,,,,,,,,,,,,,,59.06615159998182,59.075725900009274,59.075725900009274,61.059986100008246,61.06003090000013,61.067817999981344,61.067817999981344,,,61.826977299991995,q,1,61.82703629997559,61.834394999954384,62.85837609996088,62.818399799987674,0.7523465999984182,None,,,,,,,,,,,,,,,,,,,,203,1,short,A,2026-07-10_10h16.11.098,SBL_superimposed_encoding,,2026.1.3,120.6736970761365,2026-07-10 10h16.11.316225 -0400,
1,3,3,0,stimuli/scenes/scene_U1.jpg,Undersea,Somar,stimuli/items/jungle_animal_3.png,Jungle,animal,si,p,1,0.6731353999930434,None,0,0,0,0,0,3,3,3,,,,,62.85837609996088,,,,,,,,,,,,,,,,,,,,,,,,,,,,,,,,,,,,,,,,62.84699249995174,62.85837609996088,62.85837609996088,64.83503759995801,64.83508299995447,64.84290829999372,64.84290829999372,,,65.51827020000201,p,1,65.51832909998484,65.52647119999165,66.54304159997264,66.50964889995521,0.6731353999930434,None,,,,,,,,,,,,,,,,,,,,203,1,short,A,2026-07-10_10h16.11.098,SBL_superimposed_encoding,,2026.1.3,120.6736970761365,2026-07-10 10h16.11.316225 -0400,
1,4,4,0,stimuli/scenes/scene_J2.jpg,Jungle,Negvi,stimuli/items/undersea_object_11.png,Undersea,object,si,p,1,0.6774098000023514,None,0,0,0,0,0,4,4,4,,,,,66.54304159997264,,,,,,,,,,,,,,,,,,,,,,,,,,,,,,,,,,,,,,,,66.53526809997857,66.54304159997264,66.54304159997264,68.52729659999022,68.52739499998279,68.53474209998967,68.53474209998967,,,69.21841049997602,p,1,69.21847079996951,69.2263047999586,70.24412909999955,70.20983619999606,0.6774098000023514,None,,,,,,,,,,,,,,,,,,,,203,1,short,A,2026-07-10_10h16.11.098,SBL_superimposed_encoding,,2026.1.3,120.6736970761365,2026-07-10 10h16.11.316225 -0400,
1,5,5,0,stimuli/scenes/scene_J1.jpg,Jungle,Malbow,stimuli/items/undersea_object_14.png,Undersea,object,si,p,1,0.9537250999710523,None,0,0,0,0,0,5,5,5,,,,,70.24412909999955,,,,,,,,,,,,,,,,,,,,,,,,,,,,,,,,,,,,,,,,70.23863109998638,70.24412909999955,70.24412909999955,72.21892129996559,72.21907409996493,72.22637659998145,72.22637659998145,,,73.18575189996045,p,1,73.18581150000682,73.1933097000001,74.20930299995234,74.17663000000175,0.9537250999710523,None,,,,,,,,,,,,,,,,,,,,203,1,short,A,2026-07-10_10h16.11.098,SBL_superimposed_encoding,,2026.1.3,120.6736970761365,2026-07-10 10h16.11.316225 -0400,
1,6,6,0,stimuli/scenes/scene_J2.jpg,Jungle,Negvi,stimuli/items/jungle_object_13.png,Jungle,object,sc,q,1,0.8818576000048779,None,0,0,0,0,0,6,6,6,,,,,74.20930299995234,,,,,,,,,,,,,,,,,,,,,,,,,,,,,,,,,,,,,,,,74.19939059996977,74.20930299995234,74.20930299995234,76.19368430000031,76.19372789998306,76.20142969995504,76.20142969995504,,,77.08573109999998,q,1,77.08578979998128,77.0931706999545,78.10914600000251,78.07668019999983,0.8818576000048779,None,,,,,,,,,,,,,,,,,,,,203,1,short,A,2026-07-10_10h16.11.098,SBL_superimposed_encoding,,2026.1.3,120.6736970761365,2026-07-10 10h16.11.316225 -0400,
1,7,7,0,stimuli/scenes/scene_J1.jpg,Jungle,Malbow,stimuli/items/undersea_animal_15.png,Undersea,animal,si,p,1,0.6618876000284217,None,0,0,0,0,0,7,7,7,,,,,78.10914600000251,,,,,,,,,,,,,,,,,,,,,,,,,,,,,,,,,,,,,,,,78.09797869995236,78.10914600000251,78.10914600000251,80.09406219999073,80.09416089998558,80.10148349998053,80.10148349998053,,,80.76872079999885,p,1,80.76878189999843,80.77637330000289,81.79314319998957,81.7604427000042,0.6618876000284217,None,,,,,,,,,,,,,,,,,,,,203,1,short,A,2026-07-10_10h16.11.098,SBL_superimposed_encoding,,2026.1.3,120.6736970761365,2026-07-10 10h16.11.316225 -0400,
1,8,8,0,stimuli/scenes/scene_J2.jpg,Jungle,Negvi,stimuli/items/jungle_animal_4.png,Jungle,animal,sc,q,1,0.9634854000178166,None,0,0,0,0,0,8,8,8,,,,,81.79314319998957,,,,,,,,,,,,,,,,,,,,,,,,,,,,,,,,,,,,,,,,81.78505059995223,81.79314319998957,81.79314319998957,83.77730329998303,83.77740339998854,83.78478489996633,83.78478489996633,,,84.75202299997909,q,1,84.75208339997334,84.75977589999093,85.77654990000883,85.74385510000866,0.9634854000178166,None,,,,,,,,,,,,,,,,,,,,203,1,short,A,2026-07-10_10h16.11.098,SBL_superimposed_encoding,,2026.1.3,120.6736970761365,2026-07-10 10h16.11.316225 -0400,
1,9,9,0,stimuli/scenes/scene_J1.jpg,Jungle,Malbow,stimuli/items/jungle_object_3.png,Jungle,object,sc,q,1,0.5561890000244603,None,0,0,0,0,0,9,9,9,,,,,85.77654990000883,,,,,,,,,,,,,,,,,,,,,,,,,,,,,,,,,,,,,,,,85.76825049996842,85.77654990000883,85.77654990000883,87.75229430000763,87.75238909997279,87.75968590000411,87.75968590000411,,,88.31907859997591,q,1,88.31913859996712,88.32637199998135,89.34321039996576,89.31056539999554,0.5561890000244603,None,,,,,,,,,,,,,,,,,,,,203,1,short,A,2026-07-10_10h16.11.098,SBL_superimposed_encoding,,2026.1.3,120.6736970761365,2026-07-10 10h16.11.316225 -0400,
1,10,10,0,stimuli/scenes/scene_U1.jpg,Undersea,Somar,stimuli/items/jungle_animal_15.png,Jungle,animal,si,p,1,0.5801586000015959,None,0,0,0,0,0,10,10,10,,,,,89.34321039996576,,,,,,,,,,,,,,,,,,,,,,,,,,,,,,,,,,,,,,,,89.33615489996737,89.34321039996576,89.34321039996576,91.32710519997636,91.32715069997357,91.33515030000126,91.33515030000126,,,91.91932619997533,p,1,91.91938549996121,91.92689499998232,92.94276499998523,92.91022499999963,0.5801586000015959,None,,,,,,,,,,,,,,,,,,,,203,1,short,A,2026-07-10_10h16.11.098,SBL_superimposed_encoding,,2026.1.3,120.6736970761365,2026-07-10 10h16.11.316225 -0400,
1,11,11,0,stimuli/scenes/scene_J2.jpg,Jungle,Negvi,stimuli/items/undersea_animal_8.png,Undersea,animal,si,p,1,0.7253112000180408,None,0,0,0,0,0,11,11,11,,,,,92.94276499998523,,,,,,,,,,,,,,,,,,,,,,,,,,,,,,,,,,,,,,,,92.93244579999009,92.94276499998523,92.94276499998523,94.92738799995277,94.92750779999187,94.93477170000551,94.93477170000551,,,95.66918520000763,p,1,95.66924389998894,95.6769198999973,96.6930783999851,96.6604565999587,0.7253112000180408,None,,,,,,,,,,,,,,,,,,,,203,1,short,A,2026-07-10_10h16.11.098,SBL_superimposed_encoding,,2026.1.3,120.6736970761365,2026-07-10 10h16.11.316225 -0400,
1,12,12,0,stimuli/scenes/scene_U1.jpg,Undersea,Somar,stimuli/items/undersea_object_15.png,Undersea,object,sc,q,1,0.8459942999761552,None,0,0,0,0,0,12,12,12,,,,,96.6930783999851,,,,,,,,,,,,,,,,,,,,,,,,,,,,,,,,,,,,,,,,96.68418429995654,96.6930783999851,96.6930783999851,98.67750739998883,98.6776044999715,98.68533539999044,98.68533539999044,,,99.53595920000225,q,1,99.53601789998356,99.54338950000238,100.5593971000053,100.52729030000046,0.8459942999761552,None,,,,,,,,,,,,,,,,,,,,203,1,short,A,2026-07-10_10h16.11.098,SBL_superimposed_encoding,,2026.1.3,120.6736970761365,2026-07-10 10h16.11.316225 -0400,
1,13,13,0,stimuli/scenes/scene_J2.jpg,Jungle,Negvi,stimuli/items/jungle_object_15.png,Jungle,object,sc,None,0,,,0,0,0,0,0,13,13,13,,,,,100.5593971000053,,,,,,,,,,,,,,,,,,,,,,,,,,,,,,,,,,,,,,,,100.54768999997759,100.5593971000053,100.5593971000053,102.54394269996556,102.54398610000499,102.55199599999469,102.55199599999469,103.54337269999087,103.54337269999087,103.53558199998224,None,0,103.53562959999545,103.54337269999087,104.56636219995562,104.52730789995985,,,,,,,,,,,,,,,,,,,,,,203,1,short,A,2026-07-10_10h16.11.098,SBL_superimposed_encoding,,2026.1.3,120.6736970761365,2026-07-10 10h16.11.316225 -0400,
1,14,14,0,stimuli/scenes/scene_U2.jpg,Undersea,Tulon,stimuli/items/jungle_animal_10.png,Jungle,animal,si,p,1,0.6440169999841601,None,0,0,0,0,0,14,14,14,,,,,104.56636219995562,,,,,,,,,,,,,,,,,,,,,,,,,,,,,,,,,,,,,,,,104.55482089996804,104.56636219995562,104.56636219995562,106.54397159995278,106.54401749995304,106.55175909999525,106.55175909999525,,,107.20238599996082,p,1,107.20244819996879,107.20997679996071,108.22574019996682,108.19398260000162,0.6440169999841601,None,,,,,,,,,,,,,,,,,,,,203,1,short,A,2026-07-10_10h16.11.098,SBL_superimposed_encoding,,2026.1.3,120.6736970761365,2026-07-10 10h16.11.316225 -0400,
1,15,15,0,stimuli/scenes/scene_U1.jpg,Undersea,Somar,stimuli/items/undersea_animal_6.png,Undersea,animal,sc,q,1,0.8256768000428565,None,0,0,0,0,0,15,15,15,,,,,108.22574019996682,,,,,,,,,,,,,,,,,,,,,,,,,,,,,,,,,,,,,,,,108.21548339998117,108.22574019996682,108.22574019996682,110.20295599999372,110.20300039998256,110.2103053999599,110.2103053999599,,,111.04419489996508,q,1,111.04425479995552,111.05194179998944,112.06617539998842,112.03579150000587,0.8256768000428565,None,,,,,,,,,,,,,,,,,,,,203,1,short,A,2026-07-10_10h16.11.098,SBL_superimposed_encoding,,2026.1.3,120.6736970761365,2026-07-10 10h16.11.316225 -0400,
1,16,16,0,stimuli/scenes/scene_U2.jpg,Undersea,Tulon,stimuli/items/undersea_object_3.png,Undersea,object,sc,q,1,0.7273198000038974,None,0,0,0,0,0,16,16,16,,,,,112.06617539998842,,,,,,,,,,,,,,,,,,,,,,,,,,,,,,,,,,,,,,,,112.05565599998226,112.06617539998842,112.06617539998842,114.04451749997679,114.04461389995413,114.05189669999527,114.05189669999527,,,114.78585339995334,q,1,114.78591149998829,114.793575699965,115.81826719996752,115.77761549997376,0.7273198000038974,None,,,,,,,,,,,,,,,,,,,,203,1,short,A,2026-07-10_10h16.11.098,SBL_superimposed_encoding,,2026.1.3,120.6736970761365,2026-07-10 10h16.11.316225 -0400,
1,17,17,0,stimuli/scenes/scene_J1.jpg,Jungle,Malbow,stimuli/items/undersea_animal_19.png,Undersea,animal,si,p,1,0.6826595999882556,None,0,0,0,0,0,17,17,17,,,,,115.81826719996752,,,,,,,,,,,,,,,,,,,,,,,,,,,,,,,,,,,,,,,,115.80743119999534,115.81826719996752,115.81826719996752,117.78629189997446,117.78633539995644,117.79340749996481,117.79340749996481,,,118.47786709998036,p,1,118.47792729997309,118.4854548999574,119.50992350000888,119.46885939995991,0.6826595999882556,None,,,,,,,,,,,,,,,,,,,,203,1,short,A,2026-07-10_10h16.11.098,SBL_superimposed_encoding,,2026.1.3,120.6736970761365,2026-07-10 10h16.11.316225 -0400,
1,18,18,0,stimuli/scenes/scene_J2.jpg,Jungle,Negvi,stimuli/items/jungle_animal_6.png,Jungle,animal,sc,q,1,0.7740870999987237,None,0,0,0,0,0,18,18,18,,,,,119.50992350000888,,,,,,,,,,,,,,,,,,,,,,,,,,,,,,,,,,,,,,,,119.49893100000918,119.50992350000888,119.50992350000888,121.48637679999229,121.48647199996049,121.49369919998571,121.49369919998571,,,122.26965959998779,q,1,122.26972029998433,122.27684690000024,123.2933500999934,123.26127999997698,0.7740870999987237,None,,,,,,,,,,,,,,,,,,,,203,1,short,A,2026-07-10_10h16.11.098,SBL_superimposed_encoding,,2026.1.3,120.6736970761365,2026-07-10 10h16.11.316225 -0400,
1,19,19,0,stimuli/scenes/scene_J1.jpg,Jungle,Malbow,stimuli/items/undersea_object_8.png,Undersea,object,si,p,1,0.7418175000348128,None,0,0,0,0,0,19,19,19,,,,,123.2933500999934,,,,,,,,,,,,,,,,,,,,,,,,,,,,,,,,,,,,,,,,123.28353650000645,123.2933500999934,123.2933500999934,125.27750169998035,125.27754589996766,125.28559869999299,125.28559869999299,,,126.0281915999949,p,1,126.02825569995912,126.0358190999832,127.05154179997044,127.01912670000456,0.7418175000348128,None,,,,,,,,,,,,,,,,,,,,203,1,short,A,2026-07-10_10h16.11.098,SBL_superimposed_encoding,,2026.1.3,120.6736970761365,2026-07-10 10h16.11.316225 -0400,
1,20,20,0,stimuli/scenes/scene_J2.jpg,Jungle,Negvi,stimuli/items/undersea_object_1.png,Undersea,object,si,p,1,0.7282256999751553,None,0,0,0,0,0,20,20,20,,,,,127.05154179997044,,,,,,,,,,,,,,,,,,,,,,,,,,,,,,,,,,,,,,,,127.04061209998326,127.05154179997044,127.05154179997044,129.0364066999755,129.03649599995697,129.04389049997553,129.04389049997553,,,129.77799249999225,p,1,129.7780528999865,129.78557219996583,130.80222549999598,130.769048999995,0.7282256999751553,None,,,,,,,,,,,,,,,,,,,,203,1,short,A,2026-07-10_10h16.11.098,SBL_superimposed_encoding,,2026.1.3,120.6736970761365,2026-07-10 10h16.11.316225 -0400,
1,21,21,0,stimuli/scenes/scene_U2.jpg,Undersea,Tulon,stimuli/items/jungle_object_20.png,Jungle,object,si,q,0,0.9623494999832474,None,0,0,0,0,0,21,21,21,,,,,130.80222549999598,,,,,,,,,,,,,,,,,,,,,,,,,,,,,,,,,,,,,,,,130.7951805999619,130.80222549999598,130.80222549999598,132.78646959998878,132.7865473999991,132.79373809997924,132.79373809997924,,,133.76087800000096,q,0,133.7609370999853,133.76896529999794,134.78510249999817,134.75281609996455,0.9623494999832474,None,,,,,,,,,,,,,,,,,,,,203,1,short,A,2026-07-10_10h16.11.098,SBL_superimposed_encoding,,2026.1.3,120.6736970761365,2026-07-10 10h16.11.316225 -0400,
1,22,22,0,stimuli/scenes/scene_J1.jpg,Jungle,Malbow,stimuli/items/jungle_object_1.png,Jungle,object,sc,q,1,0.8598859999910928,None,0,0,0,0,0,22,22,22,,,,,134.78510249999817,,,,,,,,,,,,,,,,,,,,,,,,,,,,,,,,,,,,,,,,134.77508749999106,134.78510249999817,134.78510249999817,136.7612739999895,136.7613699999638,136.76913729996886,136.76913729996886,,,137.63622679997934,q,1,137.63628779997816,137.64416520000668,138.66012269997736,138.62758579995716,0.8598859999910928,None,,,,,,,,,,,,,,,,,,,,203,1,short,A,2026-07-10_10h16.11.098,SBL_superimposed_encoding,,2026.1.3,120.6736970761365,2026-07-10 10h16.11.316225 -0400,
1,23,23,0,stimuli/scenes/scene_U1.jpg,Undersea,Somar,stimuli/items/jungle_object_7.png,Jungle,object,si,p,1,0.4241755999973975,None,0,0,0,0,0,23,23,23,,,,,138.66012269997736,,,,,,,,,,,,,,,,,,,,,,,,,,,,,,,,,,,,,,,,138.65193459996954,138.66012269997736,138.66012269997736,140.6364488999825,140.63649509998504,140.64391499996418,140.64391499996418,,,141.07000519998837,p,1,141.0700683000032,141.0773552999599,142.0939983999706,142.06107319996227,0.4241755999973975,None,,,,,,,,,,,,,,,,,,,,203,1,short,A,2026-07-10_10h16.11.098,SBL_superimposed_encoding,,2026.1.3,120.6736970761365,2026-07-10 10h16.11.316225 -0400,
1,24,24,0,stimuli/scenes/scene_J1.jpg,Jungle,Malbow,stimuli/items/jungle_animal_2.png,Jungle,animal,sc,q,1,0.5502445999882184,None,0,0,0,0,0,24,24,24,,,,,142.0939983999706,,,,,,,,,,,,,,,,,,,,,,,,,,,,,,,,,,,,,,,,142.0862109999871,142.0939983999706,142.0939983999706,144.07778409996536,144.07782829995267,144.08576099999482,144.08576099999482,,,144.63697499997215,q,1,144.63703290000558,144.64405679999618,145.65944799996214,145.6279825999518,0.5502445999882184,None,,,,,,,,,,,,,,,,,,,,203,1,short,A,2026-07-10_10h16.11.098,SBL_superimposed_encoding,,2026.1.3,120.6736970761365,2026-07-10 10h16.11.316225 -0400,
1,25,25,0,stimuli/scenes/scene_U1.jpg,Undersea,Somar,stimuli/items/jungle_animal_18.png,Jungle,animal,si,p,1,0.8875816999934614,None,0,0,0,0,0,25,25,25,,,,,145.65944799996214,,,,,,,,,,,,,,,,,,,,,,,,,,,,,,,,,,,,,,,,145.64882389997365,145.65944799996214,145.65944799996214,147.64477319997968,147.64481679996243,147.65241300000343,147.65241300000343,,,148.54491389996838,p,1,148.5449727999512,148.55284959997516,149.56871439999668,149.53576810000231,0.8875816999934614,None,,,,,,,,,,,,,,,,,,,,203,1,short,A,2026-07-10_10h16.11.098,SBL_superimposed_encoding,,2026.1.3,120.6736970761365,2026-07-10 10h16.11.316225 -0400,
1,26,26,0,stimuli/scenes/scene_J1.jpg,Jungle,Malbow,stimuli/items/undersea_object_4.png,Undersea,object,si,q,0,0.5393310000072233,None,0,0,0,0,0,26,26,26,,,,,149.56871439999668,,,,,,,,,,,,,,,,,,,,,,,,,,,,,,,,,,,,,,,,149.55946299998323,149.56871439999668,149.56871439999668,151.54503609996755,151.5450809999602,151.55264680000255,151.55264680000255,,,152.09487629996147,q,0,152.09493809996638,152.10260119999293,153.11757389997365,153.08638309995877,0.5393310000072233,None,,,,,,,,,,,,,,,,,,,,203,1,short,A,2026-07-10_10h16.11.098,SBL_superimposed_encoding,,2026.1.3,120.6736970761365,2026-07-10 10h16.11.316225 -0400,
1,27,27,0,stimuli/scenes/scene_U1.jpg,Undersea,Somar,stimuli/items/jungle_object_5.png,Jungle,object,si,q,0,0.6610642999876291,None,0,0,0,0,0,27,27,27,,,,,153.11757389997365,,,,,,,,,,,,,,,,,,,,,,,,,,,,,,,,,,,,,,,,153.1073527999688,153.11757389997365,153.11757389997365,155.10354599996936,155.1035913999658,155.11094499996398,155.11094499996398,,,155.77824269997654,q,0,155.7783022999647,155.78600500000175,156.80212939996272,156.76996559998952,0.6610642999876291,None,,,,,,,,,,,,,,,,,,,,203,1,short,A,2026-07-10_10h16.11.098,SBL_superimposed_encoding,,2026.1.3,120.6736970761365,2026-07-10 10h16.11.316225 -0400,
1,28,28,0,stimuli/scenes/scene_J1.jpg,Jungle,Malbow,stimuli/items/jungle_object_2.png,Jungle,object,sc,q,1,0.3139900999958627,None,0,0,0,0,0,28,28,28,,,,,156.80212939996272,,,,,,,,,,,,,,,,,,,,,,,,,,,,,,,,,,,,,,,,156.7925785999978,156.80212939996272,156.80212939996272,158.77849669998977,158.77859409997473,158.78598509996664,158.78598509996664,,,159.10365619999357,q,1,159.10371449997183,159.11105609999504,160.12722159997793,160.09481819998473,0.3139900999958627,None,,,,,,,,,,,,,,,,,,,,203,1,short,A,2026-07-10_10h16.11.098,SBL_superimposed_encoding,,2026.1.3,120.6736970761365,2026-07-10 10h16.11.316225 -0400,
1,29,29,0,stimuli/scenes/scene_U2.jpg,Undersea,Tulon,stimuli/items/undersea_animal_16.png,Undersea,animal,sc,q,1,0.4368804999976419,None,0,0,0,0,0,29,29,29,,,,,160.12722159997793,,,,,,,,,,,,,,,,,,,,,,,,,,,,,,,,,,,,,,,,160.11843029997544,160.12722159997793,160.12722159997793,162.11190669995267,162.11200429999735,162.11933219997445,162.11933219997445,,,162.56156589998864,q,1,162.56162519997451,162.56935199996224,163.58556689997204,163.5532988999621,0.4368804999976419,None,,,,,,,,,,,,,,,,,,,,203,1,short,A,2026-07-10_10h16.11.098,SBL_superimposed_encoding,,2026.1.3,120.6736970761365,2026-07-10 10h16.11.316225 -0400,
1,30,30,0,stimuli/scenes/scene_J1.jpg,Jungle,Malbow,stimuli/items/undersea_animal_14.png,Undersea,animal,si,p,1,0.7470243000425398,None,0,0,0,0,0,30,30,30,,,,,163.58556689997204,,,,,,,,,,,,,,,,,,,,,,,,,,,,,,,,,,,,,,,,163.576262699964,163.58556689997204,163.58556689997204,165.5618073999649,165.56185199995525,165.569075300009,165.569075300009,,,166.32008019997738,p,1,166.32014009996783,166.32790979999118,167.3432540000067,167.3117656999966,0.7470243000425398,None,,,,,,,,,,,,,,,,,,,,203,1,short,A,2026-07-10_10h16.11.098,SBL_superimposed_encoding,,2026.1.3,120.6736970761365,2026-07-10 10h16.11.316225 -0400,
1,31,31,0,stimuli/scenes/scene_U2.jpg,Undersea,Tulon,stimuli/items/undersea_animal_12.png,Undersea,animal,sc,q,1,0.844258599972818,None,0,0,0,0,0,31,31,31,,,,,167.3432540000067,,,,,,,,,,,,,,,,,,,,,,,,,,,,,,,,,,,,,,,,167.33305509999627,167.3432540000067,167.3432540000067,169.32037909998326,169.32046109996736,169.32788259995868,169.32788259995868,,,170.17854369996348,q,1,170.17860300000757,170.18631849996746,171.2106983999838,171.16941999999108,0.844258599972818,None,,,,,,,,,,,,,,,,,,,,203,1,short,A,2026-07-10_10h16.11.098,SBL_superimposed_encoding,,2026.1.3,120.6736970761365,2026-07-10 10h16.11.316225 -0400,
1,32,32,0,stimuli/scenes/scene_J2.jpg,Jungle,Negvi,stimuli/items/undersea_object_16.png,Undersea,object,si,p,1,0.6330782999866642,None,0,0,0,0,0,32,32,32,,,,,171.2106983999838,,,,,,,,,,,,,,,,,,,,,,,,,,,,,,,,,,,,,,,,171.19930659997044,171.2106983999838,171.2106983999838,173.17865239997627,173.17869689996587,173.18615580000915,173.18615580000915,,,173.820162399963,p,1,173.82023109996226,173.82793229998788,174.84400539996568,174.8113458000007,0.6330782999866642,None,,,,,,,,,,,,,,,,,,,,203,1,short,A,2026-07-10_10h16.11.098,SBL_superimposed_encoding,,2026.1.3,120.6736970761365,2026-07-10 10h16.11.316225 -0400,
1,33,33,0,stimuli/scenes/scene_U2.jpg,Undersea,Tulon,stimuli/items/undersea_animal_7.png,Undersea,animal,sc,q,1,0.5123457000008784,None,0,0,0,0,0,33,33,33,,,,,174.84400539996568,,,,,,,,,,,,,,,,,,,,,,,,,,,,,,,,,,,,,,,,174.83398969995324,174.84400539996568,174.84400539996568,176.8203447999549,176.82042239996372,176.82782889995724,176.82782889995724,,,177.34516619995702,q,1,177.34522540000034,177.3528827999835,178.3747934999992,178.33648249995895,0.5123457000008784,None,,,,,,,,,,,,,,,,,,,,203,1,short,A,2026-07-10_10h16.11.098,SBL_superimposed_encoding,,2026.1.3,120.6736970761365,2026-07-10 10h16.11.316225 -0400,
1,34,34,0,stimuli/scenes/scene_U1.jpg,Undersea,Somar,stimuli/items/jungle_object_17.png,Jungle,object,si,p,1,0.250460299954284,None,0,0,0,0,0,34,34,34,,,,,178.3747934999992,,,,,,,,,,,,,,,,,,,,,,,,,,,,,,,,,,,,,,,,178.36421619995963,178.3747934999992,178.3747934999992,180.3456958999741,180.34579669998493,180.3531347999815,180.3531347999815,,,180.61223629995948,p,1,180.6122946999967,180.61970250000013,181.63514989998657,181.60361890000058,0.250460299954284,None,,,,,,,,,,,,,,,,,,,,203,1,short,A,2026-07-10_10h16.11.098,SBL_superimposed_encoding,,2026.1.3,120.6736970761365,2026-07-10 10h16.11.316225 -0400,
1,35,35,0,stimuli/scenes/scene_U2.jpg,Undersea,Tulon,stimuli/items/jungle_object_10.png,Jungle,object,si,p,1,0.39902720000827685,None,0,0,0,0,0,35,35,35,,,,,181.63514989998657,,,,,,,,,,,,,,,,,,,,,,,,,,,,,,,,,,,,,,,,181.62478509999346,181.63514989998657,181.63514989998657,183.62043389998144,183.62047989998246,183.62825589999557,183.62825589999557,,,184.0286016999744,p,1,184.0286594000063,184.03626419999637,185.05136529996525,185.02034789999016,0.39902720000827685,None,,,,,,,,,,,,,,,,,,,,203,1,short,A,2026-07-10_10h16.11.098,SBL_superimposed_encoding,,2026.1.3,120.6736970761365,2026-07-10 10h16.11.316225 -0400,
1,36,36,0,stimuli/scenes/scene_U1.jpg,Undersea,Somar,stimuli/items/jungle_animal_1.png,Jungle,animal,si,p,1,0.5667670999537222,None,0,0,0,0,0,36,36,36,,,,,185.05136529996525,,,,,,,,,,,,,,,,,,,,,,,,,,,,,,,,,,,,,,,,185.04091979999794,185.05136529996525,185.05136529996525,187.03715329995612,187.0372552999761,187.04484990000492,187.04484990000492,,,187.62047119997442,p,1,187.62053989997366,187.62805429997388,188.64355409995187,188.6113941000076,0.5667670999537222,None,,,,,,,,,,,,,,,,,,,,203,1,short,A,2026-07-10_10h16.11.098,SBL_superimposed_encoding,,2026.1.3,120.6736970761365,2026-07-10 10h16.11.316225 -0400,
1,37,37,0,stimuli/scenes/scene_U2.jpg,Undersea,Tulon,stimuli/items/jungle_animal_7.png,Jungle,animal,si,p,1,0.5669398999889381,None,0,0,0,0,0,37,37,37,,,,,188.64355409995187,,,,,,,,,,,,,,,,,,,,,,,,,,,,,,,,,,,,,,,,188.63338579999981,188.64355409995187,188.64355409995187,190.62056630000006,190.62061109999195,190.62814439996146,190.62814439996146,,,191.19583519996377,p,1,191.19589519995498,191.20306400000118,192.22772019996773,192.1866982000065,0.5669398999889381,None,,,,,,,,,,,,,,,,,,,,203,1,short,A,2026-07-10_10h16.11.098,SBL_superimposed_encoding,,2026.1.3,120.6736970761365,2026-07-10 10h16.11.316225 -0400,
1,38,38,0,stimuli/scenes/scene_J2.jpg,Jungle,Negvi,stimuli/items/jungle_animal_9.png,Jungle,animal,sc,q,1,0.7445570999989286,None,0,0,0,0,0,38,38,38,,,,,192.22772019996773,,,,,,,,,,,,,,,,,,,,,,,,,,,,,,,,,,,,,,,,192.2174410999869,192.22772019996773,192.22772019996773,194.2042511999607,194.20434090000344,194.21148509997874,194.21148509997874,,,194.96205089997966,q,1,194.96211069996934,194.97012559999712,195.9869691999629,195.95369049999863,0.7445570999989286,None,,,,,,,,,,,,,,,,,,,,203,1,short,A,2026-07-10_10h16.11.098,SBL_superimposed_encoding,,2026.1.3,120.6736970761365,2026-07-10 10h16.11.316225 -0400,
1,39,39,0,stimuli/scenes/scene_J1.jpg,Jungle,Malbow,stimuli/items/jungle_animal_14.png,Jungle,animal,sc,q,1,0.43336020002607256,None,0,0,0,0,0,39,39,39,,,,,195.9869691999629,,,,,,,,,,,,,,,,,,,,,,,,,,,,,,,,,,,,,,,,195.98174550000113,195.9869691999629,195.9869691999629,197.97041339997668,197.9704572999617,197.9784162999713,197.9784162999713,,,198.42077009996865,q,1,198.42082899995148,198.42826459999196,199.4442612999701,199.41211420000764,0.43336020002607256,None,,,,,,,,,,,,,,,,,,,,203,1,short,A,2026-07-10_10h16.11.098,SBL_superimposed_encoding,,2026.1.3,120.6736970761365,2026-07-10 10h16.11.316225 -0400,
1,40,40,0,stimuli/scenes/scene_U2.jpg,Undersea,Tulon,stimuli/items/jungle_object_16.png,Jungle,object,si,p,1,0.30360089999157935,None,0,0,0,0,0,40,40,40,,,,,199.4442612999701,,,,,,,,,,,,,,,,,,,,,,,,,,,,,,,,,,,,,,,,199.43403399997624,199.4442612999701,199.4442612999701,201.42876189999515,201.42880669998704,201.4365708999685,201.4365708999685,,,201.74568009999348,p,1,201.745736199955,201.75313589995494,202.7695816999767,202.73664189997362,0.30360089999157935,None,,,,,,,,,,,,,,,,,,,,203,1,short,A,2026-07-10_10h16.11.098,SBL_superimposed_encoding,,2026.1.3,120.6736970761365,2026-07-10 10h16.11.316225 -0400,
1,41,41,0,stimuli/scenes/scene_J2.jpg,Jungle,Negvi,stimuli/items/undersea_animal_3.png,Undersea,animal,si,p,1,0.22631040000123903,None,0,0,0,0,0,41,41,41,,,,,202.7695816999767,,,,,,,,,,,,,,,,,,,,,,,,,,,,,,,,,,,,,,,,202.7592139999615,202.7695816999767,202.7695816999767,204.75414179998916,204.7541853999719,204.76170559995808,204.76170559995808,,,204.99579009995796,p,1,204.99584679998225,205.00342279998586,206.019598999992,205.9870328999823,0.22631040000123903,None,,,,,,,,,,,,,,,,,,,,203,1,short,A,2026-07-10_10h16.11.098,SBL_superimposed_encoding,,2026.1.3,120.6736970761365,2026-07-10 10h16.11.316225 -0400,
1,42,42,0,stimuli/scenes/scene_U2.jpg,Undersea,Tulon,stimuli/items/jungle_animal_13.png,Jungle,animal,si,p,1,0.8962529000127688,None,0,0,0,0,0,42,42,42,,,,,206.019598999992,,,,,,,,,,,,,,,,,,,,,,,,,,,,,,,,,,,,,,,,206.00804539996898,206.019598999992,206.019598999992,208.004142699996,208.00418809999246,208.0118485999992,208.0118485999992,,,208.91233689995715,p,1,208.9123954999959,208.91993239999283,209.93680759996641,209.90402919996995,0.8962529000127688,None,,,,,,,,,,,,,,,,,,,,203,1,short,A,2026-07-10_10h16.11.098,SBL_superimposed_encoding,,2026.1.3,120.6736970761365,2026-07-10 10h16.11.316225 -0400,
1,43,43,0,stimuli/scenes/scene_J1.jpg,Jungle,Malbow,stimuli/items/undersea_object_20.png,Undersea,object,si,p,1,0.25142630003392696,None,0,0,0,0,0,43,43,43,,,,,209.93680759996641,,,,,,,,,,,,,,,,,,,,,,,,,,,,,,,,,,,,,,,,209.93060119997244,209.93680759996641,209.93680759996641,211.91245229996275,211.9124968999531,211.9201520999777,211.9201520999777,,,212.17901419999544,p,1,212.1790745999897,212.18662509997375,213.20357769995462,213.17046989995288,0.25142630003392696,None,,,,,,,,,,,,,,,,,,,,203,1,short,A,2026-07-10_10h16.11.098,SBL_superimposed_encoding,,2026.1.3,120.6736970761365,2026-07-10 10h16.11.316225 -0400,
1,44,44,0,stimuli/scenes/scene_J2.jpg,Jungle,Negvi,stimuli/items/jungle_animal_20.png,Jungle,animal,sc,q,1,0.5288105999934487,None,0,0,0,0,0,44,44,44,,,,,213.20357769995462,,,,,,,,,,,,,,,,,,,,,,,,,,,,,,,,,,,,,,,,213.19557729997905,213.20357769995462,213.20357769995462,215.18752589996438,215.18759479996515,215.19524669996463,215.19524669996463,,,215.72894860000815,q,1,215.72901919996366,215.73687439999776,216.75321589998202,216.72038219997194,0.5288105999934487,None,,,,,,,,,,,,,,,,,,,,203,1,short,A,2026-07-10_10h16.11.098,SBL_superimposed_encoding,,2026.1.3,120.6736970761365,2026-07-10 10h16.11.316225 -0400,
1,45,45,0,stimuli/scenes/scene_J1.jpg,Jungle,Malbow,stimuli/items/undersea_animal_11.png,Undersea,animal,si,p,1,0.39481339999474585,None,0,0,0,0,0,45,45,45,,,,,216.75321589998202,,,,,,,,,,,,,,,,,,,,,,,,,,,,,,,,,,,,,,,,216.7433344000019,216.75321589998202,216.75321589998202,218.72911959997145,218.72921610000776,218.7371482999879,218.7371482999879,,,219.13760869996622,p,1,219.13766680000117,219.1450901000062,220.16164919995936,220.12890109996079,0.39481339999474585,None,,,,,,,,,,,,,,,,,,,,203,1,short,A,2026-07-10_10h16.11.098,SBL_superimposed_encoding,,2026.1.3,120.6736970761365,2026-07-10 10h16.11.316225 -0400,
1,46,46,0,stimuli/scenes/scene_U2.jpg,Undersea,Tulon,stimuli/items/jungle_object_8.png,Jungle,object,si,None,0,,,0,0,0,0,0,46,46,46,,,,,220.16164919995936,,,,,,,,,,,,,,,,,,,,,,,,,,,,,,,,,,,,,,,,220.1543488999596,220.16164919995936,220.16164919995936,222.13773829996353,222.13778319995617,222.1451975000091,222.1451975000091,223.13723449996905,223.13723449996905,223.12871389999054,None,0,223.1287611000007,223.13723449996905,224.1531426999718,224.12061929999618,,,,,,,,,,,,,,,,,,,,,,203,1,short,A,2026-07-10_10h16.11.098,SBL_superimposed_encoding,,2026.1.3,120.6736970761365,2026-07-10 10h16.11.316225 -0400,
1,47,47,0,stimuli/scenes/scene_J1.jpg,Jungle,Malbow,stimuli/items/jungle_animal_11.png,Jungle,animal,sc,q,1,0.2989654000266455,None,0,0,0,0,0,47,47,47,,,,,224.1531426999718,,,,,,,,,,,,,,,,,,,,,,,,,,,,,,,,,,,,,,,,224.1451425999985,224.1531426999718,224.1531426999718,226.13821439997992,226.13830900000175,226.14516759995604,226.14516759995604,,,226.44597879995126,q,1,226.44604839995736,226.45360949996393,227.46917599998415,227.4378303999547,0.2989654000266455,None,,,,,,,,,,,,,,,,,,,,203,1,short,A,2026-07-10_10h16.11.098,SBL_superimposed_encoding,,2026.1.3,120.6736970761365,2026-07-10 10h16.11.316225 -0400,
1,48,48,0,stimuli/scenes/scene_U2.jpg,Undersea,Tulon,stimuli/items/undersea_object_17.png,Undersea,object,sc,p,0,0.5742503000074066,None,0,0,0,0,0,48,48,48,,,,,227.46917599998415,,,,,,,,,,,,,,,,,,,,,,,,,,,,,,,,,,,,,,,,227.4586743999971,227.46917599998415,227.46917599998415,229.44618589995662,229.44625589996576,229.45373109995853,229.45373109995853,,,230.02922089997446,p,0,230.02927969995653,230.03698849998182,231.05344180000247,231.0209135999903,0.5742503000074066,None,,,,,,,,,,,,,,,,,,,,203,1,short,A,2026-07-10_10h16.11.098,SBL_superimposed_encoding,,2026.1.3,120.6736970761365,2026-07-10 10h16.11.316225 -0400,
1,49,49,0,stimuli/scenes/scene_J1.jpg,Jungle,Malbow,stimuli/items/jungle_animal_12.png,Jungle,animal,sc,q,1,0.28632569999899715,None,0,0,0,0,0,49,49,49,,,,,231.05344180000247,,,,,,,,,,,,,,,,,,,,,,,,,,,,,,,,,,,,,,,,231.04483510000864,231.05344180000247,231.05344180000247,233.02955049998127,233.0296515999944,233.03696269996,233.03696269996,,,233.32928319997154,q,1,233.3293417999521,233.33709290000843,234.36125499999616,234.3207266999525,0.28632569999899715,None,,,,,,,,,,,,,,,,,,,,203,1,short,A,2026-07-10_10h16.11.098,SBL_superimposed_encoding,,2026.1.3,120.6736970761365,2026-07-10 10h16.11.316225 -0400,
1,50,50,0,stimuli/scenes/scene_J2.jpg,Jungle,Negvi,stimuli/items/jungle_object_11.png,Jungle,object,sc,q,1,0.45837410003878176,None,0,0,0,0,0,50,50,50,,,,,234.36125499999616,,,,,,,,,,,,,,,,,,,,,,,,,,,,,,,,,,,,,,,,234.35042569995858,234.36125499999616,234.36125499999616,236.32961179997073,236.3296824999852,236.337461899966,236.337461899966,,,236.80455030000303,q,1,236.8046077999752,236.81223260000115,237.8283764999942,237.7960374999675,0.45837410003878176,None,,,,,,,,,,,,,,,,,,,,203,1,short,A,2026-07-10_10h16.11.098,SBL_superimposed_encoding,,2026.1.3,120.6736970761365,2026-07-10 10h16.11.316225 -0400,
1,51,51,0,stimuli/scenes/scene_U1.jpg,Undersea,Somar,stimuli/items/undersea_object_18.png,Undersea,object,sc,p,0,0.35093190002953634,None,0,0,0,0,0,51,51,51,,,,,237.8283764999942,,,,,,,,,,,,,,,,,,,,,,,,,,,,,,,,,,,,,,,,237.82078289997298,237.8283764999942,237.8283764999942,239.81269409996457,239.81278659997042,239.8205698999809,239.8205698999809,,,240.1795210999553,p,0,240.17957969999406,240.18747629999416,241.2031156999874,241.17120729997987,0.35093190002953634,None,,,,,,,,,,,,,,,,,,,,203,1,short,A,2026-07-10_10h16.11.098,SBL_superimposed_encoding,,2026.1.3,120.6736970761365,2026-07-10 10h16.11.316225 -0400,
1,52,52,0,stimuli/scenes/scene_J1.jpg,Jungle,Malbow,stimuli/items/jungle_animal_8.png,Jungle,animal,sc,q,1,0.28088919998845086,None,0,0,0,0,0,52,52,52,,,,,241.2031156999874,,,,,,,,,,,,,,,,,,,,,,,,,,,,,,,,,,,,,,,,241.19380839995574,241.2031156999874,241.2031156999874,243.1798160999897,243.17985969997244,243.18716559995664,243.18716559995664,,,243.471190799959,q,1,243.47124869999243,243.47889069997473,244.50152579997666,244.46256600000197,0.28088919998845086,None,,,,,,,,,,,,,,,,,,,,203,1,short,A,2026-07-10_10h16.11.098,SBL_superimposed_encoding,,2026.1.3,120.6736970761365,2026-07-10 10h16.11.316225 -0400,
1,53,53,0,stimuli/scenes/scene_U2.jpg,Undersea,Tulon,stimuli/items/jungle_object_12.png,Jungle,object,si,p,1,0.2127172999898903,None,0,0,0,0,0,53,53,53,,,,,244.50152579997666,,,,,,,,,,,,,,,,,,,,,,,,,,,,,,,,,,,,,,,,244.4909445999656,244.50152579997666,244.50152579997666,246.47969949996332,246.47979739995208,246.4871632999857,246.4871632999857,,,246.70457639999222,p,1,246.70463459996972,246.71225669997511,247.72866679995786,247.69642559997737,0.2127172999898903,None,,,,,,,,,,,,,,,,,,,,203,1,short,A,2026-07-10_10h16.11.098,SBL_superimposed_encoding,,2026.1.3,120.6736970761365,2026-07-10 10h16.11.316225 -0400,
1,54,54,0,stimuli/scenes/scene_J2.jpg,Jungle,Negvi,stimuli/items/undersea_object_19.png,Undersea,object,si,p,1,0.650673900032416,None,0,0,0,0,0,54,54,54,,,,,247.72866679995786,,,,,,,,,,,,,,,,,,,,,,,,,,,,,,,,,,,,,,,,247.7194993000012,247.72866679995786,247.72866679995786,249.7047787999618,249.70485099998768,249.71242920000805,249.71242920000805,,,250.3717322999728,p,1,250.37179219996324,250.37905649997992,251.3956261999556,251.36299279995728,0.650673900032416,None,,,,,,,,,,,,,,,,,,,,203,1,short,A,2026-07-10_10h16.11.098,SBL_superimposed_encoding,,2026.1.3,120.6736970761365,2026-07-10 10h16.11.316225 -0400,
1,55,55,0,stimuli/scenes/scene_U1.jpg,Undersea,Somar,stimuli/items/undersea_animal_2.png,Undersea,animal,sc,q,1,0.2882274999865331,None,0,0,0,0,0,55,55,55,,,,,251.3956261999556,,,,,,,,,,,,,,,,,,,,,,,,,,,,,,,,,,,,,,,,251.38893739995547,251.3956261999556,251.3956261999556,253.37995390000287,253.38007159996778,253.38748849998228,253.38748849998228,,,253.68003399996087,q,1,253.68009249999886,253.68748179997783,254.7034616000019,254.67103009996936,0.2882274999865331,None,,,,,,,,,,,,,,,,,,,,203,1,short,A,2026-07-10_10h16.11.098,SBL_superimposed_encoding,,2026.1.3,120.6736970761365,2026-07-10 10h16.11.316225 -0400,
1,56,56,0,stimuli/scenes/scene_J2.jpg,Jungle,Negvi,stimuli/items/undersea_animal_17.png,Undersea,animal,si,p,1,0.8518389000091702,None,0,0,0,0,0,56,56,56,,,,,254.7034616000019,,,,,,,,,,,,,,,,,,,,,,,,,,,,,,,,,,,,,,,,254.69339619996026,254.7034616000019,254.7034616000019,256.6879933999735,256.6880372999585,256.695708299987,256.695708299987,,,257.55517639999744,p,1,257.5552359999856,257.562303899962,258.57851889997255,258.54641429998446,0.8518389000091702,None,,,,,,,,,,,,,,,,,,,,203,1,short,A,2026-07-10_10h16.11.098,SBL_superimposed_encoding,,2026.1.3,120.6736970761365,2026-07-10 10h16.11.316225 -0400,
1,57,57,0,stimuli/scenes/scene_U1.jpg,Undersea,Somar,stimuli/items/undersea_object_9.png,Undersea,object,sc,q,1,0.49843729997519404,None,0,0,0,0,0,57,57,57,,,,,258.57851889997255,,,,,,,,,,,,,,,,,,,,,,,,,,,,,,,,,,,,,,,,258.5674372999929,258.57851889997255,258.57851889997255,260.56345159997,260.56349589995807,260.5709022000083,260.5709022000083,,,261.07123239996145,q,1,261.07129190000705,261.0794165999978,262.1037580999546,262.0629180999822,0.49843729997519404,None,,,,,,,,,,,,,,,,,,,,203,1,short,A,2026-07-10_10h16.11.098,SBL_superimposed_encoding,,2026.1.3,120.6736970761365,2026-07-10 10h16.11.316225 -0400,
1,58,58,0,stimuli/scenes/scene_J2.jpg,Jungle,Negvi,stimuli/items/undersea_object_7.png,Undersea,object,si,p,1,0.5405856000143103,None,0,0,0,0,0,58,58,58,,,,,262.1037580999546,,,,,,,,,,,,,,,,,,,,,,,,,,,,,,,,,,,,,,,,262.09375120000914,262.1037580999546,262.1037580999546,264.07143129996257,264.0715283000027,264.0793105000048,264.0793105000048,,,264.621731799969,p,1,264.6217906999518,264.62952009995934,265.64550240000244,265.6128080000053,0.5405856000143103,None,,,,,,,,,,,,,,,,,,,,203,1,short,A,2026-07-10_10h16.11.098,SBL_superimposed_encoding,,2026.1.3,120.6736970761365,2026-07-10 10h16.11.316225 -0400,
1,59,59,0,stimuli/scenes/scene_U2.jpg,Undersea,Tulon,stimuli/items/undersea_animal_10.png,Undersea,animal,sc,q,1,0.4546274000313133,None,0,0,0,0,0,59,59,59,,,,,265.64550240000244,,,,,,,,,,,,,,,,,,,,,,,,,,,,,,,,,,,,,,,,265.63640399998985,265.64550240000244,265.64550240000244,267.63000050000846,267.630044599995,267.6376172999735,267.6376172999735,,,268.09684779995587,q,1,268.09690609999234,268.10417959996266,269.12806989997625,269.0881673999829,0.4546274000313133,None,,,,,,,,,,,,,,,,,,,,203,1,short,A,2026-07-10_10h16.11.098,SBL_superimposed_encoding,,2026.1.3,120.6736970761365,2026-07-10 10h16.11.316225 -0400,
1,60,60,0,stimuli/scenes/scene_J1.jpg,Jungle,Malbow,stimuli/items/jungle_object_18.png,Jungle,object,sc,q,1,0.2763641999918036,None,0,0,0,0,0,60,60,60,,,,,269.12806989997625,,,,,,,,,,,,,,,,,,,,,,,,,,,,,,,,,,,,,,,,269.11725069995737,269.12806989997625,269.12806989997625,271.10510039998917,271.10515369998757,271.11252639995655,271.11252639995655,,,271.3970887999749,q,1,271.397146400006,271.40445839997847,272.4207122999942,272.3880444999668,0.2763641999918036,None,,,,,,,,,,,,,,,,,,,,203,1,short,A,2026-07-10_10h16.11.098,SBL_superimposed_encoding,,2026.1.3,120.6736970761365,2026-07-10 10h16.11.316225 -0400,
1,61,61,0,stimuli/scenes/scene_U1.jpg,Undersea,Somar,stimuli/items/jungle_object_6.png,Jungle,object,si,p,1,0.27054860000498593,None,0,0,0,0,0,61,61,61,,,,,272.4207122999942,,,,,,,,,,,,,,,,,,,,,,,,,,,,,,,,,,,,,,,,272.41297050000867,272.4207122999942,272.4207122999942,274.40502790000755,274.4050724999979,274.4127740999684,274.4127740999684,,,274.6889467999572,p,1,274.68900439998833,274.6958735999651,275.71221259998856,275.68003899999894,0.27054860000498593,None,,,,,,,,,,,,,,,,,,,,203,1,short,A,2026-07-10_10h16.11.098,SBL_superimposed_encoding,,2026.1.3,120.6736970761365,2026-07-10 10h16.11.316225 -0400,
1,62,62,0,stimuli/scenes/scene_U2.jpg,Undersea,Tulon,stimuli/items/undersea_object_13.png,Undersea,object,sc,q,1,0.29059379996033385,None,0,0,0,0,0,62,62,62,,,,,275.71221259998856,,,,,,,,,,,,,,,,,,,,,,,,,,,,,,,,,,,,,,,,275.70171900000423,275.71221259998856,275.71221259998856,277.69687589997193,277.69691979995696,277.70457909995457,277.70457909995457,,,277.99703769996995,q,1,277.9970941999927,278.0043829999631,279.01909179997165,278.98789980000583,0.29059379996033385,None,,,,,,,,,,,,,,,,,,,,203,1,short,A,2026-07-10_10h16.11.098,SBL_superimposed_encoding,,2026.1.3,120.6736970761365,2026-07-10 10h16.11.316225 -0400,
1,63,63,0,stimuli/scenes/scene_U1.jpg,Undersea,Somar,stimuli/items/undersea_object_2.png,Undersea,object,sc,q,1,0.31093600002350286,None,0,0,0,0,0,63,63,63,,,,,279.01909179997165,,,,,,,,,,,,,,,,,,,,,,,,,,,,,,,,,,,,,,,,279.00877719995333,279.01909179997165,279.01909179997165,281.00532009999733,281.0053644999862,281.0128457999672,281.0128457999672,,,281.3299227999523,q,1,281.32998119998956,281.33789589995285,282.35402520000935,282.32120389997726,0.31093600002350286,None,,,,,,,,,,,,,,,,,,,,203,1,short,A,2026-07-10_10h16.11.098,SBL_superimposed_encoding,,2026.1.3,120.6736970761365,2026-07-10 10h16.11.316225 -0400,
1,64,64,0,stimuli/scenes/scene_U2.jpg,Undersea,Tulon,stimuli/items/undersea_object_12.png,Undersea,object,sc,q,1,0.282144500000868,None,0,0,0,0,0,64,64,64,,,,,282.35402520000935,,,,,,,,,,,,,,,,,,,,,,,,,,,,,,,,,,,,,,,,282.3448526999564,282.35402520000935,282.35402520000935,284.33042199997,284.3304672999657,284.33786979998695,284.33786979998695,,,284.62201309995726,q,1,284.6220704999869,284.62982199998805,285.6541529999813,285.6135205999599,0.282144500000868,None,,,,,,,,,,,,,,,,,,,,203,1,short,A,2026-07-10_10h16.11.098,SBL_superimposed_encoding,,2026.1.3,120.6736970761365,2026-07-10 10h16.11.316225 -0400,
1,65,65,0,stimuli/scenes/scene_J2.jpg,Jungle,Negvi,stimuli/items/undersea_animal_4.png,Undersea,animal,si,p,1,0.43043830001261085,None,0,0,0,0,0,65,65,65,,,,,285.6541529999813,,,,,,,,,,,,,,,,,,,,,,,,,,,,,,,,,,,,,,,,285.6431899999734,285.6541529999813,285.6541529999813,287.62225660000695,287.6223528999835,287.62966729997424,287.62966729997424,,,288.06336679996457,p,1,288.0634227999835,288.0712572999764,289.096078499977,289.05502450000495,0.43043830001261085,None,,,,,,,,,,,,,,,,,,,,203,1,short,A,2026-07-10_10h16.11.098,SBL_superimposed_encoding,,2026.1.3,120.6736970761365,2026-07-10 10h16.11.316225 -0400,
1,66,66,0,stimuli/scenes/scene_J1.jpg,Jungle,Malbow,stimuli/items/undersea_object_5.png,Undersea,object,si,p,1,0.07614969997666776,None,0,0,0,0,0,66,66,66,,,,,289.096078499977,,,,,,,,,,,,,,,,,,,,,,,,,,,,,,,,,,,,,,,,289.08700539998244,289.096078499977,289.096078499977,291.0634548999951,291.0634981999756,291.07132039999124,291.07132039999124,,,291.1552080999827,p,1,291.15526329999557,291.162898199982,292.17844309995417,292.14703769999323,0.07614969997666776,None,,,,,,,,,,,,,,,,,,,,203,1,short,A,2026-07-10_10h16.11.098,SBL_superimposed_encoding,,2026.1.3,120.6736970761365,2026-07-10 10h16.11.316225 -0400,
1,67,67,0,stimuli/scenes/scene_U2.jpg,Undersea,Tulon,stimuli/items/undersea_animal_9.png,Undersea,animal,sc,q,1,0.3038310999982059,None,0,0,0,0,0,67,67,67,,,,,292.17844309995417,,,,,,,,,,,,,,,,,,,,,,,,,,,,,,,,,,,,,,,,292.1679552999558,292.17844309995417,292.17844309995417,294.1636833999655,294.1637269000057,294.17153849999886,294.17153849999886,,,294.48048159998143,q,1,294.48054029996274,294.48807129997294,295.5035044999677,295.47159919998376,0.3038310999982059,None,,,,,,,,,,,,,,,,,,,,203,1,short,A,2026-07-10_10h16.11.098,SBL_superimposed_encoding,,2026.1.3,120.6736970761365,2026-07-10 10h16.11.316225 -0400,
1,68,68,0,stimuli/scenes/scene_J1.jpg,Jungle,Malbow,stimuli/items/undersea_animal_1.png,Undersea,animal,si,None,0,,,0,0,0,0,0,68,68,68,,,,,295.5035044999677,,,,,,,,,,,,,,,,,,,,,,,,,,,,,,,,,,,,,,,,295.4927499999758,295.5035044999677,295.5035044999677,297.48068310000235,297.4807577999891,297.48817679996137,297.48817679996137,298.4800479999976,298.4800479999976,298.4716279999702,None,0,298.4716750999796,298.4800479999976,299.4962673999835,299.46365240000887,,,,,,,,,,,,,,,,,,,,,,203,1,short,A,2026-07-10_10h16.11.098,SBL_superimposed_encoding,,2026.1.3,120.6736970761365,2026-07-10 10h16.11.316225 -0400,
1,69,69,0,stimuli/scenes/scene_U1.jpg,Undersea,Somar,stimuli/items/undersea_object_10.png,Undersea,object,sc,q,1,0.8435973000014201,None,0,0,0,0,0,69,69,69,,,,,299.4962673999835,,,,,,,,,,,,,,,,,,,,,,,,,,,,,,,,,,,,,,,,299.488603100006,299.4962673999835,299.4962673999835,301.4802997999941,301.48034229996847,301.4883869999903,301.4883869999903,,,302.3387231999659,q,1,302.33878079999704,302.3463165999856,303.3627034999663,303.3304315999849,0.8435973000014201,None,301.4883869999903,301.4883869999903,,,,,,,,,,,,,,,,,,203,1,short,A,2026-07-10_10h16.11.098,SBL_superimposed_encoding,,2026.1.3,120.6736970761365,2026-07-10 10h16.11.316225 -0400,
1,70,70,0,stimuli/scenes/scene_U2.jpg,Undersea,Tulon,stimuli/items/jungle_animal_17.png,Jungle,animal,si,p,1,0.8735331000061706,None,0,0,0,0,0,70,70,70,,,,,303.3627034999663,,,,,,,,,,,,,,,,,,,,,,,,,,,,,,,,,,,,,,,,303.35358900000574,303.3627034999663,303.3627034999663,305.33892000000924,305.33896599995205,305.34653189999517,305.34653189999517,,,306.22232259996235,p,1,306.2223801999935,306.2299455999746,307.24533059995156,307.21362789999694,0.8735331000061706,None,,,,,,,,,,,,,,,,,,,,203,1,short,A,2026-07-10_10h16.11.098,SBL_superimposed_encoding,,2026.1.3,120.6736970761365,2026-07-10 10h16.11.316225 -0400,
1,71,71,0,stimuli/scenes/scene_U1.jpg,Undersea,Somar,stimuli/items/jungle_animal_5.png,Jungle,animal,si,p,1,0.35788760002469644,None,0,0,0,0,0,71,71,71,,,,,307.24533059995156,,,,,,,,,,,,,,,,,,,,,,,,,,,,,,,,,,,,,,,,307.23523849999765,307.24533059995156,307.24533059995156,309.23082489997614,309.23086989996955,309.2382387999678,309.2382387999678,,,309.5970604000031,p,1,309.5971191999852,309.6052668999764,310.62120870000217,310.588719899999,0.35788760002469644,None,,,,,,,,,,,,,,,,,,,,203,1,short,A,2026-07-10_10h16.11.098,SBL_superimposed_encoding,,2026.1.3,120.6736970761365,2026-07-10 10h16.11.316225 -0400,
1,72,72,0,stimuli/scenes/scene_U2.jpg,Undersea,Tulon,stimuli/items/undersea_object_6.png,Undersea,object,sc,q,1,0.5747724999673665,None,0,0,0,0,0,72,72,72,,,,,310.62120870000217,,,,,,,,,,,,,,,,,,,,,,,,,,,,,,,,,,,,,,,,310.6122309999773,310.62120870000217,310.62120870000217,312.5976038000081,312.5977109000087,312.6050855999929,312.6050855999929,,,313.1807606999646,q,1,313.18084439996164,313.1883619999862,314.20266019995324,314.17220189998625,0.5747724999673665,None,,,,,,,,,,,,,,,,,,,,203,1,short,A,2026-07-10_10h16.11.098,SBL_superimposed_encoding,,2026.1.3,120.6736970761365,2026-07-10 10h16.11.316225 -0400,
1,73,73,0,stimuli/scenes/scene_U1.jpg,Undersea,Somar,stimuli/items/undersea_animal_5.png,Undersea,animal,sc,q,1,0.42314840003382415,None,0,0,0,0,0,73,73,73,,,,,314.20266019995324,,,,,,,,,,,,,,,,,,,,,,,,,,,,,,,,,,,,,,,,314.1923948999611,314.20266019995324,314.20266019995324,316.18909439997515,316.18919040000765,316.19693479995476,316.19693479995476,,,316.62232570000924,q,1,316.62238309998065,316.6300450999988,317.6459872999694,317.6143023999757,0.42314840003382415,None,,,,,,,,,,,,,,,,,,,,203,1,short,A,2026-07-10_10h16.11.098,SBL_superimposed_encoding,,2026.1.3,120.6736970761365,2026-07-10 10h16.11.316225 -0400,
1,74,74,0,stimuli/scenes/scene_U2.jpg,Undersea,Tulon,stimuli/items/jungle_animal_19.png,Jungle,animal,si,p,1,0.44529629999306053,None,0,0,0,0,0,74,74,74,,,,,317.6459872999694,,,,,,,,,,,,,,,,,,,,,,,,,,,,,,,,,,,,,,,,317.6371526999865,317.6459872999694,317.6459872999694,319.6226721999701,319.6227723999764,319.6299428999773,319.6299428999773,,,320.08087929995963,p,1,320.08093749999534,320.0884989000042,321.10388339997735,321.07216659997357,0.44529629999306053,None,,,,,,,,,,,,,,,,,,,,203,1,short,A,2026-07-10_10h16.11.098,SBL_superimposed_encoding,,2026.1.3,120.6736970761365,2026-07-10 10h16.11.316225 -0400,
1,75,75,0,stimuli/scenes/scene_U1.jpg,Undersea,Somar,stimuli/items/jungle_object_4.png,Jungle,object,si,q,0,0.5152278000023216,None,0,0,0,0,0,75,75,75,,,,,321.10388339997735,,,,,,,,,,,,,,,,,,,,,,,,,,,,,,,,,,,,,,,,321.0937261999934,321.10388339997735,321.10388339997735,323.0887805999955,323.08882399997674,323.09688669996103,323.09688669996103,,,323.6142303000088,q,0,323.61428859998705,323.62196499999845,324.64732659998117,324.60591459996067,0.5152278000023216,None,,,,,,,,,,,,,,,,,,,,203,1,short,A,2026-07-10_10h16.11.098,SBL_superimposed_encoding,,2026.1.3,120.6736970761365,2026-07-10 10h16.11.316225 -0400,
1,76,76,0,stimuli/scenes/scene_J2.jpg,Jungle,Negvi,stimuli/items/jungle_object_14.png,Jungle,object,sc,q,1,0.6298258000169881,None,0,0,0,0,0,76,76,76,,,,,324.64732659998117,,,,,,,,,,,,,,,,,,,,,,,,,,,,,,,,,,,,,,,,324.64205460000085,324.64732659998117,324.64732659998117,326.6223927999963,326.6224367999821,326.6302160999621,326.6302160999621,,,327.2643018999952,q,1,327.26435759995366,327.2719898999785,328.28690869995626,328.25558729999466,0.6298258000169881,None,,,,,,,,,,,,,,,,,,,,203,1,short,A,2026-07-10_10h16.11.098,SBL_superimposed_encoding,,2026.1.3,120.6736970761365,2026-07-10 10h16.11.316225 -0400,
1,77,77,0,stimuli/scenes/scene_U1.jpg,Undersea,Somar,stimuli/items/undersea_animal_13.png,Undersea,animal,sc,q,1,0.5077646999852732,None,0,0,0,0,0,77,77,77,,,,,328.28690869995626,,,,,,,,,,,,,,,,,,,,,,,,,,,,,,,,,,,,,,,,328.2756087000016,328.28690869995626,328.28690869995626,330.2644803999574,330.26457569998456,330.27182859997265,330.27182859997265,,,330.7806722999667,q,1,330.7807317999541,330.7885385999689,331.8050652999664,331.77268140000524,0.5077646999852732,None,,,,,,,,,,,,,,,,,,,,203,1,short,A,2026-07-10_10h16.11.098,SBL_superimposed_encoding,,2026.1.3,120.6736970761365,2026-07-10 10h16.11.316225 -0400,
1,78,78,0,stimuli/scenes/scene_J2.jpg,Jungle,Negvi,stimuli/items/undersea_animal_18.png,Undersea,animal,si,p,1,0.3990538000361994,None,0,0,0,0,0,78,78,78,,,,,331.8050652999664,,,,,,,,,,,,,,,,,,,,,,,,,,,,,,,,,,,,,,,,331.7960356999538,331.8050652999664,331.8050652999664,333.7811348999967,333.7812307999702,333.7886901999591,333.7886901999591,,,334.1892591000069,p,1,334.189313699957,334.19701189995976,335.2124758999562,335.18060139997397,0.3990538000361994,None,,,,,,,,,,,,,,,,,,,,203,1,short,A,2026-07-10_10h16.11.098,SBL_superimposed_encoding,,2026.1.3,120.6736970761365,2026-07-10 10h16.11.316225 -0400,
1,79,79,0,stimuli/scenes/scene_U1.jpg,Undersea,Somar,stimuli/items/undersea_animal_20.png,Undersea,animal,sc,q,1,0.4548986000008881,None,0,0,0,0,0,79,79,79,,,,,335.2124758999562,,,,,,,,,,,,,,,,,,,,,,,,,,,,,,,,,,,,,,,,335.20132389996434,335.2124758999562,335.2124758999562,337.19786309998017,337.19790889997967,337.2051306999638,337.2051306999638,,,337.6648471999797,q,1,337.6649046000093,337.67185359995347,338.6751007999992,338.6559707999695,0.4548986000008881,None,,,,,,,,,,,,,,,,,,,,203,1,short,A,2026-07-10_10h16.11.098,SBL_superimposed_encoding,,2026.1.3,120.6736970761365,2026-07-10 10h16.11.316225 -0400,
2,0,0,0,stimuli/scenes/scene_J2.jpg,Jungle,Negvi,stimuli/items/undersea_object_19.png,Undersea,object,si,p,1,0.5368977000471205,None,0,1,1,1,0,0,0,0,0,0,0,0,348.17265229998156,,,,,,,,,,,,,,,,,,,,,,,,,,,,,,,,,,,,,,348.1156492999871,348.1158662000089,348.1655209999881,348.17265229998156,348.17265229998156,350.12292829999933,350.12297399999807,350.1302541999612,350.1302541999612,,,350.6726751999813,p,1,350.6727334999596,350.6804700999637,351.69641999999294,351.66382099996554,0.5368977000471205,None,,,338.6618479999597,338.6620686999522,338.6718300000066,338.6751007999992,338.6751007999992,338.6751007999992,348.11473999999,space,9.432954200019594,None,,,,,,,,203,1,short,A,2026-07-10_10h16.11.098,SBL_superimposed_encoding,,2026.1.3,120.6736970761365,2026-07-10 10h16.11.316225 -0400,
2,1,1,0,stimuli/scenes/scene_U2.jpg,Undersea,Tulon,stimuli/items/undersea_object_17.png,Undersea,object,sc,None,0,,,0,1,1,1,0,1,1,1,,,,,351.69641999999294,,,,,,,,,,,,,,,,,,,,,,,,,,,,,,,,,,,,,,,,351.68632839998463,351.69641999999294,351.69641999999294,353.6813803999685,353.68142340000486,353.68904389999807,353.68904389999807,354.6807234999724,354.6807234999724,354.6726568999584,None,0,354.6727023999556,354.6807234999724,355.6968585999566,355.66461919998983,,,,,,,,,,,,,,,,,,,,,,203,1,short,A,2026-07-10_10h16.11.098,SBL_superimposed_encoding,,2026.1.3,120.6736970761365,2026-07-10 10h16.11.316225 -0400,
2,2,2,0,stimuli/scenes/scene_J2.jpg,Jungle,Negvi,stimuli/items/jungle_object_13.png,Jungle,object,sc,None,0,,,0,1,1,1,0,2,2,2,,,,,355.6968585999566,,,,,,,,,,,,,,,,,,,,,,,,,,,,,,,,,,,,,,,,355.6861886999686,355.6968585999566,355.6968585999566,357.6730053999927,357.6730480999686,357.6807904999587,357.6807904999587,358.67240239999956,358.67240239999956,358.66467659996124,None,0,358.66472189995693,358.67240239999956,359.6888687000028,359.6565743999672,,,,,,,,,,,,,,,,,,,,,,203,1,short,A,2026-07-10_10h16.11.098,SBL_superimposed_encoding,,2026.1.3,120.6736970761365,2026-07-10 10h16.11.316225 -0400,
2,3,3,0,stimuli/scenes/scene_U1.jpg,Undersea,Somar,stimuli/items/jungle_object_5.png,Jungle,object,si,None,0,,,0,1,1,1,0,3,3,3,,,,,359.6888687000028,,,,,,,,,,,,,,,,,,,,,,,,,,,,,,,,,,,,,,,,359.68044279998867,359.6888687000028,359.6888687000028,361.6732674000086,361.6733602999593,361.6803779999609,361.6803779999609,362.67233749997104,362.67233749997104,362.66432029998396,None,0,362.6643651999766,362.67233749997104,363.68860799999675,363.65594530000817,,,,,,,,,,,,,,,,,,,,,,203,1,short,A,2026-07-10_10h16.11.098,SBL_superimposed_encoding,,2026.1.3,120.6736970761365,2026-07-10 10h16.11.316225 -0400,
2,4,4,0,stimuli/scenes/scene_J2.jpg,Jungle,Negvi,stimuli/items/undersea_object_7.png,Undersea,object,si,None,0,,,0,1,1,1,0,4,4,4,,,,,363.68860799999675,,,,,,,,,,,,,,,,,,,,,,,,,,,,,,,,,,,,,,,,363.6769073999603,363.68860799999675,363.68860799999675,365.67326419998426,365.6733070999617,365.6808007999789,365.6808007999789,366.6725872999523,366.6725872999523,366.6645682999515,None,0,366.6646142999525,366.6725872999523,367.68870969995623,367.65640169999097,,,,,,,,,,,,,,,,,,,,,,203,1,short,A,2026-07-10_10h16.11.098,SBL_superimposed_encoding,,2026.1.3,120.6736970761365,2026-07-10 10h16.11.316225 -0400,
2,5,5,0,stimuli/scenes/scene_U2.jpg,Undersea,Tulon,stimuli/items/undersea_animal_10.png,Undersea,animal,sc,None,0,,,0,1,1,1,0,5,5,5,,,,,367.68870969995623,,,,,,,,,,,,,,,,,,,,,,,,,,,,,,,,,,,,,,,,367.678671200003,367.68870969995623,367.68870969995623,369.6734725999995,369.67356719996314,369.6807233999716,369.6807233999716,370.6724213999696,370.6724213999696,370.66461370000616,None,0,370.66465869999956,370.6724213999696,371.68843539996305,371.6562838999671,,,,,,,,,,,,,,,,,,,,,,203,1,short,A,2026-07-10_10h16.11.098,SBL_superimposed_encoding,,2026.1.3,120.6736970761365,2026-07-10 10h16.11.316225 -0400,
2,6,6,0,stimuli/scenes/scene_J2.jpg,Jungle,Negvi,stimuli/items/undersea_animal_3.png,Undersea,animal,si,p,1,0.6990446000127122,None,0,1,1,1,0,6,6,6,,,,,371.68843539996305,,,,,,,,,,,,,,,,,,,,,,,,,,,,,,,,,,,,,,,,371.6775532999891,371.68843539996305,371.68843539996305,373.67344019998563,373.6735206999583,373.6809120999533,373.6809120999533,,,374.38187759998254,p,1,374.3819534999784,374.38954339997144,375.39787749998504,375.37306610000087,0.6990446000127122,None,,,,,,,,,,,,,,,,,,,,203,1,short,A,2026-07-10_10h16.11.098,SBL_superimposed_encoding,,2026.1.3,120.6736970761365,2026-07-10 10h16.11.316225 -0400,
2,7,7,0,stimuli/scenes/scene_U2.jpg,Undersea,Tulon,stimuli/items/undersea_animal_9.png,Undersea,animal,sc,None,0,,,0,1,1,1,0,7,7,7,,,,,375.39787749998504,,,,,,,,,,,,,,,,,,,,,,,,,,,,,,,,,,,,,,,,375.3923107999726,375.39787749998504,375.39787749998504,377.38195499998983,377.3819949000026,377.38942209997913,377.38942209997913,378.3810618999996,378.3810618999996,378.37287389999256,None,0,378.3729189999867,378.3810618999996,379.3970327999559,379.3647608999745,,,377.38942209997913,377.38942209997913,,,,,,,,,,,,,,,,,,203,1,short,A,2026-07-10_10h16.11.098,SBL_superimposed_encoding,,2026.1.3,120.6736970761365,2026-07-10 10h16.11.316225 -0400,
2,8,8,0,stimuli/scenes/scene_J2.jpg,Jungle,Negvi,stimuli/items/jungle_object_15.png,Jungle,object,sc,None,0,,,0,1,1,1,0,8,8,8,,,,,379.3970327999559,,,,,,,,,,,,,,,,,,,,,,,,,,,,,,,,,,,,,,,,379.3857156999875,379.3970327999559,379.3970327999559,381.3818284999579,381.3818698999821,381.3893792000017,381.3893792000017,382.3811160000041,382.3811160000041,382.37331549997907,None,0,382.3733603999717,382.3811160000041,383.39798559999326,383.3646681999671,,,381.3893792000017,381.3893792000017,,,,,,,,,,,,,,,,,,203,1,short,A,2026-07-10_10h16.11.098,SBL_superimposed_encoding,,2026.1.3,120.6736970761365,2026-07-10 10h16.11.316225 -0400,
2,9,9,0,stimuli/scenes/scene_J1.jpg,Jungle,Malbow,stimuli/items/undersea_animal_1.png,Undersea,animal,si,None,0,,,0,1,1,1,0,9,9,9,,,,,383.39798559999326,,,,,,,,,,,,,,,,,,,,,,,,,,,,,,,,,,,,,,,,383.3921671999851,383.39798559999326,383.39798559999326,385.3821467999951,385.3821871999535,385.389410600008,385.389410600008,386.3809677999816,386.3809677999816,386.3732902999618,None,0,386.37333569995826,386.3809677999816,387.3971261999686,387.3647530999733,,,385.389410600008,385.389410600008,,,,,,,,,,,,,,,,,,203,1,short,A,2026-07-10_10h16.11.098,SBL_superimposed_encoding,,2026.1.3,120.6736970761365,2026-07-10 10h16.11.316225 -0400,
2,10,10,0,stimuli/scenes/scene_J2.jpg,Jungle,Negvi,stimuli/items/jungle_object_14.png,Jungle,object,sc,None,0,,,0,1,1,1,0,10,10,10,,,,,387.3971261999686,,,,,,,,,,,,,,,,,,,,,,,,,,,,,,,,,,,,,,,,387.3853311999701,387.3971261999686,387.3971261999686,389.3821951999562,389.3822355999728,389.38945229997626,389.38945229997626,390.38107609999133,390.38107609999133,390.3732142999652,None,0,390.3732599999639,390.38107609999133,391.39745319995563,391.3645644999924,,,389.38945229997626,389.38945229997626,,,,,,,,,,,,,,,,,,203,1,short,A,2026-07-10_10h16.11.098,SBL_superimposed_encoding,,2026.1.3,120.6736970761365,2026-07-10 10h16.11.316225 -0400,
2,11,11,0,stimuli/scenes/scene_U2.jpg,Undersea,Tulon,stimuli/items/jungle_animal_13.png,Jungle,animal,si,None,0,,,0,1,1,1,0,11,11,11,,,,,391.39745319995563,,,,,,,,,,,,,,,,,,,,,,,,,,,,,,,,,,,,,,,,391.38874239998404,391.39745319995563,391.39745319995563,393.3819564000005,393.38199759996496,393.38930869998876,393.38930869998876,394.3812114999746,394.3812114999746,394.373243799957,None,0,394.37329149997095,394.3812114999746,395.3898938999628,395.3645461999695,,,393.38930869998876,393.38930869998876,,,,,,,,,,,,,,,,,,203,1,short,A,2026-07-10_10h16.11.098,SBL_superimposed_encoding,,2026.1.3,120.6736970761365,2026-07-10 10h16.11.316225 -0400,
2,12,12,0,stimuli/scenes/scene_J1.jpg,Jungle,Malbow,stimuli/items/undersea_object_20.png,Undersea,object,si,None,0,,,0,1,1,1,0,12,12,12,,,,,395.3898938999628,,,,,,,,,,,,,,,,,,,,,,,,,,,,,,,,,,,,,,,,395.38470860000234,395.3898938999628,395.3898938999628,397.3738930999534,397.3739340999746,397.38098339998396,397.38098339998396,398.37269749998813,398.37269749998813,398.3651633999543,None,0,398.36520810000366,398.37269749998813,399.38764949998586,399.35666389996186,,,397.38098339998396,397.38098339998396,,,,,,,,,,,,,,,,,,203,1,short,A,2026-07-10_10h16.11.098,SBL_superimposed_encoding,,2026.1.3,120.6736970761365,2026-07-10 10h16.11.316225 -0400,
2,13,13,0,stimuli/scenes/scene_U2.jpg,Undersea,Tulon,stimuli/items/jungle_object_10.png,Jungle,object,si,q,0,0.9667163999984041,None,0,1,1,1,0,13,13,13,,,,,399.38764949998586,,,,,,,,,,,,,,,,,,,,,,,,,,,,,,,,,,,,,,,,399.37731419998454,399.38764949998586,399.38764949998586,401.37357949995203,401.3736217999831,401.3815418999875,401.3815418999875,,,402.3491140999831,q,0,402.349173399969,402.35627509996993,403.3713368999888,403.33977580000646,0.9667163999984041,None,401.3815418999875,401.3815418999875,,,,,,,,,,,,,,,,,,203,1,short,A,2026-07-10_10h16.11.098,SBL_superimposed_encoding,,2026.1.3,120.6736970761365,2026-07-10 10h16.11.316225 -0400,
2,14,14,0,stimuli/scenes/scene_J1.jpg,Jungle,Malbow,stimuli/items/jungle_object_1.png,Jungle,object,sc,None,0,,,0,1,1,1,0,14,14,14,,,,,403.3713368999888,,,,,,,,,,,,,,,,,,,,,,,,,,,,,,,,,,,,,,,,403.3603180999635,403.3713368999888,403.3713368999888,405.35679669998353,405.3568464999553,405.3646289999597,405.3646289999597,406.3566448999918,406.3566448999918,406.3485702999751,None,0,406.34861749998527,406.3566448999918,407.3652085000067,407.3403906999738,,,,,,,,,,,,,,,,,,,,,,203,1,short,A,2026-07-10_10h16.11.098,SBL_superimposed_encoding,,2026.1.3,120.6736970761365,2026-07-10 10h16.11.316225 -0400,
2,15,15,0,stimuli/scenes/scene_U2.jpg,Undersea,Tulon,stimuli/items/undersea_animal_16.png,Undersea,animal,sc,None,0,,,0,1,1,1,0,15,15,15,,,,,407.3652085000067,,,,,,,,,,,,,,,,,,,,,,,,,,,,,,,,,,,,,,,,407.3601606999873,407.3652085000067,407.3652085000067,409.34915079997154,409.34919169999193,409.35666419996414,409.35666419996414,410.34813909995137,410.34813909995137,410.34011579997605,None,0,410.34016109997174,410.34813909995137,411.36430179997114,411.33212919998914,,,409.35666419996414,409.35666419996414,,,,,,,,,,,,,,,,,,203,1,short,A,2026-07-10_10h16.11.098,SBL_superimposed_encoding,,2026.1.3,120.6736970761365,2026-07-10 10h16.11.316225 -0400,
2,16,16,0,stimuli/scenes/scene_U1.jpg,Undersea,Somar,stimuli/items/undersea_object_10.png,Undersea,object,sc,None,0,,,0,1,1,1,0,16,16,16,,,,,411.36430179997114,,,,,,,,,,,,,,,,,,,,,,,,,,,,,,,,,,,,,,,,411.35472119995393,411.36430179997114,411.36430179997114,413.349171299953,413.3492126999772,413.3563540999894,413.3563540999894,414.3482567999745,414.3482567999745,414.34060120000504,None,0,414.3406466000015,414.3482567999745,415.36436030000914,415.332088199968,,,413.3563540999894,413.3563540999894,,,,,,,,,,,,,,,,,,203,1,short,A,2026-07-10_10h16.11.098,SBL_superimposed_encoding,,2026.1.3,120.6736970761365,2026-07-10 10h16.11.316225 -0400,
2,17,17,0,stimuli/scenes/scene_J1.jpg,Jungle,Malbow,stimuli/items/jungle_animal_12.png,Jungle,animal,sc,None,0,,,0,1,1,1,0,17,17,17,,,,,415.36436030000914,,,,,,,,,,,,,,,,,,,,,,,,,,,,,,,,,,,,,,,,415.3548715999932,415.36436030000914,415.36436030000914,417.34909410000546,417.3491441999795,417.35628209996503,417.35628209996503,418.34834919997957,418.34834919997957,418.340250499954,None,0,418.3402966999565,418.34834919997957,419.3625997999916,419.33198449999327,,,417.35628209996503,417.35628209996503,,,,,,,,,,,,,,,,,,203,1,short,A,2026-07-10_10h16.11.098,SBL_superimposed_encoding,,2026.1.3,120.6736970761365,2026-07-10 10h16.11.316225 -0400,
2,18,18,0,stimuli/scenes/scene_U1.jpg,Undersea,Somar,stimuli/items/jungle_animal_1.png,Jungle,animal,si,None,0,,,0,1,1,1,0,18,18,18,,,,,419.3625997999916,,,,,,,,,,,,,,,,,,,,,,,,,,,,,,,,,,,,,,,,419.3521173999761,419.3625997999916,419.3625997999916,421.3492592999828,421.34930060000625,421.35647659999086,421.35647659999086,422.3484553999733,422.3484553999733,422.34038509998936,None,0,422.3404297999805,422.3484553999733,423.36529369995696,423.33193509996636,,,421.35647659999086,421.35647659999086,,,,,,,,,,,,,,,,,,203,1,short,A,2026-07-10_10h16.11.098,SBL_superimposed_encoding,,2026.1.3,120.6736970761365,2026-07-10 10h16.11.316225 -0400,
2,19,19,0,stimuli/scenes/scene_J2.jpg,Jungle,Negvi,stimuli/items/undersea_animal_17.png,Undersea,animal,si,None,0,,,0,1,1,1,0,19,19,19,,,,,423.36529369995696,,,,,,,,,,,,,,,,,,,,,,,,,,,,,,,,,,,,,,,,423.35956989997067,423.36529369995696,423.36529369995696,425.3492622000049,425.3493583999807,425.3567258999683,425.3567258999683,426.3483222000068,426.3483222000068,426.3403021999984,None,0,426.3403493000078,426.3483222000068,427.3621872999938,427.33183989999816,,,,,,,,,,,,,,,,,,,,,,203,1,short,A,2026-07-10_10h16.11.098,SBL_superimposed_encoding,,2026.1.3,120.6736970761365,2026-07-10 10h16.11.316225 -0400,
2,20,20,0,stimuli/scenes/scene_U1.jpg,Undersea,Somar,stimuli/items/jungle_animal_15.png,Jungle,animal,si,None,0,,,0,1,1,1,0,20,20,20,,,,,427.3621872999938,,,,,,,,,,,,,,,,,,,,,,,,,,,,,,,,,,,,,,,,427.35114839999005,427.3621872999938,427.3621872999938,429.3492321000085,429.34927579999203,429.35686880000867,429.35686880000867,430.3482571999775,430.3482571999775,430.3406408999581,None,0,430.3406858999515,430.3482571999775,431.37110779999057,431.33208129997365,,,,,,,,,,,,,,,,,,,,,,203,1,short,A,2026-07-10_10h16.11.098,SBL_superimposed_encoding,,2026.1.3,120.6736970761365,2026-07-10 10h16.11.316225 -0400,
2,21,21,0,stimuli/scenes/scene_J1.jpg,Jungle,Malbow,stimuli/items/undersea_animal_11.png,Undersea,animal,si,None,0,,,0,1,1,1,0,21,21,21,,,,,431.37110779999057,,,,,,,,,,,,,,,,,,,,,,,,,,,,,,,,,,,,,,,,431.3600225999835,431.37110779999057,431.37110779999057,433.34934149996843,433.349435799988,433.3567595999921,433.3567595999921,434.34847520000767,434.34847520000767,434.34068829996977,None,0,434.3407354999799,434.34847520000767,435.36263970000437,435.3321015999536,,,,,,,,,,,,,,,,,,,,,,203,1,short,A,2026-07-10_10h16.11.098,SBL_superimposed_encoding,,2026.1.3,120.6736970761365,2026-07-10 10h16.11.316225 -0400,
2,22,22,0,stimuli/scenes/scene_U1.jpg,Undersea,Somar,stimuli/items/jungle_animal_18.png,Jungle,animal,si,None,0,,,0,1,1,1,0,22,22,22,,,,,435.36263970000437,,,,,,,,,,,,,,,,,,,,,,,,,,,,,,,,,,,,,,,,435.3521375999553,435.36263970000437,435.36263970000437,437.3492170999525,437.3492607999942,437.35701809998136,437.35701809998136,438.3487384999753,438.3487384999753,438.34078739996767,None,0,438.34083169995574,438.3487384999753,439.3730644999887,439.3321700000088,,,,,,,,,,,,,,,,,,,,,,203,1,short,A,2026-07-10_10h16.11.098,SBL_superimposed_encoding,,2026.1.3,120.6736970761365,2026-07-10 10h16.11.316225 -0400,
2,23,23,0,stimuli/scenes/scene_J2.jpg,Jungle,Negvi,stimuli/items/jungle_animal_4.png,Jungle,animal,sc,q,1,0.5744403999997303,None,0,1,1,1,0,23,23,23,,,,,439.3730644999887,,,,,,,,,,,,,,,,,,,,,,,,,,,,,,,,,,,,,,,,439.3612455999828,439.3730644999887,439.3730644999887,441.3495381999528,441.34958159999223,441.3570088999695,441.3570088999695,,,441.9326141999918,q,1,441.93267069995636,441.94042969995644,442.9556653999607,442.9240396999521,0.5744403999997303,None,,,,,,,,,,,,,,,,,,,,203,1,short,A,2026-07-10_10h16.11.098,SBL_superimposed_encoding,,2026.1.3,120.6736970761365,2026-07-10 10h16.11.316225 -0400,
2,24,24,0,stimuli/scenes/scene_U1.jpg,Undersea,Somar,stimuli/items/jungle_object_7.png,Jungle,object,si,p,1,0.7677880000555888,None,0,1,1,1,0,24,24,24,,,,,442.9556653999607,,,,,,,,,,,,,,,,,,,,,,,,,,,,,,,,,,,,,,,,442.94419309997465,442.9556653999607,442.9556653999607,444.93282309995266,444.932867800002,444.94024029996945,444.94024029996945,,,445.71606289997,p,1,445.7161202999996,445.72404909995385,446.73922439996386,446.707190599991,0.7677880000555888,None,,,,,,,,,,,,,,,,,,,,203,1,short,A,2026-07-10_10h16.11.098,SBL_superimposed_encoding,,2026.1.3,120.6736970761365,2026-07-10 10h16.11.316225 -0400,
2,25,25,0,stimuli/scenes/scene_J2.jpg,Jungle,Negvi,stimuli/items/undersea_animal_8.png,Undersea,animal,si,p,1,0.8313179999822751,None,0,1,1,1,0,25,25,25,,,,,446.73922439996386,,,,,,,,,,,,,,,,,,,,,,,,,,,,,,,,,,,,,,,,446.7272136999527,446.73922439996386,446.73922439996386,448.7245409999741,448.72458389995154,448.73230460000923,448.73230460000923,,,449.5661102999584,p,1,449.5661681999918,449.57345919997897,450.59000329999253,450.55763870000374,0.8313179999822751,None,,,,,,,,,,,,,,,,,,,,203,1,short,A,2026-07-10_10h16.11.098,SBL_superimposed_encoding,,2026.1.3,120.6736970761365,2026-07-10 10h16.11.316225 -0400,
2,26,26,0,stimuli/scenes/scene_U1.jpg,Undersea,Somar,stimuli/items/undersea_object_15.png,Undersea,object,sc,None,0,,,0,1,1,1,0,26,26,26,,,,,450.59000329999253,,,,,,,,,,,,,,,,,,,,,,,,,,,,,,,,,,,,,,,,450.58013620000565,450.59000329999253,450.59000329999253,452.56630929996027,452.5664160999586,452.57370139996056,452.57370139996056,453.5653567999834,453.5653567999834,453.55771009996533,None,0,453.55775529996026,453.5653567999834,454.5822230000049,454.54903890000423,,,,,,,,,,,,,,,,,,,,,,203,1,short,A,2026-07-10_10h16.11.098,SBL_superimposed_encoding,,2026.1.3,120.6736970761365,2026-07-10 10h16.11.316225 -0400,
2,27,27,0,stimuli/scenes/scene_J2.jpg,Jungle,Negvi,stimuli/items/jungle_animal_9.png,Jungle,animal,sc,None,0,,,0,1,1,1,0,27,27,27,,,,,454.5822230000049,,,,,,,,,,,,,,,,,,,,,,,,,,,,,,,,,,,,,,,,454.57474539999384,454.5822230000049,454.5822230000049,456.5663896999904,456.5665064000059,456.5738867999753,456.5738867999753,457.56539319996955,457.56539319996955,457.5577401999617,None,0,457.5577856999589,457.56539319996955,458.58258250000654,458.549228399992,,,,,,,,,,,,,,,,,,,,,,203,1,short,A,2026-07-10_10h16.11.098,SBL_superimposed_encoding,,2026.1.3,120.6736970761365,2026-07-10 10h16.11.316225 -0400,
2,28,28,0,stimuli/scenes/scene_J1.jpg,Jungle,Malbow,stimuli/items/jungle_animal_11.png,Jungle,animal,sc,q,1,0.4934548999881372,None,0,1,1,1,0,28,28,28,,,,,458.58258250000654,,,,,,,,,,,,,,,,,,,,,,,,,,,,,,,,,,,,,,,,458.5769028000068,458.58258250000654,458.58258250000654,460.56620969995856,460.5662525999942,460.57379769999534,460.57379769999534,,,461.0745697999955,q,1,461.07462689996464,461.08249810000416,462.09826389997033,462.0658806999563,0.4934548999881372,None,,,,,,,,,,,,,,,,,,,,203,1,short,A,2026-07-10_10h16.11.098,SBL_superimposed_encoding,,2026.1.3,120.6736970761365,2026-07-10 10h16.11.316225 -0400,
2,29,29,0,stimuli/scenes/scene_U1.jpg,Undersea,Somar,stimuli/items/undersea_animal_5.png,Undersea,animal,sc,q,1,0.46552309999242425,None,0,1,1,1,0,29,29,29,,,,,462.09826389997033,,,,,,,,,,,,,,,,,,,,,,,,,,,,,,,,,,,,,,,,462.0881401000079,462.09826389997033,462.09826389997033,464.08275239996146,464.0827960000024,464.0907098999596,464.0907098999596,,,464.55822800000897,q,1,464.55828489997657,464.5657033000025,465.5812547999667,465.54926030000206,0.46552309999242425,None,,,,,,,,,,,,,,,,,,,,203,1,short,A,2026-07-10_10h16.11.098,SBL_superimposed_encoding,,2026.1.3,120.6736970761365,2026-07-10 10h16.11.316225 -0400,
2,30,30,0,stimuli/scenes/scene_J1.jpg,Jungle,Malbow,stimuli/items/undersea_animal_19.png,Undersea,animal,si,p,1,0.2781569000217132,None,0,1,1,1,0,30,30,30,,,,,465.5812547999667,,,,,,,,,,,,,,,,,,,,,,,,,,,,,,,,,,,,,,,,465.5706038000062,465.5812547999667,465.5812547999667,467.5664926999598,467.5665870999801,467.5740802999935,467.5740802999935,,,467.85796150000533,p,1,467.8580179999699,467.8656467999681,468.88223569997353,468.8495700999629,0.2781569000217132,None,,,,,,,,,,,,,,,,,,,,203,1,short,A,2026-07-10_10h16.11.098,SBL_superimposed_encoding,,2026.1.3,120.6736970761365,2026-07-10 10h16.11.316225 -0400,
2,31,31,0,stimuli/scenes/scene_U2.jpg,Undersea,Tulon,stimuli/items/undersea_object_6.png,Undersea,object,sc,q,1,0.9387280999799259,None,0,1,1,1,0,31,31,31,,,,,468.88223569997353,,,,,,,,,,,,,,,,,,,,,,,,,,,,,,,,,,,,,,,,468.87476259999676,468.88223569997353,468.88223569997353,470.8580691999523,470.85811229998944,470.8655181999784,470.8655181999784,,,471.808080399991,q,1,471.8081372999586,471.81576319999294,472.8329742999631,472.799655299983,0.9387280999799259,None,,,,,,,,,,,,,,,,,,,,203,1,short,A,2026-07-10_10h16.11.098,SBL_superimposed_encoding,,2026.1.3,120.6736970761365,2026-07-10 10h16.11.316225 -0400,
2,32,32,0,stimuli/scenes/scene_J2.jpg,Jungle,Negvi,stimuli/items/undersea_animal_4.png,Undersea,animal,si,p,1,0.23617200000444427,None,0,1,1,1,0,32,32,32,,,,,472.8329742999631,,,,,,,,,,,,,,,,,,,,,,,,,,,,,,,,,,,,,,,,472.8271273999708,472.8329742999631,472.8329742999631,474.80835509998724,474.8084557999973,474.8157156999805,474.8157156999805,,,475.05829889996676,p,1,475.05835639999714,475.0656918999739,476.08186350000324,476.04995159996906,0.23617200000444427,None,,,,,,,,,,,,,,,,,,,,203,1,short,A,2026-07-10_10h16.11.098,SBL_superimposed_encoding,,2026.1.3,120.6736970761365,2026-07-10 10h16.11.316225 -0400,
2,33,33,0,stimuli/scenes/scene_J1.jpg,Jungle,Malbow,stimuli/items/undersea_object_8.png,Undersea,object,si,None,0,,,0,1,1,1,0,33,33,33,,,,,476.08186350000324,,,,,,,,,,,,,,,,,,,,,,,,,,,,,,,,,,,,,,,,476.07038329995703,476.08186350000324,476.08186350000324,478.06687239999883,478.06691559997853,478.07433869998204,478.07433869998204,479.06622989999596,479.06622989999596,479.05761359998723,None,0,479.05765829997836,479.06622989999596,480.08276439999463,480.0497633999912,,,,,,,,,,,,,,,,,,,,,,203,1,short,A,2026-07-10_10h16.11.098,SBL_superimposed_encoding,,2026.1.3,120.6736970761365,2026-07-10 10h16.11.316225 -0400,
2,34,34,0,stimuli/scenes/scene_U1.jpg,Undersea,Somar,stimuli/items/undersea_animal_6.png,Undersea,animal,sc,q,1,0.2571447999798693,None,0,1,1,1,0,34,34,34,,,,,480.08276439999463,,,,,,,,,,,,,,,,,,,,,,,,,,,,,,,,,,,,,,,,480.0775217000046,480.08276439999463,480.08276439999463,482.06642970000394,482.06647389999125,482.07431689999066,482.07431689999066,,,482.33333900000434,q,1,482.333394199959,482.3410426999908,483.356363400002,483.32480439997744,0.2571447999798693,None,,,,,,,,,,,,,,,,,,,,203,1,short,A,2026-07-10_10h16.11.098,SBL_superimposed_encoding,,2026.1.3,120.6736970761365,2026-07-10 10h16.11.316225 -0400,
2,35,35,0,stimuli/scenes/scene_J1.jpg,Jungle,Malbow,stimuli/items/undersea_object_14.png,Undersea,object,si,p,1,0.35864410002250224,None,0,1,1,1,0,35,35,35,,,,,483.356363400002,,,,,,,,,,,,,,,,,,,,,,,,,,,,,,,,,,,,,,,,483.3450326999882,483.356363400002,483.356363400002,485.34123580000596,485.3412804999971,485.3495158999576,485.3495158999576,,,485.7168313000002,p,1,485.7168889999739,485.7242714999593,486.73973410000326,486.7080722999526,0.35864410002250224,None,,,,,,,,,,,,,,,,,,,,203,1,short,A,2026-07-10_10h16.11.098,SBL_superimposed_encoding,,2026.1.3,120.6736970761365,2026-07-10 10h16.11.316225 -0400,
2,36,36,0,stimuli/scenes/scene_U1.jpg,Undersea,Somar,stimuli/items/undersea_object_9.png,Undersea,object,sc,p,0,0.5593410999863409,None,0,1,1,1,0,36,36,36,,,,,486.73973410000326,,,,,,,,,,,,,,,,,,,,,,,,,,,,,,,,,,,,,,,,486.72929009998916,486.73973410000326,486.73973410000326,488.7253650999628,488.7254594999831,488.73251229996094,488.73251229996094,,,489.29967769997893,p,0,489.29973709996557,489.3073202999658,490.3237838000059,490.2922969000065,0.5593410999863409,None,,,,,,,,,,,,,,,,,,,,203,1,short,A,2026-07-10_10h16.11.098,SBL_superimposed_encoding,,2026.1.3,120.6736970761365,2026-07-10 10h16.11.316225 -0400,
2,37,37,0,stimuli/scenes/scene_J1.jpg,Jungle,Malbow,stimuli/items/jungle_object_18.png,Jungle,object,sc,q,1,0.5521696000359952,None,0,1,1,1,0,37,37,37,,,,,490.3237838000059,,,,,,,,,,,,,,,,,,,,,,,,,,,,,,,,,,,,,,,,490.31387809995795,490.3237838000059,490.3237838000059,492.3003333999659,492.30042819998926,492.3079610999557,492.3079610999557,,,492.86720629996853,q,1,492.8672627999913,492.8745639999979,493.89068670000415,493.85822090000147,0.5521696000359952,None,,,,,,,,,,,,,,,,,,,,203,1,short,A,2026-07-10_10h16.11.098,SBL_superimposed_encoding,,2026.1.3,120.6736970761365,2026-07-10 10h16.11.316225 -0400,
2,38,38,0,stimuli/scenes/scene_U1.jpg,Undersea,Somar,stimuli/items/undersea_object_2.png,Undersea,object,sc,q,1,0.5605909000150859,None,0,1,1,1,0,38,38,38,,,,,493.89068670000415,,,,,,,,,,,,,,,,,,,,,,,,,,,,,,,,,,,,,,,,493.8818999999785,493.89068670000415,493.89068670000415,495.87532719998853,495.87542259995826,495.88289519998943,495.88289519998943,,,496.4501549999695,q,1,496.45021419995464,496.45754539995687,497.4732609000057,497.44156159996055,0.5605909000150859,None,,,,,,,,,,,,,,,,,,,,203,1,short,A,2026-07-10_10h16.11.098,SBL_superimposed_encoding,,2026.1.3,120.6736970761365,2026-07-10 10h16.11.316225 -0400,
2,39,39,0,stimuli/scenes/scene_J1.jpg,Jungle,Malbow,stimuli/items/undersea_object_4.png,Undersea,object,si,p,1,0.5858700000098906,None,0,1,1,1,0,39,39,39,,,,,497.4732609000057,,,,,,,,,,,,,,,,,,,,,,,,,,,,,,,,,,,,,,,,497.4620103999623,497.4732609000057,497.4732609000057,499.4503780999803,499.45047219999833,499.4576697999728,499.4576697999728,,,500.0501961999689,p,1,500.050252999994,500.0577952999738,501.06627359997947,501.041663699958,0.5858700000098906,None,,,,,,,,,,,,,,,,,,,,203,1,short,A,2026-07-10_10h16.11.098,SBL_superimposed_encoding,,2026.1.3,120.6736970761365,2026-07-10 10h16.11.316225 -0400,
2,40,40,0,stimuli/scenes/scene_U1.jpg,Undersea,Somar,stimuli/items/jungle_object_6.png,Jungle,object,si,p,1,0.5538462000549771,None,0,1,1,1,0,40,40,40,,,,,501.06627359997947,,,,,,,,,,,,,,,,,,,,,,,,,,,,,,,,,,,,,,,,501.0603921999573,501.06627359997947,501.06627359997947,503.05024869996123,503.0502893999801,503.0580285000033,503.0580285000033,,,503.6166744999937,p,1,503.6167321999674,503.6246261000051,504.6406303999829,504.6082830999512,0.5538462000549771,None,503.0580285000033,503.0580285000033,,,,,,,,,,,,,,,,,,203,1,short,A,2026-07-10_10h16.11.098,SBL_superimposed_encoding,,2026.1.3,120.6736970761365,2026-07-10 10h16.11.316225 -0400,
2,41,41,0,stimuli/scenes/scene_J1.jpg,Jungle,Malbow,stimuli/items/jungle_animal_8.png,Jungle,animal,sc,q,1,0.7793803000240587,None,0,1,1,1,0,41,41,41,,,,,504.6406303999829,,,,,,,,,,,,,,,,,,,,,,,,,,,,,,,,,,,,,,,,504.6301145000034,504.6406303999829,504.6406303999829,506.6168801999884,506.61692399997264,506.62468289997196,506.62468289997196,,,507.409003299952,q,1,507.4090607999824,507.41625009995187,508.432703199971,508.39991290000034,0.7793803000240587,None,,,,,,,,,,,,,,,,,,,,203,1,short,A,2026-07-10_10h16.11.098,SBL_superimposed_encoding,,2026.1.3,120.6736970761365,2026-07-10 10h16.11.316225 -0400,
2,42,42,0,stimuli/scenes/scene_U2.jpg,Undersea,Tulon,stimuli/items/jungle_object_12.png,Jungle,object,si,p,1,0.6592667000368237,None,0,1,1,1,0,42,42,42,,,,,508.432703199971,,,,,,,,,,,,,,,,,,,,,,,,,,,,,,,,,,,,,,,,508.4265146999969,508.432703199971,508.432703199971,510.4172122000018,510.41730889998144,510.42473839997547,510.42473839997547,,,511.09220039995853,p,1,511.09225749998586,511.099683599954,512.1243597999564,512.0836270999862,0.6592667000368237,None,,,,,,,,,,,,,,,,,,,,203,1,short,A,2026-07-10_10h16.11.098,SBL_superimposed_encoding,,2026.1.3,120.6736970761365,2026-07-10 10h16.11.316225 -0400,
2,43,43,0,stimuli/scenes/scene_J2.jpg,Jungle,Negvi,stimuli/items/jungle_animal_20.png,Jungle,animal,sc,q,1,0.9754577000276186,None,0,1,1,1,0,43,43,43,,,,,512.1243597999564,,,,,,,,,,,,,,,,,,,,,,,,,,,,,,,,,,,,,,,,512.1127348999726,512.1243597999564,512.1243597999564,514.1005770000047,514.1006714999676,514.1079744999879,514.1079744999879,,,515.0842190999538,q,1,515.0842780999956,515.0912975999527,516.1074538999819,516.0755003999802,0.9754577000276186,None,,,,,,,,,,,,,,,,,,,,203,1,short,A,2026-07-10_10h16.11.098,SBL_superimposed_encoding,,2026.1.3,120.6736970761365,2026-07-10 10h16.11.316225 -0400,
2,44,44,0,stimuli/scenes/scene_J1.jpg,Jungle,Malbow,stimuli/items/undersea_animal_14.png,Undersea,animal,si,p,1,0.8887078000116162,None,0,1,1,1,0,44,44,44,,,,,516.1074538999819,,,,,,,,,,,,,,,,,,,,,,,,,,,,,,,,,,,,,,,,516.0958737999899,516.1074538999819,516.1074538999819,518.0923930999706,518.0924639999866,518.0994289999944,518.0994289999944,,,518.9921387999784,p,1,518.9922006999841,518.9998782000039,520.0163901000051,519.9838885999634,0.8887078000116162,None,,,,,,,,,,,,,,,,,,,,203,1,short,A,2026-07-10_10h16.11.098,SBL_superimposed_encoding,,2026.1.3,120.6736970761365,2026-07-10 10h16.11.316225 -0400,
2,45,45,0,stimuli/scenes/scene_U2.jpg,Undersea,Tulon,stimuli/items/jungle_object_16.png,Jungle,object,si,p,1,0.3002332000178285,None,0,1,1,1,0,45,45,45,,,,,520.0163901000051,,,,,,,,,,,,,,,,,,,,,,,,,,,,,,,,,,,,,,,,520.0091882999986,520.0163901000051,520.0163901000051,521.9923828999745,521.9924708000035,521.9998382999911,521.9998382999911,,,522.3087587999762,p,1,522.3088151999982,522.3165983000072,523.3333373999922,523.3003730999772,0.3002332000178285,None,,,,,,,,,,,,,,,,,,,,203,1,short,A,2026-07-10_10h16.11.098,SBL_superimposed_encoding,,2026.1.3,120.6736970761365,2026-07-10 10h16.11.316225 -0400,
2,46,46,0,stimuli/scenes/scene_J1.jpg,Jungle,Malbow,stimuli/items/undersea_object_5.png,Undersea,object,si,p,1,0.4871288999565877,None,0,1,1,1,0,46,46,46,,,,,523.3333373999922,,,,,,,,,,,,,,,,,,,,,,,,,,,,,,,,,,,,,,,,523.3278784999857,523.3333373999922,523.3333373999922,525.3089553999598,525.3090002999525,525.3166204000008,525.3166204000008,,,525.8093007999705,p,1,525.8093601999572,525.8164803999825,526.8326430000016,526.8004142999998,0.4871288999565877,None,,,,,,,,,,,,,,,,,,,,203,1,short,A,2026-07-10_10h16.11.098,SBL_superimposed_encoding,,2026.1.3,120.6736970761365,2026-07-10 10h16.11.316225 -0400,
2,47,47,0,stimuli/scenes/scene_U2.jpg,Undersea,Tulon,stimuli/items/undersea_object_12.png,Undersea,object,sc,q,1,0.41899420000845566,None,0,1,1,1,0,47,47,47,,,,,526.8326430000016,,,,,,,,,,,,,,,,,,,,,,,,,,,,,,,,,,,,,,,,526.8229695999762,526.8326430000016,526.8326430000016,528.817852899956,528.8179477999802,528.8249797999742,528.8249797999742,,,529.251166299975,q,1,529.2512225999963,529.2581922999816,530.2739067999646,530.2421522999648,0.41899420000845566,None,,,,,,,,,,,,,,,,,,,,203,1,short,A,2026-07-10_10h16.11.098,SBL_superimposed_encoding,,2026.1.3,120.6736970761365,2026-07-10 10h16.11.316225 -0400,
2,48,48,0,stimuli/scenes/scene_J1.jpg,Jungle,Malbow,stimuli/items/jungle_animal_14.png,Jungle,animal,sc,q,1,0.657002400024794,None,0,1,1,1,0,48,48,48,,,,,530.2739067999646,,,,,,,,,,,,,,,,,,,,,,,,,,,,,,,,,,,,,,,,530.2626707999734,530.2739067999646,530.2739067999646,532.258941099979,532.2589841999579,532.2669290999766,532.2669290999766,,,532.9255211999989,q,1,532.9255776999635,532.933072099986,533.9495806999621,533.9169884999865,0.657002400024794,None,,,,,,,,,,,,,,,,,,,,203,1,short,A,2026-07-10_10h16.11.098,SBL_superimposed_encoding,,2026.1.3,120.6736970761365,2026-07-10 10h16.11.316225 -0400,
2,49,49,0,stimuli/scenes/scene_U2.jpg,Undersea,Tulon,stimuli/items/jungle_animal_10.png,Jungle,animal,si,p,1,0.5739792000385933,None,0,1,1,1,0,49,49,49,,,,,533.9495806999621,,,,,,,,,,,,,,,,,,,,,,,,,,,,,,,,,,,,,,,,533.9399810999748,533.9495806999621,533.9495806999621,535.9257705999771,535.9258370999596,535.9334449999733,535.9334449999733,,,536.5090789999813,p,1,536.509137099958,536.5169013999985,537.5328693999909,537.5006758999662,0.5739792000385933,None,,,,,,,,,,,,,,,,,,,,203,1,short,A,2026-07-10_10h16.11.098,SBL_superimposed_encoding,,2026.1.3,120.6736970761365,2026-07-10 10h16.11.316225 -0400,
2,50,50,0,stimuli/scenes/scene_U1.jpg,Undersea,Somar,stimuli/items/jungle_object_4.png,Jungle,object,si,p,1,0.687928200000897,None,0,1,1,1,0,50,50,50,,,,,537.5328693999909,,,,,,,,,,,,,,,,,,,,,,,,,,,,,,,,,,,,,,,,537.5234955999767,537.5328693999909,537.5328693999909,539.5092729000025,539.5093176999944,539.5167335000006,539.5167335000006,,,540.209331399994,p,1,540.2093886999646,540.2167789999512,541.2317630999605,541.2005013999878,0.687928200000897,None,,,,,,,,,,,,,,,,,,,,203,1,short,A,2026-07-10_10h16.11.098,SBL_superimposed_encoding,,2026.1.3,120.6736970761365,2026-07-10 10h16.11.316225 -0400,
2,51,51,0,stimuli/scenes/scene_U2.jpg,Undersea,Tulon,stimuli/items/undersea_animal_7.png,Undersea,animal,sc,q,1,0.7708201999776065,None,0,1,1,1,0,51,51,51,,,,,541.2317630999605,,,,,,,,,,,,,,,,,,,,,,,,,,,,,,,,,,,,,,,,541.2211665000068,541.2317630999605,541.2317630999605,543.2177257000003,543.2178186999517,543.2252295999788,543.2252295999788,,,544.0010902999784,q,1,544.0011469000019,544.0085097999545,545.025307999982,544.9921305999742,0.7708201999776065,None,,,,,,,,,,,,,,,,,,,,203,1,short,A,2026-07-10_10h16.11.098,SBL_superimposed_encoding,,2026.1.3,120.6736970761365,2026-07-10 10h16.11.316225 -0400,
2,52,52,0,stimuli/scenes/scene_J2.jpg,Jungle,Negvi,stimuli/items/jungle_animal_16.png,Jungle,animal,sc,q,1,0.8989183999947272,None,0,1,1,1,0,52,52,52,,,,,545.025307999982,,,,,,,,,,,,,,,,,,,,,,,,,,,,,,,,,,,,,,,,545.0187874999829,545.025307999982,545.025307999982,547.0090779999737,547.0091224999633,547.0171553999535,547.0171553999535,,,547.9172873999923,q,1,547.9173438999569,547.9253128999844,548.9412761999993,548.9090037999558,0.8989183999947272,None,,,,,,,,,,,,,,,,,,,,203,1,short,A,2026-07-10_10h16.11.098,SBL_superimposed_encoding,,2026.1.3,120.6736970761365,2026-07-10 10h16.11.316225 -0400,
2,53,53,0,stimuli/scenes/scene_U1.jpg,Undersea,Somar,stimuli/items/jungle_object_17.png,Jungle,object,si,p,1,0.28691139997681603,None,0,1,1,1,0,53,53,53,,,,,548.9412761999993,,,,,,,,,,,,,,,,,,,,,,,,,,,,,,,,,,,,,,,,548.9306804999942,548.9412761999993,548.9412761999993,550.9176790000056,550.9177795999567,550.9252551999525,550.9252551999525,,,551.2174731999985,p,1,551.2175286999554,551.2252703999984,552.2415535000036,552.2091238999856,0.28691139997681603,None,,,,,,,,,,,,,,,,,,,,203,1,short,A,2026-07-10_10h16.11.098,SBL_superimposed_encoding,,2026.1.3,120.6736970761365,2026-07-10 10h16.11.316225 -0400,
2,54,54,0,stimuli/scenes/scene_J2.jpg,Jungle,Negvi,stimuli/items/undersea_animal_18.png,Undersea,animal,si,p,1,0.9069526999955997,None,0,1,1,1,0,54,54,54,,,,,552.2415535000036,,,,,,,,,,,,,,,,,,,,,,,,,,,,,,,,,,,,,,,,552.2318302000058,552.2415535000036,552.2415535000036,554.2177084999857,554.2178017999977,554.2252187999547,554.2252187999547,,,555.1343272000086,p,1,555.1343852999853,555.1420477000065,556.1660545999766,556.1256919999723,0.9069526999955997,None,,,,,,,,,,,,,,,,,,,,203,1,short,A,2026-07-10_10h16.11.098,SBL_superimposed_encoding,,2026.1.3,120.6736970761365,2026-07-10 10h16.11.316225 -0400,
2,55,55,0,stimuli/scenes/scene_U2.jpg,Undersea,Tulon,stimuli/items/jungle_animal_17.png,Jungle,animal,si,p,1,0.6296787000028417,None,0,1,1,1,0,55,55,55,,,,,556.1660545999766,,,,,,,,,,,,,,,,,,,,,,,,,,,,,,,,,,,,,,,,556.1552486,556.1660545999766,556.1660545999766,558.1426342999912,558.1426774999709,558.150421999977,558.150421999977,,,558.7847443000064,p,1,558.7848013999755,558.7920260999817,559.8081583000021,559.7754208999686,0.6296787000028417,None,,,,,,,,,,,,,,,,,,,,203,1,short,A,2026-07-10_10h16.11.098,SBL_superimposed_encoding,,2026.1.3,120.6736970761365,2026-07-10 10h16.11.316225 -0400,
2,56,56,0,stimuli/scenes/scene_J2.jpg,Jungle,Negvi,stimuli/items/jungle_animal_6.png,Jungle,animal,sc,q,1,0.4193917000084184,None,0,1,1,1,0,56,56,56,,,,,559.8081583000021,,,,,,,,,,,,,,,,,,,,,,,,,,,,,,,,,,,,,,,,559.7972762999707,559.8081583000021,559.8081583000021,561.7929934999556,561.7930895999889,561.8003101999639,561.8003101999639,,,562.2262621999835,q,1,562.2263189000078,562.2335873999982,563.2582836999791,563.2177324999939,0.4193917000084184,None,,,,,,,,,,,,,,,,,,,,203,1,short,A,2026-07-10_10h16.11.098,SBL_superimposed_encoding,,2026.1.3,120.6736970761365,2026-07-10 10h16.11.316225 -0400,
2,57,57,0,stimuli/scenes/scene_J1.jpg,Jungle,Malbow,stimuli/items/jungle_animal_2.png,Jungle,animal,sc,q,1,0.2984891000087373,None,0,1,1,1,0,57,57,57,,,,,563.2582836999791,,,,,,,,,,,,,,,,,,,,,,,,,,,,,,,,,,,,,,,,563.2465881999815,563.2582836999791,563.2582836999791,565.226428999973,565.2265240999986,565.2337005999871,565.2337005999871,,,565.5341619999963,q,1,565.5342180999578,565.5422707999824,566.5583944999962,566.5261731999926,0.2984891000087373,None,,,,,,,,,,,,,,,,,,,,203,1,short,A,2026-07-10_10h16.11.098,SBL_superimposed_encoding,,2026.1.3,120.6736970761365,2026-07-10 10h16.11.316225 -0400,
2,58,58,0,stimuli/scenes/scene_U1.jpg,Undersea,Somar,stimuli/items/jungle_animal_5.png,Jungle,animal,si,p,1,0.5577086000121199,None,0,1,1,1,0,58,58,58,,,,,566.5583944999962,,,,,,,,,,,,,,,,,,,,,,,,,,,,,,,,,,,,,,,,566.5498887999565,566.5583944999962,566.5583944999962,568.5345229000086,568.5345663999906,568.5422797999927,568.5422797999927,,,569.1011830999632,p,1,569.1012405999936,569.108979099954,570.1253308999585,570.0926245999872,0.5577086000121199,None,,,,,,,,,,,,,,,,,,,,203,1,short,A,2026-07-10_10h16.11.098,SBL_superimposed_encoding,,2026.1.3,120.6736970761365,2026-07-10 10h16.11.316225 -0400,
2,59,59,0,stimuli/scenes/scene_U2.jpg,Undersea,Tulon,stimuli/items/jungle_animal_7.png,Jungle,animal,si,p,1,0.5659693999914452,None,0,1,1,1,0,59,59,59,,,,,570.1253308999585,,,,,,,,,,,,,,,,,,,,,,,,,,,,,,,,,,,,,,,,570.1176903999876,570.1253308999585,570.1253308999585,572.1097338999971,572.1097777999821,572.1175371999852,572.1175371999852,,,572.6845549999853,p,1,572.684612699959,572.6924497999717,573.7167580999667,573.6760921999812,0.5659693999914452,None,,,,,,,,,,,,,,,,,,,,203,1,short,A,2026-07-10_10h16.11.098,SBL_superimposed_encoding,,2026.1.3,120.6736970761365,2026-07-10 10h16.11.316225 -0400,
2,60,60,0,stimuli/scenes/scene_J2.jpg,Jungle,Negvi,stimuli/items/undersea_object_16.png,Undersea,object,si,p,1,0.6870619000401348,None,0,1,1,1,0,60,60,60,,,,,573.7167580999667,,,,,,,,,,,,,,,,,,,,,,,,,,,,,,,,,,,,,,,,573.7047733999789,573.7167580999667,573.7167580999667,575.6848794999532,575.6849738999736,575.6923745999811,575.6923745999811,,,576.3846467999974,p,1,576.3847037999658,576.3924690999556,577.4079997999943,577.3761805999675,0.6870619000401348,None,,,,,,,,,,,,,,,,,,,,203,1,short,A,2026-07-10_10h16.11.098,SBL_superimposed_encoding,,2026.1.3,120.6736970761365,2026-07-10 10h16.11.316225 -0400,
2,61,61,0,stimuli/scenes/scene_U2.jpg,Undersea,Tulon,stimuli/items/jungle_object_8.png,Jungle,object,si,p,1,0.7640670000109822,None,0,1,1,1,0,61,61,61,,,,,577.4079997999943,,,,,,,,,,,,,,,,,,,,,,,,,,,,,,,,,,,,,,,,577.3968724999577,577.4079997999943,577.4079997999943,579.384849199967,579.3849379000021,579.3923521999968,579.3923521999968,,,580.1599567999947,p,1,580.1600147999707,580.1673118000035,581.1828487999737,581.1509381000069,0.7640670000109822,None,,,,,,,,,,,,,,,,,,,,203,1,short,A,2026-07-10_10h16.11.098,SBL_superimposed_encoding,,2026.1.3,120.6736970761365,2026-07-10 10h16.11.316225 -0400,
2,62,62,0,stimuli/scenes/scene_J2.jpg,Jungle,Negvi,stimuli/items/jungle_object_19.png,Jungle,object,sc,None,0,,,0,1,1,1,0,62,62,62,,,,,581.1828487999737,,,,,,,,,,,,,,,,,,,,,,,,,,,,,,,,,,,,,,,,581.1714309999952,581.1828487999737,581.1828487999737,583.1683186999871,583.1684131000075,583.1761055999668,583.1761055999668,584.1672651999979,584.1672651999979,584.1596447000047,None,0,584.159690600005,584.1672651999979,585.1844954999979,585.1512059000088,,,,,,,,,,,,,,,,,,,,,,203,1,short,A,2026-07-10_10h16.11.098,SBL_superimposed_encoding,,2026.1.3,120.6736970761365,2026-07-10 10h16.11.316225 -0400,
2,63,63,0,stimuli/scenes/scene_J1.jpg,Jungle,Malbow,stimuli/items/jungle_object_2.png,Jungle,object,sc,q,1,0.2922384000266902,None,0,1,1,1,0,63,63,63,,,,,585.1844954999979,,,,,,,,,,,,,,,,,,,,,,,,,,,,,,,,,,,,,,,,585.178983299993,585.1844954999979,585.1844954999979,587.1684070999618,587.1685016999836,587.175630099955,587.175630099955,,,587.4766350999707,q,1,587.4766928000026,587.4841119999764,588.5000944999629,588.4678183000069,0.2922384000266902,None,,,,,,,,,,,,,,,,,,,,203,1,short,A,2026-07-10_10h16.11.098,SBL_superimposed_encoding,,2026.1.3,120.6736970761365,2026-07-10 10h16.11.316225 -0400,
2,64,64,0,stimuli/scenes/scene_J2.jpg,Jungle,Negvi,stimuli/items/jungle_object_11.png,Jungle,object,sc,q,1,0.3511735000065528,None,0,1,1,1,0,64,64,64,,,,,588.5000944999629,,,,,,,,,,,,,,,,,,,,,,,,,,,,,,,,,,,,,,,,588.4891408999683,588.5000944999629,588.5000944999629,590.4849326999974,590.4850273999618,590.4923456999823,590.4923456999823,,,590.8521347999922,q,1,590.8521926999674,590.8595915999613,591.8755624999758,591.8430550000048,0.3511735000065528,None,,,,,,,,,,,,,,,,,,,,203,1,short,A,2026-07-10_10h16.11.098,SBL_superimposed_encoding,,2026.1.3,120.6736970761365,2026-07-10 10h16.11.316225 -0400,
2,65,65,0,stimuli/scenes/scene_J1.jpg,Jungle,Malbow,stimuli/items/jungle_object_3.png,Jungle,object,sc,q,1,0.7373080999823287,None,0,1,1,1,0,65,65,65,,,,,591.8755624999758,,,,,,,,,,,,,,,,,,,,,,,,,,,,,,,,,,,,,,,,591.8646516999579,591.8755624999758,591.8755624999758,593.8600366999744,593.8600796999526,593.8676550000091,593.8676550000091,,,594.6100124999648,q,1,594.6100707000005,594.6179843999562,595.633803499979,595.6011724999989,0.7373080999823287,None,,,,,,,,,,,,,,,,,,,,203,1,short,A,2026-07-10_10h16.11.098,SBL_superimposed_encoding,,2026.1.3,120.6736970761365,2026-07-10 10h16.11.316225 -0400,
2,66,66,0,stimuli/scenes/scene_U1.jpg,Undersea,Somar,stimuli/items/undersea_animal_2.png,Undersea,animal,sc,q,1,0.3704549999674782,None,0,1,1,1,0,66,66,66,,,,,595.633803499979,,,,,,,,,,,,,,,,,,,,,,,,,,,,,,,,,,,,,,,,595.6250797999674,595.633803499979,595.633803499979,597.6183799999999,597.6184629999916,597.6257489999989,597.6257489999989,,,598.001614299952,q,1,598.0016697999672,598.0093059999635,599.0254565000068,598.992593700008,0.3704549999674782,None,,,,,,,,,,,,,,,,,,,,203,1,short,A,2026-07-10_10h16.11.098,SBL_superimposed_encoding,,2026.1.3,120.6736970761365,2026-07-10 10h16.11.316225 -0400,
2,67,67,0,stimuli/scenes/scene_U2.jpg,Undersea,Tulon,stimuli/items/jungle_animal_19.png,Jungle,animal,si,p,1,0.25863749999552965,None,0,1,1,1,0,67,67,67,,,,,599.0254565000068,,,,,,,,,,,,,,,,,,,,,,,,,,,,,,,,,,,,,,,,599.0176415999886,599.0254565000068,599.0254565000068,601.0096943999524,601.0097391000018,601.0174462999566,601.0174462999566,,,601.2846467999625,p,1,601.2847035999876,601.2925877000089,602.3012576999608,602.2767451999825,0.25863749999552965,None,,,,,,,,,,,,,,,,,,,,203,1,short,A,2026-07-10_10h16.11.098,SBL_superimposed_encoding,,2026.1.3,120.6736970761365,2026-07-10 10h16.11.316225 -0400,
2,68,68,0,stimuli/scenes/scene_U1.jpg,Undersea,Somar,stimuli/items/undersea_object_18.png,Undersea,object,sc,q,1,0.4864098000107333,None,0,1,1,1,0,68,68,68,,,,,602.3012576999608,,,,,,,,,,,,,,,,,,,,,,,,,,,,,,,,,,,,,,,,602.2952724999632,602.3012576999608,602.3012576999608,604.2851327999961,604.285175899975,604.2928874999634,604.2928874999634,,,604.7848992999643,q,1,604.7849567999947,604.7927497999626,605.8075658999733,605.7761172999744,0.4864098000107333,None,,,,,,,,,,,,,,,,,,,,203,1,short,A,2026-07-10_10h16.11.098,SBL_superimposed_encoding,,2026.1.3,120.6736970761365,2026-07-10 10h16.11.316225 -0400,
2,69,69,0,stimuli/scenes/scene_U2.jpg,Undersea,Tulon,stimuli/items/undersea_animal_12.png,Undersea,animal,sc,q,1,0.6187583999708295,None,0,1,1,1,0,69,69,69,,,,,605.8075658999733,,,,,,,,,,,,,,,,,,,,,,,,,,,,,,,,,,,,,,,,605.7969165999675,605.8075658999733,605.8075658999733,607.78545939998,607.7855544000049,607.7929389000055,607.7929389000055,,,608.4187305999803,q,1,608.4187884999556,608.4262103000074,609.4396691999864,609.4105033999658,0.6187583999708295,None,,,,,,,,,,,,,,,,,,,,203,1,short,A,2026-07-10_10h16.11.098,SBL_superimposed_encoding,,2026.1.3,120.6736970761365,2026-07-10 10h16.11.316225 -0400,
2,70,70,0,stimuli/scenes/scene_U1.jpg,Undersea,Somar,stimuli/items/undersea_animal_13.png,Undersea,animal,sc,q,1,0.6891107000410557,None,0,1,1,1,0,70,70,70,,,,,609.4396691999864,,,,,,,,,,,,,,,,,,,,,,,,,,,,,,,,,,,,,,,,609.4294753999566,609.4396691999864,609.4396691999864,611.4267527000047,611.4267985000042,611.4349330999539,611.4349330999539,,,612.1270417000051,q,1,612.1271001999849,612.1349644999718,613.1480763999862,613.118301999988,0.6891107000410557,None,,,,,,,,,,,,,,,,,,,,203,1,short,A,2026-07-10_10h16.11.098,SBL_superimposed_encoding,,2026.1.3,120.6736970761365,2026-07-10 10h16.11.316225 -0400,
2,71,71,0,stimuli/scenes/scene_U2.jpg,Undersea,Tulon,stimuli/items/jungle_object_20.png,Jungle,object,si,p,1,0.8530825999914669,None,0,1,1,1,0,71,71,71,,,,,613.1480763999862,,,,,,,,,,,,,,,,,,,,,,,,,,,,,,,,,,,,,,,,613.1377288000076,613.1480763999862,613.1480763999862,615.1352953999885,615.1353869999875,615.1429348999518,615.1429348999518,,,616.0021713000024,p,1,616.002228599973,616.0095800999552,617.0264451999683,616.9931442999514,0.8530825999914669,None,,,,,,,,,,,,,,,,,,,,203,1,short,A,2026-07-10_10h16.11.098,SBL_superimposed_encoding,,2026.1.3,120.6736970761365,2026-07-10 10h16.11.316225 -0400,
2,72,72,0,stimuli/scenes/scene_J1.jpg,Jungle,Malbow,stimuli/items/jungle_object_9.png,Jungle,object,sc,q,1,0.46620109997456893,None,0,1,1,1,0,72,72,72,,,,,617.0264451999683,,,,,,,,,,,,,,,,,,,,,,,,,,,,,,,,,,,,,,,,617.0207080999971,617.0264451999683,617.0264451999683,619.0104020999861,619.0104898999562,619.0178006999777,619.0178006999777,,,619.4851861000061,q,1,619.4852451999905,619.4930003999616,620.5101350999903,620.4769835000043,0.46620109997456893,None,,,,,,,,,,,,,,,,,,,,203,1,short,A,2026-07-10_10h16.11.098,SBL_superimposed_encoding,,2026.1.3,120.6736970761365,2026-07-10 10h16.11.316225 -0400,
2,73,73,0,stimuli/scenes/scene_J2.jpg,Jungle,Negvi,stimuli/items/undersea_object_11.png,Undersea,object,si,p,1,0.45503810001537204,None,0,1,1,1,0,73,73,73,,,,,620.5101350999903,,,,,,,,,,,,,,,,,,,,,,,,,,,,,,,,,,,,,,,,620.5044405999943,620.5101350999903,620.5101350999903,622.4939277999802,622.4939711999614,622.5013213999919,622.5013213999919,,,622.9602225999697,p,1,622.9602778999833,622.9680598999839,623.9843846999574,623.9518910999759,0.45503810001537204,None,,,,,,,,,,,,,,,,,,,,203,1,short,A,2026-07-10_10h16.11.098,SBL_superimposed_encoding,,2026.1.3,120.6736970761365,2026-07-10 10h16.11.316225 -0400,
2,74,74,0,stimuli/scenes/scene_U1.jpg,Undersea,Somar,stimuli/items/undersea_animal_20.png,Undersea,animal,sc,q,1,0.3964296000194736,None,0,1,1,1,0,74,74,74,,,,,623.9843846999574,,,,,,,,,,,,,,,,,,,,,,,,,,,,,,,,,,,,,,,,623.9752882999601,623.9843846999574,623.9843846999574,625.9603834999725,625.960479500005,625.9678899999708,625.9678899999708,,,626.3691355999908,q,1,626.3691901999991,626.3764020999661,627.3925631999737,627.3600700999959,0.3964296000194736,None,,,,,,,,,,,,,,,,,,,,203,1,short,A,2026-07-10_10h16.11.098,SBL_superimposed_encoding,,2026.1.3,120.6736970761365,2026-07-10 10h16.11.316225 -0400,
2,75,75,0,stimuli/scenes/scene_U2.jpg,Undersea,Tulon,stimuli/items/undersea_object_3.png,Undersea,object,sc,q,1,0.4824129000189714,None,0,1,1,1,0,75,75,75,,,,,627.3925631999737,,,,,,,,,,,,,,,,,,,,,,,,,,,,,,,,,,,,,,,,627.3833579999628,627.3925631999737,627.3925631999737,629.3772688999888,629.3773603999871,629.3848058999865,629.3848058999865,,,629.8689933999558,q,1,629.8690505999839,629.8765673000016,630.8926149999606,630.8601922999951,0.4824129000189714,None,,,,,,,,,,,,,,,,,,,,203,1,short,A,2026-07-10_10h16.11.098,SBL_superimposed_encoding,,2026.1.3,120.6736970761365,2026-07-10 10h16.11.316225 -0400,
2,76,76,0,stimuli/scenes/scene_J2.jpg,Jungle,Negvi,stimuli/items/undersea_object_1.png,Undersea,object,si,p,1,0.5506773000233807,None,0,1,1,1,0,76,76,76,,,,,630.8926149999606,,,,,,,,,,,,,,,,,,,,,,,,,,,,,,,,,,,,,,,,630.8807800000068,630.8926149999606,630.8926149999606,632.8774087000056,632.8775022999616,632.8846819999744,632.8846819999744,,,633.4438796999748,p,1,633.4439354999922,633.4514537999639,634.4682825999917,634.4356599999592,0.5506773000233807,None,,,,,,,,,,,,,,,,,,,,203,1,short,A,2026-07-10_10h16.11.098,SBL_superimposed_encoding,,2026.1.3,120.6736970761365,2026-07-10 10h16.11.316225 -0400,
2,77,77,0,stimuli/scenes/scene_J1.jpg,Jungle,Malbow,stimuli/items/undersea_animal_15.png,Undersea,animal,si,p,1,0.5045515999663621,None,0,1,1,1,0,77,77,77,,,,,634.4682825999917,,,,,,,,,,,,,,,,,,,,,,,,,,,,,,,,,,,,,,,,634.4626687999698,634.4682825999917,634.4682825999917,636.4441527999588,636.4442458999692,636.451594299986,636.451594299986,,,636.96052339999,p,1,636.9605798999546,636.9683032999747,637.9849889999605,637.9519717000076,0.5045515999663621,None,,,,,,,,,,,,,,,,,,,,203,1,short,A,2026-07-10_10h16.11.098,SBL_superimposed_encoding,,2026.1.3,120.6736970761365,2026-07-10 10h16.11.316225 -0400,
2,78,78,0,stimuli/scenes/scene_U1.jpg,Undersea,Somar,stimuli/items/jungle_animal_3.png,Jungle,animal,si,p,1,0.4512247999664396,None,0,1,1,1,0,78,78,78,,,,,637.9849889999605,,,,,,,,,,,,,,,,,,,,,,,,,,,,,,,,,,,,,,,,637.9789480000036,637.9849889999605,637.9849889999605,639.9691442999756,639.9692442999803,639.9766597999842,639.9766597999842,,,640.4353700999636,p,1,640.4354265999864,640.4431519999634,641.4596659999806,641.4270655,0.4512247999664396,None,,,,,,,,,,,,,,,,,,,,203,1,short,A,2026-07-10_10h16.11.098,SBL_superimposed_encoding,,2026.1.3,120.6736970761365,2026-07-10 10h16.11.316225 -0400,
2,79,79,0,stimuli/scenes/scene_U2.jpg,Undersea,Tulon,stimuli/items/undersea_object_13.png,Undersea,object,sc,q,1,0.3446354000479914,None,0,1,1,1,0,79,79,79,,,,,641.4596659999806,,,,,,,,,,,,,,,,,,,,,,,,,,,,,,,,,,,,,,,,641.4520391999977,641.4596659999806,641.4596659999806,643.4356763999676,643.4357201999519,643.4435793999583,643.4435793999583,,,643.7940370999859,q,1,643.7940933000064,643.8021649000002,644.7932371000061,644.785119899956,0.3446354000479914,None,,,,,,,,,,,,,,,,,,,,203,1,short,A,2026-07-10_10h16.11.098,SBL_superimposed_encoding,,2026.1.3,120.6736970761365,2026-07-10 10h16.11.316225 -0400,
3,0,0,0,stimuli/scenes/scene_J2.jpg,Jungle,Negvi,stimuli/items/undersea_object_16.png,Undersea,object,si,p,1,0.5224560999777168,None,0,2,2,2,0,0,0,0,0,0,0,0,669.8419653999736,,,,,,,,,,,,,,,,,,,,,,,,,,,,,,,,,,,,,,669.7622120999731,669.7624316999572,669.8272137999884,669.8419653999736,669.8419653999736,671.769697199983,671.7697931999573,671.7772003999562,671.7772003999562,,,672.3026457999949,p,1,672.3027032999671,672.3105400999775,673.3271813999745,673.2940633999533,0.5224560999777168,None,,,644.7907561999746,644.7909959999961,644.7912014999893,644.7932371000061,644.7932371000061,644.7932371000061,669.761269999959,space,24.962274299992714,None,,,,,,,,203,1,short,A,2026-07-10_10h16.11.098,SBL_superimposed_encoding,,2026.1.3,120.6736970761365,2026-07-10 10h16.11.316225 -0400,
3,1,1,0,stimuli/scenes/scene_U2.jpg,Undersea,Tulon,stimuli/items/jungle_animal_7.png,Jungle,animal,si,p,1,0.7658606999902986,None,0,2,2,2,0,1,1,1,,,,,673.3271813999745,,,,,,,,,,,,,,,,,,,,,,,,,,,,,,,,,,,,,,,,673.3195429999614,673.3271813999745,673.3271813999745,675.3030011999654,675.3030444000033,675.3103945999756,675.3103945999756,,,676.0781241999939,p,1,676.0781822999706,676.0854145999765,677.1088370999787,677.0695136999711,0.7658606999902986,None,,,,,,,,,,,,,,,,,,,,203,1,short,A,2026-07-10_10h16.11.098,SBL_superimposed_encoding,,2026.1.3,120.6736970761365,2026-07-10 10h16.11.316225 -0400,
3,2,2,0,stimuli/scenes/scene_J1.jpg,Jungle,Malbow,stimuli/items/jungle_object_9.png,Jungle,object,sc,q,1,0.38289890001760796,None,0,2,2,2,0,2,2,2,,,,,677.1088370999787,,,,,,,,,,,,,,,,,,,,,,,,,,,,,,,,,,,,,,,,677.0977919999859,677.1088370999787,677.1088370999787,679.0783467000001,679.0784116999712,679.0853286999627,679.0853286999627,,,679.4697212000028,q,1,679.469778699975,679.4770765999565,680.4933337999973,680.461130599957,0.38289890001760796,None,,,,,,,,,,,,,,,,,,,,203,1,short,A,2026-07-10_10h16.11.098,SBL_superimposed_encoding,,2026.1.3,120.6736970761365,2026-07-10 10h16.11.316225 -0400,
3,3,3,0,stimuli/scenes/scene_U2.jpg,Undersea,Tulon,stimuli/items/jungle_animal_10.png,Jungle,animal,si,p,1,0.3581443000002764,None,0,2,2,2,0,3,3,3,,,,,680.4933337999973,,,,,,,,,,,,,,,,,,,,,,,,,,,,,,,,,,,,,,,,680.4838181999512,680.4933337999973,680.4933337999973,682.4781730999821,682.4782676000032,682.4856402999721,682.4856402999721,,,682.8446022999706,p,1,682.844660200004,682.8523179999902,683.8769872999983,683.8359123999835,0.3581443000002764,None,,,,,,,,,,,,,,,,,,,,203,1,short,A,2026-07-10_10h16.11.098,SBL_superimposed_encoding,,2026.1.3,120.6736970761365,2026-07-10 10h16.11.316225 -0400,
3,4,4,0,stimuli/scenes/scene_J2.jpg,Jungle,Negvi,stimuli/items/undersea_animal_18.png,Undersea,animal,si,p,1,0.870899899979122,None,0,2,2,2,0,4,4,4,,,,,683.8769872999983,,,,,,,,,,,,,,,,,,,,,,,,,,,,,,,,,,,,,,,,683.8654700999614,683.8769872999983,683.8769872999983,685.853324799973,685.8534198999987,685.8603921000031,685.8603921000031,,,686.7364739999757,p,1,686.7365300999954,686.7440041999798,687.7603902999545,687.7280666999868,0.870899899979122,None,,,,,,,,,,,,,,,,,,,,203,1,short,A,2026-07-10_10h16.11.098,SBL_superimposed_encoding,,2026.1.3,120.6736970761365,2026-07-10 10h16.11.316225 -0400,
3,5,5,0,stimuli/scenes/scene_U1.jpg,Undersea,Somar,stimuli/items/jungle_object_6.png,Jungle,object,si,p,1,0.4828389000031166,None,0,2,2,2,0,5,5,5,,,,,687.7603902999545,,,,,,,,,,,,,,,,,,,,,,,,,,,,,,,,,,,,,,,,687.7513623999548,687.7603902999545,687.7603902999545,689.7447842999827,689.7448506999644,689.7524922000011,689.7524922000011,,,690.2362520999741,p,1,690.2363106999546,690.244033099967,691.260540999996,691.2279189999681,0.4828389000031166,None,,,,,,,,,,,,,,,,,,,,203,1,short,A,2026-07-10_10h16.11.098,SBL_superimposed_encoding,,2026.1.3,120.6736970761365,2026-07-10 10h16.11.316225 -0400,
3,6,6,0,stimuli/scenes/scene_U2.jpg,Undersea,Tulon,stimuli/items/undersea_object_13.png,Undersea,object,sc,q,1,0.33543209999334067,None,0,2,2,2,0,6,6,6,,,,,691.260540999996,,,,,,,,,,,,,,,,,,,,,,,,,,,,,,,,,,,,,,,,691.2530549999792,691.260540999996,691.260540999996,693.2364791999571,693.2365472000092,693.2440106999711,693.2440106999711,,,693.5864873999963,q,1,693.5865438999608,693.5943655999727,694.610236699984,694.5779061999638,0.33543209999334067,None,,,,,,,,,,,,,,,,,,,,203,1,short,A,2026-07-10_10h16.11.098,SBL_superimposed_encoding,,2026.1.3,120.6736970761365,2026-07-10 10h16.11.316225 -0400,
3,7,7,0,stimuli/scenes/scene_U1.jpg,Undersea,Somar,stimuli/items/jungle_object_17.png,Jungle,object,si,p,1,0.5770399000030011,None,0,2,2,2,0,7,7,7,,,,,694.610236699984,,,,,,,,,,,,,,,,,,,,,,,,,,,,,,,,,,,,,,,,694.6000923999818,694.610236699984,694.610236699984,696.5945480999653,696.5946675000014,696.6029485999607,696.6029485999607,,,697.186460900004,p,1,697.1865175999701,697.1944190000067,698.2111904000049,698.1777782999561,0.5770399000030011,None,,,,,,,,,,,,,,,,,,,,203,1,short,A,2026-07-10_10h16.11.098,SBL_superimposed_encoding,,2026.1.3,120.6736970761365,2026-07-10 10h16.11.316225 -0400,
3,8,8,0,stimuli/scenes/scene_J2.jpg,Jungle,Negvi,stimuli/items/jungle_object_19.png,Jungle,object,sc,q,1,0.41694369999459013,None,0,2,2,2,0,8,8,8,,,,,698.2111904000049,,,,,,,,,,,,,,,,,,,,,,,,,,,,,,,,,,,,,,,,698.2055074999807,698.2111904000049,698.2111904000049,700.1950175999664,700.1950611000066,700.2025199999916,700.2025199999916,,,700.6201673999894,q,1,700.6202253999654,700.6277757000062,701.6522703999653,701.6113541999948,0.41694369999459013,None,,,,,,,,,,,,,,,,,,,,203,1,short,A,2026-07-10_10h16.11.098,SBL_superimposed_encoding,,2026.1.3,120.6736970761365,2026-07-10 10h16.11.316225 -0400,
3,9,9,0,stimuli/scenes/scene_J1.jpg,Jungle,Malbow,stimuli/items/undersea_object_5.png,Undersea,object,si,p,1,0.48766709998017177,None,0,2,2,2,0,9,9,9,,,,,701.6522703999653,,,,,,,,,,,,,,,,,,,,,,,,,,,,,,,,,,,,,,,,701.6430701999925,701.6522703999653,701.6522703999653,703.6282163999858,703.6282600999693,703.6357746999711,703.6357746999711,,,704.128030599968,p,1,704.128086199984,704.1358006999944,705.1522382999538,705.1196776999859,0.48766709998017177,None,,,,,,,,,,,,,,,,,,,,203,1,short,A,2026-07-10_10h16.11.098,SBL_superimposed_encoding,,2026.1.3,120.6736970761365,2026-07-10 10h16.11.316225 -0400,
3,10,10,0,stimuli/scenes/scene_J2.jpg,Jungle,Negvi,stimuli/items/jungle_object_11.png,Jungle,object,sc,q,1,0.3075033000204712,None,0,2,2,2,0,10,10,10,,,,,705.1522382999538,,,,,,,,,,,,,,,,,,,,,,,,,,,,,,,,,,,,,,,,705.1417207999621,705.1522382999538,705.1522382999538,707.1367976999609,707.1368662999594,707.144319999963,707.144319999963,,,707.4531481000013,q,1,707.453202100005,707.46098969999,708.4701973999618,708.444652199978,0.3075033000204712,None,,,,,,,,,,,,,,,,,,,,203,1,short,A,2026-07-10_10h16.11.098,SBL_superimposed_encoding,,2026.1.3,120.6736970761365,2026-07-10 10h16.11.316225 -0400,
3,11,11,0,stimuli/scenes/scene_J1.jpg,Jungle,Malbow,stimuli/items/undersea_object_4.png,Undersea,object,si,p,1,0.06300770002417266,None,0,2,2,2,0,11,11,11,,,,,708.4701973999618,,,,,,,,,,,,,,,,,,,,,,,,,,,,,,,,,,,,,,,,708.4649457999622,708.4701973999618,708.4701973999618,710.4534071999951,710.4534920000006,710.4612452999572,710.4612452999572,,,710.5282481999602,p,1,710.5283019999624,710.5362834999687,711.5522416000022,711.51969679998,0.06300770002417266,None,,,,,,,,,,,,,,,,,,,,203,1,short,A,2026-07-10_10h16.11.098,SBL_superimposed_encoding,,2026.1.3,120.6736970761365,2026-07-10 10h16.11.316225 -0400,
3,12,12,0,stimuli/scenes/scene_U2.jpg,Undersea,Tulon,stimuli/items/jungle_animal_13.png,Jungle,animal,si,p,1,0.2670304999919608,None,0,2,2,2,0,12,12,12,,,,,711.5522416000022,,,,,,,,,,,,,,,,,,,,,,,,,,,,,,,,,,,,,,,,711.5434348999988,711.5522416000022,711.5522416000022,713.5284478999674,713.5284911000053,713.5362246999866,713.5362246999866,,,713.8116939999745,p,1,713.811748099979,713.8195213999716,714.8355634000036,714.8029744999949,0.2670304999919608,None,,,,,,,,,,,,,,,,,,,,203,1,short,A,2026-07-10_10h16.11.098,SBL_superimposed_encoding,,2026.1.3,120.6736970761365,2026-07-10 10h16.11.316225 -0400,
3,13,13,0,stimuli/scenes/scene_U1.jpg,Undersea,Somar,stimuli/items/undersea_object_18.png,Undersea,object,sc,q,1,0.687798600003589,None,0,2,2,2,0,13,13,13,,,,,714.8355634000036,,,,,,,,,,,,,,,,,,,,,,,,,,,,,,,,,,,,,,,,714.8261822999921,714.8355634000036,714.8355634000036,716.8204571999959,716.8205414999975,716.8276967999991,716.8276967999991,,,717.5202891000081,q,1,717.5203452999704,717.5277620999841,718.5451375999837,718.5115346999955,0.687798600003589,None,,,,,,,,,,,,,,,,,,,,203,1,short,A,2026-07-10_10h16.11.098,SBL_superimposed_encoding,,2026.1.3,120.6736970761365,2026-07-10 10h16.11.316225 -0400,
3,14,14,0,stimuli/scenes/scene_J2.jpg,Jungle,Negvi,stimuli/items/jungle_object_14.png,Jungle,object,sc,q,1,0.41997669998090714,None,0,2,2,2,0,14,14,14,,,,,718.5451375999837,,,,,,,,,,,,,,,,,,,,,,,,,,,,,,,,,,,,,,,,718.5394538999535,718.5451375999837,718.5451375999837,720.5283290999942,720.5283732999815,720.535877599963,720.535877599963,,,720.9615024999948,q,1,720.9615581999533,720.9696019999683,721.9858349999995,721.9533186999615,0.41997669998090714,None,,,,,,,,,,,,,,,,,,,,203,1,short,A,2026-07-10_10h16.11.098,SBL_superimposed_encoding,,2026.1.3,120.6736970761365,2026-07-10 10h16.11.316225 -0400,
3,15,15,0,stimuli/scenes/scene_J1.jpg,Jungle,Malbow,stimuli/items/jungle_animal_2.png,Jungle,animal,sc,q,1,0.4107713000266813,None,0,2,2,2,0,15,15,15,,,,,721.9858349999995,,,,,,,,,,,,,,,,,,,,,,,,,,,,,,,,,,,,,,,,721.9761527999653,721.9858349999995,721.9858349999995,723.9621517999913,723.9622463999549,723.9693336999626,723.9693336999626,,,724.3870811999659,q,1,724.3871364999795,724.3949210999999,725.4106071999995,725.3784295999794,0.4107713000266813,None,,,,,,,,,,,,,,,,,,,,203,1,short,A,2026-07-10_10h16.11.098,SBL_superimposed_encoding,,2026.1.3,120.6736970761365,2026-07-10 10h16.11.316225 -0400,
3,16,16,0,stimuli/scenes/scene_J2.jpg,Jungle,Negvi,stimuli/items/undersea_animal_17.png,Undersea,animal,si,p,1,0.6568790000164881,None,0,2,2,2,0,16,16,16,,,,,725.4106071999995,,,,,,,,,,,,,,,,,,,,,,,,,,,,,,,,,,,,,,,,725.3990905999672,725.4106071999995,725.4106071999995,727.3955664999667,727.3956616999931,727.4027808999526,727.4027808999526,,,728.062135199958,p,1,728.0621925999876,728.069572599954,729.0860423999839,729.0534975999617,0.6568790000164881,None,,,,,,,,,,,,,,,,,,,,203,1,short,A,2026-07-10_10h16.11.098,SBL_superimposed_encoding,,2026.1.3,120.6736970761365,2026-07-10 10h16.11.316225 -0400,
3,17,17,0,stimuli/scenes/scene_U2.jpg,Undersea,Tulon,stimuli/items/undersea_animal_12.png,Undersea,animal,sc,q,1,0.6943575000041164,None,0,2,2,2,0,17,17,17,,,,,729.0860423999839,,,,,,,,,,,,,,,,,,,,,,,,,,,,,,,,,,,,,,,,729.0775428999914,729.0860423999839,729.0860423999839,731.0703029999859,731.0703971000039,731.0777867999859,731.0777867999859,,,731.7788665999542,q,1,731.7789227999747,731.7864737999626,732.8026370999869,732.7701878999942,0.6943575000041164,None,,,,,,,,,,,,,,,,,,,,203,1,short,A,2026-07-10_10h16.11.098,SBL_superimposed_encoding,,2026.1.3,120.6736970761365,2026-07-10 10h16.11.316225 -0400,
3,18,18,0,stimuli/scenes/scene_J2.jpg,Jungle,Negvi,stimuli/items/undersea_object_7.png,Undersea,object,si,p,1,0.46516119997249916,None,0,2,2,2,0,18,18,18,,,,,732.8026370999869,,,,,,,,,,,,,,,,,,,,,,,,,,,,,,,,,,,,,,,,732.7920360999997,732.8026370999869,732.8026370999869,734.787065499986,734.7871827000054,734.7950098000001,734.7950098000001,,,735.261886399996,p,1,735.2619438999682,735.2696505999775,736.2869115999783,736.2533039999544,0.46516119997249916,None,,,,,,,,,,,,,,,,,,,,203,1,short,A,2026-07-10_10h16.11.098,SBL_superimposed_encoding,,2026.1.3,120.6736970761365,2026-07-10 10h16.11.316225 -0400,
3,19,19,0,stimuli/scenes/scene_J1.jpg,Jungle,Malbow,stimuli/items/undersea_object_8.png,Undersea,object,si,p,1,0.7335386000340804,None,0,2,2,2,0,19,19,19,,,,,736.2869115999783,,,,,,,,,,,,,,,,,,,,,,,,,,,,,,,,,,,,,,,,736.2813150999718,736.2869115999783,736.2869115999783,738.2620254000067,738.2620692999917,738.2698005999555,738.2698005999555,,,739.0041752999532,p,1,739.0042351000011,739.0114783999743,740.0276889000088,739.9947923999862,0.7335386000340804,None,,,,,,,,,,,,,,,,,,,,203,1,short,A,2026-07-10_10h16.11.098,SBL_superimposed_encoding,,2026.1.3,120.6736970761365,2026-07-10 10h16.11.316225 -0400,
3,20,20,0,stimuli/scenes/scene_J2.jpg,Jungle,Negvi,stimuli/items/undersea_object_19.png,Undersea,object,si,p,1,0.7111146000097506,None,0,2,2,2,0,20,20,20,,,,,740.0276889000088,,,,,,,,,,,,,,,,,,,,,,,,,,,,,,,,,,,,,,,,740.0165141999605,740.0276889000088,740.0276889000088,742.0123449999955,742.0124408999691,742.0201932999771,742.0201932999771,,,742.7370516000083,p,1,742.7371074999683,742.7448688999866,743.7690775999799,743.7285549999797,0.7111146000097506,None,,,,,,,,,,,,,,,,,,,,203,1,short,A,2026-07-10_10h16.11.098,SBL_superimposed_encoding,,2026.1.3,120.6736970761365,2026-07-10 10h16.11.316225 -0400,
3,21,21,0,stimuli/scenes/scene_U1.jpg,Undersea,Somar,stimuli/items/undersea_object_15.png,Undersea,object,sc,q,1,0.6988954999833368,None,0,2,2,2,0,21,21,21,,,,,743.7690775999799,,,,,,,,,,,,,,,,,,,,,,,,,,,,,,,,,,,,,,,,743.7579746999545,743.7690775999799,743.7690775999799,745.7374209999689,745.7375164999976,745.7450250999536,745.7450250999536,,,746.4457330000005,q,1,746.445789499965,746.453572599974,747.4694357999833,747.4373903999804,0.6988954999833368,None,,,,,,,,,,,,,,,,,,,,203,1,short,A,2026-07-10_10h16.11.098,SBL_superimposed_encoding,,2026.1.3,120.6736970761365,2026-07-10 10h16.11.316225 -0400,
3,22,22,0,stimuli/scenes/scene_J2.jpg,Jungle,Negvi,stimuli/items/undersea_animal_8.png,Undersea,animal,si,p,1,0.6296885999618098,None,0,2,2,2,0,22,22,22,,,,,747.4694357999833,,,,,,,,,,,,,,,,,,,,,,,,,,,,,,,,,,,,,,,,747.4590690999757,747.4694357999833,747.4694357999833,749.4539656999987,749.4540095999837,749.4616174999974,749.4616174999974,,,750.0958519999986,p,1,750.0959083999624,750.1033667000011,751.119911799964,751.0869067999884,0.6296885999618098,None,,,,,,,,,,,,,,,,,,,,203,1,short,A,2026-07-10_10h16.11.098,SBL_superimposed_encoding,,2026.1.3,120.6736970761365,2026-07-10 10h16.11.316225 -0400,
3,23,23,0,stimuli/scenes/scene_U2.jpg,Undersea,Tulon,stimuli/items/undersea_object_6.png,Undersea,object,sc,q,1,0.46855469996808097,None,0,2,2,2,0,23,23,23,,,,,751.119911799964,,,,,,,,,,,,,,,,,,,,,,,,,,,,,,,,,,,,,,,,751.1114368999843,751.119911799964,751.119911799964,753.1039652999607,753.1040165000013,753.1116884999792,753.1116884999792,,,753.5875897000078,q,1,753.5876459999708,753.5951227999758,754.6112125999643,754.5786608000053,0.46855469996808097,None,,,,,,,,,,,,,,,,,,,,203,1,short,A,2026-07-10_10h16.11.098,SBL_superimposed_encoding,,2026.1.3,120.6736970761365,2026-07-10 10h16.11.316225 -0400,
3,24,24,0,stimuli/scenes/scene_J2.jpg,Jungle,Negvi,stimuli/items/undersea_animal_4.png,Undersea,animal,si,p,1,0.7198810999980196,None,0,2,2,2,0,24,24,24,,,,,754.6112125999643,,,,,,,,,,,,,,,,,,,,,,,,,,,,,,,,,,,,,,,,754.5992700000061,754.6112125999643,754.6112125999643,756.5957249999628,756.5957691000076,756.6034670000081,756.6034670000081,,,757.3292363999644,p,1,757.3292928999872,757.3369351999718,758.3530461000046,758.3207097999984,0.7198810999980196,None,,,,,,,,,,,,,,,,,,,,203,1,short,A,2026-07-10_10h16.11.098,SBL_superimposed_encoding,,2026.1.3,120.6736970761365,2026-07-10 10h16.11.316225 -0400,
3,25,25,0,stimuli/scenes/scene_U2.jpg,Undersea,Tulon,stimuli/items/jungle_object_12.png,Jungle,object,si,p,1,0.5941853999975137,None,0,2,2,2,0,25,25,25,,,,,758.3530461000046,,,,,,,,,,,,,,,,,,,,,,,,,,,,,,,,,,,,,,,,758.3434570999816,758.3530461000046,758.3530461000046,760.3377658999525,760.3378268999513,760.3452433999628,760.3452433999628,,,760.9457315999898,p,1,760.945787100005,760.9535079000052,761.9696117999847,761.937691500003,0.5941853999975137,None,,,,,,,,,,,,,,,,,,,,203,1,short,A,2026-07-10_10h16.11.098,SBL_superimposed_encoding,,2026.1.3,120.6736970761365,2026-07-10 10h16.11.316225 -0400,
3,26,26,0,stimuli/scenes/scene_U1.jpg,Undersea,Somar,stimuli/items/undersea_animal_5.png,Undersea,animal,sc,q,1,0.4740682999836281,None,0,2,2,2,0,26,26,26,,,,,761.9696117999847,,,,,,,,,,,,,,,,,,,,,,,,,,,,,,,,,,,,,,,,761.9606552000041,761.9696117999847,761.9696117999847,763.9458789000055,763.945922199986,763.953383199987,763.953383199987,,,764.4293921999633,q,1,764.4294506000006,764.4369306999724,765.4606835999875,765.4207634999766,0.4740682999836281,None,,,,,,,,,,,,,,,,,,,,203,1,short,A,2026-07-10_10h16.11.098,SBL_superimposed_encoding,,2026.1.3,120.6736970761365,2026-07-10 10h16.11.316225 -0400,
3,27,27,0,stimuli/scenes/scene_J1.jpg,Jungle,Malbow,stimuli/items/jungle_object_3.png,Jungle,object,sc,q,1,0.6784157999791205,None,0,2,2,2,0,27,27,27,,,,,765.4606835999875,,,,,,,,,,,,,,,,,,,,,,,,,,,,,,,,,,,,,,,,765.4493155999808,765.4606835999875,765.4606835999875,767.4378401999711,767.4379149999586,767.4452027999796,767.4452027999796,,,768.1292121000006,q,1,768.1292683999636,768.1369985999772,769.1523984999512,769.1206037999946,0.6784157999791205,None,,,,,,,,,,,,,,,,,,,,203,1,short,A,2026-07-10_10h16.11.098,SBL_superimposed_encoding,,2026.1.3,120.6736970761365,2026-07-10 10h16.11.316225 -0400,
3,28,28,0,stimuli/scenes/scene_U1.jpg,Undersea,Somar,stimuli/items/jungle_animal_18.png,Jungle,animal,si,p,1,0.6189805999747477,None,0,2,2,2,0,28,28,28,,,,,769.1523984999512,,,,,,,,,,,,,,,,,,,,,,,,,,,,,,,,,,,,,,,,769.1420835999888,769.1523984999512,769.1523984999512,771.1293937999872,771.1294900999637,771.1369631999987,771.1369631999987,,,771.7623375999974,p,1,771.7623942999635,771.7704484999995,772.7868315999513,772.7539777999627,0.6189805999747477,None,,,,,,,,,,,,,,,,,,,,203,1,short,A,2026-07-10_10h16.11.098,SBL_superimposed_encoding,,2026.1.3,120.6736970761365,2026-07-10 10h16.11.316225 -0400,
3,29,29,0,stimuli/scenes/scene_U2.jpg,Undersea,Tulon,stimuli/items/jungle_object_16.png,Jungle,object,si,None,0,,,0,2,2,2,0,29,29,29,,,,,772.7868315999513,,,,,,,,,,,,,,,,,,,,,,,,,,,,,,,,,,,,,,,,772.7787147999625,772.7868315999513,772.7868315999513,774.7629803000018,774.763075099967,774.7703050999553,774.7703050999553,775.7619372999761,775.7619372999761,775.7541413999861,None,0,775.7541863999795,775.7619372999761,776.7864315999905,776.7458384999773,,,,,,,,,,,,,,,,,,,,,,203,1,short,A,2026-07-10_10h16.11.098,SBL_superimposed_encoding,,2026.1.3,120.6736970761365,2026-07-10 10h16.11.316225 -0400,
3,30,30,0,stimuli/scenes/scene_J2.jpg,Jungle,Negvi,stimuli/items/undersea_animal_3.png,Undersea,animal,si,p,1,0.5365680999821052,None,0,2,2,2,0,30,30,30,,,,,776.7864315999905,,,,,,,,,,,,,,,,,,,,,,,,,,,,,,,,,,,,,,,,776.7748306999565,776.7864315999905,776.7864315999905,778.7626988999546,778.7627419999917,778.7707851000014,778.7707851000014,,,779.3130265999935,p,1,779.3130827999557,779.3205783999874,780.3354011999909,780.3041412999737,0.5365680999821052,None,,,,,,,,,,,,,,,,,,,,203,1,short,A,2026-07-10_10h16.11.098,SBL_superimposed_encoding,,2026.1.3,120.6736970761365,2026-07-10 10h16.11.316225 -0400,
3,31,31,0,stimuli/scenes/scene_U2.jpg,Undersea,Tulon,stimuli/items/undersea_object_17.png,Undersea,object,sc,q,1,0.563606699986849,None,0,2,2,2,0,31,31,31,,,,,780.3354011999909,,,,,,,,,,,,,,,,,,,,,,,,,,,,,,,,,,,,,,,,780.3241622999776,780.3354011999909,780.3354011999909,782.3213772999588,782.3214727999875,782.3285225,782.3285225,,,782.8961678000051,q,1,782.8962248999742,782.9036139000091,783.9206226999522,783.8875760000083,0.563606699986849,None,,,,,,,,,,,,,,,,,,,,203,1,short,A,2026-07-10_10h16.11.098,SBL_superimposed_encoding,,2026.1.3,120.6736970761365,2026-07-10 10h16.11.316225 -0400,
3,32,32,0,stimuli/scenes/scene_J2.jpg,Jungle,Negvi,stimuli/items/jungle_animal_9.png,Jungle,animal,sc,None,0,,,0,2,2,2,0,32,32,32,,,,,783.9206226999522,,,,,,,,,,,,,,,,,,,,,,,,,,,,,,,,,,,,,,,,783.9130385000026,783.9206226999522,783.9206226999522,785.8963165999739,785.8964120000019,785.9038139999611,785.9038139999611,786.8956482000067,786.8956482000067,786.887669299962,None,0,786.8877151999623,786.8956482000067,787.9040584999602,787.8792786999838,,,,,,,,,,,,,,,,,,,,,,203,1,short,A,2026-07-10_10h16.11.098,SBL_superimposed_encoding,,2026.1.3,120.6736970761365,2026-07-10 10h16.11.316225 -0400,
3,33,33,0,stimuli/scenes/scene_U2.jpg,Undersea,Tulon,stimuli/items/jungle_animal_17.png,Jungle,animal,si,p,1,0.2767283000284806,None,0,2,2,2,0,33,33,33,,,,,787.9040584999602,,,,,,,,,,,,,,,,,,,,,,,,,,,,,,,,,,,,,,,,787.8977736000088,787.9040584999602,787.9040584999602,789.8881979999715,789.888240100001,789.8954488000018,789.8954488000018,,,790.1795292999595,p,1,790.1796514999587,790.18736609997,791.203745799954,791.1708038999932,0.2767283000284806,None,789.8954488000018,789.8954488000018,,,,,,,,,,,,,,,,,,203,1,short,A,2026-07-10_10h16.11.098,SBL_superimposed_encoding,,2026.1.3,120.6736970761365,2026-07-10 10h16.11.316225 -0400,
3,34,34,0,stimuli/scenes/scene_U1.jpg,Undersea,Somar,stimuli/items/jungle_animal_15.png,Jungle,animal,si,None,0,,,0,2,2,2,0,34,34,34,,,,,791.203745799954,,,,,,,,,,,,,,,,,,,,,,,,,,,,,,,,,,,,,,,,791.1957083999878,791.203745799954,791.203745799954,793.1797930999892,793.1798362999689,793.1872718000086,793.1872718000086,794.1791080999537,794.1791080999537,794.1710756999673,None,0,794.1711214999668,794.1791080999537,795.1923431999749,795.1628466999973,,,,,,,,,,,,,,,,,,,,,,203,1,short,A,2026-07-10_10h16.11.098,SBL_superimposed_encoding,,2026.1.3,120.6736970761365,2026-07-10 10h16.11.316225 -0400,
3,35,35,0,stimuli/scenes/scene_U2.jpg,Undersea,Tulon,stimuli/items/undersea_animal_9.png,Undersea,animal,sc,q,1,0.5207318000029773,None,0,2,2,2,0,35,35,35,,,,,795.1923431999749,,,,,,,,,,,,,,,,,,,,,,,,,,,,,,,,,,,,,,,,795.1818651999929,795.1923431999749,795.1923431999749,797.1800341999624,797.1800775000011,797.187520699983,797.187520699983,,,797.7130352999666,q,1,797.7130918999901,797.720689299982,798.7291766999988,798.7042997999815,0.5207318000029773,None,,,,,,,,,,,,,,,,,,,,203,1,short,A,2026-07-10_10h16.11.098,SBL_superimposed_encoding,,2026.1.3,120.6736970761365,2026-07-10 10h16.11.316225 -0400,
3,36,36,0,stimuli/scenes/scene_U1.jpg,Undersea,Somar,stimuli/items/jungle_object_5.png,Jungle,object,si,p,1,0.4909441000199877,None,0,2,2,2,0,36,36,36,,,,,798.7291766999988,,,,,,,,,,,,,,,,,,,,,,,,,,,,,,,,,,,,,,,,798.7226460999809,798.7291766999988,798.7291766999988,800.7133086999529,800.7134047999862,800.7204220999847,800.7204220999847,,,801.213241099962,p,1,801.2132978999871,801.2206500999746,802.2431500999955,802.2043750999728,0.4909441000199877,None,,,,,,,,,,,,,,,,,,,,203,1,short,A,2026-07-10_10h16.11.098,SBL_superimposed_encoding,,2026.1.3,120.6736970761365,2026-07-10 10h16.11.316225 -0400,
3,37,37,0,stimuli/scenes/scene_J1.jpg,Jungle,Malbow,stimuli/items/jungle_object_1.png,Jungle,object,sc,None,0,,,0,2,2,2,0,37,37,37,,,,,802.2431500999955,,,,,,,,,,,,,,,,,,,,,,,,,,,,,,,,,,,,,,,,802.23220639996,802.2431500999955,802.2431500999955,804.2215963999624,804.2216391999973,804.2291804999695,804.2291804999695,805.2210254999809,805.2210254999809,805.2127816999564,None,0,805.2128266000072,805.2210254999809,806.2356003999594,806.205005900003,,,,,,,,,,,,,,,,,,,,,,203,1,short,A,2026-07-10_10h16.11.098,SBL_superimposed_encoding,,2026.1.3,120.6736970761365,2026-07-10 10h16.11.316225 -0400,
3,38,38,0,stimuli/scenes/scene_U1.jpg,Undersea,Somar,stimuli/items/jungle_animal_5.png,Jungle,animal,si,p,1,0.2387686999863945,None,0,2,2,2,0,38,38,38,,,,,806.2356003999594,,,,,,,,,,,,,,,,,,,,,,,,,,,,,,,,,,,,,,,,806.2250732999528,806.2356003999594,806.2356003999594,808.2134291999973,808.2135038999841,808.2209424999892,808.2209424999892,,,808.4631443999824,p,1,808.4632011000067,808.4708897999953,809.4946822999627,809.4547348999768,0.2387686999863945,None,,,,,,,,,,,,,,,,,,,,203,1,short,A,2026-07-10_10h16.11.098,SBL_superimposed_encoding,,2026.1.3,120.6736970761365,2026-07-10 10h16.11.316225 -0400,
3,39,39,0,stimuli/scenes/scene_J2.jpg,Jungle,Negvi,stimuli/items/jungle_animal_16.png,Jungle,animal,sc,None,0,,,0,2,2,2,0,39,39,39,,,,,809.4946822999627,,,,,,,,,,,,,,,,,,,,,,,,,,,,,,,,,,,,,,,,809.4828937999555,809.4946822999627,809.4946822999627,811.4635019999696,811.4636056000018,811.4709442000021,811.4709442000021,812.4628671999671,812.4628671999671,812.4546111999662,None,0,812.4546573999687,812.4628671999671,813.4772840999649,813.4463862999692,,,,,,,,,,,,,,,,,,,,,,203,1,short,A,2026-07-10_10h16.11.098,SBL_superimposed_encoding,,2026.1.3,120.6736970761365,2026-07-10 10h16.11.316225 -0400,
3,40,40,0,stimuli/scenes/scene_U1.jpg,Undersea,Somar,stimuli/items/undersea_animal_2.png,Undersea,animal,sc,q,1,0.7968775000190362,None,0,2,2,2,0,40,40,40,,,,,813.4772840999649,,,,,,,,,,,,,,,,,,,,,,,,,,,,,,,,,,,,,,,,813.4659847999574,813.4772840999649,813.4772840999649,815.4633441999904,815.4633850999526,815.4709554999718,815.4709554999718,,,816.2715819999576,q,1,816.2716390999849,816.2791188999545,817.3020103999879,817.2632023000042,0.7968775000190362,None,815.4709554999718,815.4709554999718,,,,,,,,,,,,,,,,,,203,1,short,A,2026-07-10_10h16.11.098,SBL_superimposed_encoding,,2026.1.3,120.6736970761365,2026-07-10 10h16.11.316225 -0400,
3,41,41,0,stimuli/scenes/scene_J1.jpg,Jungle,Malbow,stimuli/items/jungle_animal_12.png,Jungle,animal,sc,q,1,0.29268680000677705,None,0,2,2,2,0,41,41,41,,,,,817.3020103999879,,,,,,,,,,,,,,,,,,,,,,,,,,,,,,,,,,,,,,,,817.2914221999818,817.3020103999879,817.3020103999879,819.2801070999703,819.2801499000052,819.2875210999628,819.2875210999628,,,819.5885557999718,q,1,819.5886131000007,819.5961310999701,820.6199269999634,820.5795692999964,0.29268680000677705,None,,,,,,,,,,,,,,,,,,,,203,1,short,A,2026-07-10_10h16.11.098,SBL_superimposed_encoding,,2026.1.3,120.6736970761365,2026-07-10 10h16.11.316225 -0400,
3,42,42,0,stimuli/scenes/scene_U2.jpg,Undersea,Tulon,stimuli/items/undersea_animal_16.png,Undersea,animal,sc,q,1,0.5917400000034831,None,0,2,2,2,0,42,42,42,,,,,820.6199269999634,,,,,,,,,,,,,,,,,,,,,,,,,,,,,,,,,,,,,,,,820.609872800007,820.6199269999634,820.6199269999634,822.5969742999878,822.5970186999766,822.604555399972,822.604555399972,,,823.1971026999527,q,1,823.1971607999876,823.2044067999814,824.2215003999881,824.1879693999654,0.5917400000034831,None,,,,,,,,,,,,,,,,,,,,203,1,short,A,2026-07-10_10h16.11.098,SBL_superimposed_encoding,,2026.1.3,120.6736970761365,2026-07-10 10h16.11.316225 -0400,
3,43,43,0,stimuli/scenes/scene_J2.jpg,Jungle,Negvi,stimuli/items/jungle_object_13.png,Jungle,object,sc,q,1,0.42338959994958714,None,0,2,2,2,0,43,43,43,,,,,824.2215003999881,,,,,,,,,,,,,,,,,,,,,,,,,,,,,,,,,,,,,,,,824.2158690000069,824.2215003999881,824.2215003999881,826.205286899989,826.2053711999906,826.2127965999534,826.2127965999534,,,826.638398399984,q,1,826.6384541000007,826.6461595000001,827.6624045000062,827.6300531000015,0.42338959994958714,None,,,,,,,,,,,,,,,,,,,,203,1,short,A,2026-07-10_10h16.11.098,SBL_superimposed_encoding,,2026.1.3,120.6736970761365,2026-07-10 10h16.11.316225 -0400,
3,44,44,0,stimuli/scenes/scene_J1.jpg,Jungle,Malbow,stimuli/items/jungle_animal_14.png,Jungle,animal,sc,q,1,0.4215043000294827,None,0,2,2,2,0,44,44,44,,,,,827.6624045000062,,,,,,,,,,,,,,,,,,,,,,,,,,,,,,,,,,,,,,,,827.6522850999609,827.6624045000062,827.6624045000062,829.6469112999621,829.6469555000076,829.6542647999595,829.6542647999595,,,830.0803848999785,q,1,830.0804432999576,830.0876849999768,831.1041845,831.0717965000076,0.4215043000294827,None,,,,,,,,,,,,,,,,,,,,203,1,short,A,2026-07-10_10h16.11.098,SBL_superimposed_encoding,,2026.1.3,120.6736970761365,2026-07-10 10h16.11.316225 -0400,
3,45,45,0,stimuli/scenes/scene_J2.jpg,Jungle,Negvi,stimuli/items/undersea_object_11.png,Undersea,object,si,p,1,0.3717148000141606,None,0,2,2,2,0,45,45,45,,,,,831.1041845,,,,,,,,,,,,,,,,,,,,,,,,,,,,,,,,,,,,,,,,831.094051699969,831.1041845,831.1041845,833.0886579999933,833.088746799971,833.0962465999764,833.0962465999764,,,833.471944799996,p,1,833.4720013999613,833.479549199983,834.495842400007,834.4634643999743,0.3717148000141606,None,,,,,,,,,,,,,,,,,,,,203,1,short,A,2026-07-10_10h16.11.098,SBL_superimposed_encoding,,2026.1.3,120.6736970761365,2026-07-10 10h16.11.316225 -0400,
3,46,46,0,stimuli/scenes/scene_J1.jpg,Jungle,Malbow,stimuli/items/undersea_animal_15.png,Undersea,animal,si,q,0,0.4436820999835618,None,0,2,2,2,0,46,46,46,,,,,834.495842400007,,,,,,,,,,,,,,,,,,,,,,,,,,,,,,,,,,,,,,,,834.4857899000053,834.495842400007,834.495842400007,836.4720482999692,836.4720919999527,836.4797799999942,836.4797799999942,,,836.9301522999885,q,0,836.9302094999584,836.9378550999681,837.9624244999723,837.9216290999902,0.4436820999835618,None,,,,,,,,,,,,,,,,,,,,203,1,short,A,2026-07-10_10h16.11.098,SBL_superimposed_encoding,,2026.1.3,120.6736970761365,2026-07-10 10h16.11.316225 -0400,
3,47,47,0,stimuli/scenes/scene_J2.jpg,Jungle,Negvi,stimuli/items/jungle_animal_6.png,Jungle,animal,sc,None,0,,,0,2,2,2,0,47,47,47,,,,,837.9624244999723,,,,,,,,,,,,,,,,,,,,,,,,,,,,,,,,,,,,,,,,837.9509572999668,837.9624244999723,837.9624244999723,839.9304384999559,839.9304808999877,839.9380249999813,839.9380249999813,840.9301769000012,840.9301769000012,840.921621299989,None,0,840.9216663999832,840.9301769000012,841.9458720999537,841.9134408999817,,,,,,,,,,,,,,,,,,,,,,203,1,short,A,2026-07-10_10h16.11.098,SBL_superimposed_encoding,,2026.1.3,120.6736970761365,2026-07-10 10h16.11.316225 -0400,
3,48,48,0,stimuli/scenes/scene_J1.jpg,Jungle,Malbow,stimuli/items/undersea_object_14.png,Undersea,object,si,None,0,,,0,2,2,2,0,48,48,48,,,,,841.9458720999537,,,,,,,,,,,,,,,,,,,,,,,,,,,,,,,,,,,,,,,,841.9345523999655,841.9458720999537,841.9458720999537,843.9306753999554,843.930718699994,843.9379837999586,843.9379837999586,844.9301464000018,844.9301464000018,844.921591899998,None,0,844.9216384000028,844.9301464000018,845.9459978999803,845.9134297999553,,,,,,,,,,,,,,,,,,,,,,203,1,short,A,2026-07-10_10h16.11.098,SBL_superimposed_encoding,,2026.1.3,120.6736970761365,2026-07-10 10h16.11.316225 -0400,
3,49,49,0,stimuli/scenes/scene_U1.jpg,Undersea,Somar,stimuli/items/undersea_animal_13.png,Undersea,animal,sc,None,0,,,0,2,2,2,0,49,49,49,,,,,845.9459978999803,,,,,,,,,,,,,,,,,,,,,,,,,,,,,,,,,,,,,,,,845.9374813999748,845.9459978999803,845.9459978999803,847.930414500006,847.9305062000058,847.9380625999765,847.9380625999765,848.929964299954,848.929964299954,848.9220020999783,None,0,848.922070599976,848.929964299954,849.9695051999879,849.9135775999748,,,,,,,,,,,,,,,,,,,,,,203,1,short,A,2026-07-10_10h16.11.098,SBL_superimposed_encoding,,2026.1.3,120.6736970761365,2026-07-10 10h16.11.316225 -0400,
3,50,50,0,stimuli/scenes/scene_J1.jpg,Jungle,Malbow,stimuli/items/undersea_animal_19.png,Undersea,animal,si,p,1,0.4091896000318229,None,0,2,2,2,0,50,50,50,,,,,849.9695051999879,,,,,,,,,,,,,,,,,,,,,,,,,,,,,,,,,,,,,,,,849.9585260999738,849.9695051999879,849.9695051999879,851.9305473999702,851.9306427999982,851.9382736999542,851.9382736999542,,,852.3554263999686,p,1,852.3554919000017,852.3632533999626,853.3802115999861,853.3469252999639,0.4091896000318229,None,,,,,,,,,,,,,,,,,,,,203,1,short,A,2026-07-10_10h16.11.098,SBL_superimposed_encoding,,2026.1.3,120.6736970761365,2026-07-10 10h16.11.316225 -0400,
3,51,51,0,stimuli/scenes/scene_J2.jpg,Jungle,Negvi,stimuli/items/jungle_object_15.png,Jungle,object,sc,p,0,0.7520612999796867,None,0,2,2,2,0,51,51,51,,,,,853.3802115999861,,,,,,,,,,,,,,,,,,,,,,,,,,,,,,,,,,,,,,,,853.374006900005,853.3802115999861,853.3802115999861,855.3640520999907,855.3640961999772,855.3714519999921,855.3714519999921,,,856.1305467999773,p,0,856.1306029999978,856.1385864999611,857.1615014999988,857.1220356999547,0.7520612999796867,None,,,,,,,,,,,,,,,,,,,,203,1,short,A,2026-07-10_10h16.11.098,SBL_superimposed_encoding,,2026.1.3,120.6736970761365,2026-07-10 10h16.11.316225 -0400,
3,52,52,0,stimuli/scenes/scene_U2.jpg,Undersea,Tulon,stimuli/items/undersea_object_12.png,Undersea,object,sc,q,1,0.7054300000309013,None,0,2,2,2,0,52,52,52,,,,,857.1615014999988,,,,,,,,,,,,,,,,,,,,,,,,,,,,,,,,,,,,,,,,857.150356099999,857.1615014999988,857.1615014999988,859.1394136999734,859.1395121999667,859.1468185999547,859.1468185999547,,,859.8558573999908,q,1,859.855923199968,859.8632518000086,860.8795050999615,860.8472412999836,0.7054300000309013,None,,,,,,,,,,,,,,,,,,,,203,1,short,A,2026-07-10_10h16.11.098,SBL_superimposed_encoding,,2026.1.3,120.6736970761365,2026-07-10 10h16.11.316225 -0400,
3,53,53,0,stimuli/scenes/scene_J1.jpg,Jungle,Malbow,stimuli/items/jungle_animal_11.png,Jungle,animal,sc,q,1,0.8673310999874957,None,0,2,2,2,0,53,53,53,,,,,860.8795050999615,,,,,,,,,,,,,,,,,,,,,,,,,,,,,,,,,,,,,,,,860.8694873999921,860.8795050999615,860.8795050999615,862.8641852999572,862.8642295000027,862.8719733000034,862.8719733000034,,,863.7476160000078,q,1,863.7476735999808,863.7552967999945,864.7633840999915,864.7388470000005,0.8673310999874957,None,,,,,,,,,,,,,,,,,,,,203,1,short,A,2026-07-10_10h16.11.098,SBL_superimposed_encoding,,2026.1.3,120.6736970761365,2026-07-10 10h16.11.316225 -0400,
3,54,54,0,stimuli/scenes/scene_U2.jpg,Undersea,Tulon,stimuli/items/undersea_object_3.png,Undersea,object,sc,q,1,0.5849324999726377,None,0,2,2,2,0,54,54,54,,,,,864.7633840999915,,,,,,,,,,,,,,,,,,,,,,,,,,,,,,,,,,,,,,,,864.7573698000051,864.7633840999915,864.7633840999915,866.7477268999792,866.7477687000064,866.7552253999747,866.7552253999747,,,867.3475600999664,q,1,867.3476168999914,867.3550749999704,868.3804087999742,868.3388126000063,0.5849324999726377,None,866.7552253999747,866.7552253999747,,,,,,,,,,,,,,,,,,203,1,short,A,2026-07-10_10h16.11.098,SBL_superimposed_encoding,,2026.1.3,120.6736970761365,2026-07-10 10h16.11.316225 -0400,
3,55,55,0,stimuli/scenes/scene_J2.jpg,Jungle,Negvi,stimuli/items/jungle_animal_20.png,Jungle,animal,sc,q,1,0.7927473000017926,None,0,2,2,2,0,55,55,55,,,,,868.3804087999742,,,,,,,,,,,,,,,,,,,,,,,,,,,,,,,,,,,,,,,,868.373989899992,868.3804087999742,868.3804087999742,870.3477316999924,870.3478272999637,870.3552341999603,870.3552341999603,,,871.1558327999664,q,1,871.155891500006,871.1633886999916,872.1797293999698,872.14756209997,0.7927473000017926,None,,,,,,,,,,,,,,,,,,,,203,1,short,A,2026-07-10_10h16.11.098,SBL_superimposed_encoding,,2026.1.3,120.6736970761365,2026-07-10 10h16.11.316225 -0400,
3,56,56,0,stimuli/scenes/scene_J1.jpg,Jungle,Malbow,stimuli/items/jungle_object_2.png,Jungle,object,sc,q,1,0.45672219997504726,None,0,2,2,2,0,56,56,56,,,,,872.1797293999698,,,,,,,,,,,,,,,,,,,,,,,,,,,,,,,,,,,,,,,,872.1687219999731,872.1797293999698,872.1797293999698,874.1560457999585,874.1560905000078,874.1635124000022,874.1635124000022,,,874.6225112999673,q,1,874.622567399987,874.6302466999623,875.6462234999635,875.6140321999555,0.45672219997504726,None,,,,,,,,,,,,,,,,,,,,203,1,short,A,2026-07-10_10h16.11.098,SBL_superimposed_encoding,,2026.1.3,120.6736970761365,2026-07-10 10h16.11.316225 -0400,
3,57,57,0,stimuli/scenes/scene_U1.jpg,Undersea,Somar,stimuli/items/jungle_object_7.png,Jungle,object,si,p,1,0.516853200038895,None,0,2,2,2,0,57,57,57,,,,,875.6462234999635,,,,,,,,,,,,,,,,,,,,,,,,,,,,,,,,,,,,,,,,875.6377205000026,875.6462234999635,875.6462234999635,877.630987499957,877.6310306999949,877.6386008999543,877.6386008999543,,,878.1561945999856,p,1,878.156251999957,878.1633638999774,879.1798688999843,879.1478375999723,0.516853200038895,None,,,,,,,,,,,,,,,,,,,,203,1,short,A,2026-07-10_10h16.11.098,SBL_superimposed_encoding,,2026.1.3,120.6736970761365,2026-07-10 10h16.11.316225 -0400,
3,58,58,0,stimuli/scenes/scene_J1.jpg,Jungle,Malbow,stimuli/items/undersea_animal_11.png,Undersea,animal,si,p,1,0.4081655999762006,None,0,2,2,2,0,58,58,58,,,,,879.1798688999843,,,,,,,,,,,,,,,,,,,,,,,,,,,,,,,,,,,,,,,,879.1705294999992,879.1798688999843,879.1798688999843,881.1644612999517,881.1645557999727,881.1719431999954,881.1719431999954,,,881.5809629999567,p,1,881.5810197999817,881.5886944999802,882.6050675999722,882.572355799959,0.4081655999762006,None,,,,,,,,,,,,,,,,,,,,203,1,short,A,2026-07-10_10h16.11.098,SBL_superimposed_encoding,,2026.1.3,120.6736970761365,2026-07-10 10h16.11.316225 -0400,
3,59,59,0,stimuli/scenes/scene_U2.jpg,Undersea,Tulon,stimuli/items/jungle_animal_19.png,Jungle,animal,si,p,1,0.5672071999870241,None,0,2,2,2,0,59,59,59,,,,,882.6050675999722,,,,,,,,,,,,,,,,,,,,,,,,,,,,,,,,,,,,,,,,882.5967185999616,882.6050675999722,882.6050675999722,884.5893619999988,884.5894566999632,884.5967827999848,884.5967827999848,,,885.1727802999667,p,1,885.172836999991,885.180391700007,886.1952479999745,886.1639992999844,0.5672071999870241,None,,,,,,,,,,,,,,,,,,,,203,1,short,A,2026-07-10_10h16.11.098,SBL_superimposed_encoding,,2026.1.3,120.6736970761365,2026-07-10 10h16.11.316225 -0400,
3,60,60,0,stimuli/scenes/scene_U1.jpg,Undersea,Somar,stimuli/items/undersea_animal_20.png,Undersea,animal,sc,q,1,0.6553903000312857,None,0,2,2,2,0,60,60,60,,,,,886.1952479999745,,,,,,,,,,,,,,,,,,,,,,,,,,,,,,,,,,,,,,,,886.1848318999982,886.1952479999745,886.1952479999745,888.1812964999699,888.1813758999924,888.1887472999515,888.1887472999515,,,888.8474355000071,q,1,888.8474934999831,888.855394299957,889.8709271999542,889.8392231999896,0.6553903000312857,None,,,,,,,,,,,,,,,,,,,,203,1,short,A,2026-07-10_10h16.11.098,SBL_superimposed_encoding,,2026.1.3,120.6736970761365,2026-07-10 10h16.11.316225 -0400,
3,61,61,0,stimuli/scenes/scene_U2.jpg,Undersea,Tulon,stimuli/items/jungle_object_10.png,Jungle,object,si,p,1,0.6361253000213765,None,0,2,2,2,0,61,61,61,,,,,889.8709271999542,,,,,,,,,,,,,,,,,,,,,,,,,,,,,,,,,,,,,,,,889.8602294999873,889.8709271999542,889.8709271999542,891.8479283999768,891.8480221999926,891.8553878999664,891.8553878999664,,,892.4983267000061,p,1,892.4983826999669,892.5056425000075,893.5143029000028,893.4892403999693,0.6361253000213765,None,,,,,,,,,,,,,,,,,,,,203,1,short,A,2026-07-10_10h16.11.098,SBL_superimposed_encoding,,2026.1.3,120.6736970761365,2026-07-10 10h16.11.316225 -0400,
3,62,62,0,stimuli/scenes/scene_U1.jpg,Undersea,Somar,stimuli/items/jungle_animal_1.png,Jungle,animal,si,p,1,0.5863692000275478,None,0,2,2,2,0,62,62,62,,,,,893.5143029000028,,,,,,,,,,,,,,,,,,,,,,,,,,,,,,,,,,,,,,,,893.508724699961,893.5143029000028,893.5143029000028,895.4982018999872,895.4982415999984,895.5054279000033,895.5054279000033,,,896.0977143999771,p,1,896.0977710000006,896.1057851999649,897.1193238999695,897.0892624999979,0.5863692000275478,None,895.5054279000033,895.5054279000033,,,,,,,,,,,,,,,,,,203,1,short,A,2026-07-10_10h16.11.098,SBL_superimposed_encoding,,2026.1.3,120.6736970761365,2026-07-10 10h16.11.316225 -0400,
3,63,63,0,stimuli/scenes/scene_U2.jpg,Undersea,Tulon,stimuli/items/undersea_animal_7.png,Undersea,animal,sc,q,1,0.47445480001624674,None,0,2,2,2,0,63,63,63,,,,,897.1193238999695,,,,,,,,,,,,,,,,,,,,,,,,,,,,,,,,,,,,,,,,897.1089620999992,897.1193238999695,897.1193238999695,899.0981054999866,899.0981492999708,899.1056362999952,899.1056362999952,,,899.5810734999832,q,1,899.5811298000044,899.5889749999624,900.6133324999828,900.5725187999778,0.47445480001624674,None,,,,,,,,,,,,,,,,,,,,203,1,short,A,2026-07-10_10h16.11.098,SBL_superimposed_encoding,,2026.1.3,120.6736970761365,2026-07-10 10h16.11.316225 -0400,
3,64,64,0,stimuli/scenes/scene_J2.jpg,Jungle,Negvi,stimuli/items/jungle_animal_4.png,Jungle,animal,sc,q,1,0.6226800999720581,None,0,2,2,2,0,64,64,64,,,,,900.6133324999828,,,,,,,,,,,,,,,,,,,,,,,,,,,,,,,,,,,,,,,,900.6018516999902,900.6133324999828,900.6133324999828,902.5814088999759,902.5815093999845,902.589332500007,902.589332500007,,,903.2146669999929,q,1,903.2147230999544,903.2224969999515,904.2373541999841,904.2061972999945,0.6226800999720581,None,,,,,,,,,,,,,,,,,,,,203,1,short,A,2026-07-10_10h16.11.098,SBL_superimposed_encoding,,2026.1.3,120.6736970761365,2026-07-10 10h16.11.316225 -0400,
3,65,65,0,stimuli/scenes/scene_U2.jpg,Undersea,Tulon,stimuli/items/jungle_object_8.png,Jungle,object,si,p,1,0.3245687000453472,None,0,2,2,2,0,65,65,65,,,,,904.2373541999841,,,,,,,,,,,,,,,,,,,,,,,,,,,,,,,,,,,,,,,,904.2259718999849,904.2373541999841,904.2373541999841,906.223379699979,906.2234743000008,906.2307923999615,906.2307923999615,,,906.5562784000067,p,1,906.5563350999728,906.5641172999749,907.5801812999998,907.5478595999884,0.3245687000453472,None,,,,,,,,,,,,,,,,,,,,203,1,short,A,2026-07-10_10h16.11.098,SBL_superimposed_encoding,,2026.1.3,120.6736970761365,2026-07-10 10h16.11.316225 -0400,
3,66,66,0,stimuli/scenes/scene_U1.jpg,Undersea,Somar,stimuli/items/undersea_object_2.png,Undersea,object,sc,q,1,0.47200840001460165,None,0,2,2,2,0,66,66,66,,,,,907.5801812999998,,,,,,,,,,,,,,,,,,,,,,,,,,,,,,,,,,,,,,,,907.5707028000033,907.5801812999998,907.5801812999998,909.5645993999788,909.5646460999851,909.5723013999523,909.5723013999523,,,910.0481381999562,q,1,910.0481951999827,910.0559332999983,911.0719311999856,911.0395984000061,0.47200840001460165,None,,,,,,,,,,,,,,,,,,,,203,1,short,A,2026-07-10_10h16.11.098,SBL_superimposed_encoding,,2026.1.3,120.6736970761365,2026-07-10 10h16.11.316225 -0400,
3,67,67,0,stimuli/scenes/scene_J2.jpg,Jungle,Negvi,stimuli/items/undersea_object_1.png,Undersea,object,si,p,1,0.5879288999713026,None,0,2,2,2,0,67,67,67,,,,,911.0719311999856,,,,,,,,,,,,,,,,,,,,,,,,,,,,,,,,,,,,,,,,911.0613143999944,911.0719311999856,911.0719311999856,913.0484259999939,913.0484693999751,913.0557790999883,913.0557790999883,,,913.6480290999752,p,1,913.6480852999957,913.6557617000071,914.6642262999667,914.6396362999803,0.5879288999713026,None,,,,,,,,,,,,,,,,,,,,203,1,short,A,2026-07-10_10h16.11.098,SBL_superimposed_encoding,,2026.1.3,120.6736970761365,2026-07-10 10h16.11.316225 -0400,
3,68,68,0,stimuli/scenes/scene_U1.jpg,Undersea,Somar,stimuli/items/undersea_animal_6.png,Undersea,animal,sc,q,1,0.39621579996310174,None,0,2,2,2,0,68,68,68,,,,,914.6642262999667,,,,,,,,,,,,,,,,,,,,,,,,,,,,,,,,,,,,,,,,914.6579735999694,914.6642262999667,914.6642262999667,916.6483497999725,916.6484439999913,916.6559149999521,916.6559149999521,,,917.0568136000074,q,1,917.0568689999636,917.0645025999984,918.0810600999976,918.0481538999593,0.39621579996310174,None,,,,,,,,,,,,,,,,,,,,203,1,short,A,2026-07-10_10h16.11.098,SBL_superimposed_encoding,,2026.1.3,120.6736970761365,2026-07-10 10h16.11.316225 -0400,
3,69,69,0,stimuli/scenes/scene_J1.jpg,Jungle,Malbow,stimuli/items/jungle_animal_8.png,Jungle,animal,sc,q,1,0.7874727000016719,None,0,2,2,2,0,69,69,69,,,,,918.0810600999976,,,,,,,,,,,,,,,,,,,,,,,,,,,,,,,,,,,,,,,,918.074725399958,918.0810600999976,918.0810600999976,920.0651213999954,920.0651651999797,920.0727079999633,920.0727079999633,,,920.8650398000027,q,1,920.865095999965,920.8727660999866,921.8887190999812,921.8561242999858,0.7874727000016719,None,,,,,,,,,,,,,,,,,,,,203,1,short,A,2026-07-10_10h16.11.098,SBL_superimposed_encoding,,2026.1.3,120.6736970761365,2026-07-10 10h16.11.316225 -0400,
3,70,70,0,stimuli/scenes/scene_U1.jpg,Undersea,Somar,stimuli/items/jungle_animal_3.png,Jungle,animal,si,p,1,0.6265128999948502,None,0,2,2,2,0,70,70,70,,,,,921.8887190999812,,,,,,,,,,,,,,,,,,,,,,,,,,,,,,,,,,,,,,,,921.8785517999786,921.8887190999812,921.8887190999812,923.8733118000091,923.8733556999941,923.8811552999541,923.8811552999541,,,924.5151563999825,p,1,924.5152124000015,924.5227510999539,925.531441500003,925.5062957999762,0.6265128999948502,None,,,,,,,,,,,,,,,,,,,,203,1,short,A,2026-07-10_10h16.11.098,SBL_superimposed_encoding,,2026.1.3,120.6736970761365,2026-07-10 10h16.11.316225 -0400,
3,71,71,0,stimuli/scenes/scene_J1.jpg,Jungle,Malbow,stimuli/items/undersea_animal_1.png,Undersea,animal,si,p,1,0.6172358999610879,None,0,2,2,2,0,71,71,71,,,,,925.531441500003,,,,,,,,,,,,,,,,,,,,,,,,,,,,,,,,,,,,,,,,925.5259774999577,925.531441500003,925.531441500003,927.5153975999565,927.5154386999784,927.522940099996,927.522940099996,,,928.1483383000013,p,1,928.1483944999636,928.156225099985,929.1643619999522,929.1396132999798,0.6172358999610879,None,927.522940099996,927.522940099996,,,,,,,,,,,,,,,,,,203,1,short,A,2026-07-10_10h16.11.098,SBL_superimposed_encoding,,2026.1.3,120.6736970761365,2026-07-10 10h16.11.316225 -0400,
3,72,72,0,stimuli/scenes/scene_U1.jpg,Undersea,Somar,stimuli/items/jungle_object_4.png,Jungle,object,si,p,1,0.3912750000017695,None,0,2,2,2,0,72,72,72,,,,,929.1643619999522,,,,,,,,,,,,,,,,,,,,,,,,,,,,,,,,,,,,,,,,929.1580850000028,929.1643619999522,929.1643619999522,931.1487247999758,931.1487682999577,931.1559677000041,931.1559677000041,,,931.5483811000013,p,1,931.5484372999636,931.5560934999958,932.5717984999646,932.5396300999564,0.3912750000017695,None,,,,,,,,,,,,,,,,,,,,203,1,short,A,2026-07-10_10h16.11.098,SBL_superimposed_encoding,,2026.1.3,120.6736970761365,2026-07-10 10h16.11.316225 -0400,
3,73,73,0,stimuli/scenes/scene_J1.jpg,Jungle,Malbow,stimuli/items/jungle_object_18.png,Jungle,object,sc,q,1,0.4958625000435859,None,0,2,2,2,0,73,73,73,,,,,932.5717984999646,,,,,,,,,,,,,,,,,,,,,,,,,,,,,,,,,,,,,,,,932.5609561000019,932.5717984999646,932.5717984999646,934.5485577000072,934.5486422999529,934.5562684999895,934.5562684999895,,,935.0571184,q,1,935.0571734999539,935.064387099992,936.0974356000079,936.0485222999705,0.4958625000435859,None,,,,,,,,,,,,,,,,,,,,203,1,short,A,2026-07-10_10h16.11.098,SBL_superimposed_encoding,,2026.1.3,120.6736970761365,2026-07-10 10h16.11.316225 -0400,
3,74,74,0,stimuli/scenes/scene_U2.jpg,Undersea,Tulon,stimuli/items/undersea_animal_10.png,Undersea,animal,sc,q,1,0.5145413000136614,None,0,2,2,2,0,74,74,74,,,,,936.0974356000079,,,,,,,,,,,,,,,,,,,,,,,,,,,,,,,,,,,,,,,,936.0876958000008,936.0974356000079,936.0974356000079,938.065303099982,938.0654196999967,938.0731539999833,938.0731539999833,,,938.5900276000029,q,1,938.5900847999728,938.5977098000003,939.6123951000045,939.581844899978,0.5145413000136614,None,,,,,,,,,,,,,,,,,,,,203,1,short,A,2026-07-10_10h16.11.098,SBL_superimposed_encoding,,2026.1.3,120.6736970761365,2026-07-10 10h16.11.316225 -0400,
3,75,75,0,stimuli/scenes/scene_J1.jpg,Jungle,Malbow,stimuli/items/undersea_animal_14.png,Undersea,animal,si,p,1,0.8143363000126556,None,0,2,2,2,0,75,75,75,,,,,939.6123951000045,,,,,,,,,,,,,,,,,,,,,,,,,,,,,,,,,,,,,,,,939.6015586999711,939.6123951000045,939.6123951000045,941.5904319999972,941.5905270999647,941.5976069999742,941.5976069999742,,,942.4153485999559,p,1,942.4154041999718,942.4228236000054,943.438322699978,943.406676499988,0.8143363000126556,None,,,,,,,,,,,,,,,,,,,,203,1,short,A,2026-07-10_10h16.11.098,SBL_superimposed_encoding,,2026.1.3,120.6736970761365,2026-07-10 10h16.11.316225 -0400,
3,76,76,0,stimuli/scenes/scene_U2.jpg,Undersea,Tulon,stimuli/items/jungle_object_20.png,Jungle,object,si,p,1,0.4844980000052601,None,0,2,2,2,0,76,76,76,,,,,943.438322699978,,,,,,,,,,,,,,,,,,,,,,,,,,,,,,,,,,,,,,,,943.4276633999543,943.438322699978,943.438322699978,945.4235819999594,945.4236246999935,945.4314566999674,945.4314566999674,,,945.92360129999,p,1,945.9236582999583,945.9314821999869,946.9475873999763,946.914968499972,0.4844980000052601,None,,,,,,,,,,,,,,,,,,,,203,1,short,A,2026-07-10_10h16.11.098,SBL_superimposed_encoding,,2026.1.3,120.6736970761365,2026-07-10 10h16.11.316225 -0400,
3,77,77,0,stimuli/scenes/scene_U1.jpg,Undersea,Somar,stimuli/items/undersea_object_9.png,Undersea,object,sc,q,1,0.35219250002410263,None,0,2,2,2,0,77,77,77,,,,,946.9475873999763,,,,,,,,,,,,,,,,,,,,,,,,,,,,,,,,,,,,,,,,946.9386585999746,946.9475873999763,946.9475873999763,948.9321044999524,948.932198799972,948.939765899966,948.939765899966,,,949.2988038999611,q,1,949.2988599999808,949.3063421999686,950.3149588999804,950.2900802000077,0.35219250002410263,None,,,,,,,,,,,,,,,,,,,,203,1,short,A,2026-07-10_10h16.11.098,SBL_superimposed_encoding,,2026.1.3,120.6736970761365,2026-07-10 10h16.11.316225 -0400,
3,78,78,0,stimuli/scenes/scene_J1.jpg,Jungle,Malbow,stimuli/items/undersea_object_20.png,Undersea,object,si,p,1,0.5694414000026882,None,0,2,2,2,0,78,78,78,,,,,950.3149588999804,,,,,,,,,,,,,,,,,,,,,,,,,,,,,,,,,,,,,,,,950.3092332999804,950.3149588999804,950.3149588999804,952.2990646999679,952.299105699989,952.3064324999577,952.3064324999577,,,952.8817172999843,p,1,952.8817773999763,952.8894363999716,953.898001900001,953.8730893000029,0.5694414000026882,None,952.3064324999577,952.3064324999577,,,,,,,,,,,,,,,,,,203,1,short,A,2026-07-10_10h16.11.098,SBL_superimposed_encoding,,2026.1.3,120.6736970761365,2026-07-10 10h16.11.316225 -0400,
3,79,79,0,stimuli/scenes/scene_U1.jpg,Undersea,Somar,stimuli/items/undersea_object_10.png,Undersea,object,sc,q,1,0.618102100037504,None,0,2,2,2,0,79,79,79,,,,,953.898001900001,,,,,,,,,,,,,,,,,,,,,,,,,,,,,,,,,,,,,,,,953.8927251999849,953.898001900001,953.898001900001,955.8820544999908,955.8820951999514,955.8896554999519,955.8896554999519,,,956.515464199998,q,1,956.5155222999747,956.5233418999705,957.5226164999767,957.5067701999797,0.618102100037504,None,955.8896554999519,955.8896554999519,,,,,,,,,,,,,,,,,,203,1,short,A,2026-07-10_10h16.11.098,SBL_superimposed_encoding,,2026.1.3,120.6736970761365,2026-07-10 10h16.11.316225 -0400,
,,,,,,,,,,,,,,,,,,,,,,,,,,,,,,,,,,,,,,,,,,,,,,,,,,,,,,,,,,,,,,,,,,,,,,,,,,,,,,,,,,,,,,,957.5124714999693,957.5126878999872,,,,,,,,,957.5198381000082,957.5226164999767,958.5064259999781,962.6407463999931,space,4.129793100000825,None,203,1,short,A,2026-07-10_10h16.11.098,SBL_superimposed_encoding,,2026.1.3,120.6736970761365,2026-07-10 10h16.11.316225 -0400,
