run,thisN,thisTrialN,thisRepN,scene_stimulus,scene_cat,scene_label,item_stimulus,item_cat,item_type,congruency,key_resp_congruency.keys,key_resp_congruency.corr,key_resp_congruency.rt,key_resp_congruency.duration,runs.thisRepN,runs.thisTrialN,runs.thisN,runs.thisIndex,trials.thisRepN,trials.thisTrialN,trials.thisN,trials.thisIndex,between_run_inst.thisRepN,between_run_inst.thisTrialN,between_run_inst.thisN,between_run_inst.thisIndex,thisRow.t,notes,piloting,get_relatedness_keys.started,get_relatedness_keys.stopped,instructions_screen.started,text_instructions.started,key_welcome.started,instructions_screen.stopped,key_welcome.keys,key_welcome.rt,key_welcome.duration,instruction_keys.started,text_keys.started,key_resp_keysInst.started,instruction_keys.stopped,key_resp_keysInst.keys,key_resp_keysInst.rt,key_resp_keysInst.duration,scene_names_reminder.started,text_reminder.started,image1.started,image2.started,image3.started,image4.started,textbox1.started,textbox2.started,textbox3.started,textbox4.started,key_reminder.started,scene_names_reminder.stopped,key_reminder.keys,key_reminder.rt,key_reminder.duration,blank2000.started,text_2.started,text_2.stopped,blank2000.stopped,get_run_stim_list.started,get_run_stim_list.stopped,scene_item_presentation.started,image_scene.started,image_item.started,scene_item_presentation.stopped,congruency_response.started,text_congruency.started,key_resp_congruency.started,congruency_response.stopped,trials.key_resp_congruency.keys,trials.key_resp_congruency.corr,trials.key_resp_congruency.rt,trials.key_resp_congruency.duration,blank1000.started,text.started,text.stopped,blank1000.stopped,text_congruency.stopped,key_resp_congruency.stopped,image_scene.stopped,image_item.stopped,is_last_run.started,is_last_run.stopped,between_run_pause.started,text_run_pause.started,text_relatedness_pause.started,key_resp_next_run.started,between_run_pause.stopped,between_run_inst.key_resp_next_run.keys,between_run_inst.key_resp_next_run.rt,between_run_inst.key_resp_next_run.duration,end_screen.started,text_end.started,key_end.started,end_screen.stopped,key_end.keys,key_end.rt,key_end.duration,participant,session,delay,group,date,expName,expVersion,psychopyVersion,frameRate,expStart,
,,,,,,,,,,,,,,,,,,,,,,,,,,,,,False,0.003034200519323349,0.0033340007066726685,,,,,,,,,,,,,,,,,,,,,,,,,,,,,,,,,,,,,,,,,,,,,,,,,,,,,,,,,,,,,,,,,,,,,,,,,204,1,short,A,2026-07-10_10h45.34.149,SBL_superimposed_encoding,,2026.1.3,119.76506794615439,2026-07-10 10h45.34.366600 -0400,
,,,,,,,,,,,,,,,,,,,,,,,,,,,,,,,,0.0033609000965952873,0.007547800429165363,0.9991824999451637,42.30731810070574,space,41.28978839982301,None,,,,,,,,,,,,,,,,,,,,,,,,,,,,,,,,,,,,,,,,,,,,,,,,,,,,,,,,,,,,,,,,,,204,1,short,A,2026-07-10_10h45.34.149,SBL_superimposed_encoding,,2026.1.3,119.76506794615439,2026-07-10 10h45.34.366600 -0400,
,,,,,,,,,,,,,,,,,,,,,,,,,,,,,,,,,,,,,,,42.33566890005022,42.338979500345886,42.338979500345886,61.60948430001736,space,19.261717900633812,None,,,,,,,,,,,,,,,,,,,,,,,,,,,,,,,,,,,,,,,,,,,,,,,,,,,,,,,,,,,204,1,short,A,2026-07-10_10h45.34.149,SBL_superimposed_encoding,,2026.1.3,119.76506794615439,2026-07-10 10h45.34.366600 -0400,
,,,,,,,,,,,,,,,,,,,,,,,,,,,,,,,,,,,,,,,,,,,,,,61.74443730060011,61.81992330029607,61.81992330029607,61.81992330029607,61.81992330029607,61.81992330029607,61.81992330029607,61.81992330029607,61.81992330029607,61.81992330029607,63.60058839991689,92.39314910024405,space,28.784327699802816,None,,,,,,,,,,,,,,,,,,,,,,,,,,,,,,,,,,,,,,,,,,,,204,1,short,A,2026-07-10_10h45.34.149,SBL_superimposed_encoding,,2026.1.3,119.76506794615439,2026-07-10 10h45.34.366600 -0400,
,,,,,,,,,,,,,,,,,,,,,,,,,,,,,,,,,,,,,,,,,,,,,,,,,,,,,,,,,,,,,92.39319500047714,92.4006095007062,94.45040039997548,94.38497619982809,,,,,,,,,,,,,,,,,,,,,,,,,,,,,,,,,,,,,,,,204,1,short,A,2026-07-10_10h45.34.149,SBL_superimposed_encoding,,2026.1.3,119.76506794615439,2026-07-10 10h45.34.366600 -0400,
1,0,0,0,stimuli/scenes/scene_U2.jpg,Undersea,Somar,stimuli/items/undersea_animal_7.png,Undersea,animal,sc,p,1,0.9516075998544693,None,0,0,0,0,0,0,0,0,,,,,94.45040039997548,,,,,,,,,,,,,,,,,,,,,,,,,,,,,,,,,,,,,,94.39823290053755,94.39847530052066,94.43867200054228,94.45040039997548,94.45040039997548,96.40148450061679,96.40480529982597,96.40895080007613,96.40895080007613,97.36812380049378,p,1,0.9516075998544693,None,97.36818300001323,97.37565930001438,98.40083390008658,98.35939660016447,,,,,,,,,,,,,,,,,,,,,,204,1,short,A,2026-07-10_10h45.34.149,SBL_superimposed_encoding,,2026.1.3,119.76506794615439,2026-07-10 10h45.34.366600 -0400,
1,1,1,0,stimuli/scenes/scene_J2.jpg,Jungle,Tulon,stimuli/items/jungle_animal_10.png,Jungle,animal,sc,p,1,0.4323747996240854,None,0,0,0,0,0,1,1,1,,,,,98.40083390008658,,,,,,,,,,,,,,,,,,,,,,,,,,,,,,,,,,,,,,,,98.39278199989349,98.40083390008658,98.40083390008658,100.37656799983233,100.37661490030587,100.38463800027966,100.38463800027966,100.81817120034248,p,1,0.4323747996240854,None,100.81823039986193,100.82583869993687,101.8423776999116,101.80971810035408,,,,,,,,,,,,,,,,,,,,,,204,1,short,A,2026-07-10_10h45.34.149,SBL_superimposed_encoding,,2026.1.3,119.76506794615439,2026-07-10 10h45.34.366600 -0400,
1,2,2,0,stimuli/scenes/scene_U2.jpg,Undersea,Somar,stimuli/items/jungle_animal_2.png,Jungle,animal,si,q,1,0.5349292997270823,None,0,0,0,0,0,2,2,2,,,,,101.8423776999116,,,,,,,,,,,,,,,,,,,,,,,,,,,,,,,,,,,,,,,,101.8336300002411,101.8423776999116,101.8423776999116,103.82682810071856,103.82687360048294,103.83437430020422,103.83437430020422,104.37692480068654,q,1,0.5349292997270823,None,104.37698340043426,104.38454589992762,105.4082511998713,105.3678063005209,,,,,,,,,,,,,,,,,,,,,,204,1,short,A,2026-07-10_10h45.34.149,SBL_superimposed_encoding,,2026.1.3,119.76506794615439,2026-07-10 10h45.34.366600 -0400,
1,3,3,0,stimuli/scenes/scene_J1.jpg,Jungle,Negvi,stimuli/items/undersea_animal_3.png,Undersea,animal,si,q,1,0.5282805003225803,None,0,0,0,0,0,3,3,3,,,,,105.4082511998713,,,,,,,,,,,,,,,,,,,,,,,,,,,,,,,,,,,,,,,,105.39742180053145,105.4082511998713,105.4082511998713,107.3852152004838,107.38531300053,107.39278860017657,107.39278860017657,107.92704530060291,q,1,0.5282805003225803,None,107.92710310034454,107.93440339993685,108.94999040011317,108.91838680021465,,,,,,,,,,,,,,,,,,,,,,204,1,short,A,2026-07-10_10h45.34.149,SBL_superimposed_encoding,,2026.1.3,119.76506794615439,2026-07-10 10h45.34.366600 -0400,
1,4,4,0,stimuli/scenes/scene_U2.jpg,Undersea,Somar,stimuli/items/jungle_object_4.png,Jungle,object,si,q,1,0.4823030000552535,None,0,0,0,0,0,4,4,4,,,,,108.94999040011317,,,,,,,,,,,,,,,,,,,,,,,,,,,,,,,,,,,,,,,,108.93956369999796,108.94999040011317,108.94999040011317,110.93526600021869,110.93533769994974,110.94293410051614,110.94293410051614,111.42696770001203,q,1,0.4823030000552535,None,111.42702640034258,111.43452510051429,112.45075180009007,112.41845700051636,,,,,,,,,,,,,,,,,,,,,,204,1,short,A,2026-07-10_10h45.34.149,SBL_superimposed_encoding,,2026.1.3,119.76506794615439,2026-07-10 10h45.34.366600 -0400,
1,5,5,0,stimuli/scenes/scene_J1.jpg,Jungle,Negvi,stimuli/items/undersea_animal_1.png,Undersea,animal,si,q,1,0.5578918997198343,None,0,0,0,0,0,5,5,5,,,,,112.45075180009007,,,,,,,,,,,,,,,,,,,,,,,,,,,,,,,,,,,,,,,,112.44173779990524,112.45075180009007,112.45075180009007,114.4270783001557,114.42712390050292,114.43438920006156,114.43438920006156,114.99404000025243,q,1,0.5578918997198343,None,114.99409990012646,115.00111870002002,116.02597100008279,115.98508980032057,,,,,,,,,,,,,,,,,,,,,,204,1,short,A,2026-07-10_10h45.34.149,SBL_superimposed_encoding,,2026.1.3,119.76506794615439,2026-07-10 10h45.34.366600 -0400,
1,6,6,0,stimuli/scenes/scene_U2.jpg,Undersea,Somar,stimuli/items/jungle_animal_4.png,Jungle,animal,si,q,1,0.5048371003940701,None,0,0,0,0,0,6,6,6,,,,,116.02597100008279,,,,,,,,,,,,,,,,,,,,,,,,,,,,,,,,,,,,,,,,116.01789470016956,116.02597100008279,116.02597100008279,118.00209040008485,118.00218860059977,118.00961040053517,118.00961040053517,118.51864599995315,q,1,0.5048371003940701,None,118.51870589982718,118.52631149999797,119.54242730047554,119.51016880013049,,,,,,,,,,,,,,,,,,,,,,204,1,short,A,2026-07-10_10h45.34.149,SBL_superimposed_encoding,,2026.1.3,119.76506794615439,2026-07-10 10h45.34.366600 -0400,
1,7,7,0,stimuli/scenes/scene_J1.jpg,Jungle,Negvi,stimuli/items/undersea_animal_19.png,Undersea,animal,si,q,1,0.4746910994872451,None,0,0,0,0,0,7,7,7,,,,,119.54242730047554,,,,,,,,,,,,,,,,,,,,,,,,,,,,,,,,,,,,,,,,119.53285170067102,119.54242730047554,119.54242730047554,121.51882390026003,121.51891980040818,121.52629330009222,121.52629330009222,122.0020225001499,q,1,0.4746910994872451,None,122.00208189990371,122.0099031003192,123.03452139999717,122.99349590018392,,,,,,,,,,,,,,,,,,,,,,204,1,short,A,2026-07-10_10h45.34.149,SBL_superimposed_encoding,,2026.1.3,119.76506794615439,2026-07-10 10h45.34.366600 -0400,
1,8,8,0,stimuli/scenes/scene_J2.jpg,Jungle,Tulon,stimuli/items/undersea_object_12.png,Undersea,object,si,q,1,0.44744240026921034,None,0,0,0,0,0,8,8,8,,,,,123.03452139999717,,,,,,,,,,,,,,,,,,,,,,,,,,,,,,,,,,,,,,,,123.02626190055162,123.03452139999717,123.03452139999717,125.00214940030128,125.0021959003061,125.00966460071504,125.00966460071504,125.46061389986426,q,1,0.44744240026921034,None,125.46067310031503,125.46806350070983,126.48428540024906,126.45161239989102,,,,,,,,,,,,,,,,,,,,,,204,1,short,A,2026-07-10_10h45.34.149,SBL_superimposed_encoding,,2026.1.3,119.76506794615439,2026-07-10 10h45.34.366600 -0400,
1,9,9,0,stimuli/scenes/scene_U1.jpg,Undersea,Malbow,stimuli/items/jungle_object_5.png,Jungle,object,si,q,1,0.5086718006059527,None,0,0,0,0,0,9,9,9,,,,,126.48428540024906,,,,,,,,,,,,,,,,,,,,,,,,,,,,,,,,,,,,,,,,126.47616939991713,126.48428540024906,126.48428540024906,128.46080850064754,128.460904000327,128.46842000074685,128.46842000074685,128.98558189999312,q,1,0.5086718006059527,None,128.98564090020955,128.99322850070894,130.00978760048747,129.97700260020792,,,,,,,,,,,,,,,,,,,,,,204,1,short,A,2026-07-10_10h45.34.149,SBL_superimposed_encoding,,2026.1.3,119.76506794615439,2026-07-10 10h45.34.366600 -0400,
1,10,10,0,stimuli/scenes/scene_U2.jpg,Undersea,Somar,stimuli/items/jungle_object_12.png,Jungle,object,si,q,1,0.3833197997882962,None,0,0,0,0,0,10,10,10,,,,,130.00978760048747,,,,,,,,,,,,,,,,,,,,,,,,,,,,,,,,,,,,,,,,130.0026355003938,130.00978760048747,130.00978760048747,131.99421260040253,131.99430810008198,132.00141509994864,132.00141509994864,132.38556430023164,q,1,0.3833197997882962,None,132.38562500011176,132.392862200737,133.4163992004469,133.3767972998321,,,,,,,,,,,,,,,,,,,,,,204,1,short,A,2026-07-10_10h45.34.149,SBL_superimposed_encoding,,2026.1.3,119.76506794615439,2026-07-10 10h45.34.366600 -0400,
1,11,11,0,stimuli/scenes/scene_J1.jpg,Jungle,Negvi,stimuli/items/jungle_animal_3.png,Jungle,animal,sc,p,1,0.2796603003516793,None,0,0,0,0,0,11,11,11,,,,,133.4163992004469,,,,,,,,,,,,,,,,,,,,,,,,,,,,,,,,,,,,,,,,133.40556610003114,133.4163992004469,133.4163992004469,135.39357660058886,135.3936224002391,135.40154730062932,135.40154730062932,135.68586620036513,p,1,0.2796603003516793,None,135.6859242003411,135.69342640042305,136.7093817004934,136.6773048005998,,,,,,,,,,,,,,,,,,,,,,204,1,short,A,2026-07-10_10h45.34.149,SBL_superimposed_encoding,,2026.1.3,119.76506794615439,2026-07-10 10h45.34.366600 -0400,
1,12,12,0,stimuli/scenes/scene_U2.jpg,Undersea,Somar,stimuli/items/undersea_object_4.png,Undersea,object,sc,p,1,0.2437673006206751,None,0,0,0,0,0,12,12,12,,,,,136.7093817004934,,,,,,,,,,,,,,,,,,,,,,,,,,,,,,,,,,,,,,,,136.69912109989673,136.7093817004934,136.7093817004934,138.69410950038582,138.69420790020376,138.7015262003988,138.7015262003988,138.95258580055088,p,1,0.2437673006206751,None,138.95264460053295,138.9600399006158,139.98472570069134,139.94361290056258,,,,,,,,,,,,,,,,,,,,,,204,1,short,A,2026-07-10_10h45.34.149,SBL_superimposed_encoding,,2026.1.3,119.76506794615439,2026-07-10 10h45.34.366600 -0400,
1,13,13,0,stimuli/scenes/scene_J2.jpg,Jungle,Tulon,stimuli/items/jungle_object_11.png,Jungle,object,sc,p,1,0.3200847003608942,None,0,0,0,0,0,13,13,13,,,,,139.98472570069134,,,,,,,,,,,,,,,,,,,,,,,,,,,,,,,,,,,,,,,,139.97491910029203,139.98472570069134,139.98472570069134,141.96094360016286,141.96102370042354,141.9683183999732,141.9683183999732,142.2939306003973,p,1,0.3200847003608942,None,142.29398970026523,142.30175540037453,143.31793010048568,143.28533780016005,,,,,,,,,,,,,,,,,,,,,,204,1,short,A,2026-07-10_10h45.34.149,SBL_superimposed_encoding,,2026.1.3,119.76506794615439,2026-07-10 10h45.34.366600 -0400,
1,14,14,0,stimuli/scenes/scene_U2.jpg,Undersea,Somar,stimuli/items/jungle_animal_14.png,Jungle,animal,si,q,1,0.2825961001217365,None,0,0,0,0,0,14,14,14,,,,,143.31793010048568,,,,,,,,,,,,,,,,,,,,,,,,,,,,,,,,,,,,,,,,143.30703570041806,143.31793010048568,143.31793010048568,145.29429830051959,145.29440400004387,145.30206880066544,145.30206880066544,145.585792100057,q,1,0.2825961001217365,None,145.58585020061582,145.59340970031917,146.60998600069433,146.5771630005911,,,,,,,,,,,,,,,,,,,,,,204,1,short,A,2026-07-10_10h45.34.149,SBL_superimposed_encoding,,2026.1.3,119.76506794615439,2026-07-10 10h45.34.366600 -0400,
1,15,15,0,stimuli/scenes/scene_U1.jpg,Undersea,Malbow,stimuli/items/jungle_object_10.png,Jungle,object,si,q,1,0.27891939971596,None,0,0,0,0,0,15,15,15,,,,,146.60998600069433,,,,,,,,,,,,,,,,,,,,,,,,,,,,,,,,,,,,,,,,146.6026071002707,146.60998600069433,146.60998600069433,148.59405149985105,148.59409769997,148.60166790056974,148.60166790056974,148.88589810021222,q,1,0.27891939971596,None,148.8859565006569,148.8933545006439,149.9099561003968,149.8773843003437,,,,,,,,,,,,,,,,,,,,,,204,1,short,A,2026-07-10_10h45.34.149,SBL_superimposed_encoding,,2026.1.3,119.76506794615439,2026-07-10 10h45.34.366600 -0400,
1,16,16,0,stimuli/scenes/scene_J2.jpg,Jungle,Tulon,stimuli/items/jungle_object_1.png,Jungle,object,sc,p,1,0.3148725004866719,None,0,0,0,0,0,16,16,16,,,,,149.9099561003968,,,,,,,,,,,,,,,,,,,,,,,,,,,,,,,,,,,,,,,,149.90049900021404,149.9099561003968,149.9099561003968,151.88612930011004,151.88617580011487,151.89368609990925,151.89368609990925,152.21116540022194,p,1,0.3148725004866719,None,152.21122399996966,152.2186839999631,153.23502200003713,153.20225420035422,,,,,,,,,,,,,,,,,,,,,,204,1,short,A,2026-07-10_10h45.34.149,SBL_superimposed_encoding,,2026.1.3,119.76506794615439,2026-07-10 10h45.34.366600 -0400,
1,17,17,0,stimuli/scenes/scene_U1.jpg,Undersea,Malbow,stimuli/items/undersea_object_5.png,Undersea,object,sc,p,1,0.35754270013421774,None,0,0,0,0,0,17,17,17,,,,,153.23502200003713,,,,,,,,,,,,,,,,,,,,,,,,,,,,,,,,,,,,,,,,153.22676040045917,153.23502200003713,153.23502200003713,155.21911079995334,155.21915889997035,155.2272411007434,155.2272411007434,155.58582830056548,p,1,0.35754270013421774,None,155.5858890004456,155.593658500351,156.6097602006048,156.5771447001025,,,,,,,,,,,,,,,,,,,,,,204,1,short,A,2026-07-10_10h45.34.149,SBL_superimposed_encoding,,2026.1.3,119.76506794615439,2026-07-10 10h45.34.366600 -0400,
1,18,18,0,stimuli/scenes/scene_J2.jpg,Jungle,Tulon,stimuli/items/undersea_animal_15.png,Undersea,animal,si,q,1,0.5183987002819777,None,0,0,0,0,0,18,18,18,,,,,156.6097602006048,,,,,,,,,,,,,,,,,,,,,,,,,,,,,,,,,,,,,,,,156.60026140045375,156.6097602006048,156.6097602006048,158.59447430074215,158.59452190063894,158.60217810049653,158.60217810049653,159.12788060028106,q,1,0.5183987002819777,None,159.12794029992074,159.1353389006108,160.15214970055968,160.11928500048816,,,,,,,,,,,,,,,,,,,,,,204,1,short,A,2026-07-10_10h45.34.149,SBL_superimposed_encoding,,2026.1.3,119.76506794615439,2026-07-10 10h45.34.366600 -0400,
1,19,19,0,stimuli/scenes/scene_U2.jpg,Undersea,Somar,stimuli/items/jungle_animal_16.png,Jungle,animal,si,q,1,0.44909469969570637,None,0,0,0,0,0,19,19,19,,,,,160.15214970055968,,,,,,,,,,,,,,,,,,,,,,,,,,,,,,,,,,,,,,,,160.14473399985582,160.15214970055968,160.15214970055968,162.13602560013533,162.1360714007169,162.1435868004337,162.1435868004337,162.59446670021862,q,1,0.44909469969570637,None,162.5945243006572,162.60194760002196,163.61853480059654,163.58601500000805,,,,,,,,,,,,,,,,,,,,,,204,1,short,A,2026-07-10_10h45.34.149,SBL_superimposed_encoding,,2026.1.3,119.76506794615439,2026-07-10 10h45.34.366600 -0400,
1,20,20,0,stimuli/scenes/scene_J2.jpg,Jungle,Tulon,stimuli/items/undersea_object_9.png,Undersea,object,si,q,1,0.43093049991875887,None,0,0,0,0,0,20,20,20,,,,,163.61853480059654,,,,,,,,,,,,,,,,,,,,,,,,,,,,,,,,,,,,,,,,163.60949560068548,163.61853480059654,163.61853480059654,165.59462800063193,165.5946726007387,165.60232330020517,165.60232330020517,166.03606120031327,q,1,0.43093049991875887,None,166.03611950017512,166.04406630061567,167.06033929996192,167.02767110057175,,,,,,,,,,,,,,,,,,,,,,204,1,short,A,2026-07-10_10h45.34.149,SBL_superimposed_encoding,,2026.1.3,119.76506794615439,2026-07-10 10h45.34.366600 -0400,
1,21,21,0,stimuli/scenes/scene_U1.jpg,Undersea,Malbow,stimuli/items/jungle_object_16.png,Jungle,object,si,q,1,0.3412373000755906,None,0,0,0,0,0,21,21,21,,,,,167.06033929996192,,,,,,,,,,,,,,,,,,,,,,,,,,,,,,,,,,,,,,,,167.05384280066937,167.06033929996192,167.06033929996192,169.04490130022168,169.04499900061637,169.05212670005858,169.05212670005858,169.3949353005737,q,1,0.3412373000755906,None,169.3949925005436,169.40248099993914,170.41880750004202,170.38587490003556,,,,,,,,,,,,,,,,,,,,,,204,1,short,A,2026-07-10_10h45.34.149,SBL_superimposed_encoding,,2026.1.3,119.76506794615439,2026-07-10 10h45.34.366600 -0400,
1,22,22,0,stimuli/scenes/scene_J2.jpg,Jungle,Tulon,stimuli/items/jungle_object_9.png,Jungle,object,sc,p,1,0.5977009003981948,None,0,0,0,0,0,22,22,22,,,,,170.41880750004202,,,,,,,,,,,,,,,,,,,,,,,,,,,,,,,,,,,,,,,,170.40998880006373,170.41880750004202,170.41880750004202,172.40271349996328,172.40275940019637,172.41098100040108,172.41098100040108,173.01104450039566,p,1,0.5977009003981948,None,173.01110240072012,173.01900359988213,174.03603240009397,174.00279560033232,,,,,,,,,,,,,,,,,,,,,,204,1,short,A,2026-07-10_10h45.34.149,SBL_superimposed_encoding,,2026.1.3,119.76506794615439,2026-07-10 10h45.34.366600 -0400,
1,23,23,0,stimuli/scenes/scene_J1.jpg,Jungle,Negvi,stimuli/items/jungle_animal_17.png,Jungle,animal,sc,p,1,0.4936464000493288,None,0,0,0,0,0,23,23,23,,,,,174.03603240009397,,,,,,,,,,,,,,,,,,,,,,,,,,,,,,,,,,,,,,,,174.0303469998762,174.03603240009397,174.03603240009397,176.01130160037428,176.01134660001844,176.01883570011705,176.01883570011705,176.51994230039418,p,1,0.4936464000493288,None,176.5199988000095,176.5273525007069,177.5421489002183,177.51099700015038,,,,,,,,,,,,,,,,,,,,,,204,1,short,A,2026-07-10_10h45.34.149,SBL_superimposed_encoding,,2026.1.3,119.76506794615439,2026-07-10 10h45.34.366600 -0400,
1,24,24,0,stimuli/scenes/scene_U1.jpg,Undersea,Malbow,stimuli/items/undersea_animal_9.png,Undersea,animal,sc,p,1,0.38531020004302263,None,0,0,0,0,0,24,24,24,,,,,177.5421489002183,,,,,,,,,,,,,,,,,,,,,,,,,,,,,,,,,,,,,,,,177.53171120025218,177.5421489002183,177.5421489002183,179.52819010056555,179.52823560032994,179.53575399983674,179.53575399983674,179.92836140003055,p,1,0.38531020004302263,None,179.92841950058937,179.93576740007848,180.95224840007722,180.91958660073578,,,,,,,,,,,,,,,,,,,,,,204,1,short,A,2026-07-10_10h45.34.149,SBL_superimposed_encoding,,2026.1.3,119.76506794615439,2026-07-10 10h45.34.366600 -0400,
1,25,25,0,stimuli/scenes/scene_U2.jpg,Undersea,Somar,stimuli/items/jungle_animal_8.png,Jungle,animal,si,q,1,0.30516349989920855,None,0,0,0,0,0,25,25,25,,,,,180.95224840007722,,,,,,,,,,,,,,,,,,,,,,,,,,,,,,,,,,,,,,,,180.9451653007418,180.95224840007722,180.95224840007722,182.93678320012987,182.93687890004367,182.9439230002463,182.9439230002463,183.2530407998711,q,1,0.30516349989920855,None,183.253099700436,183.26101410016418,184.27513460069895,184.24451390001923,,,,,,,,,,,,,,,,,,,,,,204,1,short,A,2026-07-10_10h45.34.149,SBL_superimposed_encoding,,2026.1.3,119.76506794615439,2026-07-10 10h45.34.366600 -0400,
1,26,26,0,stimuli/scenes/scene_U1.jpg,Undersea,Malbow,stimuli/items/undersea_animal_6.png,Undersea,animal,sc,None,0,,,0,0,0,0,0,26,26,26,,,,,184.27513460069895,,,,,,,,,,,,,,,,,,,,,,,,,,,,,,,,,,,,,,,,184.26461349986494,184.27513460069895,184.27513460069895,186.26157930027694,186.2616250999272,186.26905560027808,186.26905560027808,187.25309500005096,None,0,,,187.25314380042255,187.2610451001674,188.27497579995543,188.2444005003199,187.2610451001674,187.2610451001674,,,,,,,,,,,,,,,,,,,,204,1,short,A,2026-07-10_10h45.34.149,SBL_superimposed_encoding,,2026.1.3,119.76506794615439,2026-07-10 10h45.34.366600 -0400,
1,27,27,0,stimuli/scenes/scene_U2.jpg,Undersea,Somar,stimuli/items/undersea_object_1.png,Undersea,object,sc,p,1,0.2273666998371482,None,0,0,0,0,0,27,27,27,,,,,188.27497579995543,,,,,,,,,,,,,,,,,,,,,,,,,,,,,,,,,,,,,,,,188.26445060037076,188.27497579995543,188.27497579995543,190.26165449991822,190.2617083005607,190.2692813007161,190.2692813007161,190.50337610021234,p,1,0.2273666998371482,None,190.50343140028417,190.511069400236,191.52596590016037,191.49479100015014,,,,,,,,,,,,,,,,,,,,,,204,1,short,A,2026-07-10_10h45.34.149,SBL_superimposed_encoding,,2026.1.3,119.76506794615439,2026-07-10 10h45.34.366600 -0400,
1,28,28,0,stimuli/scenes/scene_U1.jpg,Undersea,Malbow,stimuli/items/undersea_animal_12.png,Undersea,animal,sc,p,1,0.39376020058989525,None,0,0,0,0,0,28,28,28,,,,,191.52596590016037,,,,,,,,,,,,,,,,,,,,,,,,,,,,,,,,,,,,,,,,191.5157377999276,191.52596590016037,191.52596590016037,193.50346030015498,193.50350600015372,193.5109206000343,193.5109206000343,193.91196960024536,p,1,0.39376020058989525,None,193.91202739998698,193.9192570000887,194.9427112005651,194.90341710019857,,,,,,,,,,,,,,,,,,,,,,204,1,short,A,2026-07-10_10h45.34.149,SBL_superimposed_encoding,,2026.1.3,119.76506794615439,2026-07-10 10h45.34.366600 -0400,
1,29,29,0,stimuli/scenes/scene_J1.jpg,Jungle,Negvi,stimuli/items/jungle_object_2.png,Jungle,object,sc,p,1,0.5932054994627833,None,0,0,0,0,0,29,29,29,,,,,194.9427112005651,,,,,,,,,,,,,,,,,,,,,,,,,,,,,,,,,,,,,,,,194.93200349994004,194.9427112005651,194.9427112005651,196.92026000004262,196.9203556003049,196.92759000044316,196.92759000044316,197.52818100061268,p,1,0.5932054994627833,None,197.5282413000241,197.5359861003235,198.54988770000637,198.519447600469,,,,,,,,,,,,,,,,,,,,,,204,1,short,A,2026-07-10_10h45.34.149,SBL_superimposed_encoding,,2026.1.3,119.76506794615439,2026-07-10 10h45.34.366600 -0400,
1,30,30,0,stimuli/scenes/scene_U2.jpg,Undersea,Somar,stimuli/items/undersea_animal_5.png,Undersea,animal,sc,p,1,0.6408004006370902,None,0,0,0,0,0,30,30,30,,,,,198.54988770000637,,,,,,,,,,,,,,,,,,,,,,,,,,,,,,,,,,,,,,,,198.53979300055653,198.54988770000637,198.54988770000637,200.53640179987997,200.5364495003596,200.54429739993066,200.54429739993066,201.18686849996448,p,1,0.6408004006370902,None,201.1869267001748,201.1945323003456,202.21061549987644,202.17823550011963,,,,,,,,,,,,,,,,,,,,,,204,1,short,A,2026-07-10_10h45.34.149,SBL_superimposed_encoding,,2026.1.3,119.76506794615439,2026-07-10 10h45.34.366600 -0400,
1,31,31,0,stimuli/scenes/scene_J1.jpg,Jungle,Negvi,stimuli/items/undersea_object_10.png,Undersea,object,si,q,1,0.4140633996576071,None,0,0,0,0,0,31,31,31,,,,,202.21061549987644,,,,,,,,,,,,,,,,,,,,,,,,,,,,,,,,,,,,,,,,202.20182440057397,202.21061549987644,202.21061549987644,204.1871615005657,204.18720720056444,204.19464410003275,204.19464410003275,204.61205080058426,q,1,0.4140633996576071,None,204.6121112005785,204.61962380073965,205.6440326999873,205.60320920031518,,,,,,,,,,,,,,,,,,,,,,204,1,short,A,2026-07-10_10h45.34.149,SBL_superimposed_encoding,,2026.1.3,119.76506794615439,2026-07-10 10h45.34.366600 -0400,
1,32,32,0,stimuli/scenes/scene_J2.jpg,Jungle,Tulon,stimuli/items/jungle_animal_1.png,Jungle,animal,sc,p,1,0.8534104004502296,None,0,0,0,0,0,32,32,32,,,,,205.6440326999873,,,,,,,,,,,,,,,,,,,,,,,,,,,,,,,,,,,,,,,,205.63315240014344,205.6440326999873,205.6440326999873,207.62011260073632,207.62016469985247,207.62776050064713,207.62776050064713,208.48671530000865,p,1,0.8534104004502296,None,208.4867747006938,208.49441360030323,209.5033229002729,209.47799400053918,,,,,,,,,,,,,,,,,,,,,,204,1,short,A,2026-07-10_10h45.34.149,SBL_superimposed_encoding,,2026.1.3,119.76506794615439,2026-07-10 10h45.34.366600 -0400,
1,33,33,0,stimuli/scenes/scene_U2.jpg,Undersea,Somar,stimuli/items/undersea_animal_16.png,Undersea,animal,sc,p,1,0.32986999955028296,None,0,0,0,0,0,33,33,33,,,,,209.5033229002729,,,,,,,,,,,,,,,,,,,,,,,,,,,,,,,,,,,,,,,,209.49794290028512,209.5033229002729,209.5033229002729,211.48697860073298,211.4870255002752,211.4944660998881,211.4944660998881,211.82861000020057,p,1,0.32986999955028296,None,211.8286732006818,211.83614000026137,212.8529798006639,212.82005600072443,,,211.4944660998881,211.4944660998881,,,,,,,,,,,,,,,,,,204,1,short,A,2026-07-10_10h45.34.149,SBL_superimposed_encoding,,2026.1.3,119.76506794615439,2026-07-10 10h45.34.366600 -0400,
1,34,34,0,stimuli/scenes/scene_U1.jpg,Undersea,Malbow,stimuli/items/undersea_object_8.png,Undersea,object,sc,p,1,0.7396903997287154,None,0,0,0,0,0,34,34,34,,,,,212.8529798006639,,,,,,,,,,,,,,,,,,,,,,,,,,,,,,,,,,,,,,,,212.84659910015762,212.8529798006639,212.8529798006639,214.83696870040148,214.83701500017196,214.84470889996737,214.84470889996737,215.58705260045826,p,1,0.7396903997287154,None,215.5871125999838,215.59497660025954,216.6034182002768,216.57823120057583,,,,,,,,,,,,,,,,,,,,,,204,1,short,A,2026-07-10_10h45.34.149,SBL_superimposed_encoding,,2026.1.3,119.76506794615439,2026-07-10 10h45.34.366600 -0400,
1,35,35,0,stimuli/scenes/scene_U2.jpg,Undersea,Somar,stimuli/items/undersea_animal_10.png,Undersea,animal,sc,p,1,0.6216647997498512,None,0,0,0,0,0,35,35,35,,,,,216.6034182002768,,,,,,,,,,,,,,,,,,,,,,,,,,,,,,,,,,,,,,,,216.59818129986525,216.6034182002768,216.6034182002768,218.5871585002169,218.58720189984888,218.59495820011944,218.59495820011944,219.2208201000467,p,1,0.6216647997498512,None,219.22088050004095,219.228198800236,220.2449337998405,220.21188370045274,,,218.59495820011944,218.59495820011944,,,,,,,,,,,,,,,,,,204,1,short,A,2026-07-10_10h45.34.149,SBL_superimposed_encoding,,2026.1.3,119.76506794615439,2026-07-10 10h45.34.366600 -0400,
1,36,36,0,stimuli/scenes/scene_J1.jpg,Jungle,Negvi,stimuli/items/jungle_object_14.png,Jungle,object,sc,p,1,0.7715948997065425,None,0,0,0,0,0,36,36,36,,,,,220.2449337998405,,,,,,,,,,,,,,,,,,,,,,,,,,,,,,,,,,,,,,,,220.2389210006222,220.2449337998405,220.2449337998405,222.22904890030622,222.22909450065345,222.2369544999674,222.2369544999674,223.01229140069336,p,1,0.7715948997065425,None,223.0123497005552,223.0199733003974,224.03537000063807,224.00374339986593,,,,,,,,,,,,,,,,,,,,,,204,1,short,A,2026-07-10_10h45.34.149,SBL_superimposed_encoding,,2026.1.3,119.76506794615439,2026-07-10 10h45.34.366600 -0400,
1,37,37,0,stimuli/scenes/scene_U2.jpg,Undersea,Somar,stimuli/items/undersea_animal_13.png,Undersea,animal,sc,p,1,0.3886625999584794,None,0,0,0,0,0,37,37,37,,,,,224.03537000063807,,,,,,,,,,,,,,,,,,,,,,,,,,,,,,,,,,,,,,,,224.0250563006848,224.03537000063807,224.03537000063807,226.02097380068153,226.02107470016927,226.02839120011777,226.02839120011777,226.42075709998608,p,1,0.3886625999584794,None,226.42081630043685,226.42835390008986,227.45271810051054,227.412023300305,,,,,,,,,,,,,,,,,,,,,,204,1,short,A,2026-07-10_10h45.34.149,SBL_superimposed_encoding,,2026.1.3,119.76506794615439,2026-07-10 10h45.34.366600 -0400,
1,38,38,0,stimuli/scenes/scene_J2.jpg,Jungle,Tulon,stimuli/items/undersea_animal_8.png,Undersea,animal,si,q,1,0.2918956996873021,None,0,0,0,0,0,38,38,38,,,,,227.45271810051054,,,,,,,,,,,,,,,,,,,,,,,,,,,,,,,,,,,,,,,,227.44159100018442,227.45271810051054,227.45271810051054,229.42934820055962,229.42939320020378,229.43677320051938,229.43677320051938,229.72943720035255,q,1,0.2918956996873021,None,229.72949830070138,229.73639520071447,230.75284240022302,230.72019750066102,,,,,,,,,,,,,,,,,,,,,,204,1,short,A,2026-07-10_10h45.34.149,SBL_superimposed_encoding,,2026.1.3,119.76506794615439,2026-07-10 10h45.34.366600 -0400,
1,39,39,0,stimuli/scenes/scene_J1.jpg,Jungle,Negvi,stimuli/items/undersea_animal_14.png,Undersea,animal,si,q,1,0.43996929936110973,None,0,0,0,0,0,39,39,39,,,,,230.75284240022302,,,,,,,,,,,,,,,,,,,,,,,,,,,,,,,,,,,,,,,,230.74193100072443,230.75284240022302,230.75284240022302,232.73750680033118,232.73755520023406,232.74505260027945,232.74505260027945,233.1875823000446,q,1,0.43996929936110973,None,233.18764110002667,233.1948954006657,234.2106127999723,234.1786633003503,,,,,,,,,,,,,,,,,,,,,,204,1,short,A,2026-07-10_10h45.34.149,SBL_superimposed_encoding,,2026.1.3,119.76506794615439,2026-07-10 10h45.34.366600 -0400,
1,40,40,0,stimuli/scenes/scene_U2.jpg,Undersea,Somar,stimuli/items/jungle_object_7.png,Jungle,object,si,q,1,0.6930243000388145,None,0,0,0,0,0,40,40,40,,,,,234.2106127999723,,,,,,,,,,,,,,,,,,,,,,,,,,,,,,,,,,,,,,,,234.20038850046694,234.2106127999723,234.2106127999723,236.19563029985875,236.19567820057273,236.2034237999469,236.2034237999469,236.9041618006304,q,1,0.6930243000388145,None,236.90422430075705,236.91170939989388,237.92839550040662,237.89551840070635,,,,,,,,,,,,,,,,,,,,,,204,1,short,A,2026-07-10_10h45.34.149,SBL_superimposed_encoding,,2026.1.3,119.76506794615439,2026-07-10 10h45.34.366600 -0400,
1,41,41,0,stimuli/scenes/scene_J2.jpg,Jungle,Tulon,stimuli/items/jungle_animal_15.png,Jungle,animal,sc,p,1,0.6328106997534633,None,0,0,0,0,0,41,41,41,,,,,237.92839550040662,,,,,,,,,,,,,,,,,,,,,,,,,,,,,,,,,,,,,,,,237.92019370011985,237.92839550040662,237.92839550040662,239.90440400037915,239.90448640007526,239.91178810037673,239.91178810037673,240.54590329993516,p,1,0.6328106997534633,None,240.54596369992942,240.55337970051914,241.5698808003217,241.53717759996653,,,,,,,,,,,,,,,,,,,,,,204,1,short,A,2026-07-10_10h45.34.149,SBL_superimposed_encoding,,2026.1.3,119.76506794615439,2026-07-10 10h45.34.366600 -0400,
1,42,42,0,stimuli/scenes/scene_U1.jpg,Undersea,Malbow,stimuli/items/jungle_animal_6.png,Jungle,animal,si,q,1,0.3265998996794224,None,0,0,0,0,0,42,42,42,,,,,241.5698808003217,,,,,,,,,,,,,,,,,,,,,,,,,,,,,,,,,,,,,,,,241.56175350025296,241.5698808003217,241.5698808003217,243.55397660005838,243.55402460042387,243.56180729996413,243.56180729996413,243.89589830022305,q,1,0.3265998996794224,None,243.89595650043339,243.90375339984894,244.92031120043248,244.8875005003065,,,,,,,,,,,,,,,,,,,,,,204,1,short,A,2026-07-10_10h45.34.149,SBL_superimposed_encoding,,2026.1.3,119.76506794615439,2026-07-10 10h45.34.366600 -0400,
1,43,43,0,stimuli/scenes/scene_J2.jpg,Jungle,Tulon,stimuli/items/undersea_object_17.png,Undersea,object,si,p,0,0.6408591000363231,None,0,0,0,0,0,43,43,43,,,,,244.92031120043248,,,,,,,,,,,,,,,,,,,,,,,,,,,,,,,,,,,,,,,,244.91152960062027,244.92031120043248,244.92031120043248,246.90478270035237,246.90482860058546,246.91187900025398,246.91187900025398,247.55405070073903,p,0,0.6408591000363231,None,247.55411159992218,247.5619283998385,248.57093410007656,248.54544069990516,,,,,,,,,,,,,,,,,,,,,,204,1,short,A,2026-07-10_10h45.34.149,SBL_superimposed_encoding,,2026.1.3,119.76506794615439,2026-07-10 10h45.34.366600 -0400,
1,44,44,0,stimuli/scenes/scene_U1.jpg,Undersea,Malbow,stimuli/items/undersea_animal_20.png,Undersea,animal,sc,p,1,0.5428114999085665,None,0,0,0,0,0,44,44,44,,,,,248.57093410007656,,,,,,,,,,,,,,,,,,,,,,,,,,,,,,,,,,,,,,,,248.56561989989132,248.57093410007656,248.57093410007656,250.55443990044296,250.55448700021952,250.561970599927,250.561970599927,251.11273850034922,p,1,0.5428114999085665,None,251.1128070000559,251.12032800074667,252.14384360052645,252.10435289982706,,,250.561970599927,250.561970599927,,,,,,,,,,,,,,,,,,204,1,short,A,2026-07-10_10h45.34.149,SBL_superimposed_encoding,,2026.1.3,119.76506794615439,2026-07-10 10h45.34.366600 -0400,
1,45,45,0,stimuli/scenes/scene_J1.jpg,Jungle,Negvi,stimuli/items/undersea_object_2.png,Undersea,object,si,q,1,0.2714485004544258,None,0,0,0,0,0,45,45,45,,,,,252.14384360052645,,,,,,,,,,,,,,,,,,,,,,,,,,,,,,,,,,,,,,,,252.13305930048227,252.14384360052645,252.14384360052645,254.12116240058094,254.12120810057968,254.12886520009488,254.12886520009488,254.40459010004997,q,1,0.2714485004544258,None,254.40464730001986,254.41226370073855,255.42839340027422,255.39589830022305,,,,,,,,,,,,,,,,,,,,,,204,1,short,A,2026-07-10_10h45.34.149,SBL_superimposed_encoding,,2026.1.3,119.76506794615439,2026-07-10 10h45.34.366600 -0400,
1,46,46,0,stimuli/scenes/scene_U1.jpg,Undersea,Malbow,stimuli/items/jungle_animal_12.png,Jungle,animal,si,q,1,0.2681307001039386,None,0,0,0,0,0,46,46,46,,,,,255.42839340027422,,,,,,,,,,,,,,,,,,,,,,,,,,,,,,,,,,,,,,,,255.41961690038443,255.42839340027422,255.42839340027422,257.40487170033157,257.4049199000001,257.4124457007274,257.4124457007274,257.68807270005345,q,1,0.2681307001039386,None,257.6881322003901,257.69583910051733,258.7110644001514,258.67926120013,,,,,,,,,,,,,,,,,,,,,,204,1,short,A,2026-07-10_10h45.34.149,SBL_superimposed_encoding,,2026.1.3,119.76506794615439,2026-07-10 10h45.34.366600 -0400,
1,47,47,0,stimuli/scenes/scene_J1.jpg,Jungle,Negvi,stimuli/items/undersea_object_18.png,Undersea,object,si,q,1,0.6649957997724414,None,0,0,0,0,0,47,47,47,,,,,258.7110644001514,,,,,,,,,,,,,,,,,,,,,,,,,,,,,,,,,,,,,,,,258.70053349994123,258.7110644001514,258.7110644001514,260.68825270049274,260.6883324999362,260.6955591002479,260.6955591002479,261.3630756000057,q,1,0.6649957997724414,None,261.3631337005645,261.3707670001313,262.3867756007239,262.35424670018256,,,,,,,,,,,,,,,,,,,,,,204,1,short,A,2026-07-10_10h45.34.149,SBL_superimposed_encoding,,2026.1.3,119.76506794615439,2026-07-10 10h45.34.366600 -0400,
1,48,48,0,stimuli/scenes/scene_U1.jpg,Undersea,Malbow,stimuli/items/jungle_animal_20.png,Jungle,animal,si,q,1,0.309519799426198,None,0,0,0,0,0,48,48,48,,,,,262.3867756007239,,,,,,,,,,,,,,,,,,,,,,,,,,,,,,,,,,,,,,,,262.3771553002298,262.3867756007239,262.3867756007239,264.37162430025637,264.3716707006097,264.37901790067554,264.37901790067554,264.69636030029505,q,1,0.309519799426198,None,264.69642349984497,264.7038626000285,265.72102429997176,265.68747680075467,,,,,,,,,,,,,,,,,,,,,,204,1,short,A,2026-07-10_10h45.34.149,SBL_superimposed_encoding,,2026.1.3,119.76506794615439,2026-07-10 10h45.34.366600 -0400,
1,49,49,0,stimuli/scenes/scene_J2.jpg,Jungle,Tulon,stimuli/items/jungle_object_15.png,Jungle,object,sc,q,0,0.6807145001366735,None,0,0,0,0,0,49,49,49,,,,,265.72102429997176,,,,,,,,,,,,,,,,,,,,,,,,,,,,,,,,,,,,,,,,265.7154208002612,265.72102429997176,265.72102429997176,267.69691730011255,267.6969969999045,267.7039683004841,267.7039683004841,268.3881302000955,q,0,0.6807145001366735,None,268.3881897004321,268.39583430066705,269.4122939007357,269.37939629983157,,,,,,,,,,,,,,,,,,,,,,204,1,short,A,2026-07-10_10h45.34.149,SBL_superimposed_encoding,,2026.1.3,119.76506794615439,2026-07-10 10h45.34.366600 -0400,
1,50,50,0,stimuli/scenes/scene_U1.jpg,Undersea,Malbow,stimuli/items/jungle_object_6.png,Jungle,object,si,q,1,0.5165710002183914,None,0,0,0,0,0,50,50,50,,,,,269.4122939007357,,,,,,,,,,,,,,,,,,,,,,,,,,,,,,,,,,,,,,,,269.4030966004357,269.4122939007357,269.4122939007357,271.39634880051017,271.3964029001072,271.40425870008767,271.40425870008767,271.92168760020286,q,1,0.5165710002183914,None,271.92174649983644,271.9295559003949,272.945408500731,272.91276769991964,,,,,,,,,,,,,,,,,,,,,,204,1,short,A,2026-07-10_10h45.34.149,SBL_superimposed_encoding,,2026.1.3,119.76506794615439,2026-07-10 10h45.34.366600 -0400,
1,51,51,0,stimuli/scenes/scene_U2.jpg,Undersea,Somar,stimuli/items/undersea_object_11.png,Undersea,object,sc,p,1,0.9028815999627113,None,0,0,0,0,0,51,51,51,,,,,272.945408500731,,,,,,,,,,,,,,,,,,,,,,,,,,,,,,,,,,,,,,,,272.9367176005617,272.945408500731,272.945408500731,274.92984180059284,274.92993880063295,274.93790640030056,274.93790640030056,275.8466960005462,p,1,0.9028815999627113,None,275.84676550049335,275.85439050011337,276.8790511004627,276.83827729988843,,,,,,,,,,,,,,,,,,,,,,204,1,short,A,2026-07-10_10h45.34.149,SBL_superimposed_encoding,,2026.1.3,119.76506794615439,2026-07-10 10h45.34.366600 -0400,
1,52,52,0,stimuli/scenes/scene_J2.jpg,Jungle,Tulon,stimuli/items/jungle_object_18.png,Jungle,object,sc,p,1,0.6346348002552986,None,0,0,0,0,0,52,52,52,,,,,276.8790511004627,,,,,,,,,,,,,,,,,,,,,,,,,,,,,,,,,,,,,,,,276.86974420025945,276.8790511004627,276.8790511004627,278.84700750000775,278.84710310027003,278.8541286000982,278.8541286000982,279.4966541007161,p,1,0.6346348002552986,None,279.4967125002295,279.50444919988513,280.52031659986824,280.48792950063944,,,,,,,,,,,,,,,,,,,,,,204,1,short,A,2026-07-10_10h45.34.149,SBL_superimposed_encoding,,2026.1.3,119.76506794615439,2026-07-10 10h45.34.366600 -0400,
1,53,53,0,stimuli/scenes/scene_U2.jpg,Undersea,Somar,stimuli/items/undersea_object_7.png,Undersea,object,sc,p,1,0.32000370044261217,None,0,0,0,0,0,53,53,53,,,,,280.52031659986824,,,,,,,,,,,,,,,,,,,,,,,,,,,,,,,,,,,,,,,,280.5091124000028,280.52031659986824,280.52031659986824,282.5052326004952,282.50530340056866,282.5127052003518,282.5127052003518,282.83836880046874,p,1,0.32000370044261217,None,282.8384263003245,282.84616870060563,283.86250750068575,283.82981459982693,,,,,,,,,,,,,,,,,,,,,,204,1,short,A,2026-07-10_10h45.34.149,SBL_superimposed_encoding,,2026.1.3,119.76506794615439,2026-07-10 10h45.34.366600 -0400,
1,54,54,0,stimuli/scenes/scene_J2.jpg,Jungle,Tulon,stimuli/items/jungle_animal_5.png,Jungle,animal,sc,p,1,0.6506288005039096,None,0,0,0,0,0,54,54,54,,,,,283.86250750068575,,,,,,,,,,,,,,,,,,,,,,,,,,,,,,,,,,,,,,,,283.85358690004796,283.86250750068575,283.86250750068575,285.83858360070735,285.838628700003,285.8461781004444,285.8461781004444,286.5055563002825,p,1,0.6506288005039096,None,286.5056145004928,286.51280250027776,287.52994180005044,287.4965358003974,,,,,,,,,,,,,,,,,,,,,,204,1,short,A,2026-07-10_10h45.34.149,SBL_superimposed_encoding,,2026.1.3,119.76506794615439,2026-07-10 10h45.34.366600 -0400,
1,55,55,0,stimuli/scenes/scene_U1.jpg,Undersea,Malbow,stimuli/items/jungle_animal_9.png,Jungle,animal,si,q,1,0.7039391994476318,None,0,0,0,0,0,55,55,55,,,,,287.52994180005044,,,,,,,,,,,,,,,,,,,,,,,,,,,,,,,,,,,,,,,,287.52451780065894,287.52994180005044,287.52994180005044,289.51370640005916,289.51381380017847,289.5211300002411,289.5211300002411,290.23010210040957,q,1,0.7039391994476318,None,290.23015930037946,290.2378486003727,291.2539563002065,291.22168830037117,,,,,,,,,,,,,,,,,,,,,,204,1,short,A,2026-07-10_10h45.34.149,SBL_superimposed_encoding,,2026.1.3,119.76506794615439,2026-07-10 10h45.34.366600 -0400,
1,56,56,0,stimuli/scenes/scene_U2.jpg,Undersea,Somar,stimuli/items/jungle_object_8.png,Jungle,object,si,q,1,0.4660208998247981,None,0,0,0,0,0,56,56,56,,,,,291.2539563002065,,,,,,,,,,,,,,,,,,,,,,,,,,,,,,,,,,,,,,,,291.24409360066056,291.2539563002065,291.2539563002065,293.23879370000213,293.2388917999342,293.2464768998325,293.2464768998325,293.7136537004262,q,1,0.4660208998247981,None,293.71371270064265,293.7211966998875,294.74416290037334,294.70499770063907,,,,,,,,,,,,,,,,,,,,,,204,1,short,A,2026-07-10_10h45.34.149,SBL_superimposed_encoding,,2026.1.3,119.76506794615439,2026-07-10 10h45.34.366600 -0400,
1,57,57,0,stimuli/scenes/scene_J1.jpg,Jungle,Negvi,stimuli/items/jungle_object_19.png,Jungle,object,sc,p,1,0.4556871997192502,None,0,0,0,0,0,57,57,57,,,,,294.74416290037334,,,,,,,,,,,,,,,,,,,,,,,,,,,,,,,,,,,,,,,,294.7333174003288,294.74416290037334,294.74416290037334,296.72212410066277,296.72216960042715,296.72948990017176,296.72948990017176,297.1885726004839,p,1,0.4556871997192502,None,297.1886327005923,297.19654950033873,298.212845900096,298.1804656004533,,,,,,,,,,,,,,,,,,,,,,204,1,short,A,2026-07-10_10h45.34.149,SBL_superimposed_encoding,,2026.1.3,119.76506794615439,2026-07-10 10h45.34.366600 -0400,
1,58,58,0,stimuli/scenes/scene_U1.jpg,Undersea,Malbow,stimuli/items/undersea_object_16.png,Undersea,object,sc,p,1,0.28444459941238165,None,0,0,0,0,0,58,58,58,,,,,298.212845900096,,,,,,,,,,,,,,,,,,,,,,,,,,,,,,,,,,,,,,,,298.20555290021,298.212845900096,298.212845900096,300.1889858003706,300.1890310002491,300.1962555004284,300.1962555004284,300.488751700148,p,1,0.28444459941238165,None,300.4888094998896,300.4965814007446,301.51190540008247,301.4802017007023,,,,,,,,,,,,,,,,,,,,,,204,1,short,A,2026-07-10_10h45.34.149,SBL_superimposed_encoding,,2026.1.3,119.76506794615439,2026-07-10 10h45.34.366600 -0400,
1,59,59,0,stimuli/scenes/scene_J1.jpg,Jungle,Negvi,stimuli/items/undersea_object_3.png,Undersea,object,si,q,1,0.37593770027160645,None,0,0,0,0,0,59,59,59,,,,,301.51190540008247,,,,,,,,,,,,,,,,,,,,,,,,,,,,,,,,,,,,,,,,301.501330900006,301.51190540008247,301.51190540008247,303.48907960020006,303.4891683999449,303.496470999904,303.496470999904,303.8803778998554,q,1,0.37593770027160645,None,303.8804353000596,303.88825930003077,304.9036119002849,304.87177170068026,,,,,,,,,,,,,,,,,,,,,,204,1,short,A,2026-07-10_10h45.34.149,SBL_superimposed_encoding,,2026.1.3,119.76506794615439,2026-07-10 10h45.34.366600 -0400,
1,60,60,0,stimuli/scenes/scene_U1.jpg,Undersea,Malbow,stimuli/items/jungle_animal_11.png,Jungle,animal,si,q,1,0.29672629944980145,None,0,0,0,0,0,60,60,60,,,,,304.9036119002849,,,,,,,,,,,,,,,,,,,,,,,,,,,,,,,,,,,,,,,,304.89362380001694,304.9036119002849,304.9036119002849,306.8807771001011,306.88089419994503,306.8883861005306,306.8883861005306,307.18874080013484,q,1,0.29672629944980145,None,307.18879840057343,307.19650990050286,308.21328900009394,308.18028020020574,,,,,,,,,,,,,,,,,,,,,,204,1,short,A,2026-07-10_10h45.34.149,SBL_superimposed_encoding,,2026.1.3,119.76506794615439,2026-07-10 10h45.34.366600 -0400,
1,61,61,0,stimuli/scenes/scene_U2.jpg,Undersea,Somar,stimuli/items/jungle_object_20.png,Jungle,object,si,q,1,0.5080234995111823,None,0,0,0,0,0,61,61,61,,,,,308.21328900009394,,,,,,,,,,,,,,,,,,,,,,,,,,,,,,,,,,,,,,,,308.2069484004751,308.21328900009394,308.21328900009394,310.18913610000163,310.1892253998667,310.1966877998784,310.1966877998784,310.7057287003845,q,1,0.5080234995111823,None,310.7057859003544,310.71340730041265,311.73785770032555,311.6973775001243,,,,,,,,,,,,,,,,,,,,,,204,1,short,A,2026-07-10_10h45.34.149,SBL_superimposed_encoding,,2026.1.3,119.76506794615439,2026-07-10 10h45.34.366600 -0400,
1,62,62,0,stimuli/scenes/scene_J2.jpg,Jungle,Tulon,stimuli/items/undersea_animal_11.png,Undersea,animal,si,q,1,0.49543080013245344,None,0,0,0,0,0,62,62,62,,,,,311.73785770032555,,,,,,,,,,,,,,,,,,,,,,,,,,,,,,,,,,,,,,,,311.7276488998905,311.73785770032555,311.73785770032555,313.70588489994407,313.7059319000691,313.71354060061276,313.71354060061276,314.21436330024153,q,1,0.49543080013245344,None,314.21441979985684,314.2219299003482,315.23799900058657,315.20532350055873,,,,,,,,,,,,,,,,,,,,,,204,1,short,A,2026-07-10_10h45.34.149,SBL_superimposed_encoding,,2026.1.3,119.76506794615439,2026-07-10 10h45.34.366600 -0400,
1,63,63,0,stimuli/scenes/scene_U1.jpg,Undersea,Malbow,stimuli/items/jungle_object_17.png,Jungle,object,si,q,1,0.2907402999699116,None,0,0,0,0,0,63,63,63,,,,,315.23799900058657,,,,,,,,,,,,,,,,,,,,,,,,,,,,,,,,,,,,,,,,315.228978600353,315.23799900058657,315.23799900058657,317.2223829999566,317.2224288005382,317.23006159998477,317.23006159998477,317.52241310011595,q,1,0.2907402999699116,None,317.52247080020607,317.5301581006497,318.5531275002286,318.51377660036087,,,,,,,,,,,,,,,,,,,,,,204,1,short,A,2026-07-10_10h45.34.149,SBL_superimposed_encoding,,2026.1.3,119.76506794615439,2026-07-10 10h45.34.366600 -0400,
1,64,64,0,stimuli/scenes/scene_J1.jpg,Jungle,Negvi,stimuli/items/jungle_object_13.png,Jungle,object,sc,q,0,0.47868859954178333,None,0,0,0,0,0,64,64,64,,,,,318.5531275002286,,,,,,,,,,,,,,,,,,,,,,,,,,,,,,,,,,,,,,,,318.5419975006953,318.5531275002286,318.5531275002286,320.52276370022446,320.5228591002524,320.53016610071063,320.53016610071063,321.01460260059685,q,0,0.47868859954178333,None,321.0146591998637,321.02189480047673,322.03812920022756,322.0057118004188,,,,,,,,,,,,,,,,,,,,,,204,1,short,A,2026-07-10_10h45.34.149,SBL_superimposed_encoding,,2026.1.3,119.76506794615439,2026-07-10 10h45.34.366600 -0400,
1,65,65,0,stimuli/scenes/scene_J2.jpg,Jungle,Tulon,stimuli/items/jungle_animal_18.png,Jungle,animal,sc,p,1,0.5785483000800014,None,0,0,0,0,0,65,65,65,,,,,322.03812920022756,,,,,,,,,,,,,,,,,,,,,,,,,,,,,,,,,,,,,,,,322.02870370075107,322.03812920022756,322.03812920022756,324.0224593002349,324.02251000050455,324.0300930002704,324.0300930002704,324.614035400562,p,1,0.5785483000800014,None,324.6140935001895,324.62174750026315,325.6374345002696,325.60553610045463,,,,,,,,,,,,,,,,,,,,,,204,1,short,A,2026-07-10_10h45.34.149,SBL_superimposed_encoding,,2026.1.3,119.76506794615439,2026-07-10 10h45.34.366600 -0400,
1,66,66,0,stimuli/scenes/scene_U1.jpg,Undersea,Malbow,stimuli/items/undersea_object_14.png,Undersea,object,sc,p,1,0.5229636002331972,None,0,0,0,0,0,66,66,66,,,,,325.6374345002696,,,,,,,,,,,,,,,,,,,,,,,,,,,,,,,,,,,,,,,,325.6260890001431,325.6374345002696,325.6374345002696,327.61434410046786,327.61444050073624,327.6217990005389,327.6217990005389,328.1478193998337,p,1,0.5229636002331972,None,328.1478770999238,328.1553638000041,329.1719618998468,329.13880830071867,,,,,,,,,,,,,,,,,,,,,,204,1,short,A,2026-07-10_10h45.34.149,SBL_superimposed_encoding,,2026.1.3,119.76506794615439,2026-07-10 10h45.34.366600 -0400,
1,67,67,0,stimuli/scenes/scene_J1.jpg,Jungle,Negvi,stimuli/items/jungle_animal_19.png,Jungle,animal,sc,p,1,0.29259289987385273,None,0,0,0,0,0,67,67,67,,,,,329.1719618998468,,,,,,,,,,,,,,,,,,,,,,,,,,,,,,,,,,,,,,,,329.1650486001745,329.1719618998468,329.1719618998468,331.15615080017596,331.1561972005293,331.1638903003186,331.1638903003186,331.4642152003944,p,1,0.29259289987385273,None,331.46427310071886,331.4717925004661,332.48059559985995,332.45570430066437,,,,,,,,,,,,,,,,,,,,,,204,1,short,A,2026-07-10_10h45.34.149,SBL_superimposed_encoding,,2026.1.3,119.76506794615439,2026-07-10 10h45.34.366600 -0400,
1,68,68,0,stimuli/scenes/scene_U1.jpg,Undersea,Malbow,stimuli/items/undersea_object_20.png,Undersea,object,sc,p,1,0.3124773995950818,None,0,0,0,0,0,68,68,68,,,,,332.48059559985995,,,,,,,,,,,,,,,,,,,,,,,,,,,,,,,,,,,,,,,,332.4749311003834,332.48059559985995,332.48059559985995,334.4643467999995,334.464393700473,334.471958800219,334.471958800219,334.7893304005265,p,1,0.3124773995950818,None,334.7893901001662,334.79699390009046,335.8226174004376,335.78111479990184,,,,,,,,,,,,,,,,,,,,,,204,1,short,A,2026-07-10_10h45.34.149,SBL_superimposed_encoding,,2026.1.3,119.76506794615439,2026-07-10 10h45.34.366600 -0400,
1,69,69,0,stimuli/scenes/scene_J2.jpg,Jungle,Tulon,stimuli/items/undersea_animal_4.png,Undersea,animal,si,q,1,0.4915776001289487,None,0,0,0,0,0,69,69,69,,,,,335.8226174004376,,,,,,,,,,,,,,,,,,,,,,,,,,,,,,,,,,,,,,,,335.81683810055256,335.8226174004376,335.8226174004376,337.7897717002779,337.78987370058894,337.79702220018953,337.79702220018953,338.2894648006186,q,1,0.4915776001289487,None,338.2895218003541,338.2971474006772,339.3138814000413,339.28120459988713,,,,,,,,,,,,,,,,,,,,,,204,1,short,A,2026-07-10_10h45.34.149,SBL_superimposed_encoding,,2026.1.3,119.76506794615439,2026-07-10 10h45.34.366600 -0400,
1,70,70,0,stimuli/scenes/scene_J1.jpg,Jungle,Negvi,stimuli/items/undersea_object_6.png,Undersea,object,si,q,1,0.6239785999059677,None,0,0,0,0,0,70,70,70,,,,,339.3138814000413,,,,,,,,,,,,,,,,,,,,,,,,,,,,,,,,,,,,,,,,339.3067107005045,339.3138814000413,339.3138814000413,341.2895857002586,341.2896324004978,341.2970965001732,341.2970965001732,341.92278620041907,q,1,0.6239785999059677,None,341.9228444006294,341.9307416006923,342.9466997003183,342.9145028004423,,,,,,,,,,,,,,,,,,,,,,204,1,short,A,2026-07-10_10h45.34.149,SBL_superimposed_encoding,,2026.1.3,119.76506794615439,2026-07-10 10h45.34.366600 -0400,
1,71,71,0,stimuli/scenes/scene_J2.jpg,Jungle,Tulon,stimuli/items/undersea_animal_17.png,Undersea,animal,si,q,1,0.2777604004368186,None,0,0,0,0,0,71,71,71,,,,,342.9466997003183,,,,,,,,,,,,,,,,,,,,,,,,,,,,,,,,,,,,,,,,342.93612170033157,342.9466997003183,342.9466997003183,344.93146069999784,344.93150660023093,344.93908810056746,344.93908810056746,345.2227886002511,q,1,0.2777604004368186,None,345.22284200042486,345.2304354002699,346.2470710007474,346.2143862005323,,,,,,,,,,,,,,,,,,,,,,204,1,short,A,2026-07-10_10h45.34.149,SBL_superimposed_encoding,,2026.1.3,119.76506794615439,2026-07-10 10h45.34.366600 -0400,
1,72,72,0,stimuli/scenes/scene_J1.jpg,Jungle,Negvi,stimuli/items/jungle_object_3.png,Jungle,object,sc,p,1,0.6496944995597005,None,0,0,0,0,0,72,72,72,,,,,346.2470710007474,,,,,,,,,,,,,,,,,,,,,,,,,,,,,,,,,,,,,,,,346.2377907000482,346.2470710007474,346.2470710007474,348.22300960030407,348.22310400009155,348.2308582998812,348.2308582998812,348.88156030047685,p,1,0.6496944995597005,None,348.8816212005913,348.88933480065316,349.9059431999922,349.8725482998416,,,,,,,,,,,,,,,,,,,,,,204,1,short,A,2026-07-10_10h45.34.149,SBL_superimposed_encoding,,2026.1.3,119.76506794615439,2026-07-10 10h45.34.366600 -0400,
1,73,73,0,stimuli/scenes/scene_J2.jpg,Jungle,Tulon,stimuli/items/undersea_object_15.png,Undersea,object,si,q,1,0.423131400719285,None,0,0,0,0,0,73,73,73,,,,,349.9059431999922,,,,,,,,,,,,,,,,,,,,,,,,,,,,,,,,,,,,,,,,349.89974889997393,349.9059431999922,349.9059431999922,351.88971420004964,351.8897611005232,351.8976460006088,351.8976460006088,352.3227658001706,q,1,0.423131400719285,None,352.32282250002027,352.330692300573,353.34687370061874,353.3142567006871,,,,,,,,,,,,,,,,,,,,,,204,1,short,A,2026-07-10_10h45.34.149,SBL_superimposed_encoding,,2026.1.3,119.76506794615439,2026-07-10 10h45.34.366600 -0400,
1,74,74,0,stimuli/scenes/scene_J1.jpg,Jungle,Negvi,stimuli/items/jungle_animal_13.png,Jungle,animal,sc,p,1,0.2541786003857851,None,0,0,0,0,0,74,74,74,,,,,353.34687370061874,,,,,,,,,,,,,,,,,,,,,,,,,,,,,,,,,,,,,,,,353.33619089983404,353.34687370061874,353.34687370061874,355.32321970071644,355.3233182001859,355.330795600079,355.330795600079,355.5898654004559,p,1,0.2541786003857851,None,355.5899298004806,355.5977695006877,356.61382930073887,356.5810805000365,,,,,,,,,,,,,,,,,,,,,,204,1,short,A,2026-07-10_10h45.34.149,SBL_superimposed_encoding,,2026.1.3,119.76506794615439,2026-07-10 10h45.34.366600 -0400,
1,75,75,0,stimuli/scenes/scene_J2.jpg,Jungle,Tulon,stimuli/items/undersea_object_13.png,Undersea,object,si,q,1,0.6273106001317501,None,0,0,0,0,0,75,75,75,,,,,356.61382930073887,,,,,,,,,,,,,,,,,,,,,,,,,,,,,,,,,,,,,,,,356.60430590063334,356.61382930073887,356.61382930073887,358.5979697005823,358.5980161000043,358.60582370031625,358.60582370031625,359.23977490048856,q,1,0.6273106001317501,None,359.2398324999958,359.2476528007537,360.2641230998561,360.23130250070244,,,,,,,,,,,,,,,,,,,,,,204,1,short,A,2026-07-10_10h45.34.149,SBL_superimposed_encoding,,2026.1.3,119.76506794615439,2026-07-10 10h45.34.366600 -0400,
1,76,76,0,stimuli/scenes/scene_J1.jpg,Jungle,Negvi,stimuli/items/jungle_animal_7.png,Jungle,animal,sc,p,1,0.6086668996140361,None,0,0,0,0,0,76,76,76,,,,,360.2641230998561,,,,,,,,,,,,,,,,,,,,,,,,,,,,,,,,,,,,,,,,360.2562714004889,360.2641230998561,360.2641230998561,362.2483708001673,362.24841720052063,362.25585240032524,362.25585240032524,362.8731668004766,p,1,0.6086668996140361,None,362.87322510033846,362.88062760047615,363.89727819990367,363.86450450029224,,,,,,,,,,,,,,,,,,,,,,204,1,short,A,2026-07-10_10h45.34.149,SBL_superimposed_encoding,,2026.1.3,119.76506794615439,2026-07-10 10h45.34.366600 -0400,
1,77,77,0,stimuli/scenes/scene_U2.jpg,Undersea,Somar,stimuli/items/undersea_object_19.png,Undersea,object,sc,q,0,0.7755212998017669,None,0,0,0,0,0,77,77,77,,,,,363.89727819990367,,,,,,,,,,,,,,,,,,,,,,,,,,,,,,,,,,,,,,,,363.88908160012215,363.89727819990367,363.89727819990367,365.87369730044156,365.87379250023514,365.88108680024743,365.88108680024743,366.6646629003808,q,0,0.7755212998017669,None,366.6647185003385,366.6724350005388,367.68882430065423,367.6565332002938,,,,,,,,,,,,,,,,,,,,,,204,1,short,A,2026-07-10_10h45.34.149,SBL_superimposed_encoding,,2026.1.3,119.76506794615439,2026-07-10 10h45.34.366600 -0400,
1,78,78,0,stimuli/scenes/scene_J1.jpg,Jungle,Negvi,stimuli/items/undersea_animal_18.png,Undersea,animal,si,q,1,0.7124220998957753,None,0,0,0,0,0,78,78,78,,,,,367.68882430065423,,,,,,,,,,,,,,,,,,,,,,,,,,,,,,,,,,,,,,,,367.67925970070064,367.68882430065423,367.68882430065423,369.6651494000107,369.66524740029126,369.67281750030816,369.67281750030816,370.39006859995425,q,1,0.7124220998957753,None,370.3901297999546,370.39791410043836,371.41390020027757,371.381318599917,,,,,,,,,,,,,,,,,,,,,,204,1,short,A,2026-07-10_10h45.34.149,SBL_superimposed_encoding,,2026.1.3,119.76506794615439,2026-07-10 10h45.34.366600 -0400,
1,79,79,0,stimuli/scenes/scene_U1.jpg,Undersea,Malbow,stimuli/items/undersea_animal_2.png,Undersea,animal,sc,p,1,0.562729500234127,None,0,0,0,0,0,79,79,79,,,,,371.41390020027757,,,,,,,,,,,,,,,,,,,,,,,,,,,,,,,,,,,,,,,,371.4066825006157,371.41390020027757,371.41390020027757,373.3985355999321,373.39858060050756,373.406010100618,373.406010100618,373.9735392006114,p,1,0.562729500234127,None,373.9735977007076,373.98104760050774,374.9835818000138,374.96467840019614,,,,,,,,,,,,,,,,,,,,,,204,1,short,A,2026-07-10_10h45.34.149,SBL_superimposed_encoding,,2026.1.3,119.76506794615439,2026-07-10 10h45.34.366600 -0400,
2,0,0,0,stimuli/scenes/scene_J2.jpg,Jungle,Tulon,stimuli/items/jungle_animal_18.png,Jungle,animal,sc,p,1,0.44761670008301735,None,0,1,1,1,0,0,0,0,0,0,0,0,386.3225322002545,,,,,,,,,,,,,,,,,,,,,,,,,,,,,,,,,,,,,,386.258087400347,386.2583127999678,386.3085381006822,386.3225322002545,386.3225322002545,388.2655523000285,388.26559890061617,388.2729932004586,388.2729932004586,388.7234803000465,p,1,0.44761670008301735,None,388.72354449983686,388.73172880057245,389.74765809997916,389.7150686001405,,,,,374.9704737998545,374.9707098007202,374.9804846001789,374.9835818000138,374.9835818000138,374.9835818000138,386.2571471007541,space,11.272701700218022,None,,,,,,,,204,1,short,A,2026-07-10_10h45.34.149,SBL_superimposed_encoding,,2026.1.3,119.76506794615439,2026-07-10 10h45.34.366600 -0400,
2,1,1,0,stimuli/scenes/scene_U2.jpg,Undersea,Somar,stimuli/items/jungle_animal_4.png,Jungle,animal,si,q,1,0.2846350995823741,None,0,1,1,1,0,1,1,1,,,,,389.74765809997916,,,,,,,,,,,,,,,,,,,,,,,,,,,,,,,,,,,,,,,,389.73785180039704,389.74765809997916,389.74765809997916,391.7238718001172,391.72396730072796,391.73175710067153,391.73175710067153,392.0240493007004,q,1,0.2846350995823741,None,392.02410720009357,392.03148279991,393.0478242998943,393.01524659991264,,,,,,,,,,,,,,,,,,,,,,204,1,short,A,2026-07-10_10h45.34.149,SBL_superimposed_encoding,,2026.1.3,119.76506794615439,2026-07-10 10h45.34.366600 -0400,
2,2,2,0,stimuli/scenes/scene_U1.jpg,Undersea,Malbow,stimuli/items/undersea_object_16.png,Undersea,object,sc,q,0,0.5614491002634168,None,0,1,1,1,0,2,2,2,,,,,393.0478242998943,,,,,,,,,,,,,,,,,,,,,,,,,,,,,,,,,,,,,,,,393.0389376003295,393.0478242998943,393.0478242998943,395.032100699842,395.0321454005316,395.03987210057676,395.03987210057676,395.6073457999155,q,0,0.5614491002634168,None,395.60740240011364,395.61490100063384,396.62328159995377,396.59873369988054,,,,,,,,,,,,,,,,,,,,,,204,1,short,A,2026-07-10_10h45.34.149,SBL_superimposed_encoding,,2026.1.3,119.76506794615439,2026-07-10 10h45.34.366600 -0400,
2,3,3,0,stimuli/scenes/scene_U2.jpg,Undersea,Somar,stimuli/items/jungle_animal_14.png,Jungle,animal,si,q,1,0.649719599634409,None,0,1,1,1,0,3,3,3,,,,,396.62328159995377,,,,,,,,,,,,,,,,,,,,,,,,,,,,,,,,,,,,,,,,396.6173012005165,396.62328159995377,396.62328159995377,398.60752530023456,398.60756660066545,398.6149777006358,398.6149777006358,399.2658615000546,q,1,0.649719599634409,None,399.2659213002771,399.27332739997655,400.2882513003424,400.2570353001356,,,398.6149777006358,398.6149777006358,,,,,,,,,,,,,,,,,,204,1,short,A,2026-07-10_10h45.34.149,SBL_superimposed_encoding,,2026.1.3,119.76506794615439,2026-07-10 10h45.34.366600 -0400,
2,4,4,0,stimuli/scenes/scene_U1.jpg,Undersea,Malbow,stimuli/items/jungle_object_16.png,Jungle,object,si,q,1,0.45451200008392334,None,0,1,1,1,0,4,4,4,,,,,400.2882513003424,,,,,,,,,,,,,,,,,,,,,,,,,,,,,,,,,,,,,,,,400.27756910026073,400.2882513003424,400.2882513003424,402.2737775007263,402.2738235006109,402.2819210998714,402.2819210998714,402.7406518002972,q,1,0.45451200008392334,None,402.74071380030364,402.7483180006966,403.7622541002929,403.73203010018915,,,,,,,,,,,,,,,,,,,,,,204,1,short,A,2026-07-10_10h45.34.149,SBL_superimposed_encoding,,2026.1.3,119.76506794615439,2026-07-10 10h45.34.366600 -0400,
2,5,5,0,stimuli/scenes/scene_U2.jpg,Undersea,Somar,stimuli/items/jungle_animal_16.png,Jungle,animal,si,q,1,0.6207190994173288,None,0,1,1,1,0,5,5,5,,,,,403.7622541002929,,,,,,,,,,,,,,,,,,,,,,,,,,,,,,,,,,,,,,,,403.7521005999297,403.7622541002929,403.7622541002929,405.7411106005311,405.74115649983287,405.74844980053604,405.74844980053604,406.3741350006312,q,1,0.6207190994173288,None,406.3741946006194,406.38193520065397,407.4063136000186,407.36531729996204,,,,,,,,,,,,,,,,,,,,,,204,1,short,A,2026-07-10_10h45.34.149,SBL_superimposed_encoding,,2026.1.3,119.76506794615439,2026-07-10 10h45.34.366600 -0400,
2,6,6,0,stimuli/scenes/scene_J1.jpg,Jungle,Negvi,stimuli/items/undersea_object_6.png,Undersea,object,si,q,1,0.9308994999155402,None,0,1,1,1,0,6,6,6,,,,,407.4063136000186,,,,,,,,,,,,,,,,,,,,,,,,,,,,,,,,,,,,,,,,407.3955087000504,407.4063136000186,407.4063136000186,409.3826047005132,409.3826529998332,409.3900762004778,409.3900762004778,410.3245254000649,q,1,0.9308994999155402,None,410.3245876003057,410.33191610034555,411.34642880037427,411.3154159002006,,,,,,,,,,,,,,,,,,,,,,204,1,short,A,2026-07-10_10h45.34.149,SBL_superimposed_encoding,,2026.1.3,119.76506794615439,2026-07-10 10h45.34.366600 -0400,
2,7,7,0,stimuli/scenes/scene_U2.jpg,Undersea,Somar,stimuli/items/jungle_object_8.png,Jungle,object,si,q,1,0.3400702001526952,None,0,1,1,1,0,7,7,7,,,,,411.34642880037427,,,,,,,,,,,,,,,,,,,,,,,,,,,,,,,,,,,,,,,,411.3363080006093,411.34642880037427,411.34642880037427,413.33247600030154,413.3325206004083,413.340328800492,413.340328800492,413.682212700136,q,1,0.3400702001526952,None,413.6822712002322,413.6901501007378,414.7147238999605,414.674136900343,,,,,,,,,,,,,,,,,,,,,,204,1,short,A,2026-07-10_10h45.34.149,SBL_superimposed_encoding,,2026.1.3,119.76506794615439,2026-07-10 10h45.34.366600 -0400,
2,8,8,0,stimuli/scenes/scene_U1.jpg,Undersea,Malbow,stimuli/items/undersea_object_5.png,Undersea,object,sc,p,1,0.5102298995479941,None,0,1,1,1,0,8,8,8,,,,,414.7147238999605,,,,,,,,,,,,,,,,,,,,,,,,,,,,,,,,,,,,,,,,414.704428399913,414.7147238999605,414.7147238999605,416.68253959994763,416.6825833003968,416.69043690059334,416.69043690059334,417.20749520044774,p,1,0.5102298995479941,None,417.2075557000935,417.21526180021465,418.2314314004034,418.1990411002189,,,,,,,,,,,,,,,,,,,,,,204,1,short,A,2026-07-10_10h45.34.149,SBL_superimposed_encoding,,2026.1.3,119.76506794615439,2026-07-10 10h45.34.366600 -0400,
2,9,9,0,stimuli/scenes/scene_J1.jpg,Jungle,Negvi,stimuli/items/undersea_object_10.png,Undersea,object,si,q,1,0.9218121003359556,None,0,1,1,1,0,9,9,9,,,,,418.2314314004034,,,,,,,,,,,,,,,,,,,,,,,,,,,,,,,,,,,,,,,,418.21994489990175,418.2314314004034,418.2314314004034,420.2077905004844,420.2078347001225,420.2154367007315,420.2154367007315,421.14096119999886,q,1,0.9218121003359556,None,421.14102090056986,421.149017800577,422.1648045005277,422.13239520043135,,,,,,,,,,,,,,,,,,,,,,204,1,short,A,2026-07-10_10h45.34.149,SBL_superimposed_encoding,,2026.1.3,119.76506794615439,2026-07-10 10h45.34.366600 -0400,
2,10,10,0,stimuli/scenes/scene_U1.jpg,Undersea,Malbow,stimuli/items/jungle_animal_9.png,Jungle,animal,si,q,1,0.4512451998889446,None,0,1,1,1,0,10,10,10,,,,,422.1648045005277,,,,,,,,,,,,,,,,,,,,,,,,,,,,,,,,,,,,,,,,422.15551380068064,422.1648045005277,422.1648045005277,424.1495844004676,424.1496802000329,424.15710640046746,424.15710640046746,424.61612080037594,q,1,0.4512451998889446,None,424.61617980059236,424.62403280008584,425.6387507999316,425.6077060000971,,,,,,,,,,,,,,,,,,,,,,204,1,short,A,2026-07-10_10h45.34.149,SBL_superimposed_encoding,,2026.1.3,119.76506794615439,2026-07-10 10h45.34.366600 -0400,
2,11,11,0,stimuli/scenes/scene_J1.jpg,Jungle,Negvi,stimuli/items/undersea_animal_1.png,Undersea,animal,si,q,1,0.721203999593854,None,0,1,1,1,0,11,11,11,,,,,425.6387507999316,,,,,,,,,,,,,,,,,,,,,,,,,,,,,,,,,,,,,,,,425.62788940034807,425.6387507999316,425.6387507999316,427.62445320002735,427.62449880037457,427.63206840027124,427.63206840027124,428.3579641999677,q,1,0.721203999593854,None,428.3580218004063,428.3657199004665,429.38940870016813,429.3493151003495,,,,,,,,,,,,,,,,,,,,,,204,1,short,A,2026-07-10_10h45.34.149,SBL_superimposed_encoding,,2026.1.3,119.76506794615439,2026-07-10 10h45.34.366600 -0400,
2,12,12,0,stimuli/scenes/scene_J2.jpg,Jungle,Tulon,stimuli/items/jungle_object_9.png,Jungle,object,sc,None,0,,,0,1,1,1,0,12,12,12,,,,,429.38940870016813,,,,,,,,,,,,,,,,,,,,,,,,,,,,,,,,,,,,,,,,429.37788890022784,429.38940870016813,429.38940870016813,431.35808819998056,431.3581314003095,431.36560930032283,431.36560930032283,432.3491128003225,None,0,,,432.3491615001112,432.3573679002002,433.3733576005325,433.3413280006498,432.3573679002002,432.3573679002002,,,,,,,,,,,,,,,,,,,,204,1,short,A,2026-07-10_10h45.34.149,SBL_superimposed_encoding,,2026.1.3,119.76506794615439,2026-07-10 10h45.34.366600 -0400,
2,13,13,0,stimuli/scenes/scene_J1.jpg,Jungle,Negvi,stimuli/items/undersea_object_3.png,Undersea,object,si,q,1,0.3628977006301284,None,0,1,1,1,0,13,13,13,,,,,433.3733576005325,,,,,,,,,,,,,,,,,,,,,,,,,,,,,,,,,,,,,,,,433.36259530019015,433.3733576005325,433.3733576005325,435.3582485001534,435.3583190999925,435.3657892001793,435.3657892001793,435.7329855002463,q,1,0.3628977006301284,None,435.7330432003364,435.7406525006518,436.75696220062673,436.7248028004542,,,,,,,,,,,,,,,,,,,,,,204,1,short,A,2026-07-10_10h45.34.149,SBL_superimposed_encoding,,2026.1.3,119.76506794615439,2026-07-10 10h45.34.366600 -0400,
2,14,14,0,stimuli/scenes/scene_U1.jpg,Undersea,Malbow,stimuli/items/undersea_object_14.png,Undersea,object,sc,p,1,0.2521137995645404,None,0,1,1,1,0,14,14,14,,,,,436.75696220062673,,,,,,,,,,,,,,,,,,,,,,,,,,,,,,,,,,,,,,,,436.74836250022054,436.75696220062673,436.75696220062673,438.7332112006843,438.7332551004365,438.7406902005896,438.7406902005896,438.99953920021653,p,1,0.2521137995645404,None,438.99959569983184,439.00782520044595,440.0235895998776,439.9912309003994,,,,,,,,,,,,,,,,,,,,,,204,1,short,A,2026-07-10_10h45.34.149,SBL_superimposed_encoding,,2026.1.3,119.76506794615439,2026-07-10 10h45.34.366600 -0400,
2,15,15,0,stimuli/scenes/scene_J1.jpg,Jungle,Negvi,stimuli/items/jungle_object_3.png,Jungle,object,sc,p,1,0.3137853005900979,None,0,1,1,1,0,15,15,15,,,,,440.0235895998776,,,,,,,,,,,,,,,,,,,,,,,,,,,,,,,,,,,,,,,,440.0138623006642,440.0235895998776,440.0235895998776,442.0001739002764,442.0002553006634,442.0073159998283,442.0073159998283,442.3247838001698,p,1,0.3137853005900979,None,442.3248417004943,442.33267580065876,443.3409213004634,443.316136199981,,,,,,,,,,,,,,,,,,,,,,204,1,short,A,2026-07-10_10h45.34.149,SBL_superimposed_encoding,,2026.1.3,119.76506794615439,2026-07-10 10h45.34.366600 -0400,
2,16,16,0,stimuli/scenes/scene_U1.jpg,Undersea,Malbow,stimuli/items/undersea_animal_20.png,Undersea,animal,sc,p,1,0.2682530991733074,None,0,1,1,1,0,16,16,16,,,,,443.3409213004634,,,,,,,,,,,,,,,,,,,,,,,,,,,,,,,,,,,,,,,,443.335301999934,443.3409213004634,443.3409213004634,445.3250612001866,445.32510740030557,445.3324357001111,445.3324357001111,445.6082426002249,p,1,0.2682530991733074,None,445.60829799994826,445.6158560998738,446.6319350004196,446.5994070004672,,,,,,,,,,,,,,,,,,,,,,204,1,short,A,2026-07-10_10h45.34.149,SBL_superimposed_encoding,,2026.1.3,119.76506794615439,2026-07-10 10h45.34.366600 -0400,
2,17,17,0,stimuli/scenes/scene_U2.jpg,Undersea,Somar,stimuli/items/undersea_animal_5.png,Undersea,animal,sc,p,1,0.7683121999725699,None,0,1,1,1,0,17,17,17,,,,,446.6319350004196,,,,,,,,,,,,,,,,,,,,,,,,,,,,,,,,,,,,,,,,446.62251040060073,446.6319350004196,446.6319350004196,448.61657339986414,448.61661760043353,448.62443430069834,448.62443430069834,449.40029420051724,p,1,0.7683121999725699,None,449.40035449992865,449.4075645003468,450.42270429991186,450.39116139989346,,,,,,,,,,,,,,,,,,,,,,204,1,short,A,2026-07-10_10h45.34.149,SBL_superimposed_encoding,,2026.1.3,119.76506794615439,2026-07-10 10h45.34.366600 -0400,
2,18,18,0,stimuli/scenes/scene_U1.jpg,Undersea,Malbow,stimuli/items/jungle_animal_6.png,Jungle,animal,si,q,1,0.5290032997727394,None,0,1,1,1,0,18,18,18,,,,,450.42270429991186,,,,,,,,,,,,,,,,,,,,,,,,,,,,,,,,,,,,,,,,450.41216310020536,450.42270429991186,450.42270429991186,452.4082549000159,452.4083016999066,452.41600530035794,452.41600530035794,452.9503545006737,q,1,0.5290032997727394,None,452.9504134999588,452.9574996000156,453.9659481998533,453.9416594998911,,,,,,,,,,,,,,,,,,,,,,204,1,short,A,2026-07-10_10h45.34.149,SBL_superimposed_encoding,,2026.1.3,119.76506794615439,2026-07-10 10h45.34.366600 -0400,
2,19,19,0,stimuli/scenes/scene_U2.jpg,Undersea,Somar,stimuli/items/undersea_object_11.png,Undersea,object,sc,p,1,0.7786047998815775,None,0,1,1,1,0,19,19,19,,,,,453.9659481998533,,,,,,,,,,,,,,,,,,,,,,,,,,,,,,,,,,,,,,,,453.9598889006302,453.9659481998533,453.9659481998533,455.9500699006021,455.9501133998856,455.95782619994134,455.95782619994134,456.74171420000494,p,1,0.7786047998815775,None,456.7417721003294,456.74943070020527,457.7664732001722,457.73362930025905,,,455.95782619994134,455.95782619994134,,,,,,,,,,,,,,,,,,204,1,short,A,2026-07-10_10h45.34.149,SBL_superimposed_encoding,,2026.1.3,119.76506794615439,2026-07-10 10h45.34.366600 -0400,
2,20,20,0,stimuli/scenes/scene_J2.jpg,Jungle,Tulon,stimuli/items/undersea_object_17.png,Undersea,object,si,p,0,0.48337719962000847,None,0,1,1,1,0,20,20,20,,,,,457.7664732001722,,,,,,,,,,,,,,,,,,,,,,,,,,,,,,,,,,,,,,,,457.76083680056036,457.7664732001722,457.7664732001722,459.7503500999883,459.7504465999082,459.75759709998965,459.75759709998965,460.24209079984576,p,0,0.48337719962000847,None,460.24214849993587,460.24923260044307,461.26639200001955,461.23304759990424,,,,,,,,,,,,,,,,,,,,,,204,1,short,A,2026-07-10_10h45.34.149,SBL_superimposed_encoding,,2026.1.3,119.76506794615439,2026-07-10 10h45.34.366600 -0400,
2,21,21,0,stimuli/scenes/scene_J1.jpg,Jungle,Negvi,stimuli/items/jungle_object_13.png,Jungle,object,sc,p,1,0.423085100017488,None,0,1,1,1,0,21,21,21,,,,,461.26639200001955,,,,,,,,,,,,,,,,,,,,,,,,,,,,,,,,,,,,,,,,461.2595488000661,461.26639200001955,461.26639200001955,463.2500793002546,463.2501766998321,463.25783700030297,463.25783700030297,463.683632100001,p,1,0.423085100017488,None,463.68369009997696,463.6911693001166,464.707340400666,464.6751591004431,,,,,,,,,,,,,,,,,,,,,,204,1,short,A,2026-07-10_10h45.34.149,SBL_superimposed_encoding,,2026.1.3,119.76506794615439,2026-07-10 10h45.34.366600 -0400,
2,22,22,0,stimuli/scenes/scene_U1.jpg,Undersea,Malbow,stimuli/items/jungle_object_6.png,Jungle,object,si,p,0,0.8212353996932507,None,0,1,1,1,0,22,22,22,,,,,464.707340400666,,,,,,,,,,,,,,,,,,,,,,,,,,,,,,,,,,,,,,,,464.6980474004522,464.707340400666,464.707340400666,466.6921270005405,466.6921709999442,466.6996670998633,466.6996670998633,467.5254554003477,p,0,0.8212353996932507,None,467.5255123004317,467.53290580026805,468.5473818005994,468.51672090031207,,,,,,,,,,,,,,,,,,,,,,204,1,short,A,2026-07-10_10h45.34.149,SBL_superimposed_encoding,,2026.1.3,119.76506794615439,2026-07-10 10h45.34.366600 -0400,
2,23,23,0,stimuli/scenes/scene_J1.jpg,Jungle,Negvi,stimuli/items/undersea_animal_14.png,Undersea,animal,si,q,1,0.3475940003991127,None,0,1,1,1,0,23,23,23,,,,,468.5473818005994,,,,,,,,,,,,,,,,,,,,,,,,,,,,,,,,,,,,,,,,468.5364236999303,468.5473818005994,468.5473818005994,470.52576150000095,470.5258565004915,470.53293500002474,470.53293500002474,470.8837785003707,q,1,0.3475940003991127,None,470.8838349003345,470.89130790065974,471.9074856005609,471.87535030022264,,,,,,,,,,,,,,,,,,,,,,204,1,short,A,2026-07-10_10h45.34.149,SBL_superimposed_encoding,,2026.1.3,119.76506794615439,2026-07-10 10h45.34.366600 -0400,
2,24,24,0,stimuli/scenes/scene_U2.jpg,Undersea,Somar,stimuli/items/undersea_object_4.png,Undersea,object,sc,q,0,0.5647741006687284,None,0,1,1,1,0,24,24,24,,,,,471.9074856005609,,,,,,,,,,,,,,,,,,,,,,,,,,,,,,,,,,,,,,,,471.8983327001333,471.9074856005609,471.9074856005609,473.89211240038276,473.89216080028564,473.89962439984083,473.89962439984083,474.4672369007021,q,0,0.5647741006687284,None,474.4672965006903,474.4746136004105,475.4922074005008,475.458354100585,,,,,,,,,,,,,,,,,,,,,,204,1,short,A,2026-07-10_10h45.34.149,SBL_superimposed_encoding,,2026.1.3,119.76506794615439,2026-07-10 10h45.34.366600 -0400,
2,25,25,0,stimuli/scenes/scene_J2.jpg,Jungle,Tulon,stimuli/items/undersea_object_9.png,Undersea,object,si,q,1,0.4535489995032549,None,0,1,1,1,0,25,25,25,,,,,475.4922074005008,,,,,,,,,,,,,,,,,,,,,,,,,,,,,,,,,,,,,,,,475.4867463000119,475.4922074005008,475.4922074005008,477.47549000009894,477.47553590033203,477.4831062005833,477.4831062005833,477.9418884003535,q,1,0.4535489995032549,None,477.9419477004558,477.9497704003006,478.9664104003459,478.93372690025717,,,,,,,,,,,,,,,,,,,,,,204,1,short,A,2026-07-10_10h45.34.149,SBL_superimposed_encoding,,2026.1.3,119.76506794615439,2026-07-10 10h45.34.366600 -0400,
2,26,26,0,stimuli/scenes/scene_U1.jpg,Undersea,Malbow,stimuli/items/jungle_object_10.png,Jungle,object,si,q,1,0.5465834997594357,None,0,1,1,1,0,26,26,26,,,,,478.9664104003459,,,,,,,,,,,,,,,,,,,,,,,,,,,,,,,,,,,,,,,,478.95895650051534,478.9664104003459,478.9664104003459,480.95055100042373,480.9505978003144,480.95830720011145,480.95830720011145,481.5087414998561,q,1,0.5465834997594357,None,481.5087990006432,481.516726099886,482.53286739997566,482.5002987999469,,,,,,,,,,,,,,,,,,,,,,204,1,short,A,2026-07-10_10h45.34.149,SBL_superimposed_encoding,,2026.1.3,119.76506794615439,2026-07-10 10h45.34.366600 -0400,
2,27,27,0,stimuli/scenes/scene_J2.jpg,Jungle,Tulon,stimuli/items/undersea_animal_11.png,Undersea,animal,si,q,1,0.40453270077705383,None,0,1,1,1,0,27,27,27,,,,,482.53286739997566,,,,,,,,,,,,,,,,,,,,,,,,,,,,,,,,,,,,,,,,482.5232986006886,482.53286739997566,482.53286739997566,484.5171381998807,484.5171835999936,484.52472090069205,484.52472090069205,484.93389390036464,q,1,0.40453270077705383,None,484.9339526006952,484.9416666002944,485.9583128001541,485.9252267004922,,,,,,,,,,,,,,,,,,,,,,204,1,short,A,2026-07-10_10h45.34.149,SBL_superimposed_encoding,,2026.1.3,119.76506794615439,2026-07-10 10h45.34.366600 -0400,
2,28,28,0,stimuli/scenes/scene_U2.jpg,Undersea,Somar,stimuli/items/jungle_object_12.png,Jungle,object,si,q,1,0.4748149998486042,None,0,1,1,1,0,28,28,28,,,,,485.9583128001541,,,,,,,,,,,,,,,,,,,,,,,,,,,,,,,,,,,,,,,,485.9504005005583,485.9583128001541,485.9583128001541,487.9343397002667,487.93438670039177,487.9415821004659,487.9415821004659,488.41742520034313,q,1,0.4748149998486042,None,488.4174827998504,488.424896299839,489.44111180026084,489.40871770028025,,,,,,,,,,,,,,,,,,,,,,204,1,short,A,2026-07-10_10h45.34.149,SBL_superimposed_encoding,,2026.1.3,119.76506794615439,2026-07-10 10h45.34.366600 -0400,
2,29,29,0,stimuli/scenes/scene_J2.jpg,Jungle,Tulon,stimuli/items/undersea_animal_17.png,Undersea,animal,si,q,1,0.519081300124526,None,0,1,1,1,0,29,29,29,,,,,489.44111180026084,,,,,,,,,,,,,,,,,,,,,,,,,,,,,,,,,,,,,,,,489.4300212999806,489.44111180026084,489.44111180026084,491.4257541000843,491.4258502004668,491.43327420018613,491.43327420018613,491.95904859993607,q,1,0.519081300124526,None,491.95910790003836,491.9665661007166,492.99060930032283,492.9504252001643,,,,,,,,,,,,,,,,,,,,,,204,1,short,A,2026-07-10_10h45.34.149,SBL_superimposed_encoding,,2026.1.3,119.76506794615439,2026-07-10 10h45.34.366600 -0400,
2,30,30,0,stimuli/scenes/scene_J1.jpg,Jungle,Negvi,stimuli/items/undersea_animal_3.png,Undersea,animal,si,q,1,0.5138178998604417,None,0,1,1,1,0,30,30,30,,,,,492.99060930032283,,,,,,,,,,,,,,,,,,,,,,,,,,,,,,,,,,,,,,,,492.97913639992476,492.99060930032283,492.99060930032283,494.9674275005236,494.9674725001678,494.9750971002504,494.9750971002504,495.4922962002456,q,1,0.5138178998604417,None,495.49235520046204,495.50009460002184,496.5164423007518,496.484098800458,,,,,,,,,,,,,,,,,,,,,,204,1,short,A,2026-07-10_10h45.34.149,SBL_superimposed_encoding,,2026.1.3,119.76506794615439,2026-07-10 10h45.34.366600 -0400,
2,31,31,0,stimuli/scenes/scene_J2.jpg,Jungle,Tulon,stimuli/items/jungle_object_11.png,Jungle,object,sc,p,1,0.30097650084644556,None,0,1,1,1,0,31,31,31,,,,,496.5164423007518,,,,,,,,,,,,,,,,,,,,,,,,,,,,,,,,,,,,,,,,496.50532629992813,496.5164423007518,496.5164423007518,498.4925031000748,498.4925477998331,498.5000058999285,498.5000058999285,498.8094880003482,p,1,0.30097650084644556,None,498.8095466000959,498.8168461006135,499.82587540056556,499.80037110019475,,,,,,,,,,,,,,,,,,,,,,204,1,short,A,2026-07-10_10h45.34.149,SBL_superimposed_encoding,,2026.1.3,119.76506794615439,2026-07-10 10h45.34.366600 -0400,
2,32,32,0,stimuli/scenes/scene_J1.jpg,Jungle,Negvi,stimuli/items/jungle_object_2.png,Jungle,object,sc,p,1,0.5197892999276519,None,0,1,1,1,0,32,32,32,,,,,499.82587540056556,,,,,,,,,,,,,,,,,,,,,,,,,,,,,,,,,,,,,,,,499.8206970002502,499.82587540056556,499.82587540056556,501.8095896001905,501.8096325006336,501.8168037002906,501.8168037002906,502.34284720011055,p,1,0.5197892999276519,None,502.3429054999724,502.3501754999161,503.36653240025043,503.33444290049374,,,501.8168037002906,501.8168037002906,,,,,,,,,,,,,,,,,,204,1,short,A,2026-07-10_10h45.34.149,SBL_superimposed_encoding,,2026.1.3,119.76506794615439,2026-07-10 10h45.34.366600 -0400,
2,33,33,0,stimuli/scenes/scene_U1.jpg,Undersea,Malbow,stimuli/items/undersea_object_20.png,Undersea,object,sc,p,1,0.5778183992952108,None,0,1,1,1,0,33,33,33,,,,,503.36653240025043,,,,,,,,,,,,,,,,,,,,,,,,,,,,,,,,,,,,,,,,503.3570111002773,503.36653240025043,503.36653240025043,505.35110010020435,505.351196100004,505.3584999004379,505.3584999004379,505.9424279006198,p,1,0.5778183992952108,None,505.94248700048774,505.9502905998379,506.9657892007381,506.9340086998418,,,,,,,,,,,,,,,,,,,,,,204,1,short,A,2026-07-10_10h45.34.149,SBL_superimposed_encoding,,2026.1.3,119.76506794615439,2026-07-10 10h45.34.366600 -0400,
2,34,34,0,stimuli/scenes/scene_J1.jpg,Jungle,Negvi,stimuli/items/undersea_object_18.png,Undersea,object,si,q,1,0.47578509990125895,None,0,1,1,1,0,34,34,34,,,,,506.9657892007381,,,,,,,,,,,,,,,,,,,,,,,,,,,,,,,,,,,,,,,,506.954914400354,506.9657892007381,506.9657892007381,508.942682900466,508.9427275005728,508.95011650025845,508.95011650025845,509.4342208998278,q,1,0.47578509990125895,None,509.43428000062704,509.4419912006706,510.4504757001996,510.42587580066174,,,,,,,,,,,,,,,,,,,,,,204,1,short,A,2026-07-10_10h45.34.149,SBL_superimposed_encoding,,2026.1.3,119.76506794615439,2026-07-10 10h45.34.366600 -0400,
2,35,35,0,stimuli/scenes/scene_U1.jpg,Undersea,Malbow,stimuli/items/jungle_object_5.png,Jungle,object,si,p,0,0.8389106001704931,None,0,1,1,1,0,35,35,35,,,,,510.4504757001996,,,,,,,,,,,,,,,,,,,,,,,,,,,,,,,,,,,,,,,,510.44414140004665,510.4504757001996,510.4504757001996,512.4345046002418,512.4345475006849,512.4419969003648,512.4419969003648,513.2846467001364,p,0,0.8389106001704931,None,513.2847038004547,513.2918867999688,514.3084709001705,514.2758172005415,,,512.4419969003648,512.4419969003648,,,,,,,,,,,,,,,,,,204,1,short,A,2026-07-10_10h45.34.149,SBL_superimposed_encoding,,2026.1.3,119.76506794615439,2026-07-10 10h45.34.366600 -0400,
2,36,36,0,stimuli/scenes/scene_U2.jpg,Undersea,Somar,stimuli/items/jungle_object_4.png,Jungle,object,si,q,1,0.5005794996395707,None,0,1,1,1,0,36,36,36,,,,,514.3084709001705,,,,,,,,,,,,,,,,,,,,,,,,,,,,,,,,,,,,,,,,514.2998939007521,514.3084709001705,514.3084709001705,516.2931391000748,516.293208300136,516.3002336006612,516.3002336006612,516.8093853006139,q,1,0.5005794996395707,None,516.8094428004697,516.8169908002019,517.8333796001971,517.8011493999511,,,,,,,,,,,,,,,,,,,,,,204,1,short,A,2026-07-10_10h45.34.149,SBL_superimposed_encoding,,2026.1.3,119.76506794615439,2026-07-10 10h45.34.366600 -0400,
2,37,37,0,stimuli/scenes/scene_J1.jpg,Jungle,Negvi,stimuli/items/undersea_object_2.png,Undersea,object,si,q,1,0.6797607997432351,None,0,1,1,1,0,37,37,37,,,,,517.8333796001971,,,,,,,,,,,,,,,,,,,,,,,,,,,,,,,,,,,,,,,,517.8235832005739,517.8333796001971,517.8333796001971,519.8095668004826,519.809610100463,519.8169453004375,519.8169453004375,520.5015989998356,q,1,0.6797607997432351,None,520.5016611004248,520.5089838998392,521.5171298002824,521.4928192999214,,,,,,,,,,,,,,,,,,,,,,204,1,short,A,2026-07-10_10h45.34.149,SBL_superimposed_encoding,,2026.1.3,119.76506794615439,2026-07-10 10h45.34.366600 -0400,
2,38,38,0,stimuli/scenes/scene_U1.jpg,Undersea,Malbow,stimuli/items/undersea_animal_6.png,Undersea,animal,sc,p,1,0.6514552999287844,None,0,1,1,1,0,38,38,38,,,,,521.5171298002824,,,,,,,,,,,,,,,,,,,,,,,,,,,,,,,,,,,,,,,,521.5121256001294,521.5171298002824,521.5171298002824,523.5018589003012,523.5019017001614,523.509298699908,523.509298699908,524.1684288000688,p,1,0.6514552999287844,None,524.1684870002791,524.1753262002021,525.1931833000854,525.1595112001523,,,523.509298699908,523.509298699908,,,,,,,,,,,,,,,,,,204,1,short,A,2026-07-10_10h45.34.149,SBL_superimposed_encoding,,2026.1.3,119.76506794615439,2026-07-10 10h45.34.366600 -0400,
2,39,39,0,stimuli/scenes/scene_J2.jpg,Jungle,Tulon,stimuli/items/undersea_animal_4.png,Undersea,animal,si,q,1,0.5764142004773021,None,0,1,1,1,0,39,39,39,,,,,525.1931833000854,,,,,,,,,,,,,,,,,,,,,,,,,,,,,,,,,,,,,,,,525.1875823000446,525.1931833000854,525.1931833000854,527.176843999885,527.1768899001181,527.184125199914,527.184125199914,527.7684188000858,q,1,0.5764142004773021,None,527.7684781998396,527.7759551005438,528.7920379005373,528.7595800999552,,,,,,,,,,,,,,,,,,,,,,204,1,short,A,2026-07-10_10h45.34.149,SBL_superimposed_encoding,,2026.1.3,119.76506794615439,2026-07-10 10h45.34.366600 -0400,
2,40,40,0,stimuli/scenes/scene_U2.jpg,Undersea,Somar,stimuli/items/undersea_animal_13.png,Undersea,animal,sc,q,0,0.448619800619781,None,0,1,1,1,0,40,40,40,,,,,528.7920379005373,,,,,,,,,,,,,,,,,,,,,,,,,,,,,,,,,,,,,,,,528.7824614001438,528.7920379005373,528.7920379005373,530.7768200999126,530.7769191004336,530.7840309999883,530.7840309999883,531.2349966000766,q,0,0.448619800619781,None,531.2350546000525,531.2424157001078,532.2572822999209,532.2259959001094,,,,,,,,,,,,,,,,,,,,,,204,1,short,A,2026-07-10_10h45.34.149,SBL_superimposed_encoding,,2026.1.3,119.76506794615439,2026-07-10 10h45.34.366600 -0400,
2,41,41,0,stimuli/scenes/scene_U1.jpg,Undersea,Malbow,stimuli/items/jungle_animal_20.png,Jungle,animal,si,q,1,0.8544851001352072,None,0,1,1,1,0,41,41,41,,,,,532.2572822999209,,,,,,,,,,,,,,,,,,,,,,,,,,,,,,,,,,,,,,,,532.2470157006755,532.2572822999209,532.2572822999209,534.2432476002723,534.2432919004932,534.2506768004969,534.2506768004969,535.1097141001374,q,1,0.8544851001352072,None,535.1097726998851,535.1177357006818,536.1419946001843,536.1014998005703,,,,,,,,,,,,,,,,,,,,,,204,1,short,A,2026-07-10_10h45.34.149,SBL_superimposed_encoding,,2026.1.3,119.76506794615439,2026-07-10 10h45.34.366600 -0400,
2,42,42,0,stimuli/scenes/scene_J1.jpg,Jungle,Negvi,stimuli/items/jungle_animal_19.png,Jungle,animal,sc,q,0,0.6029489999637008,None,0,1,1,1,0,42,42,42,,,,,536.1419946001843,,,,,,,,,,,,,,,,,,,,,,,,,,,,,,,,,,,,,,,,536.1316366000101,536.1419946001843,536.1419946001843,538.110086100176,538.1101307002828,538.1175012001768,538.1175012001768,538.7268241001293,q,0,0.6029489999637008,None,538.7268828004599,538.734301100485,539.7497505005449,539.7181898001581,,,,,,,,,,,,,,,,,,,,,,204,1,short,A,2026-07-10_10h45.34.149,SBL_superimposed_encoding,,2026.1.3,119.76506794615439,2026-07-10 10h45.34.366600 -0400,
2,43,43,0,stimuli/scenes/scene_U2.jpg,Undersea,Somar,stimuli/items/jungle_animal_2.png,Jungle,animal,si,q,1,0.5938194999471307,None,0,1,1,1,0,43,43,43,,,,,539.7497505005449,,,,,,,,,,,,,,,,,,,,,,,,,,,,,,,,,,,,,,,,539.7392266001552,539.7497505005449,539.7497505005449,541.7350591998547,541.7351042004302,541.7428237004206,541.7428237004206,542.3435025000945,q,1,0.5938194999471307,None,542.3435610001907,542.3508387003094,543.3736091004685,543.3344560004771,,,,,,,,,,,,,,,,,,,,,,204,1,short,A,2026-07-10_10h45.34.149,SBL_superimposed_encoding,,2026.1.3,119.76506794615439,2026-07-10 10h45.34.366600 -0400,
2,44,44,0,stimuli/scenes/scene_J2.jpg,Jungle,Tulon,stimuli/items/jungle_animal_5.png,Jungle,animal,sc,p,1,0.6246991995722055,None,0,1,1,1,0,44,44,44,,,,,543.3736091004685,,,,,,,,,,,,,,,,,,,,,,,,,,,,,,,,,,,,,,,,543.3617774005979,543.3736091004685,543.3736091004685,545.3514229999855,545.3514736006036,545.3596227001399,545.3596227001399,545.985213899985,p,1,0.6246991995722055,None,545.9852780001238,545.9925171006471,547.0012413002551,546.9764783000574,,,,,,,,,,,,,,,,,,,,,,204,1,short,A,2026-07-10_10h45.34.149,SBL_superimposed_encoding,,2026.1.3,119.76506794615439,2026-07-10 10h45.34.366600 -0400,
2,45,45,0,stimuli/scenes/scene_U2.jpg,Undersea,Somar,stimuli/items/undersea_animal_10.png,Undersea,animal,sc,None,0,,,0,1,1,1,0,45,45,45,,,,,547.0012413002551,,,,,,,,,,,,,,,,,,,,,,,,,,,,,,,,,,,,,,,,546.9953129002824,547.0012413002551,547.0012413002551,548.9854266000912,548.9854693999514,548.992961300537,548.992961300537,549.9768937006593,None,0,,,549.9769426006824,549.9843585006893,551.0013038003817,550.9684810005128,549.9843585006893,549.9843585006893,548.992961300537,548.992961300537,,,,,,,,,,,,,,,,,,204,1,short,A,2026-07-10_10h45.34.149,SBL_superimposed_encoding,,2026.1.3,119.76506794615439,2026-07-10 10h45.34.366600 -0400,
2,46,46,0,stimuli/scenes/scene_J2.jpg,Jungle,Tulon,stimuli/items/undersea_object_15.png,Undersea,object,si,q,1,0.24018780048936605,None,0,1,1,1,0,46,46,46,,,,,551.0013038003817,,,,,,,,,,,,,,,,,,,,,,,,,,,,,,,,,,,,,,,,550.9943047007546,551.0013038003817,551.0013038003817,552.9855324001983,552.9855753006414,552.9927123999223,552.9927123999223,553.2349327001721,q,1,0.24018780048936605,None,553.2349871005863,553.2428808007389,554.2561746006832,554.2263969006017,,,552.9927123999223,552.9927123999223,,,,,,,,,,,,,,,,,,204,1,short,A,2026-07-10_10h45.34.149,SBL_superimposed_encoding,,2026.1.3,119.76506794615439,2026-07-10 10h45.34.366600 -0400,
2,47,47,0,stimuli/scenes/scene_U2.jpg,Undersea,Somar,stimuli/items/undersea_animal_16.png,Undersea,animal,sc,p,1,0.23727940022945404,None,0,1,1,1,0,47,47,47,,,,,554.2561746006832,,,,,,,,,,,,,,,,,,,,,,,,,,,,,,,,,,,,,,,,554.2449849005789,554.2561746006832,554.2561746006832,556.2351249000058,556.2351702004671,556.2432132000104,556.2432132000104,556.4854790000245,p,1,0.23727940022945404,None,556.4855378000066,556.4930584998801,557.5092291003093,557.4766942998394,,,,,,,,,,,,,,,,,,,,,,204,1,short,A,2026-07-10_10h45.34.149,SBL_superimposed_encoding,,2026.1.3,119.76506794615439,2026-07-10 10h45.34.366600 -0400,
2,48,48,0,stimuli/scenes/scene_U1.jpg,Undersea,Malbow,stimuli/items/undersea_animal_2.png,Undersea,animal,sc,p,1,0.2589129004627466,None,0,1,1,1,0,48,48,48,,,,,557.5092291003093,,,,,,,,,,,,,,,,,,,,,,,,,,,,,,,,,,,,,,,,557.5005048001185,557.5092291003093,557.5092291003093,559.4934697998688,559.4935135999694,559.5013578999788,559.5013578999788,559.7683816002682,p,1,0.2589129004627466,None,559.7684375001118,559.7763680005446,560.7926562000066,560.7602606005967,,,,,,,,,,,,,,,,,,,,,,204,1,short,A,2026-07-10_10h45.34.149,SBL_superimposed_encoding,,2026.1.3,119.76506794615439,2026-07-10 10h45.34.366600 -0400,
2,49,49,0,stimuli/scenes/scene_J2.jpg,Jungle,Tulon,stimuli/items/jungle_animal_10.png,Jungle,animal,sc,p,1,0.52008739951998,None,0,1,1,1,0,49,49,49,,,,,560.7926562000066,,,,,,,,,,,,,,,,,,,,,,,,,,,,,,,,,,,,,,,,560.7834199005738,560.7926562000066,560.7926562000066,562.7689719004557,562.7690671002492,562.7763683004305,562.7763683004305,563.3018100000918,p,1,0.52008739951998,None,563.3018693001941,563.3098611002788,564.3324107006192,564.293465600349,,,,,,,,,,,,,,,,,,,,,,204,1,short,A,2026-07-10_10h45.34.149,SBL_superimposed_encoding,,2026.1.3,119.76506794615439,2026-07-10 10h45.34.366600 -0400,
2,50,50,0,stimuli/scenes/scene_J1.jpg,Jungle,Negvi,stimuli/items/undersea_animal_19.png,Undersea,animal,si,q,1,0.45864410046488047,None,0,1,1,1,0,50,50,50,,,,,564.3324107006192,,,,,,,,,,,,,,,,,,,,,,,,,,,,,,,,,,,,,,,,564.320612700656,564.3324107006192,564.3324107006192,566.3020250005648,566.3020716998726,566.3098220005631,566.3098220005631,566.7769845006987,q,1,0.45864410046488047,None,566.7770433006808,566.7847139006481,567.7991249002516,567.7682281006128,,,,,,,,,,,,,,,,,,,,,,204,1,short,A,2026-07-10_10h45.34.149,SBL_superimposed_encoding,,2026.1.3,119.76506794615439,2026-07-10 10h45.34.366600 -0400,
2,51,51,0,stimuli/scenes/scene_U2.jpg,Undersea,Somar,stimuli/items/undersea_object_19.png,Undersea,object,sc,p,1,0.31183459982275963,None,0,1,1,1,0,51,51,51,,,,,567.7991249002516,,,,,,,,,,,,,,,,,,,,,,,,,,,,,,,,,,,,,,,,567.7887931000441,567.7991249002516,567.7991249002516,569.7773275999352,569.7773721003905,569.7847468005493,569.7847468005493,570.102184000425,p,1,0.31183459982275963,None,570.1022418001667,570.1098057003692,571.1241331007332,571.0933381998911,,,,,,,,,,,,,,,,,,,,,,204,1,short,A,2026-07-10_10h45.34.149,SBL_superimposed_encoding,,2026.1.3,119.76506794615439,2026-07-10 10h45.34.366600 -0400,
2,52,52,0,stimuli/scenes/scene_J1.jpg,Jungle,Negvi,stimuli/items/jungle_object_19.png,Jungle,object,sc,p,1,0.4265711000189185,None,0,1,1,1,0,52,52,52,,,,,571.1241331007332,,,,,,,,,,,,,,,,,,,,,,,,,,,,,,,,,,,,,,,,571.1133860005066,571.1241331007332,571.1241331007332,573.102810700424,573.1029181005433,573.1098899999633,573.1098899999633,573.543673899956,p,1,0.4265711000189185,None,573.5437339004129,573.5517214005813,574.5657082004473,574.5350931007415,,,,,,,,,,,,,,,,,,,,,,204,1,short,A,2026-07-10_10h45.34.149,SBL_superimposed_encoding,,2026.1.3,119.76506794615439,2026-07-10 10h45.34.366600 -0400,
2,53,53,0,stimuli/scenes/scene_U2.jpg,Undersea,Somar,stimuli/items/jungle_object_20.png,Jungle,object,si,q,1,0.5207377998158336,None,0,1,1,1,0,53,53,53,,,,,574.5657082004473,,,,,,,,,,,,,,,,,,,,,,,,,,,,,,,,,,,,,,,,574.5551923001185,574.5657082004473,574.5657082004473,576.5439039999619,576.5439483001828,576.5519825005904,576.5519825005904,577.0775095000863,q,1,0.5207377998158336,None,577.0775677999482,577.0849702004343,578.1094781998545,578.0691110007465,,,,,,,,,,,,,,,,,,,,,,204,1,short,A,2026-07-10_10h45.34.149,SBL_superimposed_encoding,,2026.1.3,119.76506794615439,2026-07-10 10h45.34.366600 -0400,
2,54,54,0,stimuli/scenes/scene_J2.jpg,Jungle,Tulon,stimuli/items/jungle_object_18.png,Jungle,object,sc,p,1,0.5152614004909992,None,0,1,1,1,0,54,54,54,,,,,578.1094781998545,,,,,,,,,,,,,,,,,,,,,,,,,,,,,,,,,,,,,,,,578.0980278998613,578.1094781998545,578.1094781998545,580.0857851002365,580.0858811000362,580.0933247003704,580.0933247003704,580.6104797003791,p,1,0.5152614004909992,None,580.6105852006003,580.618446700275,581.6349422000349,581.602168600075,,,,,,,,,,,,,,,,,,,,,,204,1,short,A,2026-07-10_10h45.34.149,SBL_superimposed_encoding,,2026.1.3,119.76506794615439,2026-07-10 10h45.34.366600 -0400,
2,55,55,0,stimuli/scenes/scene_U1.jpg,Undersea,Malbow,stimuli/items/undersea_animal_12.png,Undersea,animal,sc,p,1,0.44610279984772205,None,0,1,1,1,0,55,55,55,,,,,581.6349422000349,,,,,,,,,,,,,,,,,,,,,,,,,,,,,,,,,,,,,,,,581.6267568003386,581.6349422000349,581.6349422000349,583.6109720999375,583.6110676005483,583.6187877999619,583.6187877999619,584.0694230003282,p,1,0.44610279984772205,None,584.0694810003042,584.0766563005745,585.093078000471,585.0610576001927,,,,,,,,,,,,,,,,,,,,,,204,1,short,A,2026-07-10_10h45.34.149,SBL_superimposed_encoding,,2026.1.3,119.76506794615439,2026-07-10 10h45.34.366600 -0400,
2,56,56,0,stimuli/scenes/scene_J2.jpg,Jungle,Tulon,stimuli/items/jungle_object_1.png,Jungle,object,sc,p,1,0.46797830052673817,None,0,1,1,1,0,56,56,56,,,,,585.093078000471,,,,,,,,,,,,,,,,,,,,,,,,,,,,,,,,,,,,,,,,585.0830087000504,585.093078000471,585.093078000471,587.0776519002393,587.0777446003631,587.0851022005081,587.0851022005081,587.5606299005449,p,1,0.46797830052673817,None,587.5606866003945,587.5682554999366,588.5930097000673,588.5520898001269,,,,,,,,,,,,,,,,,,,,,,204,1,short,A,2026-07-10_10h45.34.149,SBL_superimposed_encoding,,2026.1.3,119.76506794615439,2026-07-10 10h45.34.366600 -0400,
2,57,57,0,stimuli/scenes/scene_J1.jpg,Jungle,Negvi,stimuli/items/jungle_animal_3.png,Jungle,animal,sc,p,1,0.32856270018965006,None,0,1,1,1,0,57,57,57,,,,,588.5930097000673,,,,,,,,,,,,,,,,,,,,,,,,,,,,,,,,,,,,,,,,588.5823480002582,588.5930097000673,588.5930097000673,590.561373100616,590.5614177007228,590.5685812002048,590.5685812002048,590.9026064006612,p,1,0.32856270018965006,None,590.9026645999402,590.9104444002733,591.9267677003518,591.8939177002758,,,,,,,,,,,,,,,,,,,,,,204,1,short,A,2026-07-10_10h45.34.149,SBL_superimposed_encoding,,2026.1.3,119.76506794615439,2026-07-10 10h45.34.366600 -0400,
2,58,58,0,stimuli/scenes/scene_U2.jpg,Undersea,Somar,stimuli/items/jungle_animal_8.png,Jungle,animal,si,q,1,0.449821799993515,None,0,1,1,1,0,58,58,58,,,,,591.9267677003518,,,,,,,,,,,,,,,,,,,,,,,,,,,,,,,,,,,,,,,,591.9185269000009,591.9267677003518,591.9267677003518,593.9110134001821,593.911057700403,593.918740699999,593.918740699999,594.3695004004985,q,1,0.449821799993515,None,594.3695702003315,594.3767761001363,595.3926528003067,595.3606085004285,,,,,,,,,,,,,,,,,,,,,,204,1,short,A,2026-07-10_10h45.34.149,SBL_superimposed_encoding,,2026.1.3,119.76506794615439,2026-07-10 10h45.34.366600 -0400,
2,59,59,0,stimuli/scenes/scene_U1.jpg,Undersea,Malbow,stimuli/items/jungle_animal_12.png,Jungle,animal,si,q,1,0.4877234995365143,None,0,1,1,1,0,59,59,59,,,,,595.3926528003067,,,,,,,,,,,,,,,,,,,,,,,,,,,,,,,,,,,,,,,,595.3827085001394,595.3926528003067,595.3926528003067,597.3775361999869,597.377590900287,597.385254399851,597.385254399851,597.8775431001559,q,1,0.4877234995365143,None,597.8776028007269,597.8850966002792,598.9095742003992,598.869049500674,,,,,,,,,,,,,,,,,,,,,,204,1,short,A,2026-07-10_10h45.34.149,SBL_superimposed_encoding,,2026.1.3,119.76506794615439,2026-07-10 10h45.34.366600 -0400,
2,60,60,0,stimuli/scenes/scene_J2.jpg,Jungle,Tulon,stimuli/items/undersea_object_13.png,Undersea,object,si,q,1,0.523123599588871,None,0,1,1,1,0,60,60,60,,,,,598.9095742003992,,,,,,,,,,,,,,,,,,,,,,,,,,,,,,,,,,,,,,,,598.8991097006947,598.9095742003992,598.9095742003992,600.877817700617,600.8779126005247,600.8853647001088,600.8853647001088,601.4111675005406,q,1,0.523123599588871,None,601.4112253002822,601.418717100285,602.434741800651,602.4026271998882,,,,,,,,,,,,,,,,,,,,,,204,1,short,A,2026-07-10_10h45.34.149,SBL_superimposed_encoding,,2026.1.3,119.76506794615439,2026-07-10 10h45.34.366600 -0400,
2,61,61,0,stimuli/scenes/scene_U1.jpg,Undersea,Malbow,stimuli/items/jungle_object_17.png,Jungle,object,si,q,1,0.8531149998307228,None,0,1,1,1,0,61,61,61,,,,,602.434741800651,,,,,,,,,,,,,,,,,,,,,,,,,,,,,,,,,,,,,,,,602.4235426001251,602.434741800651,602.434741800651,604.4199994001538,604.4200953003019,604.4271660000086,604.4271660000086,605.2866364000365,q,1,0.8531149998307228,None,605.2866972004995,605.2942893002182,606.3102098004892,606.27759490069,,,,,,,,,,,,,,,,,,,,,,204,1,short,A,2026-07-10_10h45.34.149,SBL_superimposed_encoding,,2026.1.3,119.76506794615439,2026-07-10 10h45.34.366600 -0400,
2,62,62,0,stimuli/scenes/scene_U2.jpg,Undersea,Somar,stimuli/items/jungle_object_7.png,Jungle,object,si,q,1,0.3384509002789855,None,0,1,1,1,0,62,62,62,,,,,606.3102098004892,,,,,,,,,,,,,,,,,,,,,,,,,,,,,,,,,,,,,,,,606.3022094005719,606.3102098004892,606.3102098004892,608.294897899963,608.294984200038,608.3019558005035,608.3019558005035,608.6447307001799,q,1,0.3384509002789855,None,608.6447860002518,608.6521788006648,609.6691898005083,609.6360943000764,,,,,,,,,,,,,,,,,,,,,,204,1,short,A,2026-07-10_10h45.34.149,SBL_superimposed_encoding,,2026.1.3,119.76506794615439,2026-07-10 10h45.34.366600 -0400,
2,63,63,0,stimuli/scenes/scene_J1.jpg,Jungle,Negvi,stimuli/items/jungle_animal_17.png,Jungle,animal,sc,q,0,0.6838345993310213,None,0,1,1,1,0,63,63,63,,,,,609.6691898005083,,,,,,,,,,,,,,,,,,,,,,,,,,,,,,,,,,,,,,,,609.6627818001434,609.6691898005083,609.6691898005083,611.6450184006244,611.6451027002186,611.6523877000436,611.6523877000436,612.3448494998738,q,0,0.6838345993310213,None,612.3449081005529,612.3521354999393,613.3768516005948,613.336103300564,,,,,,,,,,,,,,,,,,,,,,204,1,short,A,2026-07-10_10h45.34.149,SBL_superimposed_encoding,,2026.1.3,119.76506794615439,2026-07-10 10h45.34.366600 -0400,
2,64,64,0,stimuli/scenes/scene_J2.jpg,Jungle,Tulon,stimuli/items/jungle_object_15.png,Jungle,object,sc,p,1,0.6565129002556205,None,0,1,1,1,0,64,64,64,,,,,613.3768516005948,,,,,,,,,,,,,,,,,,,,,,,,,,,,,,,,,,,,,,,,613.3666750006378,613.3768516005948,613.3768516005948,615.3530117999762,615.3530577998608,615.3606006000191,615.3606006000191,616.0194697007537,p,1,0.6565129002556205,None,616.0195281999186,616.027217800729,617.0437703002244,617.0112869003788,,,,,,,,,,,,,,,,,,,,,,204,1,short,A,2026-07-10_10h45.34.149,SBL_superimposed_encoding,,2026.1.3,119.76506794615439,2026-07-10 10h45.34.366600 -0400,
2,65,65,0,stimuli/scenes/scene_U1.jpg,Undersea,Malbow,stimuli/items/undersea_animal_9.png,Undersea,animal,sc,p,1,0.9413991002365947,None,0,1,1,1,0,65,65,65,,,,,617.0437703002244,,,,,,,,,,,,,,,,,,,,,,,,,,,,,,,,,,,,,,,,617.0347710000351,617.0437703002244,617.0437703002244,619.0196734005585,619.019726600498,619.0276124002412,619.0276124002412,619.9697655001655,p,1,0.9413991002365947,None,619.9698248002678,619.9774470999837,620.9941452005878,620.9611765006557,,,,,,,,,,,,,,,,,,,,,,204,1,short,A,2026-07-10_10h45.34.149,SBL_superimposed_encoding,,2026.1.3,119.76506794615439,2026-07-10 10h45.34.366600 -0400,
2,66,66,0,stimuli/scenes/scene_J2.jpg,Jungle,Tulon,stimuli/items/undersea_object_12.png,Undersea,object,si,q,1,0.4151584003120661,None,0,1,1,1,0,66,66,66,,,,,620.9941452005878,,,,,,,,,,,,,,,,,,,,,,,,,,,,,,,,,,,,,,,,620.985810900107,620.9941452005878,620.9941452005878,622.9699103999883,622.9699568999931,622.9775472003967,622.9775472003967,623.3947383007035,q,1,0.4151584003120661,None,623.3947959998623,623.4027161998674,624.4110359000042,624.3860545000061,,,,,,,,,,,,,,,,,,,,,,204,1,short,A,2026-07-10_10h45.34.149,SBL_superimposed_encoding,,2026.1.3,119.76506794615439,2026-07-10 10h45.34.366600 -0400,
2,67,67,0,stimuli/scenes/scene_U1.jpg,Undersea,Malbow,stimuli/items/undersea_object_8.png,Undersea,object,sc,p,1,0.6704363003373146,None,0,1,1,1,0,67,67,67,,,,,624.4110359000042,,,,,,,,,,,,,,,,,,,,,,,,,,,,,,,,,,,,,,,,624.4037723001093,624.4110359000042,624.4110359000042,626.394997600466,626.3950506001711,626.4027685001493,626.4027685001493,627.0784828001633,p,1,0.6704363003373146,None,627.0785404006019,627.0862602004781,628.1022121999413,628.0695406999439,,,626.4027685001493,626.4027685001493,,,,,,,,,,,,,,,,,,204,1,short,A,2026-07-10_10h45.34.149,SBL_superimposed_encoding,,2026.1.3,119.76506794615439,2026-07-10 10h45.34.366600 -0400,
2,68,68,0,stimuli/scenes/scene_J2.jpg,Jungle,Tulon,stimuli/items/jungle_animal_15.png,Jungle,animal,sc,p,1,0.5944098001345992,None,0,1,1,1,0,68,68,68,,,,,628.1022121999413,,,,,,,,,,,,,,,,,,,,,,,,,,,,,,,,,,,,,,,,628.0920076007023,628.1022121999413,628.1022121999413,630.0867431005463,630.0867889001966,630.0943892002106,630.0943892002106,630.69500409998,p,1,0.5944098001345992,None,630.6950628999621,630.7028379002586,631.7261079000309,631.6862468002364,,,,,,,,,,,,,,,,,,,,,,204,1,short,A,2026-07-10_10h45.34.149,SBL_superimposed_encoding,,2026.1.3,119.76506794615439,2026-07-10 10h45.34.366600 -0400,
2,69,69,0,stimuli/scenes/scene_J1.jpg,Jungle,Negvi,stimuli/items/jungle_object_14.png,Jungle,object,sc,p,1,0.6093926001340151,None,0,1,1,1,0,69,69,69,,,,,631.7261079000309,,,,,,,,,,,,,,,,,,,,,,,,,,,,,,,,,,,,,,,,631.7144005000591,631.7261079000309,631.7261079000309,633.7034547002986,633.7035004002973,633.7110916003585,633.7110916003585,634.3284290004522,p,1,0.6093926001340151,None,634.3284880006686,634.3364941999316,635.3522250000387,635.3197129005566,,,,,,,,,,,,,,,,,,,,,,204,1,short,A,2026-07-10_10h45.34.149,SBL_superimposed_encoding,,2026.1.3,119.76506794615439,2026-07-10 10h45.34.366600 -0400,
2,70,70,0,stimuli/scenes/scene_J2.jpg,Jungle,Tulon,stimuli/items/jungle_animal_1.png,Jungle,animal,sc,p,1,0.41611870005726814,None,0,1,1,1,0,70,70,70,,,,,635.3522250000387,,,,,,,,,,,,,,,,,,,,,,,,,,,,,,,,,,,,,,,,635.3405955005437,635.3522250000387,635.3522250000387,637.3370329998434,637.3371138004586,637.3446992002428,637.3446992002428,637.7618640000001,p,1,0.41611870005726814,None,637.7619206001982,637.7695698998868,638.7857555001974,638.7531544007361,,,,,,,,,,,,,,,,,,,,,,204,1,short,A,2026-07-10_10h45.34.149,SBL_superimposed_encoding,,2026.1.3,119.76506794615439,2026-07-10 10h45.34.366600 -0400,
2,71,71,0,stimuli/scenes/scene_J1.jpg,Jungle,Negvi,stimuli/items/jungle_animal_7.png,Jungle,animal,sc,p,1,0.28719610068947077,None,0,1,1,1,0,71,71,71,,,,,638.7857555001974,,,,,,,,,,,,,,,,,,,,,,,,,,,,,,,,,,,,,,,,638.7751686004922,638.7857555001974,638.7857555001974,640.7622091006488,640.7623048005626,640.7695369003341,640.7695369003341,641.0620293002576,p,1,0.28719610068947077,None,641.0620845006779,641.0696049006656,642.0860175006092,642.0530150998384,,,,,,,,,,,,,,,,,,,,,,204,1,short,A,2026-07-10_10h45.34.149,SBL_superimposed_encoding,,2026.1.3,119.76506794615439,2026-07-10 10h45.34.366600 -0400,
2,72,72,0,stimuli/scenes/scene_U2.jpg,Undersea,Somar,stimuli/items/undersea_animal_7.png,Undersea,animal,sc,p,1,0.33892029989510775,None,0,1,1,1,0,72,72,72,,,,,642.0860175006092,,,,,,,,,,,,,,,,,,,,,,,,,,,,,,,,,,,,,,,,642.0782383000478,642.0860175006092,642.0860175006092,644.0703727006912,644.070418599993,644.0777330007404,644.0777330007404,644.4204740002751,p,1,0.33892029989510775,None,644.4205308007076,644.428046300076,645.4442284004763,645.4115388998762,,,,,,,,,,,,,,,,,,,,,,204,1,short,A,2026-07-10_10h45.34.149,SBL_superimposed_encoding,,2026.1.3,119.76506794615439,2026-07-10 10h45.34.366600 -0400,
2,73,73,0,stimuli/scenes/scene_J1.jpg,Jungle,Negvi,stimuli/items/undersea_animal_18.png,Undersea,animal,si,None,0,,,0,1,1,1,0,73,73,73,,,,,645.4442284004763,,,,,,,,,,,,,,,,,,,,,,,,,,,,,,,,,,,,,,,,645.433774500154,645.4442284004763,645.4442284004763,647.4288445999846,647.4288915004581,647.436583600007,647.436583600007,648.4201268004254,None,0,,,648.4201744003221,648.4278939003125,649.4365868000314,649.411393600516,648.4278939003125,648.4278939003125,,,,,,,,,,,,,,,,,,,,204,1,short,A,2026-07-10_10h45.34.149,SBL_superimposed_encoding,,2026.1.3,119.76506794615439,2026-07-10 10h45.34.366600 -0400,
2,74,74,0,stimuli/scenes/scene_U2.jpg,Undersea,Somar,stimuli/items/undersea_object_7.png,Undersea,object,sc,p,1,0.2842781003564596,None,0,1,1,1,0,74,74,74,,,,,649.4365868000314,,,,,,,,,,,,,,,,,,,,,,,,,,,,,,,,,,,,,,,,649.4302445007488,649.4365868000314,649.4365868000314,651.4207293000072,651.4207730004564,651.4281274005771,651.4281274005771,651.720680700615,p,1,0.2842781003564596,None,651.7207376006991,651.7283778004348,652.7442827001214,652.7116676000878,,,651.4281274005771,651.4281274005771,,,,,,,,,,,,,,,,,,204,1,short,A,2026-07-10_10h45.34.149,SBL_superimposed_encoding,,2026.1.3,119.76506794615439,2026-07-10 10h45.34.366600 -0400,
2,75,75,0,stimuli/scenes/scene_J1.jpg,Jungle,Negvi,stimuli/items/jungle_animal_13.png,Jungle,animal,sc,p,1,0.8007616000249982,None,0,1,1,1,0,75,75,75,,,,,652.7442827001214,,,,,,,,,,,,,,,,,,,,,,,,,,,,,,,,,,,,,,,,652.7329962002113,652.7442827001214,652.7442827001214,654.7287511005998,654.7287945002317,654.7364589003846,654.7364589003846,655.5379522005096,p,1,0.8007616000249982,None,655.5380122000352,655.5449561001733,656.5616936003789,656.528492600657,,,,,,,,,,,,,,,,,,,,,,204,1,short,A,2026-07-10_10h45.34.149,SBL_superimposed_encoding,,2026.1.3,119.76506794615439,2026-07-10 10h45.34.366600 -0400,
2,76,76,0,stimuli/scenes/scene_J2.jpg,Jungle,Tulon,stimuli/items/undersea_animal_8.png,Undersea,animal,si,q,1,0.31156260054558516,None,0,1,1,1,0,76,76,76,,,,,656.5616936003789,,,,,,,,,,,,,,,,,,,,,,,,,,,,,,,,,,,,,,,,656.5544897001237,656.5616936003789,656.5616936003789,658.545759100467,658.5458574006334,658.5530071007088,658.5530071007088,658.8708161003888,q,1,0.31156260054558516,None,658.8708738004789,658.878316000104,659.9027284998447,659.861619300209,,,,,,,,,,,,,,,,,,,,,,204,1,short,A,2026-07-10_10h45.34.149,SBL_superimposed_encoding,,2026.1.3,119.76506794615439,2026-07-10 10h45.34.366600 -0400,
2,77,77,0,stimuli/scenes/scene_U2.jpg,Undersea,Somar,stimuli/items/undersea_object_1.png,Undersea,object,sc,p,1,0.3860551007091999,None,0,1,1,1,0,77,77,77,,,,,659.9027284998447,,,,,,,,,,,,,,,,,,,,,,,,,,,,,,,,,,,,,,,,659.892229700461,659.9027284998447,659.9027284998447,661.8791390005499,661.8792334999889,661.8865577001125,661.8865577001125,662.2793427007273,p,1,0.3860551007091999,None,662.2793990001082,662.2865909999236,663.3028579000384,663.2702326001599,,,,,,,,,,,,,,,,,,,,,,204,1,short,A,2026-07-10_10h45.34.149,SBL_superimposed_encoding,,2026.1.3,119.76506794615439,2026-07-10 10h45.34.366600 -0400,
2,78,78,0,stimuli/scenes/scene_J2.jpg,Jungle,Tulon,stimuli/items/undersea_animal_15.png,Undersea,animal,si,q,1,0.30528749991208315,None,0,1,1,1,0,78,78,78,,,,,663.3028579000384,,,,,,,,,,,,,,,,,,,,,,,,,,,,,,,,,,,,,,,,663.2925553005189,663.3028579000384,663.3028579000384,665.2873686002567,665.2874146001413,665.2949779005721,665.2949779005721,665.6041278000921,q,1,0.30528749991208315,None,665.6041844002903,665.611641000025,666.6282200003043,666.5955007998273,,,,,,,,,,,,,,,,,,,,,,204,1,short,A,2026-07-10_10h45.34.149,SBL_superimposed_encoding,,2026.1.3,119.76506794615439,2026-07-10 10h45.34.366600 -0400,
2,79,79,0,stimuli/scenes/scene_U1.jpg,Undersea,Malbow,stimuli/items/jungle_animal_11.png,Jungle,animal,si,None,0,,,0,1,1,1,0,79,79,79,,,,,666.6282200003043,,,,,,,,,,,,,,,,,,,,,,,,,,,,,,,,,,,,,,,,666.6197223998606,666.6282200003043,666.6282200003043,668.612492499873,668.6125409007072,668.6201220005751,668.6201220005751,669.6041238000616,None,0,,,669.6041735000908,669.6118389004841,670.6037996001542,670.5956000005826,669.6118389004841,669.6118389004841,,,,,,,,,,,,,,,,,,,,204,1,short,A,2026-07-10_10h45.34.149,SBL_superimposed_encoding,,2026.1.3,119.76506794615439,2026-07-10 10h45.34.366600 -0400,
3,0,0,0,stimuli/scenes/scene_J1.jpg,Jungle,Negvi,stimuli/items/undersea_animal_19.png,Undersea,animal,si,q,1,0.6224918998777866,None,0,2,2,2,0,0,0,0,0,0,0,0,917.7082608006895,,,,,,,,,,,,,,,,,,,,,,,,,,,,,,,,,,,,,,917.6352112004533,917.6354347998276,917.6999874003232,917.7082608006895,917.7082608006895,919.6419706000015,919.6420191004872,919.6499193003401,919.6499193003401,920.2757336003706,q,1,0.6224918998777866,None,920.2757919002324,920.2831007000059,921.299442300573,921.2669560005888,,,,,670.6013639001176,670.601581200026,670.6017890004441,670.6037996001542,670.6037996001542,670.6037996001542,917.6342170005664,space,247.02935630083084,None,,,,,,,,204,1,short,A,2026-07-10_10h45.34.149,SBL_superimposed_encoding,,2026.1.3,119.76506794615439,2026-07-10 10h45.34.366600 -0400,
3,1,1,0,stimuli/scenes/scene_U1.jpg,Undersea,Malbow,stimuli/items/jungle_object_6.png,Jungle,object,si,q,1,0.3406827999278903,None,0,2,2,2,0,1,1,1,,,,,921.299442300573,,,,,,,,,,,,,,,,,,,,,,,,,,,,,,,,,,,,,,,,921.2904464006424,921.299442300573,921.299442300573,923.2838952001184,923.2839402006939,923.291878500022,923.291878500022,923.6339579001069,q,1,0.3406827999278903,None,923.6340150004253,923.6413326999173,924.6570019004866,924.6254590004683,,,,,,,,,,,,,,,,,,,,,,204,1,short,A,2026-07-10_10h45.34.149,SBL_superimposed_encoding,,2026.1.3,119.76506794615439,2026-07-10 10h45.34.366600 -0400,
3,2,2,0,stimuli/scenes/scene_J1.jpg,Jungle,Negvi,stimuli/items/undersea_object_18.png,Undersea,object,si,q,1,0.32690580002963543,None,0,2,2,2,0,2,2,2,,,,,924.6570019004866,,,,,,,,,,,,,,,,,,,,,,,,,,,,,,,,,,,,,,,,924.6458761999384,924.6570019004866,924.6570019004866,926.6424078000709,926.6424524001777,926.6499087000266,926.6499087000266,926.9840362006798,q,1,0.32690580002963543,None,926.9840925000608,926.9916502004489,928.0167133007199,927.9753486998379,,,,,,,,,,,,,,,,,,,,,,204,1,short,A,2026-07-10_10h45.34.149,SBL_superimposed_encoding,,2026.1.3,119.76506794615439,2026-07-10 10h45.34.366600 -0400,
3,3,3,0,stimuli/scenes/scene_J2.jpg,Jungle,Tulon,stimuli/items/undersea_object_17.png,Undersea,object,si,q,1,0.3526728004217148,None,0,2,2,2,0,3,3,3,,,,,928.0167133007199,,,,,,,,,,,,,,,,,,,,,,,,,,,,,,,,,,,,,,,,928.0045938007534,928.0167133007199,928.0167133007199,929.9923087004572,929.9924066001549,929.999898600392,929.999898600392,930.3589174002409,q,1,0.3526728004217148,None,930.3589746998623,930.3669040007517,931.3827983001247,931.3504094006494,,,,,,,,,,,,,,,,,,,,,,204,1,short,A,2026-07-10_10h45.34.149,SBL_superimposed_encoding,,2026.1.3,119.76506794615439,2026-07-10 10h45.34.366600 -0400,
3,4,4,0,stimuli/scenes/scene_J1.jpg,Jungle,Negvi,stimuli/items/jungle_object_13.png,Jungle,object,sc,p,1,0.31422310043126345,None,0,2,2,2,0,4,4,4,,,,,931.3827983001247,,,,,,,,,,,,,,,,,,,,,,,,,,,,,,,,,,,,,,,,931.3713220003992,931.3827983001247,931.3827983001247,933.3591207005084,933.359282400459,933.3667478002608,933.3667478002608,933.6843393007293,p,1,0.31422310043126345,None,933.6843963004649,933.6919292006642,934.7081768000498,934.6755207004026,,,,,,,,,,,,,,,,,,,,,,204,1,short,A,2026-07-10_10h45.34.149,SBL_superimposed_encoding,,2026.1.3,119.76506794615439,2026-07-10 10h45.34.366600 -0400,
3,5,5,0,stimuli/scenes/scene_U2.jpg,Undersea,Somar,stimuli/items/jungle_animal_4.png,Jungle,animal,si,q,1,0.24407729972153902,None,0,2,2,2,0,5,5,5,,,,,934.7081768000498,,,,,,,,,,,,,,,,,,,,,,,,,,,,,,,,,,,,,,,,934.7003660006449,934.7081768000498,934.7081768000498,936.6924657998607,936.692584999837,936.7004714002833,936.7004714002833,936.9512172006071,q,1,0.24407729972153902,None,936.9512739004567,936.9586268998682,937.975138200447,937.9422607999295,,,,,,,,,,,,,,,,,,,,,,204,1,short,A,2026-07-10_10h45.34.149,SBL_superimposed_encoding,,2026.1.3,119.76506794615439,2026-07-10 10h45.34.366600 -0400,
3,6,6,0,stimuli/scenes/scene_J2.jpg,Jungle,Tulon,stimuli/items/jungle_animal_15.png,Jungle,animal,sc,p,1,0.833287799730897,None,0,2,2,2,0,6,6,6,,,,,937.975138200447,,,,,,,,,,,,,,,,,,,,,,,,,,,,,,,,,,,,,,,,937.9664679002017,937.975138200447,937.975138200447,939.9589269999415,939.9589715003967,939.9672469003126,939.9672469003126,940.8089848998934,p,1,0.833287799730897,None,940.8090449003503,940.8171573001891,941.8336581001058,941.8010295005515,,,,,,,,,,,,,,,,,,,,,,204,1,short,A,2026-07-10_10h45.34.149,SBL_superimposed_encoding,,2026.1.3,119.76506794615439,2026-07-10 10h45.34.366600 -0400,
3,7,7,0,stimuli/scenes/scene_U1.jpg,Undersea,Malbow,stimuli/items/jungle_animal_9.png,Jungle,animal,si,q,1,0.3433623993769288,None,0,2,2,2,0,7,7,7,,,,,941.8336581001058,,,,,,,,,,,,,,,,,,,,,,,,,,,,,,,,,,,,,,,,941.8274035006762,941.8336581001058,941.8336581001058,943.8094206005335,943.8094661999494,943.8170076003298,943.8170076003298,944.1677649999037,q,1,0.3433623993769288,None,944.1678226003423,944.1755285002291,945.1838316004723,945.1589510003105,,,,,,,,,,,,,,,,,,,,,,204,1,short,A,2026-07-10_10h45.34.149,SBL_superimposed_encoding,,2026.1.3,119.76506794615439,2026-07-10 10h45.34.366600 -0400,
3,8,8,0,stimuli/scenes/scene_U2.jpg,Undersea,Somar,stimuli/items/jungle_object_7.png,Jungle,object,si,q,1,0.9059183998033404,None,0,2,2,2,0,8,8,8,,,,,945.1838316004723,,,,,,,,,,,,,,,,,,,,,,,,,,,,,,,,,,,,,,,,945.1786893000826,945.1838316004723,945.1838316004723,947.1681650001556,947.1682066004723,947.1753396000713,947.1753396000713,948.0846865000203,q,1,0.9059183998033404,None,948.084744900465,948.0919259004295,949.1057008998469,949.0759962005541,,,947.1753396000713,947.1753396000713,,,,,,,,,,,,,,,,,,204,1,short,A,2026-07-10_10h45.34.149,SBL_superimposed_encoding,,2026.1.3,119.76506794615439,2026-07-10 10h45.34.366600 -0400,
3,9,9,0,stimuli/scenes/scene_U1.jpg,Undersea,Malbow,stimuli/items/undersea_animal_2.png,Undersea,animal,sc,None,0,,,0,2,2,2,0,9,9,9,,,,,949.1057008998469,,,,,,,,,,,,,,,,,,,,,,,,,,,,,,,,,,,,,,,,949.095182900317,949.1057008998469,949.1057008998469,951.0927506005391,951.0928941005841,951.1006567003205,951.1006567003205,952.0838961005211,None,0,,,952.0839455006644,952.0920414999127,953.1097058998421,953.07573339995,952.0920414999127,952.0920414999127,,,,,,,,,,,,,,,,,,,,204,1,short,A,2026-07-10_10h45.34.149,SBL_superimposed_encoding,,2026.1.3,119.76506794615439,2026-07-10 10h45.34.366600 -0400,
3,10,10,0,stimuli/scenes/scene_J2.jpg,Jungle,Tulon,stimuli/items/jungle_object_9.png,Jungle,object,sc,p,1,0.4681200999766588,None,0,2,2,2,0,10,10,10,,,,,953.1097058998421,,,,,,,,,,,,,,,,,,,,,,,,,,,,,,,,,,,,,,,,953.1041647000238,953.1097058998421,953.1097058998421,955.0927531002089,955.0927980002016,955.1006885003299,955.1006885003299,955.5764006003737,p,1,0.4681200999766588,None,955.5764577006921,955.5838542003185,956.6005834005773,956.5676765004173,,,,,,,,,,,,,,,,,,,,,,204,1,short,A,2026-07-10_10h45.34.149,SBL_superimposed_encoding,,2026.1.3,119.76506794615439,2026-07-10 10h45.34.366600 -0400,
3,11,11,0,stimuli/scenes/scene_J1.jpg,Jungle,Negvi,stimuli/items/jungle_object_19.png,Jungle,object,sc,p,1,0.4886686997488141,None,0,2,2,2,0,11,11,11,,,,,956.6005834005773,,,,,,,,,,,,,,,,,,,,,,,,,,,,,,,,,,,,,,,,956.5932769002393,956.6005834005773,956.6005834005773,958.5767590999603,958.5768041005358,958.5838464004919,958.5838464004919,959.0763052003458,p,1,0.4886686997488141,None,959.0763616999611,959.0838474007323,960.1001963000745,960.0677363006398,,,,,,,,,,,,,,,,,,,,,,204,1,short,A,2026-07-10_10h45.34.149,SBL_superimposed_encoding,,2026.1.3,119.76506794615439,2026-07-10 10h45.34.366600 -0400,
3,12,12,0,stimuli/scenes/scene_U2.jpg,Undersea,Somar,stimuli/items/jungle_animal_8.png,Jungle,animal,si,q,1,0.42844219971448183,None,0,2,2,2,0,12,12,12,,,,,960.1001963000745,,,,,,,,,,,,,,,,,,,,,,,,,,,,,,,,,,,,,,,,960.090826800093,960.1001963000745,960.1001963000745,962.076693800278,962.0767755005509,962.0839018002152,962.0839018002152,962.5178518006578,q,1,0.42844219971448183,None,962.517910500057,962.5256163002923,963.5423146001995,963.5093876998872,,,,,,,,,,,,,,,,,,,,,,204,1,short,A,2026-07-10_10h45.34.149,SBL_superimposed_encoding,,2026.1.3,119.76506794615439,2026-07-10 10h45.34.366600 -0400,
3,13,13,0,stimuli/scenes/scene_J2.jpg,Jungle,Tulon,stimuli/items/undersea_animal_11.png,Undersea,animal,si,q,1,0.3306400002911687,None,0,2,2,2,0,13,13,13,,,,,963.5423146001995,,,,,,,,,,,,,,,,,,,,,,,,,,,,,,,,,,,,,,,,963.5335774002597,963.5423146001995,963.5423146001995,965.5180528005585,965.5181284006685,965.525698300451,965.525698300451,965.8595986003056,q,1,0.3306400002911687,None,965.8596565006301,965.8672612998635,966.8827737001702,966.8512458000332,,,,,,,,,,,,,,,,,,,,,,204,1,short,A,2026-07-10_10h45.34.149,SBL_superimposed_encoding,,2026.1.3,119.76506794615439,2026-07-10 10h45.34.366600 -0400,
3,14,14,0,stimuli/scenes/scene_U2.jpg,Undersea,Somar,stimuli/items/jungle_object_20.png,Jungle,object,si,q,1,0.3496356997638941,None,0,2,2,2,0,14,14,14,,,,,966.8827737001702,,,,,,,,,,,,,,,,,,,,,,,,,,,,,,,,,,,,,,,,966.8711828999221,966.8827737001702,966.8827737001702,968.8598282998428,968.8599244998768,968.8673389004543,968.8673389004543,969.2179164001718,q,1,0.3496356997638941,None,969.2179756006226,969.2259420007467,970.2419760003686,970.2099623000249,,,,,,,,,,,,,,,,,,,,,,204,1,short,A,2026-07-10_10h45.34.149,SBL_superimposed_encoding,,2026.1.3,119.76506794615439,2026-07-10 10h45.34.366600 -0400,
3,15,15,0,stimuli/scenes/scene_J1.jpg,Jungle,Negvi,stimuli/items/jungle_animal_7.png,Jungle,animal,sc,p,1,0.3506725002080202,None,0,2,2,2,0,15,15,15,,,,,970.2419760003686,,,,,,,,,,,,,,,,,,,,,,,,,,,,,,,,,,,,,,,,970.2325806999579,970.2419760003686,970.2419760003686,972.2182720005512,972.218316799961,972.2257344005629,972.2257344005629,972.5851884000003,p,1,0.3506725002080202,None,972.5852447999641,972.5924754999578,973.6061191000044,973.5764309000224,,,,,,,,,,,,,,,,,,,,,,204,1,short,A,2026-07-10_10h45.34.149,SBL_superimposed_encoding,,2026.1.3,119.76506794615439,2026-07-10 10h45.34.366600 -0400,
3,16,16,0,stimuli/scenes/scene_U2.jpg,Undersea,Somar,stimuli/items/jungle_object_4.png,Jungle,object,si,q,1,0.23993789963424206,None,0,2,2,2,0,16,16,16,,,,,973.6061191000044,,,,,,,,,,,,,,,,,,,,,,,,,,,,,,,,,,,,,,,,973.5958958007395,973.6061191000044,973.6061191000044,975.5934971999377,975.5935915000737,975.6008558003232,975.6008558003232,975.8433671006933,q,1,0.23993789963424206,None,975.843423999846,975.8510391004384,976.8654746003449,976.8345221001655,,,,,,,,,,,,,,,,,,,,,,204,1,short,A,2026-07-10_10h45.34.149,SBL_superimposed_encoding,,2026.1.3,119.76506794615439,2026-07-10 10h45.34.366600 -0400,
3,17,17,0,stimuli/scenes/scene_J1.jpg,Jungle,Negvi,stimuli/items/undersea_object_10.png,Undersea,object,si,q,1,0.8372117001563311,None,0,2,2,2,0,17,17,17,,,,,976.8654746003449,,,,,,,,,,,,,,,,,,,,,,,,,,,,,,,,,,,,,,,,976.8546686004847,976.8654746003449,976.8654746003449,978.8517872998491,978.8519080001861,978.859068499878,978.859068499878,979.701503300108,q,1,0.8372117001563311,None,979.701563000679,979.7091832002625,980.725697000511,980.6933768000454,,,,,,,,,,,,,,,,,,,,,,204,1,short,A,2026-07-10_10h45.34.149,SBL_superimposed_encoding,,2026.1.3,119.76506794615439,2026-07-10 10h45.34.366600 -0400,
3,18,18,0,stimuli/scenes/scene_U1.jpg,Undersea,Malbow,stimuli/items/undersea_object_16.png,Undersea,object,sc,p,1,0.25077859964221716,None,0,2,2,2,0,18,18,18,,,,,980.725697000511,,,,,,,,,,,,,,,,,,,,,,,,,,,,,,,,,,,,,,,,980.7187323002145,980.725697000511,980.725697000511,982.702104200609,982.7021500002593,982.7093459004536,982.7093459004536,982.9681747006252,p,1,0.25077859964221716,None,982.968233300373,982.9757447000593,983.9916847003624,983.9598588999361,,,,,,,,,,,,,,,,,,,,,,204,1,short,A,2026-07-10_10h45.34.149,SBL_superimposed_encoding,,2026.1.3,119.76506794615439,2026-07-10 10h45.34.366600 -0400,
3,19,19,0,stimuli/scenes/scene_J1.jpg,Jungle,Negvi,stimuli/items/jungle_object_14.png,Jungle,object,sc,p,1,0.5204925993457437,None,0,2,2,2,0,19,19,19,,,,,983.9916847003624,,,,,,,,,,,,,,,,,,,,,,,,,,,,,,,,,,,,,,,,983.9808916999027,983.9916847003624,983.9916847003624,985.9686166001484,985.9687141999602,985.9762486005202,985.9762486005202,986.5018988000229,p,1,0.5204925993457437,None,986.5019559003413,986.5094718001783,987.5180216999725,987.4930121004581,,,,,,,,,,,,,,,,,,,,,,204,1,short,A,2026-07-10_10h45.34.149,SBL_superimposed_encoding,,2026.1.3,119.76506794615439,2026-07-10 10h45.34.366600 -0400,
3,20,20,0,stimuli/scenes/scene_U1.jpg,Undersea,Malbow,stimuli/items/jungle_animal_11.png,Jungle,animal,si,q,1,0.31492079980671406,None,0,2,2,2,0,20,20,20,,,,,987.5180216999725,,,,,,,,,,,,,,,,,,,,,,,,,,,,,,,,,,,,,,,,987.5125200003386,987.5180216999725,987.5180216999725,989.5021128999069,989.5021545002237,989.5098736006767,989.5098736006767,989.8266088999808,q,1,0.31492079980671406,None,989.8266663998365,989.8345619002357,990.8514673002064,990.8184123998508,,,989.5098736006767,989.5098736006767,,,,,,,,,,,,,,,,,,204,1,short,A,2026-07-10_10h45.34.149,SBL_superimposed_encoding,,2026.1.3,119.76506794615439,2026-07-10 10h45.34.366600 -0400,
3,21,21,0,stimuli/scenes/scene_J2.jpg,Jungle,Tulon,stimuli/items/undersea_animal_15.png,Undersea,animal,si,q,1,0.35013819951564074,None,0,2,2,2,0,21,21,21,,,,,990.8514673002064,,,,,,,,,,,,,,,,,,,,,,,,,,,,,,,,,,,,,,,,990.8454816006124,990.8514673002064,990.8514673002064,992.826851900667,992.8269207002595,992.8347756005824,992.8347756005824,993.1856474000961,q,1,0.35013819951564074,None,993.1857058005407,993.1927525000647,994.2093806006014,994.1765108006075,,,,,,,,,,,,,,,,,,,,,,204,1,short,A,2026-07-10_10h45.34.149,SBL_superimposed_encoding,,2026.1.3,119.76506794615439,2026-07-10 10h45.34.366600 -0400,
3,22,22,0,stimuli/scenes/scene_U1.jpg,Undersea,Malbow,stimuli/items/jungle_animal_12.png,Jungle,animal,si,q,1,0.4552253996953368,None,0,2,2,2,0,22,22,22,,,,,994.2093806006014,,,,,,,,,,,,,,,,,,,,,,,,,,,,,,,,,,,,,,,,994.2011195998639,994.2093806006014,994.2093806006014,996.1939283004031,996.1940114004537,996.2012403002009,996.2012403002009,996.6603373000398,q,1,0.4552253996953368,None,996.6603959007189,996.668195400387,997.6838878002018,997.6513589005917,,,,,,,,,,,,,,,,,,,,,,204,1,short,A,2026-07-10_10h45.34.149,SBL_superimposed_encoding,,2026.1.3,119.76506794615439,2026-07-10 10h45.34.366600 -0400,
3,23,23,0,stimuli/scenes/scene_U2.jpg,Undersea,Somar,stimuli/items/undersea_object_7.png,Undersea,object,sc,p,1,0.24380480032414198,None,0,2,2,2,0,23,23,23,,,,,997.6838878002018,,,,,,,,,,,,,,,,,,,,,,,,,,,,,,,,,,,,,,,,997.6748929005116,997.6838878002018,997.6838878002018,999.6688109999523,999.6688582003117,999.6767140999436,999.6767140999436,999.9268548004329,p,1,0.24380480032414198,None,999.9269112003967,999.9347238000482,1000.9430312002078,1000.9183652000502,,,,,,,,,,,,,,,,,,,,,,204,1,short,A,2026-07-10_10h45.34.149,SBL_superimposed_encoding,,2026.1.3,119.76506794615439,2026-07-10 10h45.34.366600 -0400,
3,24,24,0,stimuli/scenes/scene_U1.jpg,Undersea,Malbow,stimuli/items/undersea_object_14.png,Undersea,object,sc,p,1,0.26574569940567017,None,0,2,2,2,0,24,24,24,,,,,1000.9430312002078,,,,,,,,,,,,,,,,,,,,,,,,,,,,,,,,,,,,,,,,1000.9367877999321,1000.9430312002078,1000.9430312002078,1002.9271176001057,1002.9271661005914,1002.9345276998356,1002.9345276998356,1003.2020319001749,p,1,0.26574569940567017,None,1003.202092400752,1003.2096557002515,1004.2342426003888,1004.1933211004362,,,1002.9345276998356,1002.9345276998356,,,,,,,,,,,,,,,,,,204,1,short,A,2026-07-10_10h45.34.149,SBL_superimposed_encoding,,2026.1.3,119.76506794615439,2026-07-10 10h45.34.366600 -0400,
3,25,25,0,stimuli/scenes/scene_J2.jpg,Jungle,Tulon,stimuli/items/jungle_animal_5.png,Jungle,animal,sc,p,1,0.36730160005390644,None,0,2,2,2,0,25,25,25,,,,,1004.2342426003888,,,,,,,,,,,,,,,,,,,,,,,,,,,,,,,,,,,,,,,,1004.2232832005247,1004.2342426003888,1004.2342426003888,1006.2021532999352,1006.202198700048,1006.2095949007198,1006.2095949007198,1006.5853203004226,p,1,0.36730160005390644,None,1006.5853813998401,1006.5930871004239,1007.6100089000538,1007.576939499937,,,,,,,,,,,,,,,,,,,,,,204,1,short,A,2026-07-10_10h45.34.149,SBL_superimposed_encoding,,2026.1.3,119.76506794615439,2026-07-10 10h45.34.366600 -0400,
3,26,26,0,stimuli/scenes/scene_J1.jpg,Jungle,Negvi,stimuli/items/jungle_animal_13.png,Jungle,animal,sc,p,1,0.49569750018417835,None,0,2,2,2,0,26,26,26,,,,,1007.6100089000538,,,,,,,,,,,,,,,,,,,,,,,,,,,,,,,,,,,,,,,,1007.6033709999174,1007.6100089000538,1007.6100089000538,1009.5935518005863,1009.5935984998941,1009.6012713005766,1009.6012713005766,1010.101940699853,p,1,0.49569750018417835,None,1010.1020025005564,1010.1096494998783,1011.401397800073,1011.093268699944,,,,,,,,,,,,,,,,,,,,,,204,1,short,A,2026-07-10_10h45.34.149,SBL_superimposed_encoding,,2026.1.3,119.76506794615439,2026-07-10 10h45.34.366600 -0400,
3,27,27,0,stimuli/scenes/scene_J2.jpg,Jungle,Tulon,stimuli/items/jungle_object_1.png,Jungle,object,sc,p,1,0.3633231995627284,None,0,2,2,2,0,27,27,27,,,,,1011.401397800073,,,,,,,,,,,,,,,,,,,,,,,,,,,,,,,,,,,,,,,,1011.3897544005886,1011.401397800073,1011.401397800073,1013.102107600309,1013.1021548006684,1013.1097349999472,1013.1097349999472,1013.4772306000814,p,1,0.3633231995627284,None,1013.4772920003161,1013.4846549006179,1014.5150814000517,1014.4683597004041,,,,,,,,,,,,,,,,,,,,,,204,1,short,A,2026-07-10_10h45.34.149,SBL_superimposed_encoding,,2026.1.3,119.76506794615439,2026-07-10 10h45.34.366600 -0400,
3,28,28,0,stimuli/scenes/scene_U1.jpg,Undersea,Malbow,stimuli/items/jungle_animal_6.png,Jungle,animal,si,q,1,0.29188009910285473,None,0,2,2,2,0,28,28,28,,,,,1014.5150814000517,,,,,,,,,,,,,,,,,,,,,,,,,,,,,,,,,,,,,,,,1014.5038923006505,1014.5150814000517,1014.5150814000517,1016.4853958003223,1016.4854436004534,1016.4931151000783,1016.4931151000783,1016.7857518000528,q,1,0.29188009910285473,None,1016.7858159998432,1016.7931377002969,1017.8092673001811,1017.7768840007484,,,,,,,,,,,,,,,,,,,,,,204,1,short,A,2026-07-10_10h45.34.149,SBL_superimposed_encoding,,2026.1.3,119.76506794615439,2026-07-10 10h45.34.366600 -0400,
3,29,29,0,stimuli/scenes/scene_J2.jpg,Jungle,Tulon,stimuli/items/jungle_animal_18.png,Jungle,animal,sc,p,1,0.6311801001429558,None,0,2,2,2,0,29,29,29,,,,,1017.8092673001811,,,,,,,,,,,,,,,,,,,,,,,,,,,,,,,,,,,,,,,,1017.7979594003409,1017.8092673001811,1017.8092673001811,1019.7937297001481,1019.7937774006277,1019.8014855002984,1019.8014855002984,1020.4356484003365,p,1,0.6311801001429558,None,1020.4357080003247,1020.4432258000597,1021.4602291006595,1021.4269547006115,,,,,,,,,,,,,,,,,,,,,,204,1,short,A,2026-07-10_10h45.34.149,SBL_superimposed_encoding,,2026.1.3,119.76506794615439,2026-07-10 10h45.34.366600 -0400,
3,30,30,0,stimuli/scenes/scene_J1.jpg,Jungle,Negvi,stimuli/items/undersea_animal_18.png,Undersea,animal,si,q,1,0.36498269997537136,None,0,2,2,2,0,30,30,30,,,,,1021.4602291006595,,,,,,,,,,,,,,,,,,,,,,,,,,,,,,,,,,,,,,,,1021.453316600062,1021.4602291006595,1021.4602291006595,1023.4358532000333,1023.4359007999301,1023.4432738004252,1023.4432738004252,1023.8107684003189,q,1,0.36498269997537136,None,1023.810829100199,1023.8182413000613,1024.834614400752,1024.8020005999133,,,,,,,,,,,,,,,,,,,,,,204,1,short,A,2026-07-10_10h45.34.149,SBL_superimposed_encoding,,2026.1.3,119.76506794615439,2026-07-10 10h45.34.366600 -0400,
3,31,31,0,stimuli/scenes/scene_J2.jpg,Jungle,Tulon,stimuli/items/jungle_object_18.png,Jungle,object,sc,p,1,0.5336212003603578,None,0,2,2,2,0,31,31,31,,,,,1024.834614400752,,,,,,,,,,,,,,,,,,,,,,,,,,,,,,,,,,,,,,,,1024.8237503999844,1024.834614400752,1024.834614400752,1026.8188399001956,1026.8188877999783,1026.826660499908,1026.826660499908,1027.3687711004168,p,1,0.5336212003603578,None,1027.3688324000686,1027.3766780998558,1028.3930311007425,1028.3603703007102,,,,,,,,,,,,,,,,,,,,,,204,1,short,A,2026-07-10_10h45.34.149,SBL_superimposed_encoding,,2026.1.3,119.76506794615439,2026-07-10 10h45.34.366600 -0400,
3,32,32,0,stimuli/scenes/scene_U2.jpg,Undersea,Somar,stimuli/items/undersea_object_1.png,Undersea,object,sc,p,1,0.6636602999642491,None,0,2,2,2,0,32,32,32,,,,,1028.3930311007425,,,,,,,,,,,,,,,,,,,,,,,,,,,,,,,,,,,,,,,,1028.3828396005556,1028.3930311007425,1028.3930311007425,1030.3689485006034,1030.3689955007285,1030.37669320032,1030.37669320032,1031.0442678006366,p,1,0.6636602999642491,None,1031.0443271007389,1031.0516502000391,1032.0665342006832,1032.0354694006965,,,,,,,,,,,,,,,,,,,,,,204,1,short,A,2026-07-10_10h45.34.149,SBL_superimposed_encoding,,2026.1.3,119.76506794615439,2026-07-10 10h45.34.366600 -0400,
3,33,33,0,stimuli/scenes/scene_J2.jpg,Jungle,Tulon,stimuli/items/jungle_object_15.png,Jungle,object,sc,p,1,0.6441051000729203,None,0,2,2,2,0,33,33,33,,,,,1032.0665342006832,,,,,,,,,,,,,,,,,,,,,,,,,,,,,,,,,,,,,,,,1032.0548146003857,1032.0665342006832,1032.0665342006832,1034.0524867000058,1034.052533400245,1034.0601515006274,1034.0601515006274,1034.7108010007069,p,1,0.6441051000729203,None,1034.710861700587,1034.7185041001067,1035.7353445999324,1035.7021214999259,,,,,,,,,,,,,,,,,,,,,,204,1,short,A,2026-07-10_10h45.34.149,SBL_superimposed_encoding,,2026.1.3,119.76506794615439,2026-07-10 10h45.34.366600 -0400,
3,34,34,0,stimuli/scenes/scene_J1.jpg,Jungle,Negvi,stimuli/items/undersea_animal_1.png,Undersea,animal,si,q,1,0.44928030017763376,None,0,2,2,2,0,34,34,34,,,,,1035.7353445999324,,,,,,,,,,,,,,,,,,,,,,,,,,,,,,,,,,,,,,,,1035.7277914006263,1035.7353445999324,1035.7353445999324,1037.719328400679,1037.7193755004555,1037.7269785003737,1037.7269785003737,1038.1776113007218,q,1,0.44928030017763376,None,1038.1776732001454,1038.185189500451,1039.2021097000688,1039.1690183999017,,,,,,,,,,,,,,,,,,,,,,204,1,short,A,2026-07-10_10h45.34.149,SBL_superimposed_encoding,,2026.1.3,119.76506794615439,2026-07-10 10h45.34.366600 -0400,
3,35,35,0,stimuli/scenes/scene_J2.jpg,Jungle,Tulon,stimuli/items/jungle_animal_10.png,Jungle,animal,sc,p,1,0.31033269967883825,None,0,2,2,2,0,35,35,35,,,,,1039.2021097000688,,,,,,,,,,,,,,,,,,,,,,,,,,,,,,,,,,,,,,,,1039.1937621003017,1039.2021097000688,1039.2021097000688,1041.1858480004594,1041.1858942005783,1041.1939222002402,1041.1939222002402,1041.5108857005835,p,1,0.31033269967883825,None,1041.5109458006918,1041.5188326006755,1042.5349801005796,1042.5023528002203,,,,,,,,,,,,,,,,,,,,,,204,1,short,A,2026-07-10_10h45.34.149,SBL_superimposed_encoding,,2026.1.3,119.76506794615439,2026-07-10 10h45.34.366600 -0400,
3,36,36,0,stimuli/scenes/scene_U2.jpg,Undersea,Somar,stimuli/items/undersea_animal_13.png,Undersea,animal,sc,p,1,0.2893463997170329,None,0,2,2,2,0,36,36,36,,,,,1042.5349801005796,,,,,,,,,,,,,,,,,,,,,,,,,,,,,,,,,,,,,,,,1042.5248401006684,1042.5349801005796,1042.5349801005796,1044.51932280045,1044.5193694001064,1044.5269152000546,1044.5269152000546,1044.8195066004992,p,1,0.2893463997170329,None,1044.8195668999106,1044.8269613003358,1045.8439505007118,1045.8105656001717,,,,,,,,,,,,,,,,,,,,,,204,1,short,A,2026-07-10_10h45.34.149,SBL_superimposed_encoding,,2026.1.3,119.76506794615439,2026-07-10 10h45.34.366600 -0400,
3,37,37,0,stimuli/scenes/scene_J2.jpg,Jungle,Tulon,stimuli/items/undersea_object_12.png,Undersea,object,si,q,1,0.3088298998773098,None,0,2,2,2,0,37,37,37,,,,,1045.8439505007118,,,,,,,,,,,,,,,,,,,,,,,,,,,,,,,,,,,,,,,,1045.8363800998777,1045.8439505007118,1045.8439505007118,1047.8278996003792,1047.8279504003003,1047.835434800014,1047.835434800014,1048.1528823999688,q,1,0.3088298998773098,None,1048.1529440004379,1048.1603470006958,1049.1827747002244,1049.1441558003426,,,,,,,,,,,,,,,,,,,,,,204,1,short,A,2026-07-10_10h45.34.149,SBL_superimposed_encoding,,2026.1.3,119.76506794615439,2026-07-10 10h45.34.366600 -0400,
3,38,38,0,stimuli/scenes/scene_U1.jpg,Undersea,Malbow,stimuli/items/jungle_object_17.png,Jungle,object,si,q,1,0.23946369998157024,None,0,2,2,2,0,38,38,38,,,,,1049.1827747002244,,,,,,,,,,,,,,,,,,,,,,,,,,,,,,,,,,,,,,,,1049.1714249001816,1049.1827747002244,1049.1827747002244,1051.1610366003588,1051.1610826002434,1051.168797700666,1051.168797700666,1051.4111581007019,q,1,0.23946369998157024,None,1051.411218000576,1051.4187445007265,1052.4353368002921,1052.4025073004887,,,,,,,,,,,,,,,,,,,,,,204,1,short,A,2026-07-10_10h45.34.149,SBL_superimposed_encoding,,2026.1.3,119.76506794615439,2026-07-10 10h45.34.366600 -0400,
3,39,39,0,stimuli/scenes/scene_J2.jpg,Jungle,Tulon,stimuli/items/undersea_object_9.png,Undersea,object,si,q,1,0.4368436997756362,None,0,2,2,2,0,39,39,39,,,,,1052.4353368002921,,,,,,,,,,,,,,,,,,,,,,,,,,,,,,,,,,,,,,,,1052.4268588004634,1052.4353368002921,1052.4353368002921,1054.4194022007287,1054.4194474006072,1054.427481200546,1054.427481200546,1054.869589600712,q,1,0.4368436997756362,None,1054.8696500007063,1054.877342700027,1055.8932619001716,1055.8609597003087,,,,,,,,,,,,,,,,,,,,,,204,1,short,A,2026-07-10_10h45.34.149,SBL_superimposed_encoding,,2026.1.3,119.76506794615439,2026-07-10 10h45.34.366600 -0400,
3,40,40,0,stimuli/scenes/scene_U2.jpg,Undersea,Somar,stimuli/items/jungle_animal_2.png,Jungle,animal,si,p,0,0.8184512006118894,None,0,2,2,2,0,40,40,40,,,,,1055.8932619001716,,,,,,,,,,,,,,,,,,,,,,,,,,,,,,,,,,,,,,,,1055.8828226998448,1055.8932619001716,1055.8932619001716,1057.878049599938,1057.8780966000631,1057.8858165005222,1057.8858165005222,1058.7114116000012,p,0,0.8184512006118894,None,1058.7114753006026,1058.719098300673,1059.727180200629,1059.7025234000757,,,,,,,,,,,,,,,,,,,,,,204,1,short,A,2026-07-10_10h45.34.149,SBL_superimposed_encoding,,2026.1.3,119.76506794615439,2026-07-10 10h45.34.366600 -0400,
3,41,41,0,stimuli/scenes/scene_U1.jpg,Undersea,Malbow,stimuli/items/undersea_animal_6.png,Undersea,animal,sc,p,1,0.21728319954127073,None,0,2,2,2,0,41,41,41,,,,,1059.727180200629,,,,,,,,,,,,,,,,,,,,,,,,,,,,,,,,,,,,,,,,1059.7207246003672,1059.727180200629,1059.727180200629,1061.711432600394,1061.711478500627,1061.718983400613,1061.718983400613,1061.9445544006303,p,1,0.21728319954127073,None,1061.9446151005104,1061.9523394005373,1062.9662417005748,1062.9361295001581,,,1061.718983400613,1061.718983400613,,,,,,,,,,,,,,,,,,204,1,short,A,2026-07-10_10h45.34.149,SBL_superimposed_encoding,,2026.1.3,119.76506794615439,2026-07-10 10h45.34.366600 -0400,
3,42,42,0,stimuli/scenes/scene_U2.jpg,Undersea,Somar,stimuli/items/jungle_object_8.png,Jungle,object,si,q,1,0.311786400154233,None,0,2,2,2,0,42,42,42,,,,,1062.9662417005748,,,,,,,,,,,,,,,,,,,,,,,,,,,,,,,,,,,,,,,,1062.9560168003663,1062.9662417005748,1062.9662417005748,1064.9447182007134,1064.9447649000213,1064.9525349000469,1064.9525349000469,1065.2696937005967,q,1,0.311786400154233,None,1065.269754000008,1065.2773795006797,1066.2858712002635,1066.2610597005114,,,,,,,,,,,,,,,,,,,,,,204,1,short,A,2026-07-10_10h45.34.149,SBL_superimposed_encoding,,2026.1.3,119.76506794615439,2026-07-10 10h45.34.366600 -0400,
3,43,43,0,stimuli/scenes/scene_U1.jpg,Undersea,Malbow,stimuli/items/jungle_object_5.png,Jungle,object,si,q,1,0.25088890083134174,None,0,2,2,2,0,43,43,43,,,,,1066.2858712002635,,,,,,,,,,,,,,,,,,,,,,,,,,,,,,,,,,,,,,,,1066.2791504999623,1066.2858712002635,1066.2858712002635,1068.2698078006506,1068.269854400307,1068.277382900007,1068.277382900007,1068.5364903006703,q,1,0.25088890083134174,None,1068.536550800316,1068.5440926002339,1069.5608386006206,1069.5277369003743,,,,,,,,,,,,,,,,,,,,,,204,1,short,A,2026-07-10_10h45.34.149,SBL_superimposed_encoding,,2026.1.3,119.76506794615439,2026-07-10 10h45.34.366600 -0400,
3,44,44,0,stimuli/scenes/scene_J1.jpg,Jungle,Negvi,stimuli/items/jungle_animal_17.png,Jungle,animal,sc,p,1,0.3122487999498844,None,0,2,2,2,0,44,44,44,,,,,1069.5608386006206,,,,,,,,,,,,,,,,,,,,,,,,,,,,,,,,,,,,,,,,1069.5531544005498,1069.5608386006206,1069.5608386006206,1071.5366906002164,1071.5367392003536,1071.5440722005442,1071.5440722005442,1071.8615717999637,p,1,0.3122487999498844,None,1071.8616342004389,1071.8691985001788,1072.8844857001677,1072.852834400721,,,,,,,,,,,,,,,,,,,,,,204,1,short,A,2026-07-10_10h45.34.149,SBL_superimposed_encoding,,2026.1.3,119.76506794615439,2026-07-10 10h45.34.366600 -0400,
3,45,45,0,stimuli/scenes/scene_U2.jpg,Undersea,Somar,stimuli/items/jungle_object_12.png,Jungle,object,si,q,1,0.2989933993667364,None,0,2,2,2,0,45,45,45,,,,,1072.8844857001677,,,,,,,,,,,,,,,,,,,,,,,,,,,,,,,,,,,,,,,,1072.874102000147,1072.8844857001677,1072.8844857001677,1074.8616669001058,1074.8617152003571,1074.8692640000954,1074.8692640000954,1075.169975399971,q,1,0.2989933993667364,None,1075.1700386004522,1075.1775324000046,1076.192472600378,1076.1615820005536,,,,,,,,,,,,,,,,,,,,,,204,1,short,A,2026-07-10_10h45.34.149,SBL_superimposed_encoding,,2026.1.3,119.76506794615439,2026-07-10 10h45.34.366600 -0400,
3,46,46,0,stimuli/scenes/scene_J1.jpg,Jungle,Negvi,stimuli/items/undersea_animal_14.png,Undersea,animal,si,q,1,0.40696229971945286,None,0,2,2,2,0,46,46,46,,,,,1076.192472600378,,,,,,,,,,,,,,,,,,,,,,,,,,,,,,,,,,,,,,,,1076.1816452005878,1076.192472600378,1076.192472600378,1078.178148000501,1078.1781946001574,1078.1859170002863,1078.1859170002863,1078.5950941005722,q,1,0.40696229971945286,None,1078.5951559003443,1078.6025665001944,1079.6165160005912,1079.5863895006478,,,,,,,,,,,,,,,,,,,,,,204,1,short,A,2026-07-10_10h45.34.149,SBL_superimposed_encoding,,2026.1.3,119.76506794615439,2026-07-10 10h45.34.366600 -0400,
3,47,47,0,stimuli/scenes/scene_U2.jpg,Undersea,Somar,stimuli/items/undersea_object_4.png,Undersea,object,sc,p,1,0.38950120005756617,None,0,2,2,2,0,47,47,47,,,,,1079.6165160005912,,,,,,,,,,,,,,,,,,,,,,,,,,,,,,,,,,,,,,,,1079.6062046000734,1079.6165160005912,1079.6165160005912,1081.603347999975,1081.6033922005445,1081.6110386000946,1081.6110386000946,1082.0033346004784,p,1,0.38950120005756617,None,1082.0033953003585,1082.0110217006877,1083.0273497998714,1082.994829500094,,,,,,,,,,,,,,,,,,,,,,204,1,short,A,2026-07-10_10h45.34.149,SBL_superimposed_encoding,,2026.1.3,119.76506794615439,2026-07-10 10h45.34.366600 -0400,
3,48,48,0,stimuli/scenes/scene_U1.jpg,Undersea,Malbow,stimuli/items/undersea_animal_20.png,Undersea,animal,sc,p,1,0.5010849004611373,None,0,2,2,2,0,48,48,48,,,,,1083.0273497998714,,,,,,,,,,,,,,,,,,,,,,,,,,,,,,,,,,,,,,,,1083.0175419002771,1083.0273497998714,1083.0273497998714,1085.0116523001343,1085.0116981007159,1085.0194842005149,1085.0194842005149,1085.5287644006312,p,1,0.5010849004611373,None,1085.5288229007274,1085.5364255001768,1086.54979880061,1086.5201852004975,,,,,,,,,,,,,,,,,,,,,,204,1,short,A,2026-07-10_10h45.34.149,SBL_superimposed_encoding,,2026.1.3,119.76506794615439,2026-07-10 10h45.34.366600 -0400,
3,49,49,0,stimuli/scenes/scene_U2.jpg,Undersea,Somar,stimuli/items/undersea_animal_16.png,Undersea,animal,sc,p,1,0.49577980022877455,None,0,2,2,2,0,49,49,49,,,,,1086.54979880061,,,,,,,,,,,,,,,,,,,,,,,,,,,,,,,,,,,,,,,,1086.5394213004038,1086.54979880061,1086.54979880061,1088.5372430998832,1088.53728769999,1088.544823200442,1088.544823200442,1089.0454139001667,p,1,0.49577980022877455,None,1089.0454738000408,1089.0527900001034,1090.0669399006292,1090.0364548005164,,,,,,,,,,,,,,,,,,,,,,204,1,short,A,2026-07-10_10h45.34.149,SBL_superimposed_encoding,,2026.1.3,119.76506794615439,2026-07-10 10h45.34.366600 -0400,
3,50,50,0,stimuli/scenes/scene_U1.jpg,Undersea,Malbow,stimuli/items/jungle_object_16.png,Jungle,object,si,q,1,0.2431776998564601,None,0,2,2,2,0,50,50,50,,,,,1090.0669399006292,,,,,,,,,,,,,,,,,,,,,,,,,,,,,,,,,,,,,,,,1090.0567406006157,1090.0669399006292,1090.0669399006292,1092.0535612003878,1092.0536107001826,1092.0613526003435,1092.0613526003435,1092.3118130005896,q,1,0.2431776998564601,None,1092.311873100698,1092.3197332005948,1093.3280907999724,1093.3032569000497,,,,,,,,,,,,,,,,,,,,,,204,1,short,A,2026-07-10_10h45.34.149,SBL_superimposed_encoding,,2026.1.3,119.76506794615439,2026-07-10 10h45.34.366600 -0400,
3,51,51,0,stimuli/scenes/scene_U2.jpg,Undersea,Somar,stimuli/items/undersea_animal_10.png,Undersea,animal,sc,p,1,0.24874670058488846,None,0,2,2,2,0,51,51,51,,,,,1093.3280907999724,,,,,,,,,,,,,,,,,,,,,,,,,,,,,,,,,,,,,,,,1093.321973300539,1093.3280907999724,1093.3280907999724,1095.3119467999786,1095.311994000338,1095.3195892004296,1095.3195892004296,1095.5701721999794,p,1,0.24874670058488846,None,1095.5702299000695,1095.5780394002795,1096.5863839006051,1096.5617415001616,,,,,,,,,,,,,,,,,,,,,,204,1,short,A,2026-07-10_10h45.34.149,SBL_superimposed_encoding,,2026.1.3,119.76506794615439,2026-07-10 10h45.34.366600 -0400,
3,52,52,0,stimuli/scenes/scene_U1.jpg,Undersea,Malbow,stimuli/items/undersea_animal_9.png,Undersea,animal,sc,p,1,0.3986379997804761,None,0,2,2,2,0,52,52,52,,,,,1096.5863839006051,,,,,,,,,,,,,,,,,,,,,,,,,,,,,,,,,,,,,,,,1096.5807960005477,1096.5863839006051,1096.5863839006051,1098.5702632004395,1098.5703090000898,1098.578009600751,1098.578009600751,1098.9786512004212,p,1,0.3986379997804761,None,1098.9787124004215,1098.98634329997,1100.0112832002342,1099.9699800005183,,,,,,,,,,,,,,,,,,,,,,204,1,short,A,2026-07-10_10h45.34.149,SBL_superimposed_encoding,,2026.1.3,119.76506794615439,2026-07-10 10h45.34.366600 -0400,
3,53,53,0,stimuli/scenes/scene_J2.jpg,Jungle,Tulon,stimuli/items/undersea_object_15.png,Undersea,object,si,q,1,0.46985809970647097,None,0,2,2,2,0,53,53,53,,,,,1100.0112832002342,,,,,,,,,,,,,,,,,,,,,,,,,,,,,,,,,,,,,,,,1100.0020499005914,1100.0112832002342,1100.0112832002342,1101.9871911006048,1101.9872374003753,1101.9947664998472,1101.9947664998472,1102.4707356002182,q,1,0.46985809970647097,None,1102.4707952002063,1102.4783492004499,1103.5116650005803,1103.4621911998838,,,,,,,,,,,,,,,,,,,,,,204,1,short,A,2026-07-10_10h45.34.149,SBL_superimposed_encoding,,2026.1.3,119.76506794615439,2026-07-10 10h45.34.366600 -0400,
3,54,54,0,stimuli/scenes/scene_U1.jpg,Undersea,Malbow,stimuli/items/undersea_object_5.png,Undersea,object,sc,p,1,0.6501878006383777,None,0,2,2,2,0,54,54,54,,,,,1103.5116650005803,,,,,,,,,,,,,,,,,,,,,,,,,,,,,,,,,,,,,,,,1103.5050341002643,1103.5116650005803,1103.5116650005803,1105.4708291999996,1105.4708739006892,1105.478471700102,1105.478471700102,1106.1372261000797,p,1,0.6501878006383777,None,1106.1372862998396,1106.1448015002534,1107.1669894000515,1107.1288999998942,,,,,,,,,,,,,,,,,,,,,,204,1,short,A,2026-07-10_10h45.34.149,SBL_superimposed_encoding,,2026.1.3,119.76506794615439,2026-07-10 10h45.34.366600 -0400,
3,55,55,0,stimuli/scenes/scene_J1.jpg,Jungle,Negvi,stimuli/items/undersea_animal_3.png,Undersea,animal,si,q,1,0.3752889996394515,None,0,2,2,2,0,55,55,55,,,,,1107.1669894000515,,,,,,,,,,,,,,,,,,,,,,,,,,,,,,,,,,,,,,,,1107.1562165999785,1107.1669894000515,1107.1669894000515,1109.1374321999028,1109.1374784000218,1109.1453493004665,1109.1453493004665,1109.5292535005137,q,1,0.3752889996394515,None,1109.529312199913,1109.5368314003572,1110.5451782001182,1110.5206019002944,,,,,,,,,,,,,,,,,,,,,,204,1,short,A,2026-07-10_10h45.34.149,SBL_superimposed_encoding,,2026.1.3,119.76506794615439,2026-07-10 10h45.34.366600 -0400,
3,56,56,0,stimuli/scenes/scene_U1.jpg,Undersea,Malbow,stimuli/items/undersea_object_20.png,Undersea,object,sc,p,1,0.6477375002577901,None,0,2,2,2,0,56,56,56,,,,,1110.5451782001182,,,,,,,,,,,,,,,,,,,,,,,,,,,,,,,,,,,,,,,,1110.5391324004158,1110.5451782001182,1110.5451782001182,1112.529431800358,1112.5294738998637,1112.5367144001648,1112.5367144001648,1113.1873936001211,p,1,0.6477375002577901,None,1113.1874609002843,1113.195530200377,1114.2115404000506,1114.1790271000937,,,1112.5367144001648,1112.5367144001648,,,,,,,,,,,,,,,,,,204,1,short,A,2026-07-10_10h45.34.149,SBL_superimposed_encoding,,2026.1.3,119.76506794615439,2026-07-10 10h45.34.366600 -0400,
3,57,57,0,stimuli/scenes/scene_U2.jpg,Undersea,Somar,stimuli/items/jungle_animal_14.png,Jungle,animal,si,q,1,0.30100500024855137,None,0,2,2,2,0,57,57,57,,,,,1114.2115404000506,,,,,,,,,,,,,,,,,,,,,,,,,,,,,,,,,,,,,,,,1114.2030789004639,1114.2115404000506,1114.2115404000506,1116.1877430006862,1116.1878450000659,1116.195242700167,1116.195242700167,1116.5038931006566,q,1,0.30100500024855137,None,1116.5039517004043,1116.511823600158,1117.5364164998755,1117.495918800123,,,,,,,,,,,,,,,,,,,,,,204,1,short,A,2026-07-10_10h45.34.149,SBL_superimposed_encoding,,2026.1.3,119.76506794615439,2026-07-10 10h45.34.366600 -0400,
3,58,58,0,stimuli/scenes/scene_J2.jpg,Jungle,Tulon,stimuli/items/jungle_animal_1.png,Jungle,animal,sc,p,1,0.5205058995634317,None,0,2,2,2,0,58,58,58,,,,,1117.5364164998755,,,,,,,,,,,,,,,,,,,,,,,,,,,,,,,,,,,,,,,,1117.5248701004311,1117.5364164998755,1117.5364164998755,1119.504118300043,1119.5041649006307,1119.5118447998539,1119.5118447998539,1120.0376901999116,p,1,0.5205058995634317,None,1120.0377493007109,1120.045141200535,1121.0613452000543,1121.0286605004221,,,,,,,,,,,,,,,,,,,,,,204,1,short,A,2026-07-10_10h45.34.149,SBL_superimposed_encoding,,2026.1.3,119.76506794615439,2026-07-10 10h45.34.366600 -0400,
3,59,59,0,stimuli/scenes/scene_J1.jpg,Jungle,Negvi,stimuli/items/undersea_object_2.png,Undersea,object,si,None,0,,,0,2,2,2,0,59,59,59,,,,,1121.0613452000543,,,,,,,,,,,,,,,,,,,,,,,,,,,,,,,,,,,,,,,,1121.0496813002974,1121.0613452000543,1121.0613452000543,1123.0380319003016,1123.0380773004144,1123.0452383002266,1123.0452383002266,1124.029009300284,None,0,,,1124.0290574999526,1124.037376800552,1125.051912500523,1125.0208602007478,1124.037376800552,1124.037376800552,,,,,,,,,,,,,,,,,,,,204,1,short,A,2026-07-10_10h45.34.149,SBL_superimposed_encoding,,2026.1.3,119.76506794615439,2026-07-10 10h45.34.366600 -0400,
3,60,60,0,stimuli/scenes/scene_U2.jpg,Undersea,Somar,stimuli/items/undersea_object_19.png,Undersea,object,sc,p,1,0.4427436999976635,None,0,2,2,2,0,60,60,60,,,,,1125.051912500523,,,,,,,,,,,,,,,,,,,,,,,,,,,,,,,,,,,,,,,,1125.0417041005567,1125.051912500523,1125.051912500523,1127.0379744004458,1127.038065300323,1127.0456739999354,1127.0456739999354,1127.4958995999768,p,1,0.4427436999976635,None,1127.4959586998448,1127.5038343006745,1128.5197555003688,1128.487481300719,,,,,,,,,,,,,,,,,,,,,,204,1,short,A,2026-07-10_10h45.34.149,SBL_superimposed_encoding,,2026.1.3,119.76506794615439,2026-07-10 10h45.34.366600 -0400,
3,61,61,0,stimuli/scenes/scene_J2.jpg,Jungle,Tulon,stimuli/items/undersea_object_13.png,Undersea,object,si,q,1,0.29749809950590134,None,0,2,2,2,0,61,61,61,,,,,1128.5197555003688,,,,,,,,,,,,,,,,,,,,,,,,,,,,,,,,,,,,,,,,1128.5096673006192,1128.5197555003688,1128.5197555003688,1130.4963506003842,1130.4963962007314,1130.503863000311,1130.503863000311,1130.804437099956,q,1,0.29749809950590134,None,1130.8044926999137,1130.812156200409,1131.8288387004286,1131.796000700444,,,,,,,,,,,,,,,,,,,,,,204,1,short,A,2026-07-10_10h45.34.149,SBL_superimposed_encoding,,2026.1.3,119.76506794615439,2026-07-10 10h45.34.366600 -0400,
3,62,62,0,stimuli/scenes/scene_U1.jpg,Undersea,Malbow,stimuli/items/jungle_object_10.png,Jungle,object,si,p,0,0.9157937997952104,None,0,2,2,2,0,62,62,62,,,,,1131.8288387004286,,,,,,,,,,,,,,,,,,,,,,,,,,,,,,,,,,,,,,,,1131.821539199911,1131.8288387004286,1131.8288387004286,1133.8131268005818,1133.8132114000618,1133.8207304999232,1133.8207304999232,1134.737771499902,p,0,0.9157937997952104,None,1134.7378489002585,1134.7456745002419,1135.7611113004386,1135.7294238004833,,,,,,,,,,,,,,,,,,,,,,204,1,short,A,2026-07-10_10h45.34.149,SBL_superimposed_encoding,,2026.1.3,119.76506794615439,2026-07-10 10h45.34.366600 -0400,
3,63,63,0,stimuli/scenes/scene_U2.jpg,Undersea,Somar,stimuli/items/undersea_animal_7.png,Undersea,animal,sc,q,0,0.48670259956270456,None,0,2,2,2,0,63,63,63,,,,,1135.7611113004386,,,,,,,,,,,,,,,,,,,,,,,,,,,,,,,,,,,,,,,,1135.7506477003917,1135.7611113004386,1135.7611113004386,1137.7467304002494,1137.7468308005482,1137.7539488002658,1137.7539488002658,1138.2464137002826,q,0,0.48670259956270456,None,1138.2464741002768,1138.2539951000363,1139.270321100019,1139.2375782998279,,,,,,,,,,,,,,,,,,,,,,204,1,short,A,2026-07-10_10h45.34.149,SBL_superimposed_encoding,,2026.1.3,119.76506794615439,2026-07-10 10h45.34.366600 -0400,
3,64,64,0,stimuli/scenes/scene_J2.jpg,Jungle,Tulon,stimuli/items/undersea_animal_17.png,Undersea,animal,si,q,1,0.3948028003796935,None,0,2,2,2,0,64,64,64,,,,,1139.270321100019,,,,,,,,,,,,,,,,,,,,,,,,,,,,,,,,,,,,,,,,1139.25886800047,1139.270321100019,1139.270321100019,1141.2467085998505,1141.2468039998785,1141.2537572002038,1141.2537572002038,1141.6549231000245,q,1,0.3948028003796935,None,1141.6549812005833,1141.662080200389,1142.6774359000847,1142.6460046004504,,,,,,,,,,,,,,,,,,,,,,204,1,short,A,2026-07-10_10h45.34.149,SBL_superimposed_encoding,,2026.1.3,119.76506794615439,2026-07-10 10h45.34.366600 -0400,
3,65,65,0,stimuli/scenes/scene_U2.jpg,Undersea,Somar,stimuli/items/undersea_animal_5.png,Undersea,animal,sc,p,1,0.4979857001453638,None,0,2,2,2,0,65,65,65,,,,,1142.6774359000847,,,,,,,,,,,,,,,,,,,,,,,,,,,,,,,,,,,,,,,,1142.665980600752,1142.6774359000847,1142.6774359000847,1144.662999600172,1144.6630996000022,1144.6708002006635,1144.6708002006635,1145.171479800716,p,1,0.4979857001453638,None,1145.171546800062,1145.1793268006295,1146.1955633005127,1146.162932000123,,,,,,,,,,,,,,,,,,,,,,204,1,short,A,2026-07-10_10h45.34.149,SBL_superimposed_encoding,,2026.1.3,119.76506794615439,2026-07-10 10h45.34.366600 -0400,
3,66,66,0,stimuli/scenes/scene_U1.jpg,Undersea,Malbow,stimuli/items/undersea_animal_12.png,Undersea,animal,sc,p,1,0.2926198998466134,None,0,2,2,2,0,66,66,66,,,,,1146.1955633005127,,,,,,,,,,,,,,,,,,,,,,,,,,,,,,,,,,,,,,,,1146.188232799992,1146.1955633005127,1146.1955633005127,1148.1800319999456,1148.1801280006766,1148.1875736005604,1148.1875736005604,1148.4883071007207,p,1,0.2926198998466134,None,1148.4883652999997,1148.4957733005285,1149.5203559007496,1149.4798365002498,,,,,,,,,,,,,,,,,,,,,,204,1,short,A,2026-07-10_10h45.34.149,SBL_superimposed_encoding,,2026.1.3,119.76506794615439,2026-07-10 10h45.34.366600 -0400,
3,67,67,0,stimuli/scenes/scene_J1.jpg,Jungle,Negvi,stimuli/items/jungle_animal_3.png,Jungle,animal,sc,p,1,0.6807588003575802,None,0,2,2,2,0,67,67,67,,,,,1149.5203559007496,,,,,,,,,,,,,,,,,,,,,,,,,,,,,,,,,,,,,,,,1149.5093352999538,1149.5203559007496,1149.5203559007496,1151.4884997000918,1151.4886006005108,1151.495926800184,1151.495926800184,1152.1803315998986,p,1,0.6807588003575802,None,1152.180389500223,1152.1876717004925,1153.201553400606,1153.1713716005906,,,,,,,,,,,,,,,,,,,,,,204,1,short,A,2026-07-10_10h45.34.149,SBL_superimposed_encoding,,2026.1.3,119.76506794615439,2026-07-10 10h45.34.366600 -0400,
3,68,68,0,stimuli/scenes/scene_U2.jpg,Undersea,Somar,stimuli/items/jungle_animal_16.png,Jungle,animal,si,None,0,,,0,2,2,2,0,68,68,68,,,,,1153.201553400606,,,,,,,,,,,,,,,,,,,,,,,,,,,,,,,,,,,,,,,,1153.1910072006285,1153.201553400606,1153.201553400606,1155.1885011000559,1155.1885461006314,1155.1961181005463,1155.1961181005463,1156.1799552999437,None,0,,,1156.1800041999668,1156.1876687007025,1157.203754500486,1157.171684300527,1156.1876687007025,1156.1876687007025,,,,,,,,,,,,,,,,,,,,204,1,short,A,2026-07-10_10h45.34.149,SBL_superimposed_encoding,,2026.1.3,119.76506794615439,2026-07-10 10h45.34.366600 -0400,
3,69,69,0,stimuli/scenes/scene_U1.jpg,Undersea,Malbow,stimuli/items/jungle_animal_20.png,Jungle,animal,si,q,1,0.4526429995894432,None,0,2,2,2,0,69,69,69,,,,,1157.203754500486,,,,,,,,,,,,,,,,,,,,,,,,,,,,,,,,,,,,,,,,1157.1934436000884,1157.203754500486,1157.203754500486,1159.188700100407,1159.1887964000925,1159.1959442002699,1159.1959442002699,1159.6555240005255,q,1,0.4526429995894432,None,1159.6555802999064,1159.662675499916,1160.6788452006876,1160.6464905003086,,,,,,,,,,,,,,,,,,,,,,204,1,short,A,2026-07-10_10h45.34.149,SBL_superimposed_encoding,,2026.1.3,119.76506794615439,2026-07-10 10h45.34.366600 -0400,
3,70,70,0,stimuli/scenes/scene_J1.jpg,Jungle,Negvi,stimuli/items/jungle_object_2.png,Jungle,object,sc,p,1,0.49748670030385256,None,0,2,2,2,0,70,70,70,,,,,1160.6788452006876,,,,,,,,,,,,,,,,,,,,,,,,,,,,,,,,,,,,,,,,1160.6679743006825,1160.6788452006876,1160.6788452006876,1162.6634135004133,1162.6634578006342,1162.6712696002796,1162.6712696002796,1163.172058400698,p,1,0.49748670030385256,None,1163.1721179001033,1163.179720500484,1164.2025957005098,1164.162975099869,,,,,,,,,,,,,,,,,,,,,,204,1,short,A,2026-07-10_10h45.34.149,SBL_superimposed_encoding,,2026.1.3,119.76506794615439,2026-07-10 10h45.34.366600 -0400,
3,71,71,0,stimuli/scenes/scene_J2.jpg,Jungle,Tulon,stimuli/items/undersea_animal_8.png,Undersea,animal,si,q,1,0.820805300027132,None,0,2,2,2,0,71,71,71,,,,,1164.2025957005098,,,,,,,,,,,,,,,,,,,,,,,,,,,,,,,,,,,,,,,,1164.191038700752,1164.2025957005098,1164.2025957005098,1166.1802150998265,1166.1803018003702,1166.1877236003056,1166.1877236003056,1167.0134369004518,q,1,0.820805300027132,None,1167.013495599851,1167.0212435005233,1168.037423199974,1168.0045503005385,,,,,,,,,,,,,,,,,,,,,,204,1,short,A,2026-07-10_10h45.34.149,SBL_superimposed_encoding,,2026.1.3,119.76506794615439,2026-07-10 10h45.34.366600 -0400,
3,72,72,0,stimuli/scenes/scene_J1.jpg,Jungle,Negvi,stimuli/items/undersea_object_6.png,Undersea,object,si,q,1,0.7712015993893147,None,0,2,2,2,0,72,72,72,,,,,1168.037423199974,,,,,,,,,,,,,,,,,,,,,,,,,,,,,,,,,,,,,,,,1168.0272254003212,1168.037423199974,1168.037423199974,1170.0220541004092,1170.0220993002877,1170.0295512005687,1170.0295512005687,1170.8053900999948,q,1,0.7712015993893147,None,1170.8054493004456,1170.8128169998527,1171.8289828998968,1171.7963230004534,,,,,,,,,,,,,,,,,,,,,,204,1,short,A,2026-07-10_10h45.34.149,SBL_superimposed_encoding,,2026.1.3,119.76506794615439,2026-07-10 10h45.34.366600 -0400,
3,73,73,0,stimuli/scenes/scene_J2.jpg,Jungle,Tulon,stimuli/items/jungle_object_11.png,Jungle,object,sc,p,1,0.4352015992626548,None,0,2,2,2,0,73,73,73,,,,,1171.8289828998968,,,,,,,,,,,,,,,,,,,,,,,,,,,,,,,,,,,,,,,,1171.8175697000697,1171.8289828998968,1171.8289828998968,1173.813816100359,1173.8138795001432,1173.8211901001632,1173.8211901001632,1174.2639047000557,p,1,0.4352015992626548,None,1174.263963200152,1174.2716013006866,1175.287592000328,1175.254910999909,,,,,,,,,,,,,,,,,,,,,,204,1,short,A,2026-07-10_10h45.34.149,SBL_superimposed_encoding,,2026.1.3,119.76506794615439,2026-07-10 10h45.34.366600 -0400,
3,74,74,0,stimuli/scenes/scene_J1.jpg,Jungle,Negvi,stimuli/items/undersea_object_3.png,Undersea,object,si,q,1,0.7687961999326944,None,0,2,2,2,0,74,74,74,,,,,1175.287592000328,,,,,,,,,,,,,,,,,,,,,,,,,,,,,,,,,,,,,,,,1175.2756222002208,1175.287592000328,1175.287592000328,1177.2720848005265,1177.2721757004037,1177.2796948002651,1177.2796948002651,1178.0556850004941,q,1,0.7687961999326944,None,1178.055744100362,1178.0628775004297,1179.0794505001977,1179.0469857007265,,,,,,,,,,,,,,,,,,,,,,204,1,short,A,2026-07-10_10h45.34.149,SBL_superimposed_encoding,,2026.1.3,119.76506794615439,2026-07-10 10h45.34.366600 -0400,
3,75,75,0,stimuli/scenes/scene_J2.jpg,Jungle,Tulon,stimuli/items/undersea_animal_4.png,Undersea,animal,si,None,0,,,0,2,2,2,0,75,75,75,,,,,1179.0794505001977,,,,,,,,,,,,,,,,,,,,,,,,,,,,,,,,,,,,,,,,1179.0693759005517,1179.0794505001977,1179.0794505001977,1181.064110700041,1181.0642005000263,1181.071457900107,1181.071457900107,1182.0553275002167,None,0,,,1182.055375800468,1182.063305400312,1183.079469400458,1183.0470040999353,1182.063305400312,1182.063305400312,,,,,,,,,,,,,,,,,,,,204,1,short,A,2026-07-10_10h45.34.149,SBL_superimposed_encoding,,2026.1.3,119.76506794615439,2026-07-10 10h45.34.366600 -0400,
3,76,76,0,stimuli/scenes/scene_J1.jpg,Jungle,Negvi,stimuli/items/jungle_animal_19.png,Jungle,animal,sc,p,1,0.8169698994606733,None,0,2,2,2,0,76,76,76,,,,,1183.079469400458,,,,,,,,,,,,,,,,,,,,,,,,,,,,,,,,,,,,,,,,1183.069187500514,1183.079469400458,1183.079469400458,1185.0636285003275,1185.0636728005484,1185.071666000411,1185.071666000411,1185.8893772000447,p,1,0.8169698994606733,None,1185.8894369006157,1185.8965730005875,1186.9193219002336,1186.8804849004373,,,,,,,,,,,,,,,,,,,,,,204,1,short,A,2026-07-10_10h45.34.149,SBL_superimposed_encoding,,2026.1.3,119.76506794615439,2026-07-10 10h45.34.366600 -0400,
3,77,77,0,stimuli/scenes/scene_U2.jpg,Undersea,Somar,stimuli/items/undersea_object_11.png,Undersea,object,sc,p,1,0.9355661999434233,None,0,2,2,2,0,77,77,77,,,,,1186.9193219002336,,,,,,,,,,,,,,,,,,,,,,,,,,,,,,,,,,,,,,,,1186.9089310001582,1186.9193219002336,1186.9193219002336,1188.8973938999698,1188.8974387003109,1188.9049136005342,1188.9049136005342,1189.847552999854,p,1,0.9355661999434233,None,1189.8476133001968,1189.8548073004931,1190.8712864005938,1190.8390431003645,,,,,,,,,,,,,,,,,,,,,,204,1,short,A,2026-07-10_10h45.34.149,SBL_superimposed_encoding,,2026.1.3,119.76506794615439,2026-07-10 10h45.34.366600 -0400,
3,78,78,0,stimuli/scenes/scene_U1.jpg,Undersea,Malbow,stimuli/items/undersea_object_8.png,Undersea,object,sc,p,1,0.6578350001946092,None,0,2,2,2,0,78,78,78,,,,,1190.8712864005938,,,,,,,,,,,,,,,,,,,,,,,,,,,,,,,,,,,,,,,,1190.8629724001512,1190.8712864005938,1190.8712864005938,1192.8557028006762,1192.855748699978,1192.8631962006912,1192.8631962006912,1193.5222388003021,p,1,0.6578350001946092,None,1193.5222970005125,1193.5302654001862,1194.5463177002966,1194.5140609005466,,,,,,,,,,,,,,,,,,,,,,204,1,short,A,2026-07-10_10h45.34.149,SBL_superimposed_encoding,,2026.1.3,119.76506794615439,2026-07-10 10h45.34.366600 -0400,
3,79,79,0,stimuli/scenes/scene_J1.jpg,Jungle,Negvi,stimuli/items/jungle_object_3.png,Jungle,object,sc,p,1,0.7663242993876338,None,0,2,2,2,0,79,79,79,,,,,1194.5463177002966,,,,,,,,,,,,,,,,,,,,,,,,,,,,,,,,,,,,,,,,1194.5362315000966,1194.5463177002966,1194.5463177002966,1196.5223603006452,1196.5224053002894,1196.5301290005445,1196.5301290005445,1197.2973541999236,p,1,0.7663242993876338,None,1197.2974150003865,1197.305111600086,1198.3048200998455,1198.2889747004956,,,,,,,,,,,,,,,,,,,,,,204,1,short,A,2026-07-10_10h45.34.149,SBL_superimposed_encoding,,2026.1.3,119.76506794615439,2026-07-10 10h45.34.366600 -0400,
,,,,,,,,,,,,,,,,,,,,,,,,,,,,,,,,,,,,,,,,,,,,,,,,,,,,,,,,,,,,,,,,,,,,,,,,,,,,,,,,,,,,,,,1198.294764100574,1198.2949808007106,,,,,,,,,1198.3021104000509,1198.3048200998455,1199.2888448005542,1200.8226685998961,space,1.5274776006117463,None,204,1,short,A,2026-07-10_10h45.34.149,SBL_superimposed_encoding,,2026.1.3,119.76506794615439,2026-07-10 10h45.34.366600 -0400,
