run,thisN,thisTrialN,thisRepN,scene_stimulus,scene_cat,scene_label,item_stimulus,item_cat,item_type,congruency,key_resp_congruency.keys,key_resp_congruency.corr,key_resp_congruency.rt,key_resp_congruency.duration,runs.thisRepN,runs.thisTrialN,runs.thisN,runs.thisIndex,trials.thisRepN,trials.thisTrialN,trials.thisN,trials.thisIndex,between_run_inst.thisRepN,between_run_inst.thisTrialN,between_run_inst.thisN,between_run_inst.thisIndex,thisRow.t,notes,piloting,get_relatedness_keys.started,get_relatedness_keys.stopped,instructions_screen.started,text_instructions.started,key_welcome.started,instructions_screen.stopped,key_welcome.keys,key_welcome.rt,key_welcome.duration,instruction_keys.started,text_keys.started,key_resp_keysInst.started,instruction_keys.stopped,key_resp_keysInst.keys,key_resp_keysInst.rt,key_resp_keysInst.duration,scene_names_reminder.started,text_reminder.started,image1.started,image2.started,image3.started,image4.started,textbox1.started,textbox2.started,textbox3.started,textbox4.started,key_reminder.started,scene_names_reminder.stopped,key_reminder.keys,key_reminder.rt,key_reminder.duration,blank2000.started,text_2.started,text_2.stopped,blank2000.stopped,get_run_stim_list.started,get_run_stim_list.stopped,scene_item_presentation.started,image_scene.started,image_item.started,scene_item_presentation.stopped,congruency_response.started,text_congruency.started,key_resp_congruency.started,text_congruency.stopped,key_resp_congruency.stopped,congruency_response.stopped,trials.key_resp_congruency.keys,trials.key_resp_congruency.corr,blank1000.started,text.started,text.stopped,blank1000.stopped,trials.key_resp_congruency.rt,trials.key_resp_congruency.duration,is_last_run.started,is_last_run.stopped,between_run_pause.started,text_run_pause.started,text_relatedness_pause.started,key_resp_next_run.started,between_run_pause.stopped,between_run_inst.key_resp_next_run.keys,between_run_inst.key_resp_next_run.rt,between_run_inst.key_resp_next_run.duration,image_scene.stopped,image_item.stopped,end_screen.started,text_end.started,key_end.started,end_screen.stopped,key_end.keys,key_end.rt,key_end.duration,participant,session,delay,group,date,expName,expVersion,psychopyVersion,frameRate,expStart,
,,,,,,,,,,,,,,,,,,,,,,,,,,,,,False,0.0025279000401496887,0.0028637999203056097,,,,,,,,,,,,,,,,,,,,,,,,,,,,,,,,,,,,,,,,,,,,,,,,,,,,,,,,,,,,,,,,,,,,,,,,,205,1,short,A,2026-07-10_13h45.21.247,SBL_superimposed_encoding,,2026.1.3,119.57217091126466,2026-07-10 13h45.21.469065 -0400,
,,,,,,,,,,,,,,,,,,,,,,,,,,,,,,,,0.002891100011765957,0.00780680007301271,0.9991745001170784,16.913859100081027,space,15.899563899962232,None,,,,,,,,,,,,,,,,,,,,,,,,,,,,,,,,,,,,,,,,,,,,,,,,,,,,,,,,,,,,,,,,,,205,1,short,A,2026-07-10_13h45.21.247,SBL_superimposed_encoding,,2026.1.3,119.57217091126466,2026-07-10 13h45.21.469065 -0400,
,,,,,,,,,,,,,,,,,,,,,,,,,,,,,,,,,,,,,,,16.939682099968195,16.942711600102484,16.942711600102484,30.550916499923915,space,13.604292100062594,None,,,,,,,,,,,,,,,,,,,,,,,,,,,,,,,,,,,,,,,,,,,,,,,,,,,,,,,,,,,205,1,short,A,2026-07-10_13h45.21.247,SBL_superimposed_encoding,,2026.1.3,119.57217091126466,2026-07-10 13h45.21.469065 -0400,
,,,,,,,,,,,,,,,,,,,,,,,,,,,,,,,,,,,,,,,,,,,,,,30.820848499890417,30.896763999946415,30.896763999946415,30.896763999946415,30.896763999946415,30.896763999946415,30.896763999946415,30.896763999946415,30.896763999946415,30.896763999946415,32.550068699987605,45.65923899994232,space,13.101062000030652,None,,,,,,,,,,,,,,,,,,,,,,,,,,,,,,,,,,,,,,,,,,,,205,1,short,A,2026-07-10_13h45.21.247,SBL_superimposed_encoding,,2026.1.3,119.57217091126466,2026-07-10 13h45.21.469065 -0400,
,,,,,,,,,,,,,,,,,,,,,,,,,,,,,,,,,,,,,,,,,,,,,,,,,,,,,,,,,,,,,45.659283000044525,45.66638600011356,47.79140200000256,47.65018790005706,,,,,,,,,,,,,,,,,,,,,,,,,,,,,,,,,,,,,,,,205,1,short,A,2026-07-10_13h45.21.247,SBL_superimposed_encoding,,2026.1.3,119.57217091126466,2026-07-10 13h45.21.469065 -0400,
1,0,0,0,stimuli/scenes/scene_J1.jpg,Jungle,Negvi,stimuli/items/jungle_animal_9.png,Jungle,animal,sc,None,0,,,0,0,0,0,0,0,0,0,,,,,47.79140200000256,,,,,,,,,,,,,,,,,,,,,,,,,,,,,,,,,,,,,,47.67064359993674,47.670880699995905,47.781548799946904,47.79140200000256,47.79140200000256,49.675525000086054,49.67867109994404,49.683420500019565,49.683420500019565,50.6750127999112,50.6750127999112,50.66724189999513,None,0,50.66728610009886,50.6750127999112,51.700224000029266,51.65886899991892,,,,,,,,,,,,,,,,,,,,,,205,1,short,A,2026-07-10_13h45.21.247,SBL_superimposed_encoding,,2026.1.3,119.57217091126466,2026-07-10 13h45.21.469065 -0400,
1,1,1,0,stimuli/scenes/scene_U1.jpg,Undersea,Malbow,stimuli/items/undersea_object_9.png,Undersea,object,sc,q,1,0.9278543998952955,None,0,0,0,0,0,1,1,1,,,,,51.700224000029266,,,,,,,,,,,,,,,,,,,,,,,,,,,,,,,,,,,,,,,,51.69529199996032,51.700224000029266,51.700224000029266,53.67593519994989,53.67603230010718,53.68322720006108,53.68322720006108,,,54.61765750008635,q,1,54.61771490005776,54.62510640011169,55.64997610007413,55.60905830003321,0.9278543998952955,None,,,,,,,,,,,,,,,,,,,,205,1,short,A,2026-07-10_13h45.21.247,SBL_superimposed_encoding,,2026.1.3,119.57217091126466,2026-07-10 13h45.21.469065 -0400,
1,2,2,0,stimuli/scenes/scene_J2.jpg,Jungle,Tulon,stimuli/items/undersea_object_19.png,Undersea,object,si,p,1,0.5534198000095785,None,0,0,0,0,0,2,2,2,,,,,55.64997610007413,,,,,,,,,,,,,,,,,,,,,,,,,,,,,,,,,,,,,,,,55.64153339993209,55.64997610007413,55.64997610007413,57.617861199891195,57.61796210007742,57.625113599933684,57.625113599933684,,,58.18452990008518,p,1,58.18458799994551,58.191933900117874,59.22338470001705,59.175465600099415,0.5534198000095785,None,,,,,,,,,,,,,,,,,,,,205,1,short,A,2026-07-10_13h45.21.247,SBL_superimposed_encoding,,2026.1.3,119.57217091126466,2026-07-10 13h45.21.469065 -0400,
1,3,3,0,stimuli/scenes/scene_U2.jpg,Undersea,Somar,stimuli/items/jungle_object_6.png,Jungle,object,si,None,0,,,0,0,0,0,0,3,3,3,,,,,59.22338470001705,,,,,,,,,,,,,,,,,,,,,,,,,,,,,,,,,,,,,,,,59.21211239998229,59.22338470001705,59.22338470001705,61.1926867000293,61.192732400028035,61.20046250009909,61.20046250009909,62.19226279994473,62.19226279994473,62.18359509995207,None,0,62.18365120003,62.19226279994473,63.225348100066185,63.175821099895984,,,,,,,,,,,,,,,,,,,,,,205,1,short,A,2026-07-10_13h45.21.247,SBL_superimposed_encoding,,2026.1.3,119.57217091126466,2026-07-10 13h45.21.469065 -0400,
1,4,4,0,stimuli/scenes/scene_J1.jpg,Jungle,Negvi,stimuli/items/jungle_object_11.png,Jungle,object,sc,q,1,0.4023861999157816,None,0,0,0,0,0,4,4,4,,,,,63.225348100066185,,,,,,,,,,,,,,,,,,,,,,,,,,,,,,,,,,,,,,,,63.21786929992959,63.225348100066185,63.225348100066185,65.19304909999482,65.19314419990405,65.20055889990181,65.20055889990181,,,65.60953920008615,q,1,65.60959460004233,65.61708789994009,66.65021120011806,66.60083919996396,0.4023861999157816,None,,,,,,,,,,,,,,,,,,,,205,1,short,A,2026-07-10_13h45.21.247,SBL_superimposed_encoding,,2026.1.3,119.57217091126466,2026-07-10 13h45.21.469065 -0400,
1,5,5,0,stimuli/scenes/scene_U2.jpg,Undersea,Somar,stimuli/items/jungle_animal_15.png,Jungle,animal,si,p,1,0.3215061998926103,None,0,0,0,0,0,5,5,5,,,,,66.65021120011806,,,,,,,,,,,,,,,,,,,,,,,,,,,,,,,,,,,,,,,,66.64327019988559,66.65021120011806,66.65021120011806,68.61801610002294,68.61811339994892,68.62537380005233,68.62537380005233,,,68.95122759998776,p,1,68.9512847000733,68.95868299994618,69.99152850010432,69.94232750008814,0.3215061998926103,None,,,,,,,,,,,,,,,,,,,,205,1,short,A,2026-07-10_13h45.21.247,SBL_superimposed_encoding,,2026.1.3,119.57217091126466,2026-07-10 13h45.21.469065 -0400,
1,6,6,0,stimuli/scenes/scene_J1.jpg,Jungle,Negvi,stimuli/items/jungle_animal_11.png,Jungle,animal,sc,q,1,0.4516612000297755,None,0,0,0,0,0,6,6,6,,,,,69.99152850010432,,,,,,,,,,,,,,,,,,,,,,,,,,,,,,,,,,,,,,,,69.98077020002529,69.99152850010432,69.99152850010432,71.95929779997095,71.95934140007012,71.96703510009684,71.96703510009684,,,72.42579969996586,q,1,72.42585709993728,72.43377929995768,73.52259190008044,73.41767029999755,0.4516612000297755,None,,,,,,,,,,,,,,,,,,,,205,1,short,A,2026-07-10_13h45.21.247,SBL_superimposed_encoding,,2026.1.3,119.57217091126466,2026-07-10 13h45.21.469065 -0400,
1,7,7,0,stimuli/scenes/scene_U1.jpg,Undersea,Malbow,stimuli/items/jungle_object_12.png,Jungle,object,si,p,1,0.43398629990406334,None,0,0,0,0,0,7,7,7,,,,,73.52259190008044,,,,,,,,,,,,,,,,,,,,,,,,,,,,,,,,,,,,,,,,73.51107940007932,73.52259190008044,73.52259190008044,75.43404379999265,75.43409219989553,75.44180719996803,75.44180719996803,,,75.88450090005063,p,1,75.88455899991095,75.8918687000405,76.90840020007454,76.87584670004435,0.43398629990406334,None,,,,,,,,,,,,,,,,,,,,205,1,short,A,2026-07-10_13h45.21.247,SBL_superimposed_encoding,,2026.1.3,119.57217091126466,2026-07-10 13h45.21.469065 -0400,
1,8,8,0,stimuli/scenes/scene_J1.jpg,Jungle,Negvi,stimuli/items/undersea_animal_1.png,Undersea,animal,si,p,1,0.3899976001121104,None,0,0,0,0,0,8,8,8,,,,,76.90840020007454,,,,,,,,,,,,,,,,,,,,,,,,,,,,,,,,,,,,,,,,76.897545899963,76.90840020007454,76.90840020007454,78.88464649999514,78.88469170010649,78.89246160001494,78.89246160001494,,,79.28431300004013,p,1,79.28436989989132,79.29223649995402,80.35018309997395,80.27581300004385,0.3899976001121104,None,,,,,,,,,,,,,,,,,,,,205,1,short,A,2026-07-10_13h45.21.247,SBL_superimposed_encoding,,2026.1.3,119.57217091126466,2026-07-10 13h45.21.469065 -0400,
1,9,9,0,stimuli/scenes/scene_J2.jpg,Jungle,Tulon,stimuli/items/jungle_animal_20.png,Jungle,animal,sc,q,1,0.44618719979189336,None,0,0,0,0,0,9,9,9,,,,,80.35018309997395,,,,,,,,,,,,,,,,,,,,,,,,,,,,,,,,,,,,,,,,80.340469900053,80.35018309997395,80.35018309997395,82.28496029996313,82.28506499994546,82.29229849996045,82.29229849996045,,,82.74295690003783,q,1,82.74301479989663,82.75104829994962,83.7669317999389,83.73444349993952,0.44618719979189336,None,,,,,,,,,,,,,,,,,,,,205,1,short,A,2026-07-10_13h45.21.247,SBL_superimposed_encoding,,2026.1.3,119.57217091126466,2026-07-10 13h45.21.469065 -0400,
1,10,10,0,stimuli/scenes/scene_U1.jpg,Undersea,Malbow,stimuli/items/jungle_animal_1.png,Jungle,animal,si,p,1,0.33927439991384745,None,0,0,0,0,0,10,10,10,,,,,83.7669317999389,,,,,,,,,,,,,,,,,,,,,,,,,,,,,,,,,,,,,,,,83.75547709991224,83.7669317999389,83.7669317999389,85.75154229998589,85.75158610008657,85.75915489997715,85.75915489997715,,,86.10173940006644,p,1,86.10179600003175,86.10885459999554,87.15043890010566,87.09284129994921,0.33927439991384745,None,,,,,,,,,,,,,,,,,,,,205,1,short,A,2026-07-10_13h45.21.247,SBL_superimposed_encoding,,2026.1.3,119.57217091126466,2026-07-10 13h45.21.469065 -0400,
1,11,11,0,stimuli/scenes/scene_J1.jpg,Jungle,Negvi,stimuli/items/undersea_object_1.png,Undersea,object,si,p,1,0.4056017999537289,None,0,0,0,0,0,11,11,11,,,,,87.15043890010566,,,,,,,,,,,,,,,,,,,,,,,,,,,,,,,,,,,,,,,,87.14239050005563,87.15043890010566,87.15043890010566,89.10956249991432,89.10960650001653,89.1175245998893,89.1175245998893,,,89.5266642998904,p,1,89.52672070008703,89.53412720002234,90.56696489988826,90.51774820010178,0.4056017999537289,None,,,,,,,,,,,,,,,,,,,,205,1,short,A,2026-07-10_13h45.21.247,SBL_superimposed_encoding,,2026.1.3,119.57217091126466,2026-07-10 13h45.21.469065 -0400,
1,12,12,0,stimuli/scenes/scene_U2.jpg,Undersea,Somar,stimuli/items/undersea_object_6.png,Undersea,object,sc,q,1,0.35745399980805814,None,0,0,0,0,0,12,12,12,,,,,90.56696489988826,,,,,,,,,,,,,,,,,,,,,,,,,,,,,,,,,,,,,,,,90.55768759991042,90.56696489988826,90.56696489988826,92.53464840003289,92.53469239990227,92.54238749993965,92.54238749993965,,,92.90135820000432,q,1,92.9014135999605,92.90902959997766,93.93413800001144,93.89259409997612,0.35745399980805814,None,,,,,,,,,,,,,,,,,,,,205,1,short,A,2026-07-10_13h45.21.247,SBL_superimposed_encoding,,2026.1.3,119.57217091126466,2026-07-10 13h45.21.469065 -0400,
1,13,13,0,stimuli/scenes/scene_J2.jpg,Jungle,Tulon,stimuli/items/undersea_animal_14.png,Undersea,animal,si,p,1,0.3411523001268506,None,0,0,0,0,0,13,13,13,,,,,93.93413800001144,,,,,,,,,,,,,,,,,,,,,,,,,,,,,,,,,,,,,,,,93.9266331999097,93.93413800001144,93.93413800001144,95.90985750011168,95.90990160009824,95.91757869999856,95.91757869999856,,,96.25981130008586,p,1,96.25986719992943,96.2672220999375,97.31579959997907,97.25108240009286,0.3411523001268506,None,,,,,,,,,,,,,,,,,,,,205,1,short,A,2026-07-10_13h45.21.247,SBL_superimposed_encoding,,2026.1.3,119.57217091126466,2026-07-10 13h45.21.469065 -0400,
1,14,14,0,stimuli/scenes/scene_U1.jpg,Undersea,Malbow,stimuli/items/undersea_animal_2.png,Undersea,animal,sc,q,1,0.8317219000309706,None,0,0,0,0,0,14,14,14,,,,,97.31579959997907,,,,,,,,,,,,,,,,,,,,,,,,,,,,,,,,,,,,,,,,97.3045914999675,97.31579959997907,97.31579959997907,99.25992779992521,99.2599722999148,99.26755160000175,99.26755160000175,,,100.10165730002336,q,1,100.10171349998564,100.10941429995,101.14027009997517,101.09324590000324,0.8317219000309706,None,,,,,,,,,,,,,,,,,,,,205,1,short,A,2026-07-10_13h45.21.247,SBL_superimposed_encoding,,2026.1.3,119.57217091126466,2026-07-10 13h45.21.469065 -0400,
1,15,15,0,stimuli/scenes/scene_U2.jpg,Undersea,Somar,stimuli/items/jungle_animal_7.png,Jungle,animal,si,p,1,0.4213924000505358,None,0,0,0,0,0,15,15,15,,,,,101.14027009997517,,,,,,,,,,,,,,,,,,,,,,,,,,,,,,,,,,,,,,,,101.1298056000378,101.14027009997517,101.14027009997517,103.11018679989502,103.11023240000941,103.11750719998963,103.11750719998963,,,103.54304190003313,p,1,103.54309950000606,103.55100300000049,104.57565440004691,104.53485860000364,0.4213924000505358,None,,,,,,,,,,,,,,,,,,,,205,1,short,A,2026-07-10_13h45.21.247,SBL_superimposed_encoding,,2026.1.3,119.57217091126466,2026-07-10 13h45.21.469065 -0400,
1,16,16,0,stimuli/scenes/scene_U1.jpg,Undersea,Malbow,stimuli/items/undersea_animal_7.png,Undersea,animal,sc,q,1,0.37985619995743036,None,0,0,0,0,0,16,16,16,,,,,104.57565440004691,,,,,,,,,,,,,,,,,,,,,,,,,,,,,,,,,,,,,,,,104.56690239999443,104.57565440004691,104.57565440004691,106.54353719996288,106.54358140006661,106.55102139990777,106.55102139990777,,,106.93508720002137,q,1,106.93514519999735,106.94271370000206,107.97569189989008,107.92657959996723,0.37985619995743036,None,,,,,,,,,,,,,,,,,,,,205,1,short,A,2026-07-10_13h45.21.247,SBL_superimposed_encoding,,2026.1.3,119.57217091126466,2026-07-10 13h45.21.469065 -0400,
1,17,17,0,stimuli/scenes/scene_U2.jpg,Undersea,Somar,stimuli/items/jungle_object_7.png,Jungle,object,si,p,1,0.32412010012194514,None,0,0,0,0,0,17,17,17,,,,,107.97569189989008,,,,,,,,,,,,,,,,,,,,,,,,,,,,,,,,,,,,,,,,107.96633460000157,107.97569189989008,107.97569189989008,109.94336319994181,109.94345939997584,109.95118959993124,109.95118959993124,,,110.27668590005487,p,1,110.27674239990301,110.28451630007476,111.32559989998117,111.26778930006549,0.32412010012194514,None,,,,,,,,,,,,,,,,,,,,205,1,short,A,2026-07-10_13h45.21.247,SBL_superimposed_encoding,,2026.1.3,119.57217091126466,2026-07-10 13h45.21.469065 -0400,
1,18,18,0,stimuli/scenes/scene_J2.jpg,Jungle,Tulon,stimuli/items/jungle_object_9.png,Jungle,object,sc,None,0,,,0,0,0,0,0,18,18,18,,,,,111.32559989998117,,,,,,,,,,,,,,,,,,,,,,,,,,,,,,,,,,,,,,,,111.31393450009637,111.32559989998117,111.32559989998117,113.2770686999429,113.27716540009715,113.2844889999833,113.2844889999833,114.27621089993045,114.27621089993045,114.26806910010055,None,0,114.26811400009319,114.27621089993045,115.31684170011431,115.25970999989659,,,,,,,,,,,,,,,,,,,,,,205,1,short,A,2026-07-10_13h45.21.247,SBL_superimposed_encoding,,2026.1.3,119.57217091126466,2026-07-10 13h45.21.469065 -0400,
1,19,19,0,stimuli/scenes/scene_U2.jpg,Undersea,Somar,stimuli/items/jungle_animal_10.png,Jungle,animal,si,p,1,0.25436219992116094,None,0,0,0,0,0,19,19,19,,,,,115.31684170011431,,,,,,,,,,,,,,,,,,,,,,,,,,,,,,,,,,,,,,,,115.30596829997376,115.31684170011431,115.31684170011431,117.27700280002318,117.27709920005873,117.28471860010177,117.28471860010177,,,117.54389839991927,p,1,117.54396519996226,117.55114279990084,118.57604920002632,118.53462849999778,0.25436219992116094,None,,,,,,,,,,,,,,,,,,,,205,1,short,A,2026-07-10_13h45.21.247,SBL_superimposed_encoding,,2026.1.3,119.57217091126466,2026-07-10 13h45.21.469065 -0400,
1,20,20,0,stimuli/scenes/scene_J2.jpg,Jungle,Tulon,stimuli/items/undersea_animal_19.png,Undersea,animal,si,p,1,0.22743059997446835,None,0,0,0,0,0,20,20,20,,,,,118.57604920002632,,,,,,,,,,,,,,,,,,,,,,,,,,,,,,,,,,,,,,,,118.56696059997194,118.57604920002632,118.57604920002632,120.55215559992939,120.5522344999481,120.55968290008605,120.55968290008605,,,120.79382629995234,p,1,120.7938892999664,120.80126499990001,121.83435930009,121.78514080005698,0.22743059997446835,None,,,,,,,,,,,,,,,,,,,,205,1,short,A,2026-07-10_13h45.21.247,SBL_superimposed_encoding,,2026.1.3,119.57217091126466,2026-07-10 13h45.21.469065 -0400,
1,21,21,0,stimuli/scenes/scene_U2.jpg,Undersea,Somar,stimuli/items/undersea_animal_13.png,Undersea,animal,sc,q,1,0.27281410014256835,None,0,0,0,0,0,21,21,21,,,,,121.83435930009,,,,,,,,,,,,,,,,,,,,,,,,,,,,,,,,,,,,,,,,121.82538879988715,121.83435930009,121.83435930009,123.801771099912,123.80181530001573,123.80995810008608,123.80995810008608,,,124.08517310000025,q,1,124.08522749994881,124.09292640001513,125.14242310007103,125.07660949998535,0.27281410014256835,None,,,,,,,,,,,,,,,,,,,,205,1,short,A,2026-07-10_13h45.21.247,SBL_superimposed_encoding,,2026.1.3,119.57217091126466,2026-07-10 13h45.21.469065 -0400,
1,22,22,0,stimuli/scenes/scene_J2.jpg,Jungle,Tulon,stimuli/items/undersea_animal_15.png,Undersea,animal,si,p,1,0.30173639999702573,None,0,0,0,0,0,22,22,22,,,,,125.14242310007103,,,,,,,,,,,,,,,,,,,,,,,,,,,,,,,,,,,,,,,,125.13080070004798,125.14242310007103,125.14242310007103,127.08569410000928,127.08579199993983,127.09311989997514,127.09311989997514,,,127.40241319988854,p,1,127.40247020008974,127.40996160008945,128.4262775001116,128.3935622998979,0.30173639999702573,None,,,,,,,,,,,,,,,,,,,,205,1,short,A,2026-07-10_13h45.21.247,SBL_superimposed_encoding,,2026.1.3,119.57217091126466,2026-07-10 13h45.21.469065 -0400,
1,23,23,0,stimuli/scenes/scene_U2.jpg,Undersea,Somar,stimuli/items/undersea_animal_10.png,Undersea,animal,sc,p,0,0.304564299993217,None,0,0,0,0,0,23,23,23,,,,,128.4262775001116,,,,,,,,,,,,,,,,,,,,,,,,,,,,,,,,,,,,,,,,128.41754440008663,128.4262775001116,128.4262775001116,130.4104790999554,130.41055330005474,130.4181540000718,130.4181540000718,,,130.72760590002872,p,0,130.7276671999134,130.7346892999485,131.76818450004794,131.7183203001041,0.304564299993217,None,,,,,,,,,,,,,,,,,,,,205,1,short,A,2026-07-10_13h45.21.247,SBL_superimposed_encoding,,2026.1.3,119.57217091126466,2026-07-10 13h45.21.469065 -0400,
1,24,24,0,stimuli/scenes/scene_J1.jpg,Jungle,Negvi,stimuli/items/undersea_animal_8.png,Undersea,animal,si,p,1,0.3873840000014752,None,0,0,0,0,0,24,24,24,,,,,131.76818450004794,,,,,,,,,,,,,,,,,,,,,,,,,,,,,,,,,,,,,,,,131.76113500003703,131.76818450004794,131.76818450004794,133.7351557998918,133.73520100000314,133.74293299997225,133.74293299997225,,,134.13521190010943,p,1,134.13527059997432,134.1430679000914,135.17538550007157,135.12667870009318,0.3873840000014752,None,,,,,,,,,,,,,,,,,,,,205,1,short,A,2026-07-10_13h45.21.247,SBL_superimposed_encoding,,2026.1.3,119.57217091126466,2026-07-10 13h45.21.469065 -0400,
1,25,25,0,stimuli/scenes/scene_U2.jpg,Undersea,Somar,stimuli/items/undersea_animal_20.png,Undersea,animal,sc,q,1,0.3000760998111218,None,0,0,0,0,0,25,25,25,,,,,135.17538550007157,,,,,,,,,,,,,,,,,,,,,,,,,,,,,,,,,,,,,,,,135.16507610003464,135.17538550007157,135.17538550007157,137.13597350008786,137.13606949988753,137.14320180006325,137.14320180006325,,,137.44403559993953,q,1,137.44409219990484,137.45187409990467,138.4928528999444,138.4354113000445,0.3000760998111218,None,,,,,,,,,,,,,,,,,,,,205,1,short,A,2026-07-10_13h45.21.247,SBL_superimposed_encoding,,2026.1.3,119.57217091126466,2026-07-10 13h45.21.469065 -0400,
1,26,26,0,stimuli/scenes/scene_J1.jpg,Jungle,Negvi,stimuli/items/undersea_object_5.png,Undersea,object,si,p,1,0.4154389000032097,None,0,0,0,0,0,26,26,26,,,,,138.4928528999444,,,,,,,,,,,,,,,,,,,,,,,,,,,,,,,,,,,,,,,,138.48313560010865,138.4928528999444,138.4928528999444,140.444198400015,140.44424590002745,140.4514927000273,140.4514927000273,,,140.86889780010097,p,1,140.86895449995063,140.8765459000133,141.89071019995026,141.86036220006645,0.4154389000032097,None,,,,,,,,,,,,,,,,,,,,205,1,short,A,2026-07-10_13h45.21.247,SBL_superimposed_encoding,,2026.1.3,119.57217091126466,2026-07-10 13h45.21.469065 -0400,
1,27,27,0,stimuli/scenes/scene_U2.jpg,Undersea,Somar,stimuli/items/jungle_animal_17.png,Jungle,animal,si,p,1,0.27006320003420115,None,0,0,0,0,0,27,27,27,,,,,141.89071019995026,,,,,,,,,,,,,,,,,,,,,,,,,,,,,,,,,,,,,,,,141.8802742001135,141.89071019995026,141.89071019995026,143.8691414000932,143.86918519996107,143.87676299992017,143.87676299992017,,,144.15203080000356,p,1,144.15208490006626,144.16005970002152,145.20064030005597,145.14381140004843,0.27006320003420115,None,,,,,,,,,,,,,,,,,,,,205,1,short,A,2026-07-10_13h45.21.247,SBL_superimposed_encoding,,2026.1.3,119.57217091126466,2026-07-10 13h45.21.469065 -0400,
1,28,28,0,stimuli/scenes/scene_J1.jpg,Jungle,Negvi,stimuli/items/jungle_animal_6.png,Jungle,animal,sc,q,1,0.34695330006070435,None,0,0,0,0,0,28,28,28,,,,,145.20064030005597,,,,,,,,,,,,,,,,,,,,,,,,,,,,,,,,,,,,,,,,145.19000730011612,145.20064030005597,145.20064030005597,147.15253630001098,147.15258010011166,147.16019580001011,147.16019580001011,,,147.5107660999056,q,1,147.51082170009613,147.51868669991381,148.54007009998895,148.50233360007405,0.34695330006070435,None,,,,,,,,,,,,,,,,,,,,205,1,short,A,2026-07-10_13h45.21.247,SBL_superimposed_encoding,,2026.1.3,119.57217091126466,2026-07-10 13h45.21.469065 -0400,
1,29,29,0,stimuli/scenes/scene_U1.jpg,Undersea,Malbow,stimuli/items/undersea_animal_5.png,Undersea,animal,sc,p,0,0.7557904999703169,None,0,0,0,0,0,29,29,29,,,,,148.54007009998895,,,,,,,,,,,,,,,,,,,,,,,,,,,,,,,,,,,,,,,,148.5300648000557,148.54007009998895,148.54007009998895,150.5191335999407,150.51917720003985,150.5268061000388,150.5268061000388,,,151.28611680003814,p,0,151.2861738000065,151.29356710007414,152.33526229998097,152.27730969991535,0.7557904999703169,None,,,,,,,,,,,,,,,,,,,,205,1,short,A,2026-07-10_13h45.21.247,SBL_superimposed_encoding,,2026.1.3,119.57217091126466,2026-07-10 13h45.21.469065 -0400,
1,30,30,0,stimuli/scenes/scene_U2.jpg,Undersea,Somar,stimuli/items/undersea_animal_12.png,Undersea,animal,sc,q,1,0.5486293002031744,None,0,0,0,0,0,30,30,30,,,,,152.33526229998097,,,,,,,,,,,,,,,,,,,,,,,,,,,,,,,,,,,,,,,,152.32912619994022,152.33526229998097,152.33526229998097,154.29433139995672,154.29441519989632,154.30207259999588,154.30207259999588,,,154.8526216999162,q,1,154.8526898000855,154.86075649992563,155.88529279991053,155.84414539998397,0.5486293002031744,None,,,,,,,,,,,,,,,,,,,,205,1,short,A,2026-07-10_13h45.21.247,SBL_superimposed_encoding,,2026.1.3,119.57217091126466,2026-07-10 13h45.21.469065 -0400,
1,31,31,0,stimuli/scenes/scene_U1.jpg,Undersea,Malbow,stimuli/items/undersea_animal_16.png,Undersea,animal,sc,q,1,0.3504121000878513,None,0,0,0,0,0,31,31,31,,,,,155.88529279991053,,,,,,,,,,,,,,,,,,,,,,,,,,,,,,,,,,,,,,,,155.87945879995823,155.88529279991053,155.88529279991053,157.8528797000181,157.85297550004907,157.86018750001676,157.86018750001676,,,158.21923390007578,q,1,158.21929119993,158.22709969989955,159.2517508000601,159.21052580000833,0.3504121000878513,None,,,,,,,,,,,,,,,,,,,,205,1,short,A,2026-07-10_13h45.21.247,SBL_superimposed_encoding,,2026.1.3,119.57217091126466,2026-07-10 13h45.21.469065 -0400,
1,32,32,0,stimuli/scenes/scene_J2.jpg,Jungle,Tulon,stimuli/items/jungle_animal_4.png,Jungle,animal,sc,q,1,0.27169670001603663,None,0,0,0,0,0,32,32,32,,,,,159.2517508000601,,,,,,,,,,,,,,,,,,,,,,,,,,,,,,,,,,,,,,,,159.24286839994602,159.2517508000601,159.2517508000601,161.22763679991476,161.22768109990284,161.23530810000375,161.23530810000375,,,161.5106073000934,q,1,161.51066450006329,161.51867059990764,162.5437398001086,162.50212140008807,0.27169670001603663,None,,,,,,,,,,,,,,,,,,,,205,1,short,A,2026-07-10_13h45.21.247,SBL_superimposed_encoding,,2026.1.3,119.57217091126466,2026-07-10 13h45.21.469065 -0400,
1,33,33,0,stimuli/scenes/scene_U1.jpg,Undersea,Malbow,stimuli/items/jungle_animal_13.png,Jungle,animal,si,p,1,0.31615069997496903,None,0,0,0,0,0,33,33,33,,,,,162.5437398001086,,,,,,,,,,,,,,,,,,,,,,,,,,,,,,,,,,,,,,,,162.53589690010995,162.5437398001086,162.5437398001086,164.51112930011004,164.51117529999465,164.51856729993597,164.51856729993597,,,164.83586280001327,p,1,164.83591999998316,164.84385990002193,165.87459710007533,165.82724949996918,0.31615069997496903,None,,,,,,,,,,,,,,,,,,,,205,1,short,A,2026-07-10_13h45.21.247,SBL_superimposed_encoding,,2026.1.3,119.57217091126466,2026-07-10 13h45.21.469065 -0400,
1,34,34,0,stimuli/scenes/scene_J2.jpg,Jungle,Tulon,stimuli/items/undersea_object_8.png,Undersea,object,si,p,1,0.28729899995960295,None,0,0,0,0,0,34,34,34,,,,,165.87459710007533,,,,,,,,,,,,,,,,,,,,,,,,,,,,,,,,,,,,,,,,165.86296669999138,165.87459710007533,165.87459710007533,167.8362489999272,167.83629400003701,167.84395379992202,167.84395379992202,,,168.13597339997068,p,1,168.13602890004404,168.14397240011021,169.1689063999802,169.12747619999573,0.28729899995960295,None,,,,,,,,,,,,,,,,,,,,205,1,short,A,2026-07-10_13h45.21.247,SBL_superimposed_encoding,,2026.1.3,119.57217091126466,2026-07-10 13h45.21.469065 -0400,
1,35,35,0,stimuli/scenes/scene_U1.jpg,Undersea,Malbow,stimuli/items/jungle_animal_18.png,Jungle,animal,si,p,1,0.2668182000052184,None,0,0,0,0,0,35,35,35,,,,,169.1689063999802,,,,,,,,,,,,,,,,,,,,,,,,,,,,,,,,,,,,,,,,169.16202570009045,169.1689063999802,169.1689063999802,171.1363405000884,171.13642110000364,171.14403459988534,171.14403459988534,,,171.41981279989704,p,1,171.41986949997954,171.42751609999686,172.47733450005762,172.41089739999734,0.2668182000052184,None,,,,,,,,,,,,,,,,,,,,205,1,short,A,2026-07-10_13h45.21.247,SBL_superimposed_encoding,,2026.1.3,119.57217091126466,2026-07-10 13h45.21.469065 -0400,
1,36,36,0,stimuli/scenes/scene_J2.jpg,Jungle,Tulon,stimuli/items/jungle_object_1.png,Jungle,object,sc,q,1,0.2387860999442637,None,0,0,0,0,0,36,36,36,,,,,172.47733450005762,,,,,,,,,,,,,,,,,,,,,,,,,,,,,,,,,,,,,,,,172.47017459990457,172.47733450005762,172.47733450005762,174.42778040003031,174.42787660006434,174.43565739993937,174.43565739993937,,,174.6780522998888,q,1,174.67810739995912,174.6855460999068,175.70168739999644,175.66919320006855,0.2387860999442637,None,,,,,,,,,,,,,,,,,,,,205,1,short,A,2026-07-10_13h45.21.247,SBL_superimposed_encoding,,2026.1.3,119.57217091126466,2026-07-10 13h45.21.469065 -0400,
1,37,37,0,stimuli/scenes/scene_U1.jpg,Undersea,Malbow,stimuli/items/jungle_animal_5.png,Jungle,animal,si,p,1,0.5163046000525355,None,0,0,0,0,0,37,37,37,,,,,175.70168739999644,,,,,,,,,,,,,,,,,,,,,,,,,,,,,,,,,,,,,,,,175.6904627000913,175.70168739999644,175.70168739999644,177.68633350008167,177.68642990011722,177.69410459999926,177.69410459999926,,,178.21128930011764,p,1,178.2113467999734,178.21881329989992,179.2360364999622,179.20280490000732,0.5163046000525355,None,,,,,,,,,,,,,,,,,,,,205,1,short,A,2026-07-10_13h45.21.247,SBL_superimposed_encoding,,2026.1.3,119.57217091126466,2026-07-10 13h45.21.469065 -0400,
1,38,38,0,stimuli/scenes/scene_J2.jpg,Jungle,Tulon,stimuli/items/jungle_animal_8.png,Jungle,animal,sc,q,1,0.48757079988718033,None,0,0,0,0,0,38,38,38,,,,,179.2360364999622,,,,,,,,,,,,,,,,,,,,,,,,,,,,,,,,,,,,,,,,179.22955320007168,179.2360364999622,179.2360364999622,181.2194759999402,181.21951949992217,181.22732180007733,181.22732180007733,,,181.7196444000583,q,1,181.7197004999034,181.72743500000797,182.77732730004936,182.71095059998333,0.48757079988718033,None,,,,,,,,,,,,,,,,,,,,205,1,short,A,2026-07-10_13h45.21.247,SBL_superimposed_encoding,,2026.1.3,119.57217091126466,2026-07-10 13h45.21.469065 -0400,
1,39,39,0,stimuli/scenes/scene_U1.jpg,Undersea,Malbow,stimuli/items/jungle_object_20.png,Jungle,object,si,p,1,0.5947613997850567,None,0,0,0,0,0,39,39,39,,,,,182.77732730004936,,,,,,,,,,,,,,,,,,,,,,,,,,,,,,,,,,,,,,,,182.7686785000842,182.77732730004936,182.77732730004936,184.72829360002652,184.72836280008778,184.7359267999418,184.7359267999418,,,185.3365903000813,p,1,185.33665059995838,185.34414019994438,186.38517859997228,186.32828300003894,0.5947613997850567,None,,,,,,,,,,,,,,,,,,,,205,1,short,A,2026-07-10_13h45.21.247,SBL_superimposed_encoding,,2026.1.3,119.57217091126466,2026-07-10 13h45.21.469065 -0400,
1,40,40,0,stimuli/scenes/scene_J1.jpg,Jungle,Negvi,stimuli/items/jungle_object_2.png,Jungle,object,sc,q,1,0.33845859998837113,None,0,0,0,0,0,40,40,40,,,,,186.38517859997228,,,,,,,,,,,,,,,,,,,,,,,,,,,,,,,,,,,,,,,,186.37458389997482,186.38517859997228,186.38517859997228,188.34505639993586,188.34515760000795,188.35226300009526,188.35226300009526,,,188.69488650001585,q,1,188.69494129996747,188.7024350001011,189.73511460004374,189.68631360004656,0.33845859998837113,None,,,,,,,,,,,,,,,,,,,,205,1,short,A,2026-07-10_13h45.21.247,SBL_superimposed_encoding,,2026.1.3,119.57217091126466,2026-07-10 13h45.21.469065 -0400,
1,41,41,0,stimuli/scenes/scene_J2.jpg,Jungle,Tulon,stimuli/items/undersea_animal_18.png,Undersea,animal,si,p,1,0.26798670017160475,None,0,0,0,0,0,41,41,41,,,,,189.73511460004374,,,,,,,,,,,,,,,,,,,,,,,,,,,,,,,,,,,,,,,,189.72480250010267,189.73511460004374,189.73511460004374,191.69508179998957,191.69518380006775,191.70266379998066,191.70266379998066,,,191.97813410009257,p,1,191.9781899000518,191.98597360006534,193.00277259992436,192.9697497000452,0.26798670017160475,None,,,,,,,,,,,,,,,,,,,,205,1,short,A,2026-07-10_13h45.21.247,SBL_superimposed_encoding,,2026.1.3,119.57217091126466,2026-07-10 13h45.21.469065 -0400,
1,42,42,0,stimuli/scenes/scene_J1.jpg,Jungle,Negvi,stimuli/items/jungle_object_14.png,Jungle,object,sc,q,1,0.6088022000622004,None,0,0,0,0,0,42,42,42,,,,,193.00277259992436,,,,,,,,,,,,,,,,,,,,,,,,,,,,,,,,,,,,,,,,192.9957930999808,193.00277259992436,193.00277259992436,194.98669390007854,194.98674630001187,194.99438889999874,194.99438889999874,,,195.6116535998881,q,1,195.61170989996754,195.61930499994196,196.63581559993327,196.60280309990048,0.6088022000622004,None,,,,,,,,,,,,,,,,,,,,205,1,short,A,2026-07-10_13h45.21.247,SBL_superimposed_encoding,,2026.1.3,119.57217091126466,2026-07-10 13h45.21.469065 -0400,
1,43,43,0,stimuli/scenes/scene_J2.jpg,Jungle,Tulon,stimuli/items/undersea_object_16.png,Undersea,object,si,p,1,0.278941199881956,None,0,0,0,0,0,43,43,43,,,,,196.63581559993327,,,,,,,,,,,,,,,,,,,,,,,,,,,,,,,,,,,,,,,,196.62691610003822,196.63581559993327,196.63581559993327,198.61192649998702,198.61197070009075,198.619348899927,198.619348899927,,,198.90317060006782,p,1,198.90322769992054,198.91118609998375,199.96757830004208,199.89485400007106,0.278941199881956,None,,,,,,,,,,,,,,,,,,,,205,1,short,A,2026-07-10_13h45.21.247,SBL_superimposed_encoding,,2026.1.3,119.57217091126466,2026-07-10 13h45.21.469065 -0400,
1,44,44,0,stimuli/scenes/scene_J1.jpg,Jungle,Negvi,stimuli/items/jungle_animal_12.png,Jungle,animal,sc,q,1,0.2999839000403881,None,0,0,0,0,0,44,44,44,,,,,199.96757830004208,,,,,,,,,,,,,,,,,,,,,,,,,,,,,,,,,,,,,,,,199.95602619997226,199.96757830004208,199.96757830004208,201.90343599999323,201.90348379989155,201.91123469988815,201.91123469988815,,,202.21188670000993,q,1,202.2119450001046,202.21936700004153,203.23632390005514,203.20343880006112,0.2999839000403881,None,,,,,,,,,,,,,,,,,,,,205,1,short,A,2026-07-10_13h45.21.247,SBL_superimposed_encoding,,2026.1.3,119.57217091126466,2026-07-10 13h45.21.469065 -0400,
1,45,45,0,stimuli/scenes/scene_J2.jpg,Jungle,Tulon,stimuli/items/jungle_animal_2.png,Jungle,animal,sc,q,1,0.35098570003174245,None,0,0,0,0,0,45,45,45,,,,,203.23632390005514,,,,,,,,,,,,,,,,,,,,,,,,,,,,,,,,,,,,,,,,203.22964849998243,203.23632390005514,203.23632390005514,205.2121800999157,205.2122434999328,205.21961900009774,205.21961900009774,,,205.57859469996765,q,1,205.578650200041,205.58606150001287,206.6359969000332,206.5702714000363,0.35098570003174245,None,,,,,,,,,,,,,,,,,,,,205,1,short,A,2026-07-10_13h45.21.247,SBL_superimposed_encoding,,2026.1.3,119.57217091126466,2026-07-10 13h45.21.469065 -0400,
1,46,46,0,stimuli/scenes/scene_U2.jpg,Undersea,Somar,stimuli/items/jungle_object_17.png,Jungle,object,si,p,1,0.28088150010444224,None,0,0,0,0,0,46,46,46,,,,,206.6359969000332,,,,,,,,,,,,,,,,,,,,,,,,,,,,,,,,,,,,,,,,206.62828810000792,206.6359969000332,206.6359969000332,208.57874140003696,208.57883669994771,208.58600699994713,208.58600699994713,,,208.87048340006731,p,1,208.8705388000235,208.87783959996887,209.90337829990312,209.86147179990076,0.28088150010444224,None,,,,,,,,,,,,,,,,,,,,205,1,short,A,2026-07-10_13h45.21.247,SBL_superimposed_encoding,,2026.1.3,119.57217091126466,2026-07-10 13h45.21.469065 -0400,
1,47,47,0,stimuli/scenes/scene_J1.jpg,Jungle,Negvi,stimuli/items/jungle_object_3.png,Jungle,object,sc,q,1,0.32465479988604784,None,0,0,0,0,0,47,47,47,,,,,209.90337829990312,,,,,,,,,,,,,,,,,,,,,,,,,,,,,,,,,,,,,,,,209.89794560009614,209.90337829990312,209.90337829990312,211.87846649996936,211.87851110007614,211.88620289997198,211.88620289997198,,,212.21171670011245,q,1,212.21177150006406,212.21945389988832,213.244029100053,213.20341440010816,0.32465479988604784,None,,,,,,,,,,,,,,,,,,,,205,1,short,A,2026-07-10_13h45.21.247,SBL_superimposed_encoding,,2026.1.3,119.57217091126466,2026-07-10 13h45.21.469065 -0400,
1,48,48,0,stimuli/scenes/scene_U2.jpg,Undersea,Somar,stimuli/items/undersea_object_18.png,Undersea,object,sc,p,0,0.3673462001606822,None,0,0,0,0,0,48,48,48,,,,,213.244029100053,,,,,,,,,,,,,,,,,,,,,,,,,,,,,,,,,,,,,,,,213.2336027000565,213.244029100053,213.244029100053,215.21212980011478,215.21222430001944,215.21951030008495,215.21951030008495,,,215.59563859994523,p,0,215.59569279989228,215.60282630007714,216.63450270006433,216.58653469989076,0.3673462001606822,None,,,,,,,,,,,,,,,,,,,,205,1,short,A,2026-07-10_13h45.21.247,SBL_superimposed_encoding,,2026.1.3,119.57217091126466,2026-07-10 13h45.21.469065 -0400,
1,49,49,0,stimuli/scenes/scene_U1.jpg,Undersea,Malbow,stimuli/items/undersea_object_17.png,Undersea,object,sc,q,1,0.28764720004983246,None,0,0,0,0,0,49,49,49,,,,,216.63450270006433,,,,,,,,,,,,,,,,,,,,,,,,,,,,,,,,,,,,,,,,216.62415569997393,216.63450270006433,216.63450270006433,218.6033687000163,218.60341460001655,218.61108090006746,218.61108090006746,,,218.9035004999023,q,1,218.9035589999985,218.91122370003723,219.9365483999718,219.89524880005047,0.28764720004983246,None,,,,,,,,,,,,,,,,,,,,205,1,short,A,2026-07-10_13h45.21.247,SBL_superimposed_encoding,,2026.1.3,119.57217091126466,2026-07-10 13h45.21.469065 -0400,
1,50,50,0,stimuli/scenes/scene_J1.jpg,Jungle,Negvi,stimuli/items/undersea_animal_3.png,Undersea,animal,si,p,1,0.28328490001149476,None,0,0,0,0,0,50,50,50,,,,,219.9365483999718,,,,,,,,,,,,,,,,,,,,,,,,,,,,,,,,,,,,,,,,219.93043239996769,219.9365483999718,219.9365483999718,221.90399029990658,221.9040828999132,221.9113729998935,221.9113729998935,,,222.195713999914,p,1,222.1957696999889,222.2029877998866,223.2360058000777,223.1872413000092,0.28328490001149476,None,,,,,,,,,,,,,,,,,,,,205,1,short,A,2026-07-10_13h45.21.247,SBL_superimposed_encoding,,2026.1.3,119.57217091126466,2026-07-10 13h45.21.469065 -0400,
1,51,51,0,stimuli/scenes/scene_U1.jpg,Undersea,Malbow,stimuli/items/jungle_object_10.png,Jungle,object,si,p,1,0.26345940004102886,None,0,0,0,0,0,51,51,51,,,,,223.2360058000777,,,,,,,,,,,,,,,,,,,,,,,,,,,,,,,,,,,,,,,,223.22693159990013,223.2360058000777,223.2360058000777,225.20404440001585,225.20414209994487,225.2115720999427,225.2115720999427,,,225.4787685999181,p,1,225.47882449999452,225.48668169998564,226.51987580000423,226.4702936001122,0.26345940004102886,None,,,,,,,,,,,,,,,,,,,,205,1,short,A,2026-07-10_13h45.21.247,SBL_superimposed_encoding,,2026.1.3,119.57217091126466,2026-07-10 13h45.21.469065 -0400,
1,52,52,0,stimuli/scenes/scene_J2.jpg,Jungle,Tulon,stimuli/items/jungle_object_15.png,Jungle,object,sc,q,1,0.4438326000235975,None,0,0,0,0,0,52,52,52,,,,,226.51987580000423,,,,,,,,,,,,,,,,,,,,,,,,,,,,,,,,,,,,,,,,226.51203530002385,226.51987580000423,226.51987580000423,228.47910619992763,228.4791868000757,228.4866575000342,228.4866575000342,,,228.9373598000966,q,1,228.9374170000665,228.94501310004853,229.97015909990296,229.92883919994347,0.4438326000235975,None,,,,,,,,,,,,,,,,,,,,205,1,short,A,2026-07-10_13h45.21.247,SBL_superimposed_encoding,,2026.1.3,119.57217091126466,2026-07-10 13h45.21.469065 -0400,
1,53,53,0,stimuli/scenes/scene_U1.jpg,Undersea,Malbow,stimuli/items/jungle_object_16.png,Jungle,object,si,p,1,0.44967919983901083,None,0,0,0,0,0,53,53,53,,,,,229.97015909990296,,,,,,,,,,,,,,,,,,,,,,,,,,,,,,,,,,,,,,,,229.9648011000827,229.97015909990296,229.97015909990296,231.94562090002,231.94566629990004,231.95327499997802,231.95327499997802,,,232.40460049989633,p,1,232.40465719997883,232.41153639997356,233.4364875999745,233.39534800010733,0.44967919983901083,None,,,,,,,,,,,,,,,,,,,,205,1,short,A,2026-07-10_13h45.21.247,SBL_superimposed_encoding,,2026.1.3,119.57217091126466,2026-07-10 13h45.21.469065 -0400,
1,54,54,0,stimuli/scenes/scene_J2.jpg,Jungle,Tulon,stimuli/items/jungle_object_13.png,Jungle,object,sc,q,1,0.582448799861595,None,0,0,0,0,0,54,54,54,,,,,233.4364875999745,,,,,,,,,,,,,,,,,,,,,,,,,,,,,,,,,,,,,,,,233.42748950002715,233.4364875999745,233.4364875999745,235.41243700007908,235.41253349999897,235.42002340010367,235.42002340010367,,,236.00420420011505,q,1,236.00426449999213,236.0115171999205,237.06174800009467,236.99532059999183,0.582448799861595,None,,,,,,,,,,,,,,,,,,,,205,1,short,A,2026-07-10_13h45.21.247,SBL_superimposed_encoding,,2026.1.3,119.57217091126466,2026-07-10 13h45.21.469065 -0400,
1,55,55,0,stimuli/scenes/scene_J1.jpg,Jungle,Negvi,stimuli/items/undersea_animal_11.png,Undersea,animal,si,p,1,0.4069561001379043,None,0,0,0,0,0,55,55,55,,,,,237.06174800009467,,,,,,,,,,,,,,,,,,,,,,,,,,,,,,,,,,,,,,,,237.05290789995342,237.06174800009467,237.06174800009467,239.01250159996562,239.01254680007696,239.0200284998864,239.0200284998864,,,239.42944530001841,p,1,239.4295016999822,239.43690380011685,240.4530056999065,240.42066990002058,0.4069561001379043,None,,,,,,,,,,,,,,,,,,,,205,1,short,A,2026-07-10_13h45.21.247,SBL_superimposed_encoding,,2026.1.3,119.57217091126466,2026-07-10 13h45.21.469065 -0400,
1,56,56,0,stimuli/scenes/scene_U1.jpg,Undersea,Malbow,stimuli/items/jungle_animal_3.png,Jungle,animal,si,p,1,0.2611137998756021,None,0,0,0,0,0,56,56,56,,,,,240.4530056999065,,,,,,,,,,,,,,,,,,,,,,,,,,,,,,,,,,,,,,,,240.44455059990287,240.4530056999065,240.4530056999065,242.43736450001597,242.43741240003146,242.4452913000714,242.4452913000714,,,242.7129605000373,p,1,242.7130183998961,242.72041759989224,243.745442799991,243.70397810009308,0.2611137998756021,None,,,,,,,,,,,,,,,,,,,,205,1,short,A,2026-07-10_13h45.21.247,SBL_superimposed_encoding,,2026.1.3,119.57217091126466,2026-07-10 13h45.21.469065 -0400,
1,57,57,0,stimuli/scenes/scene_U2.jpg,Undersea,Somar,stimuli/items/undersea_animal_6.png,Undersea,animal,sc,q,1,0.2741618000436574,None,0,0,0,0,0,57,57,57,,,,,243.745442799991,,,,,,,,,,,,,,,,,,,,,,,,,,,,,,,,,,,,,,,,243.74013569997624,243.745442799991,243.745442799991,245.72097150003538,245.72107529989444,245.72856239997782,245.72856239997782,,,246.0043619000353,q,1,246.00441999989562,246.01181589998305,247.0530123000499,246.99575840006582,0.2741618000436574,None,,,,,,,,,,,,,,,,,,,,205,1,short,A,2026-07-10_13h45.21.247,SBL_superimposed_encoding,,2026.1.3,119.57217091126466,2026-07-10 13h45.21.469065 -0400,
1,58,58,0,stimuli/scenes/scene_J1.jpg,Jungle,Negvi,stimuli/items/undersea_object_7.png,Undersea,object,si,p,1,0.3104725000448525,None,0,0,0,0,0,58,58,58,,,,,247.0530123000499,,,,,,,,,,,,,,,,,,,,,,,,,,,,,,,,,,,,,,,,247.04321600007825,247.0530123000499,247.0530123000499,249.01295739994384,249.0130529999733,249.0203164999839,249.0203164999839,,,249.33809489989653,p,1,249.33814979996532,249.34519700007513,250.37813939992338,250.3292682999745,0.3104725000448525,None,,,,,,,,,,,,,,,,,,,,205,1,short,A,2026-07-10_13h45.21.247,SBL_superimposed_encoding,,2026.1.3,119.57217091126466,2026-07-10 13h45.21.469065 -0400,
1,59,59,0,stimuli/scenes/scene_U2.jpg,Undersea,Somar,stimuli/items/undersea_object_10.png,Undersea,object,sc,q,1,0.2895833000075072,None,0,0,0,0,0,59,59,59,,,,,250.37813939992338,,,,,,,,,,,,,,,,,,,,,,,,,,,,,,,,,,,,,,,,250.3686685001012,250.37813939992338,250.37813939992338,252.3458763998933,252.3459212000016,252.35353010008112,252.35353010008112,,,252.64606310008094,q,1,252.64611919992603,252.65335089992732,253.6948257999029,253.63768699998036,0.2895833000075072,None,,,,,,,,,,,,,,,,,,,,205,1,short,A,2026-07-10_13h45.21.247,SBL_superimposed_encoding,,2026.1.3,119.57217091126466,2026-07-10 13h45.21.469065 -0400,
1,60,60,0,stimuli/scenes/scene_J2.jpg,Jungle,Tulon,stimuli/items/undersea_object_11.png,Undersea,object,si,p,1,0.3251000000163913,None,0,0,0,0,0,60,60,60,,,,,253.6948257999029,,,,,,,,,,,,,,,,,,,,,,,,,,,,,,,,,,,,,,,,253.68361570010893,253.6948257999029,253.6948257999029,255.65430509997532,255.6544017000124,255.66201759991236,255.66201759991236,,,255.98795620002784,p,1,255.98802189994603,255.99524400010705,257.02043169992976,256.9789984000381,0.3251000000163913,None,,,,,,,,,,,,,,,,,,,,205,1,short,A,2026-07-10_13h45.21.247,SBL_superimposed_encoding,,2026.1.3,119.57217091126466,2026-07-10 13h45.21.469065 -0400,
1,61,61,0,stimuli/scenes/scene_J1.jpg,Jungle,Negvi,stimuli/items/undersea_object_20.png,Undersea,object,si,p,1,0.2312006999272853,None,0,0,0,0,0,61,61,61,,,,,257.02043169992976,,,,,,,,,,,,,,,,,,,,,,,,,,,,,,,,,,,,,,,,257.0118478999939,257.02043169992976,257.02043169992976,258.99620099994354,258.99629810010083,259.00372610008344,259.00372610008344,,,259.23781799990684,p,1,259.23788399994373,259.2453544999007,260.2950697999913,260.22930329991505,0.2312006999272853,None,,,,,,,,,,,,,,,,,,,,205,1,short,A,2026-07-10_13h45.21.247,SBL_superimposed_encoding,,2026.1.3,119.57217091126466,2026-07-10 13h45.21.469065 -0400,
1,62,62,0,stimuli/scenes/scene_U2.jpg,Undersea,Somar,stimuli/items/undersea_object_12.png,Undersea,object,sc,q,1,0.3404959000181407,None,0,0,0,0,0,62,62,62,,,,,260.2950697999913,,,,,,,,,,,,,,,,,,,,,,,,,,,,,,,,,,,,,,,,260.28533210000023,260.2950697999913,260.2950697999913,262.24613029998727,262.2461743000895,262.2539339000359,262.2539339000359,,,262.5963429999538,q,1,262.5964003999252,262.60411760001443,263.62041190010495,263.5874532999005,0.3404959000181407,None,,,,,,,,,,,,,,,,,,,,205,1,short,A,2026-07-10_13h45.21.247,SBL_superimposed_encoding,,2026.1.3,119.57217091126466,2026-07-10 13h45.21.469065 -0400,
1,63,63,0,stimuli/scenes/scene_J1.jpg,Jungle,Negvi,stimuli/items/jungle_animal_14.png,Jungle,animal,sc,q,1,0.9667154001072049,None,0,0,0,0,0,63,63,63,,,,,263.62041190010495,,,,,,,,,,,,,,,,,,,,,,,,,,,,,,,,,,,,,,,,263.6116724999156,263.62041190010495,263.62041190010495,265.6044795999769,265.6045232999604,265.6124094000552,265.6124094000552,,,266.579806300113,q,1,266.5798637000844,266.58703000005335,267.6189349000342,267.5712057000492,0.9667154001072049,None,,,,,,,,,,,,,,,,,,,,205,1,short,A,2026-07-10_13h45.21.247,SBL_superimposed_encoding,,2026.1.3,119.57217091126466,2026-07-10 13h45.21.469065 -0400,
1,64,64,0,stimuli/scenes/scene_U2.jpg,Undersea,Somar,stimuli/items/undersea_object_3.png,Undersea,object,sc,p,0,0.6155552000273019,None,0,0,0,0,0,64,64,64,,,,,267.6189349000342,,,,,,,,,,,,,,,,,,,,,,,,,,,,,,,,,,,,,,,,267.6084402000997,267.6189349000342,267.6189349000342,269.5880066000391,269.5881028000731,269.5957563999109,269.5957563999109,,,270.2130348999053,p,0,270.2130925001111,270.2207772999536,271.2450963999145,271.2043836999219,0.6155552000273019,None,,,,,,,,,,,,,,,,,,,,205,1,short,A,2026-07-10_13h45.21.247,SBL_superimposed_encoding,,2026.1.3,119.57217091126466,2026-07-10 13h45.21.469065 -0400,
1,65,65,0,stimuli/scenes/scene_J1.jpg,Jungle,Negvi,stimuli/items/undersea_animal_4.png,Undersea,animal,si,p,1,0.26193099981173873,None,0,0,0,0,0,65,65,65,,,,,271.2450963999145,,,,,,,,,,,,,,,,,,,,,,,,,,,,,,,,,,,,,,,,271.23634380009025,271.2450963999145,271.2450963999145,273.2210431001149,273.221087400103,273.22906369995326,273.22906369995326,,,273.4963203999214,p,1,273.4963756999932,273.504008699907,274.5375298000872,274.4874636998866,0.26193099981173873,None,,,,,,,,,,,,,,,,,,,,205,1,short,A,2026-07-10_13h45.21.247,SBL_superimposed_encoding,,2026.1.3,119.57217091126466,2026-07-10 13h45.21.469065 -0400,
1,66,66,0,stimuli/scenes/scene_U2.jpg,Undersea,Somar,stimuli/items/jungle_animal_19.png,Jungle,animal,si,p,1,0.4022371000610292,None,0,0,0,0,0,66,66,66,,,,,274.5375298000872,,,,,,,,,,,,,,,,,,,,,,,,,,,,,,,,,,,,,,,,274.53140800003894,274.5375298000872,274.5375298000872,276.5050149001181,276.50513410009444,276.51238689990714,276.51238689990714,,,276.921454400057,p,1,276.92151940008625,276.92917579994537,278.0206579999067,277.9128966999706,0.4022371000610292,None,,,,,,,,,,,,,,,,,,,,205,1,short,A,2026-07-10_13h45.21.247,SBL_superimposed_encoding,,2026.1.3,119.57217091126466,2026-07-10 13h45.21.469065 -0400,
1,67,67,0,stimuli/scenes/scene_J1.jpg,Jungle,Negvi,stimuli/items/jungle_object_19.png,Jungle,object,sc,q,1,0.29792010015808046,None,0,0,0,0,0,67,67,67,,,,,278.0206579999067,,,,,,,,,,,,,,,,,,,,,,,,,,,,,,,,,,,,,,,,278.01209770003334,278.0206579999067,278.0206579999067,279.9216738000978,279.92171759996563,279.92922970000654,279.92922970000654,,,280.2299748000223,q,1,280.2300277000759,280.2377418000251,281.2871687000152,281.22118839994073,0.29792010015808046,None,,,,,,,,,,,,,,,,,,,,205,1,short,A,2026-07-10_13h45.21.247,SBL_superimposed_encoding,,2026.1.3,119.57217091126466,2026-07-10 13h45.21.469065 -0400,
1,68,68,0,stimuli/scenes/scene_U1.jpg,Undersea,Malbow,stimuli/items/undersea_object_15.png,Undersea,object,sc,q,1,0.3564226001035422,None,0,0,0,0,0,68,68,68,,,,,281.2871687000152,,,,,,,,,,,,,,,,,,,,,,,,,,,,,,,,,,,,,,,,281.27843849989586,281.2871687000152,281.2871687000152,283.2381583999377,283.2382020999212,283.2460461000446,283.2460461000446,,,283.6050468001049,q,1,283.6051022000611,283.61234480002895,284.6378707000986,284.59598449990153,0.3564226001035422,None,,,,,,,,,,,,,,,,,,,,205,1,short,A,2026-07-10_13h45.21.247,SBL_superimposed_encoding,,2026.1.3,119.57217091126466,2026-07-10 13h45.21.469065 -0400,
1,69,69,0,stimuli/scenes/scene_J2.jpg,Jungle,Tulon,stimuli/items/jungle_object_18.png,Jungle,object,sc,q,1,0.34979859995655715,None,0,0,0,0,0,69,69,69,,,,,284.6378707000986,,,,,,,,,,,,,,,,,,,,,,,,,,,,,,,,,,,,,,,,284.63232810003683,284.6378707000986,284.6378707000986,286.60514439991675,286.60518869990483,286.61291579995304,286.61291579995304,,,286.9633293999359,q,1,286.9633843000047,286.97107449988835,287.98641650006175,287.95526840002276,0.34979859995655715,None,,,,,,,,,,,,,,,,,,,,205,1,short,A,2026-07-10_13h45.21.247,SBL_superimposed_encoding,,2026.1.3,119.57217091126466,2026-07-10 13h45.21.469065 -0400,
1,70,70,0,stimuli/scenes/scene_U1.jpg,Undersea,Malbow,stimuli/items/jungle_object_4.png,Jungle,object,si,p,1,0.272095900028944,None,0,0,0,0,0,70,70,70,,,,,287.98641650006175,,,,,,,,,,,,,,,,,,,,,,,,,,,,,,,,,,,,,,,,287.9749823999591,287.98641650006175,287.98641650006175,289.9635515001137,289.9635962001048,289.97098940005526,289.97098940005526,,,290.24664469994605,p,1,290.2466982000042,290.2542252999265,291.2948616000358,291.23792720003985,0.272095900028944,None,,,,,,,,,,,,,,,,,,,,205,1,short,A,2026-07-10_13h45.21.247,SBL_superimposed_encoding,,2026.1.3,119.57217091126466,2026-07-10 13h45.21.469065 -0400,
1,71,71,0,stimuli/scenes/scene_U2.jpg,Undersea,Somar,stimuli/items/jungle_object_8.png,Jungle,object,si,p,1,0.21247689984738827,None,0,0,0,0,0,71,71,71,,,,,291.2948616000358,,,,,,,,,,,,,,,,,,,,,,,,,,,,,,,,,,,,,,,,291.28484770003706,291.2948616000358,291.2948616000358,293.2550993000623,293.2551921000704,293.2626332999207,293.2626332999207,,,293.4798777999822,p,1,293.47993130004033,293.4877371999901,294.5095782999415,294.47137130005285,0.21247689984738827,None,,,,,,,,,,,,,,,,,,,,205,1,short,A,2026-07-10_13h45.21.247,SBL_superimposed_encoding,,2026.1.3,119.57217091126466,2026-07-10 13h45.21.469065 -0400,
1,72,72,0,stimuli/scenes/scene_U1.jpg,Undersea,Malbow,stimuli/items/undersea_animal_9.png,Undersea,animal,sc,q,1,0.2987988998647779,None,0,0,0,0,0,72,72,72,,,,,294.5095782999415,,,,,,,,,,,,,,,,,,,,,,,,,,,,,,,,,,,,,,,,294.4993563001044,294.5095782999415,294.5095782999415,296.4801622000523,296.48025849997066,296.4880033999216,296.4880033999216,,,296.7882272999268,q,1,296.7882832000032,296.79611309990287,297.82156169996597,297.7795448000543,0.2987988998647779,None,,,,,,,,,,,,,,,,,,,,205,1,short,A,2026-07-10_13h45.21.247,SBL_superimposed_encoding,,2026.1.3,119.57217091126466,2026-07-10 13h45.21.469065 -0400,
1,73,73,0,stimuli/scenes/scene_J2.jpg,Jungle,Tulon,stimuli/items/jungle_animal_16.png,Jungle,animal,sc,q,1,0.4623171000275761,None,0,0,0,0,0,73,73,73,,,,,297.82156169996597,,,,,,,,,,,,,,,,,,,,,,,,,,,,,,,,,,,,,,,,297.81528580002487,297.82156169996597,297.82156169996597,299.7886413000524,299.7887071000878,299.7961868001148,299.7961868001148,,,300.26360760000534,q,1,300.26366339996457,300.271181399934,301.28820469998755,301.25481369998306,0.4623171000275761,None,,,,,,,,,,,,,,,,,,,,205,1,short,A,2026-07-10_13h45.21.247,SBL_superimposed_encoding,,2026.1.3,119.57217091126466,2026-07-10 13h45.21.469065 -0400,
1,74,74,0,stimuli/scenes/scene_U1.jpg,Undersea,Malbow,stimuli/items/undersea_object_2.png,Undersea,object,sc,p,0,0.33179259998723865,None,0,0,0,0,0,74,74,74,,,,,301.28820469998755,,,,,,,,,,,,,,,,,,,,,,,,,,,,,,,,,,,,,,,,301.2828160999343,301.28820469998755,301.28820469998755,303.2636897000484,303.26373360003345,303.2710482000839,303.2710482000839,,,303.605314000044,p,0,303.6053687001113,303.61312930006534,304.6530468000565,304.5964367000852,0.33179259998723865,None,,,,,,,,,,,,,,,,,,,,205,1,short,A,2026-07-10_13h45.21.247,SBL_superimposed_encoding,,2026.1.3,119.57217091126466,2026-07-10 13h45.21.469065 -0400,
1,75,75,0,stimuli/scenes/scene_J2.jpg,Jungle,Tulon,stimuli/items/undersea_object_4.png,Undersea,object,si,p,1,0.2449924999382347,None,0,0,0,0,0,75,75,75,,,,,304.6530468000565,,,,,,,,,,,,,,,,,,,,,,,,,,,,,,,,,,,,,,,,304.6414109999314,304.6530468000565,304.6530468000565,306.6140097999014,306.6140997998882,306.6213305001147,306.6213305001147,,,306.87164829997346,p,1,306.87170649995096,306.8794962000102,307.90490450011566,307.86358019988984,0.2449924999382347,None,,,,,,,,,,,,,,,,,,,,205,1,short,A,2026-07-10_13h45.21.247,SBL_superimposed_encoding,,2026.1.3,119.57217091126466,2026-07-10 13h45.21.469065 -0400,
1,76,76,0,stimuli/scenes/scene_U2.jpg,Undersea,Somar,stimuli/items/jungle_object_5.png,Jungle,object,si,p,1,0.31548299989663064,None,0,0,0,0,0,76,76,76,,,,,307.90490450011566,,,,,,,,,,,,,,,,,,,,,,,,,,,,,,,,,,,,,,,,307.89885760005563,307.90490450011566,307.90490450011566,309.8719085000921,309.87195309996605,309.87983849993907,309.87983849993907,,,310.19680600007996,p,1,310.19686189992353,310.2045990000479,311.2372510000132,311.18857149989344,0.31548299989663064,None,,,,,,,,,,,,,,,,,,,,205,1,short,A,2026-07-10_13h45.21.247,SBL_superimposed_encoding,,2026.1.3,119.57217091126466,2026-07-10 13h45.21.469065 -0400,
1,77,77,0,stimuli/scenes/scene_J1.jpg,Jungle,Negvi,stimuli/items/undersea_object_14.png,Undersea,object,si,p,1,0.2937026000581682,None,0,0,0,0,0,77,77,77,,,,,311.2372510000132,,,,,,,,,,,,,,,,,,,,,,,,,,,,,,,,,,,,,,,,311.2275489999447,311.2372510000132,311.2372510000132,313.20538019994274,313.2054242999293,313.2128902999684,313.2128902999684,,,313.5135395999532,p,1,313.5135925998911,313.5216842999216,314.5537215999793,314.5048879000824,0.2937026000581682,None,,,,,,,,,,,,,,,,,,,,205,1,short,A,2026-07-10_13h45.21.247,SBL_superimposed_encoding,,2026.1.3,119.57217091126466,2026-07-10 13h45.21.469065 -0400,
1,78,78,0,stimuli/scenes/scene_J2.jpg,Jungle,Tulon,stimuli/items/undersea_animal_17.png,Undersea,animal,si,p,1,0.25017250003293157,None,0,0,0,0,0,78,78,78,,,,,314.5537215999793,,,,,,,,,,,,,,,,,,,,,,,,,,,,,,,,,,,,,,,,314.54245180008,314.5537215999793,314.5537215999793,316.5137557000853,316.5138016999699,316.5214935000986,316.5214935000986,,,316.7800062999595,p,1,316.78005989990197,316.7881595999934,317.8291929999832,317.77210390008986,0.25017250003293157,None,,,,,,,,,,,,,,,,,,,,205,1,short,A,2026-07-10_13h45.21.247,SBL_superimposed_encoding,,2026.1.3,119.57217091126466,2026-07-10 13h45.21.469065 -0400,
1,79,79,0,stimuli/scenes/scene_U1.jpg,Undersea,Malbow,stimuli/items/undersea_object_13.png,Undersea,object,sc,q,1,0.24698569998145103,None,0,0,0,0,0,79,79,79,,,,,317.8291929999832,,,,,,,,,,,,,,,,,,,,,,,,,,,,,,,,,,,,,,,,317.8183993001003,317.8291929999832,317.8291929999832,319.7803358999081,319.78037950000726,319.7880561000202,319.7880561000202,,,320.0387532999739,q,1,320.0388068999164,320.04651209991425,321.04923780006357,321.03036720003,0.24698569998145103,None,,,,,,,,,,,,,,,,,,,,205,1,short,A,2026-07-10_13h45.21.247,SBL_superimposed_encoding,,2026.1.3,119.57217091126466,2026-07-10 13h45.21.469065 -0400,
2,0,0,0,stimuli/scenes/scene_J1.jpg,Jungle,Negvi,stimuli/items/undersea_object_14.png,Undersea,object,si,p,1,0.3602415998466313,None,0,1,1,1,0,0,0,0,0,0,0,0,324.5960768000223,,,,,,,,,,,,,,,,,,,,,,,,,,,,,,,,,,,,,,324.52348840003833,324.52370749996044,324.58568640006706,324.5960768000223,324.5960768000223,326.53063819999807,326.53068349999376,326.5383019000292,326.5383019000292,,,326.90568970004097,p,1,326.9057471998967,326.9131654999219,327.92849619989283,327.89748840010725,0.3602415998466313,None,321.03633949998766,321.03655870002694,321.0463052999694,321.04923780006357,321.04923780006357,321.04923780006357,324.52256519999355,space,3.4655723001342267,None,,,,,,,,,,205,1,short,A,2026-07-10_13h45.21.247,SBL_superimposed_encoding,,2026.1.3,119.57217091126466,2026-07-10 13h45.21.469065 -0400,
2,1,1,0,stimuli/scenes/scene_U1.jpg,Undersea,Malbow,stimuli/items/jungle_animal_3.png,Jungle,animal,si,p,1,0.24096460011787713,None,0,1,1,1,0,1,1,1,,,,,327.92849619989283,,,,,,,,,,,,,,,,,,,,,,,,,,,,,,,,,,,,,,,,327.91804539994337,327.92849619989283,327.92849619989283,329.9139884999022,329.9140862999484,329.9218083000742,329.9218083000742,,,330.1637212000787,p,1,330.1637852001004,330.1717546998989,331.1872006000485,331.1557475000154,0.24096460011787713,None,,,,,,,,,,,,,,,,,,,,205,1,short,A,2026-07-10_13h45.21.247,SBL_superimposed_encoding,,2026.1.3,119.57217091126466,2026-07-10 13h45.21.469065 -0400,
2,2,2,0,stimuli/scenes/scene_J1.jpg,Jungle,Negvi,stimuli/items/undersea_object_1.png,Undersea,object,si,p,1,0.3355566000100225,None,0,1,1,1,0,2,2,2,,,,,331.1872006000485,,,,,,,,,,,,,,,,,,,,,,,,,,,,,,,,,,,,,,,,331.1762055999134,331.1872006000485,331.1872006000485,333.1639972999692,333.1640916999895,333.1716714000795,333.1716714000795,,,333.5139878001064,p,1,333.51404280005954,333.52159420005046,334.54588439990766,334.5058554999996,0.3355566000100225,None,,,,,,,,,,,,,,,,,,,,205,1,short,A,2026-07-10_13h45.21.247,SBL_superimposed_encoding,,2026.1.3,119.57217091126466,2026-07-10 13h45.21.469065 -0400,
2,3,3,0,stimuli/scenes/scene_J2.jpg,Jungle,Tulon,stimuli/items/undersea_object_19.png,Undersea,object,si,p,1,0.4730102999601513,None,0,1,1,1,0,3,3,3,,,,,334.54588439990766,,,,,,,,,,,,,,,,,,,,,,,,,,,,,,,,,,,,,,,,334.53419669996947,334.54588439990766,334.54588439990766,336.5142846999224,336.514381099958,336.52187240007333,336.52187240007333,,,336.9972435000818,p,1,336.997300399933,337.005508299917,338.01387299993075,337.98912800010294,0.4730102999601513,None,,,,,,,,,,,,,,,,,,,,205,1,short,A,2026-07-10_13h45.21.247,SBL_superimposed_encoding,,2026.1.3,119.57217091126466,2026-07-10 13h45.21.469065 -0400,
2,4,4,0,stimuli/scenes/scene_U1.jpg,Undersea,Malbow,stimuli/items/undersea_animal_5.png,Undersea,animal,sc,q,1,0.317423100117594,None,0,1,1,1,0,4,4,4,,,,,338.01387299993075,,,,,,,,,,,,,,,,,,,,,,,,,,,,,,,,,,,,,,,,338.0082105998881,338.01387299993075,338.01387299993075,339.99757459992543,339.99767010007054,340.0052881001029,340.0052881001029,,,340.33105419995263,q,1,340.3311099000275,340.33827159996144,341.35343859996647,341.3220542999916,0.317423100117594,None,,,,,,,,,,,,,,,,,,,,205,1,short,A,2026-07-10_13h45.21.247,SBL_superimposed_encoding,,2026.1.3,119.57217091126466,2026-07-10 13h45.21.469065 -0400,
2,5,5,0,stimuli/scenes/scene_J1.jpg,Jungle,Negvi,stimuli/items/undersea_animal_4.png,Undersea,animal,si,p,1,0.3355443999171257,None,0,1,1,1,0,5,5,5,,,,,341.35343859996647,,,,,,,,,,,,,,,,,,,,,,,,,,,,,,,,,,,,,,,,341.34258670010604,341.35343859996647,341.35343859996647,343.3393411000725,343.3393860999495,343.3469972999301,343.3469972999301,,,343.68940689996816,p,1,343.6894646000583,343.6970110000111,344.7134881000966,344.68090940010734,0.3355443999171257,None,,,,,,,,,,,,,,,,,,,,205,1,short,A,2026-07-10_13h45.21.247,SBL_superimposed_encoding,,2026.1.3,119.57217091126466,2026-07-10 13h45.21.469065 -0400,
2,6,6,0,stimuli/scenes/scene_U2.jpg,Undersea,Somar,stimuli/items/undersea_object_18.png,Undersea,object,sc,None,0,,,0,1,1,1,0,6,6,6,,,,,344.7134881000966,,,,,,,,,,,,,,,,,,,,,,,,,,,,,,,,,,,,,,,,344.7052466000896,344.7134881000966,344.7134881000966,346.69758839998394,346.6976330000907,346.7053654000629,346.7053654000629,347.6970559998881,347.6970559998881,347.689221000066,None,0,347.68926570005715,347.6970559998881,348.7130082999356,348.6808356998954,,,,,,,,,,,,,,,,,,,,,,205,1,short,A,2026-07-10_13h45.21.247,SBL_superimposed_encoding,,2026.1.3,119.57217091126466,2026-07-10 13h45.21.469065 -0400,
2,7,7,0,stimuli/scenes/scene_U1.jpg,Undersea,Malbow,stimuli/items/undersea_object_2.png,Undersea,object,sc,q,1,0.2888657001312822,None,0,1,1,1,0,7,7,7,,,,,348.7130082999356,,,,,,,,,,,,,,,,,,,,,,,,,,,,,,,,,,,,,,,,348.70424830005504,348.7130082999356,348.7130082999356,350.69762429990806,350.69766830001026,350.70551580004394,350.70551580004394,,,350.99801520002075,q,1,350.9980719999876,351.0053938999772,352.0224733001087,351.98945760005154,0.2888657001312822,None,,,,,,,,,,,,,,,,,,,,205,1,short,A,2026-07-10_13h45.21.247,SBL_superimposed_encoding,,2026.1.3,119.57217091126466,2026-07-10 13h45.21.469065 -0400,
2,8,8,0,stimuli/scenes/scene_J2.jpg,Jungle,Tulon,stimuli/items/undersea_animal_14.png,Undersea,animal,si,p,1,0.2768700998276472,None,0,1,1,1,0,8,8,8,,,,,352.0224733001087,,,,,,,,,,,,,,,,,,,,,,,,,,,,,,,,,,,,,,,,352.0165248999838,352.0224733001087,352.0224733001087,354.0059243000578,354.00596709991805,354.01403749990277,354.01403749990277,,,354.2978566000238,p,1,354.2979125001002,354.30527570005506,355.3209867000114,355.2892452001106,0.2768700998276472,None,,,,,,,,,,,,,,,,,,,,205,1,short,A,2026-07-10_13h45.21.247,SBL_superimposed_encoding,,2026.1.3,119.57217091126466,2026-07-10 13h45.21.469065 -0400,
2,9,9,0,stimuli/scenes/scene_U1.jpg,Undersea,Malbow,stimuli/items/undersea_animal_9.png,Undersea,animal,sc,q,1,0.2727053000126034,None,0,1,1,1,0,9,9,9,,,,,355.3209867000114,,,,,,,,,,,,,,,,,,,,,,,,,,,,,,,,,,,,,,,,355.3094834999647,355.3209867000114,355.3209867000114,357.3062094000634,357.3063099998981,357.31376009993255,357.31376009993255,,,357.58976210001856,q,1,357.58981800009497,357.59699039999396,358.61354740010574,358.5807336999569,0.2727053000126034,None,,,,,,,,,,,,,,,,,,,,205,1,short,A,2026-07-10_13h45.21.247,SBL_superimposed_encoding,,2026.1.3,119.57217091126466,2026-07-10 13h45.21.469065 -0400,
2,10,10,0,stimuli/scenes/scene_J2.jpg,Jungle,Tulon,stimuli/items/undersea_object_16.png,Undersea,object,si,p,1,0.34123479994013906,None,0,1,1,1,0,10,10,10,,,,,358.61354740010574,,,,,,,,,,,,,,,,,,,,,,,,,,,,,,,,,,,,,,,,358.602734999964,358.61354740010574,358.61354740010574,360.59812389989384,360.59821419999935,360.6057158000767,360.6057158000767,,,360.94788650004193,p,1,360.94794310000725,360.95539060002193,361.97111100004986,361.9396236001048,0.34123479994013906,None,,,,,,,,,,,,,,,,,,,,205,1,short,A,2026-07-10_13h45.21.247,SBL_superimposed_encoding,,2026.1.3,119.57217091126466,2026-07-10 13h45.21.469065 -0400,
2,11,11,0,stimuli/scenes/scene_U1.jpg,Undersea,Malbow,stimuli/items/jungle_object_20.png,Jungle,object,si,p,1,0.31967200012877584,None,0,1,1,1,0,11,11,11,,,,,361.97111100004986,,,,,,,,,,,,,,,,,,,,,,,,,,,,,,,,,,,,,,,,361.9595592999831,361.97111100004986,361.97111100004986,363.9480838999152,363.94816559995525,363.95548500004224,363.95548500004224,,,364.2817267999053,p,1,364.28178160008974,364.28920309990644,365.3051257999614,365.27328329999,0.31967200012877584,None,,,,,,,,,,,,,,,,,,,,205,1,short,A,2026-07-10_13h45.21.247,SBL_superimposed_encoding,,2026.1.3,119.57217091126466,2026-07-10 13h45.21.469065 -0400,
2,12,12,0,stimuli/scenes/scene_J2.jpg,Jungle,Tulon,stimuli/items/jungle_animal_8.png,Jungle,animal,sc,q,1,0.30525860004127026,None,0,1,1,1,0,12,12,12,,,,,365.3051257999614,,,,,,,,,,,,,,,,,,,,,,,,,,,,,,,,,,,,,,,,365.29449120000936,365.3051257999614,365.3051257999614,367.2897878999356,367.28988380008377,367.29747310001403,367.29747310001403,,,367.6064689999912,q,1,367.60652450006455,367.6139698999468,368.6290951000992,368.5977787999436,0.30525860004127026,None,,,,,,,,,,,,,,,,,,,,205,1,short,A,2026-07-10_13h45.21.247,SBL_superimposed_encoding,,2026.1.3,119.57217091126466,2026-07-10 13h45.21.469065 -0400,
2,13,13,0,stimuli/scenes/scene_U1.jpg,Undersea,Malbow,stimuli/items/jungle_animal_13.png,Jungle,animal,si,p,1,0.2758465998340398,None,0,1,1,1,0,13,13,13,,,,,368.6290951000992,,,,,,,,,,,,,,,,,,,,,,,,,,,,,,,,,,,,,,,,368.61790789989755,368.6290951000992,368.6290951000992,370.6144769000821,370.61452280008234,370.62250859988853,370.62250859988853,,,370.9066552000586,p,1,370.9067110000178,370.91390460007824,371.93064339994453,371.89819370000623,0.2758465998340398,None,,,,,,,,,,,,,,,,,,,,205,1,short,A,2026-07-10_13h45.21.247,SBL_superimposed_encoding,,2026.1.3,119.57217091126466,2026-07-10 13h45.21.469065 -0400,
2,14,14,0,stimuli/scenes/scene_U2.jpg,Undersea,Somar,stimuli/items/jungle_object_7.png,Jungle,object,si,p,1,0.22404300002381206,None,0,1,1,1,0,14,14,14,,,,,371.93064339994453,,,,,,,,,,,,,,,,,,,,,,,,,,,,,,,,,,,,,,,,371.9231434999965,371.93064339994453,371.93064339994453,373.9148762000259,373.9149722000584,373.9224710999988,373.9224710999988,,,374.1484306000639,p,1,374.14848350011744,374.15578699996695,375.16976589988917,375.1394245000556,0.22404300002381206,None,,,,,,,,,,,,,,,,,,,,205,1,short,A,2026-07-10_13h45.21.247,SBL_superimposed_encoding,,2026.1.3,119.57217091126466,2026-07-10 13h45.21.469065 -0400,
2,15,15,0,stimuli/scenes/scene_U1.jpg,Undersea,Malbow,stimuli/items/jungle_animal_18.png,Jungle,animal,si,p,1,0.39065419998951256,None,0,1,1,1,0,15,15,15,,,,,375.16976589988917,,,,,,,,,,,,,,,,,,,,,,,,,,,,,,,,,,,,,,,,375.1594247999601,375.16976589988917,375.16976589988917,377.1565121000167,377.1565560998861,377.1641663000919,377.1641663000919,,,377.5566294998862,p,1,377.5566873000935,377.56417670007795,378.5797421000898,378.5477998999413,0.39065419998951256,None,,,,,,,,,,,,,,,,,,,,205,1,short,A,2026-07-10_13h45.21.247,SBL_superimposed_encoding,,2026.1.3,119.57217091126466,2026-07-10 13h45.21.469065 -0400,
2,16,16,0,stimuli/scenes/scene_U2.jpg,Undersea,Somar,stimuli/items/jungle_animal_10.png,Jungle,animal,si,p,1,0.71852370002307,None,0,1,1,1,0,16,16,16,,,,,378.5797421000898,,,,,,,,,,,,,,,,,,,,,,,,,,,,,,,,,,,,,,,,378.56945469998755,378.5797421000898,378.5797421000898,380.556947800098,380.5570449999068,380.56421420001425,380.56421420001425,,,381.28985899989493,p,1,381.2899164000992,381.29750069999136,382.32049790001474,382.2812908999622,0.71852370002307,None,,,,,,,,,,,,,,,,,,,,205,1,short,A,2026-07-10_13h45.21.247,SBL_superimposed_encoding,,2026.1.3,119.57217091126466,2026-07-10 13h45.21.469065 -0400,
2,17,17,0,stimuli/scenes/scene_J1.jpg,Jungle,Negvi,stimuli/items/jungle_object_11.png,Jungle,object,sc,q,1,0.7933279001154006,None,0,1,1,1,0,17,17,17,,,,,382.32049790001474,,,,,,,,,,,,,,,,,,,,,,,,,,,,,,,,,,,,,,,,382.3094532000832,382.32049790001474,382.32049790001474,384.2899650000036,384.2900090001058,384.29760110005736,384.29760110005736,,,385.09824090008624,q,1,385.09829719993286,385.10641320003197,386.1148137000855,386.089915700024,0.7933279001154006,None,,,,,,,,,,,,,,,,,,,,205,1,short,A,2026-07-10_13h45.21.247,SBL_superimposed_encoding,,2026.1.3,119.57217091126466,2026-07-10 13h45.21.469065 -0400,
2,18,18,0,stimuli/scenes/scene_U2.jpg,Undersea,Somar,stimuli/items/jungle_object_6.png,Jungle,object,si,p,1,0.31295479997061193,None,0,1,1,1,0,18,18,18,,,,,386.1148137000855,,,,,,,,,,,,,,,,,,,,,,,,,,,,,,,,,,,,,,,,386.10881519992836,386.1148137000855,386.1148137000855,388.09832210000604,388.0983661999926,388.10604740004055,388.10604740004055,,,388.42383229988627,p,1,388.4238881999627,388.4309141000267,389.45553830009885,389.41456350008957,0.31295479997061193,None,,,,,,,,,,,,,,,,,,,,205,1,short,A,2026-07-10_13h45.21.247,SBL_superimposed_encoding,,2026.1.3,119.57217091126466,2026-07-10 13h45.21.469065 -0400,
2,19,19,0,stimuli/scenes/scene_J2.jpg,Jungle,Tulon,stimuli/items/undersea_animal_18.png,Undersea,animal,si,p,1,0.29228860000148416,None,0,1,1,1,0,19,19,19,,,,,389.45553830009885,,,,,,,,,,,,,,,,,,,,,,,,,,,,,,,,,,,,,,,,389.44369120011106,389.45553830009885,389.45553830009885,391.43167930003256,391.43172609992325,391.4390732999891,391.4390732999891,,,391.73197799990885,p,1,391.7320373998955,391.7394393000286,392.7542854999192,392.72322449996136,0.29228860000148416,None,,,,,,,,,,,,,,,,,,,,205,1,short,A,2026-07-10_13h45.21.247,SBL_superimposed_encoding,,2026.1.3,119.57217091126466,2026-07-10 13h45.21.469065 -0400,
2,20,20,0,stimuli/scenes/scene_U2.jpg,Undersea,Somar,stimuli/items/jungle_animal_17.png,Jungle,animal,si,p,1,0.29458420001901686,None,0,1,1,1,0,20,20,20,,,,,392.7542854999192,,,,,,,,,,,,,,,,,,,,,,,,,,,,,,,,,,,,,,,,392.7433253999334,392.7542854999192,392.7542854999192,394.74037840007804,394.7404475000221,394.7479282000568,394.7479282000568,,,395.0488855999429,p,1,395.0489399000071,395.0561422999017,396.07255110004917,396.0402178999502,0.29458420001901686,None,,,,,,,,,,,,,,,,,,,,205,1,short,A,2026-07-10_13h45.21.247,SBL_superimposed_encoding,,2026.1.3,119.57217091126466,2026-07-10 13h45.21.469065 -0400,
2,21,21,0,stimuli/scenes/scene_J1.jpg,Jungle,Negvi,stimuli/items/jungle_animal_9.png,Jungle,animal,sc,q,1,0.2581205000169575,None,0,1,1,1,0,21,21,21,,,,,396.07255110004917,,,,,,,,,,,,,,,,,,,,,,,,,,,,,,,,,,,,,,,,396.0640503000468,396.07255110004917,396.07255110004917,398.0570398999844,398.0571185001172,398.06483460008167,398.06483460008167,,,398.3235883000307,q,1,398.32364579988644,398.33118740003556,399.3460965999402,399.3151350999251,0.2581205000169575,None,,,,,,,,,,,,,,,,,,,,205,1,short,A,2026-07-10_13h45.21.247,SBL_superimposed_encoding,,2026.1.3,119.57217091126466,2026-07-10 13h45.21.469065 -0400,
2,22,22,0,stimuli/scenes/scene_U2.jpg,Undersea,Somar,stimuli/items/jungle_object_8.png,Jungle,object,si,p,1,0.3111664999742061,None,0,1,1,1,0,22,22,22,,,,,399.3460965999402,,,,,,,,,,,,,,,,,,,,,,,,,,,,,,,,,,,,,,,,399.3357200000901,399.3460965999402,399.3460965999402,401.3320325000677,401.3321352000348,401.3399879001081,401.3399879001081,,,401.65721650002524,p,1,401.65727400011383,401.6646030000411,402.6817075998988,402.64844039990567,0.3111664999742061,None,,,,,,,,,,,,,,,,,,,,205,1,short,A,2026-07-10_13h45.21.247,SBL_superimposed_encoding,,2026.1.3,119.57217091126466,2026-07-10 13h45.21.469065 -0400,
2,23,23,0,stimuli/scenes/scene_J2.jpg,Jungle,Tulon,stimuli/items/undersea_object_4.png,Undersea,object,si,p,1,0.46569139999337494,None,0,1,1,1,0,23,23,23,,,,,402.6817075998988,,,,,,,,,,,,,,,,,,,,,,,,,,,,,,,,,,,,,,,,402.67605590005405,402.6817075998988,402.6817075998988,404.6658389000222,404.6659347000532,404.6730438999366,404.6730438999366,,,405.14054700010456,p,1,405.14060469996184,405.1480801999569,406.164669000078,406.1314578000456,0.46569139999337494,None,,,,,,,,,,,,,,,,,,,,205,1,short,A,2026-07-10_13h45.21.247,SBL_superimposed_encoding,,2026.1.3,119.57217091126466,2026-07-10 13h45.21.469065 -0400,
2,24,24,0,stimuli/scenes/scene_U1.jpg,Undersea,Malbow,stimuli/items/undersea_animal_7.png,Undersea,animal,sc,q,1,0.2944127998780459,None,0,1,1,1,0,24,24,24,,,,,406.164669000078,,,,,,,,,,,,,,,,,,,,,,,,,,,,,,,,,,,,,,,,406.1566063000355,406.164669000078,406.164669000078,408.14905130001716,408.14916600007564,408.15675879991613,408.15675879991613,,,408.4575604000129,q,1,408.4576167999767,408.4647852999624,409.4816020000726,409.4484437999781,0.2944127998780459,None,,,,,,,,,,,,,,,,,,,,205,1,short,A,2026-07-10_13h45.21.247,SBL_superimposed_encoding,,2026.1.3,119.57217091126466,2026-07-10 13h45.21.469065 -0400,
2,25,25,0,stimuli/scenes/scene_J1.jpg,Jungle,Negvi,stimuli/items/jungle_object_19.png,Jungle,object,sc,q,1,0.2579393000341952,None,0,1,1,1,0,25,25,25,,,,,409.4816020000726,,,,,,,,,,,,,,,,,,,,,,,,,,,,,,,,,,,,,,,,409.47454790002666,409.4816020000726,409.4816020000726,411.4653731000144,411.4654163001105,411.4731658999808,411.4731658999808,,,411.73269290011376,q,1,411.73274830006994,411.7397044999525,412.756062499946,412.7235811999999,0.2579393000341952,None,,,,,,,,,,,,,,,,,,,,205,1,short,A,2026-07-10_13h45.21.247,SBL_superimposed_encoding,,2026.1.3,119.57217091126466,2026-07-10 13h45.21.469065 -0400,
2,26,26,0,stimuli/scenes/scene_J2.jpg,Jungle,Tulon,stimuli/items/jungle_object_18.png,Jungle,object,sc,q,1,0.3744238999206573,None,0,1,1,1,0,26,26,26,,,,,412.756062499946,,,,,,,,,,,,,,,,,,,,,,,,,,,,,,,,,,,,,,,,412.7454899000004,412.756062499946,412.756062499946,414.7407056998927,414.7407484999858,414.7482203999534,414.7482203999534,,,415.12372149992734,q,1,415.12377820000984,415.1314199999906,416.14727420010604,416.1153778000735,0.3744238999206573,None,,,,,,,,,,,,,,,,,,,,205,1,short,A,2026-07-10_13h45.21.247,SBL_superimposed_encoding,,2026.1.3,119.57217091126466,2026-07-10 13h45.21.469065 -0400,
2,27,27,0,stimuli/scenes/scene_U1.jpg,Undersea,Malbow,stimuli/items/undersea_object_9.png,Undersea,object,sc,q,1,0.4955876001622528,None,0,1,1,1,0,27,27,27,,,,,416.14727420010604,,,,,,,,,,,,,,,,,,,,,,,,,,,,,,,,,,,,,,,,416.13636519992724,416.14727420010604,416.14727420010604,418.1241393000819,418.12419990007766,418.13142640003935,418.13142640003935,,,418.6325767999515,q,1,418.6326327000279,418.6399974001106,419.656420199899,419.6237864000723,0.4955876001622528,None,,,,,,,,,,,,,,,,,,,,205,1,short,A,2026-07-10_13h45.21.247,SBL_superimposed_encoding,,2026.1.3,119.57217091126466,2026-07-10 13h45.21.469065 -0400,
2,28,28,0,stimuli/scenes/scene_U2.jpg,Undersea,Somar,stimuli/items/jungle_animal_15.png,Jungle,animal,si,p,1,0.4028329998254776,None,0,1,1,1,0,28,28,28,,,,,419.656420199899,,,,,,,,,,,,,,,,,,,,,,,,,,,,,,,,,,,,,,,,419.64882409991696,419.656420199899,419.656420199899,421.6407274999656,421.64082360011525,421.64808239997365,421.64808239997365,,,422.0576724000275,p,1,422.0577279001009,422.0648481999524,423.0875597000122,423.04871340002865,0.4028329998254776,None,,,,,,,,,,,,,,,,,,,,205,1,short,A,2026-07-10_13h45.21.247,SBL_superimposed_encoding,,2026.1.3,119.57217091126466,2026-07-10 13h45.21.469065 -0400,
2,29,29,0,stimuli/scenes/scene_J2.jpg,Jungle,Tulon,stimuli/items/undersea_animal_19.png,Undersea,animal,si,p,1,0.27361480006948113,None,0,1,1,1,0,29,29,29,,,,,423.0875597000122,,,,,,,,,,,,,,,,,,,,,,,,,,,,,,,,,,,,,,,,423.0757816999685,423.0875597000122,423.0875597000122,425.0656753999647,425.06571869994514,425.0734904001001,425.0734904001001,,,425.34901000000536,p,1,425.3490653000772,425.3568100000266,426.365248600021,426.3404788998887,0.27361480006948113,None,,,,,,,,,,,,,,,,,,,,205,1,short,A,2026-07-10_13h45.21.247,SBL_superimposed_encoding,,2026.1.3,119.57217091126466,2026-07-10 13h45.21.469065 -0400,
2,30,30,0,stimuli/scenes/scene_U2.jpg,Undersea,Somar,stimuli/items/jungle_object_5.png,Jungle,object,si,p,1,0.26979689998552203,None,0,1,1,1,0,30,30,30,,,,,426.365248600021,,,,,,,,,,,,,,,,,,,,,,,,,,,,,,,,,,,,,,,,426.35879709990695,426.365248600021,426.365248600021,428.349397999933,428.34943969990127,428.3568768000696,428.3568768000696,,,428.63268089992926,p,1,428.6327366998885,428.63998940004967,429.66237500007264,429.62408649991266,0.26979689998552203,None,,,,,,,,,,,428.3568768000696,428.3568768000696,,,,,,,,205,1,short,A,2026-07-10_13h45.21.247,SBL_superimposed_encoding,,2026.1.3,119.57217091126466,2026-07-10 13h45.21.469065 -0400,
2,31,31,0,stimuli/scenes/scene_J1.jpg,Jungle,Negvi,stimuli/items/jungle_object_14.png,Jungle,object,sc,q,1,0.2583314999938011,None,0,1,1,1,0,31,31,31,,,,,429.66237500007264,,,,,,,,,,,,,,,,,,,,,,,,,,,,,,,,,,,,,,,,429.6514562999364,429.66237500007264,429.66237500007264,431.64081040001474,431.6409056999255,431.64849429996684,431.64849429996684,,,431.9075662000105,q,1,431.90762159996666,431.91504040011205,432.9371172999963,432.8988161999732,0.2583314999938011,None,,,,,,,,,,,,,,,,,,,,205,1,short,A,2026-07-10_13h45.21.247,SBL_superimposed_encoding,,2026.1.3,119.57217091126466,2026-07-10 13h45.21.469065 -0400,
2,32,32,0,stimuli/scenes/scene_U1.jpg,Undersea,Malbow,stimuli/items/undersea_object_15.png,Undersea,object,sc,q,1,0.28698699991218746,None,0,1,1,1,0,32,32,32,,,,,432.9371172999963,,,,,,,,,,,,,,,,,,,,,,,,,,,,,,,,,,,,,,,,432.9266973999329,432.9371172999963,432.9371172999963,434.9078915999271,434.9079863000661,434.9153722000774,434.9153722000774,,,435.20749760000035,q,1,435.2075503000524,435.21517889993265,436.24688689992763,436.19934700010344,0.28698699991218746,None,,,,,,,,,,,,,,,,,,,,205,1,short,A,2026-07-10_13h45.21.247,SBL_superimposed_encoding,,2026.1.3,119.57217091126466,2026-07-10 13h45.21.469065 -0400,
2,33,33,0,stimuli/scenes/scene_J2.jpg,Jungle,Tulon,stimuli/items/jungle_animal_20.png,Jungle,animal,sc,q,1,0.39547740016132593,None,0,1,1,1,0,33,33,33,,,,,436.24688689992763,,,,,,,,,,,,,,,,,,,,,,,,,,,,,,,,,,,,,,,,436.2352519999258,436.24688689992763,436.24688689992763,438.20798820001073,438.2080324999988,438.2153723000083,438.2153723000083,,,438.6161599000916,q,1,438.6162215999793,438.62339029996656,439.6399672999978,439.60761009994894,0.39547740016132593,None,,,,,,,,,,,,,,,,,,,,205,1,short,A,2026-07-10_13h45.21.247,SBL_superimposed_encoding,,2026.1.3,119.57217091126466,2026-07-10 13h45.21.469065 -0400,
2,34,34,0,stimuli/scenes/scene_U1.jpg,Undersea,Malbow,stimuli/items/jungle_object_12.png,Jungle,object,si,p,1,0.2423320000525564,None,0,1,1,1,0,34,34,34,,,,,439.6399672999978,,,,,,,,,,,,,,,,,,,,,,,,,,,,,,,,,,,,,,,,439.63034730008803,439.6399672999978,439.6399672999978,441.6243545000907,441.62439840007573,441.6321493999567,441.6321493999567,,,441.88302859989926,p,1,441.88308529998176,441.89054420008324,442.9067547998857,442.873726000078,0.2423320000525564,None,,,,,,,,,,,,,,,,,,,,205,1,short,A,2026-07-10_13h45.21.247,SBL_superimposed_encoding,,2026.1.3,119.57217091126466,2026-07-10 13h45.21.469065 -0400,
2,35,35,0,stimuli/scenes/scene_J1.jpg,Jungle,Negvi,stimuli/items/undersea_animal_11.png,Undersea,animal,si,p,1,0.25610819994471967,None,0,1,1,1,0,35,35,35,,,,,442.9067547998857,,,,,,,,,,,,,,,,,,,,,,,,,,,,,,,,,,,,,,,,442.8969670000952,442.9067547998857,442.9067547998857,444.8911375000607,444.89118120004423,444.8988588000648,444.8988588000648,,,445.15764910005964,p,1,445.1577041998971,445.16543309995905,446.18170899990946,446.1490388000384,0.25610819994471967,None,,,,,,,,,,,,,,,,,,,,205,1,short,A,2026-07-10_13h45.21.247,SBL_superimposed_encoding,,2026.1.3,119.57217091126466,2026-07-10 13h45.21.469065 -0400,
2,36,36,0,stimuli/scenes/scene_J2.jpg,Jungle,Tulon,stimuli/items/jungle_animal_4.png,Jungle,animal,sc,p,0,0.3169853000435978,None,0,1,1,1,0,36,36,36,,,,,446.18170899990946,,,,,,,,,,,,,,,,,,,,,,,,,,,,,,,,,,,,,,,,446.17162630008534,446.18170899990946,446.18170899990946,448.15780930011533,448.15785220009275,448.1656541998964,448.1656541998964,,,448.49087850004435,p,0,448.4909355000127,448.4988983999938,449.5147808000911,449.48264480009675,0.3169853000435978,None,,,,,,,,,,,,,,,,,,,,205,1,short,A,2026-07-10_13h45.21.247,SBL_superimposed_encoding,,2026.1.3,119.57217091126466,2026-07-10 13h45.21.469065 -0400,
2,37,37,0,stimuli/scenes/scene_U2.jpg,Undersea,Somar,stimuli/items/undersea_animal_6.png,Undersea,animal,sc,q,1,0.2797240999061614,None,0,1,1,1,0,37,37,37,,,,,449.5147808000911,,,,,,,,,,,,,,,,,,,,,,,,,,,,,,,,,,,,,,,,449.5045153000392,449.5147808000911,449.5147808000911,451.49146810011007,451.4915118000936,451.498981700046,451.498981700046,,,451.7831230999436,q,1,451.7831778000109,451.79081079992466,452.8068587000016,452.7746645999141,0.2797240999061614,None,,,,,,,,,,,,,,,,,,,,205,1,short,A,2026-07-10_13h45.21.247,SBL_superimposed_encoding,,2026.1.3,119.57217091126466,2026-07-10 13h45.21.469065 -0400,
2,38,38,0,stimuli/scenes/scene_J2.jpg,Jungle,Tulon,stimuli/items/jungle_object_9.png,Jungle,object,sc,q,1,0.2275058999657631,None,0,1,1,1,0,38,38,38,,,,,452.8068587000016,,,,,,,,,,,,,,,,,,,,,,,,,,,,,,,,,,,,,,,,452.7970994000789,452.8068587000016,452.8068587000016,454.7914213000331,454.79147240007296,454.79906859993935,454.79906859993935,,,455.03314350009896,q,1,455.0332001999486,455.04070809995756,456.05735199991614,456.0246021999046,0.2275058999657631,None,,,,,,,,,,,,,,,,,,,,205,1,short,A,2026-07-10_13h45.21.247,SBL_superimposed_encoding,,2026.1.3,119.57217091126466,2026-07-10 13h45.21.469065 -0400,
2,39,39,0,stimuli/scenes/scene_U1.jpg,Undersea,Malbow,stimuli/items/jungle_object_10.png,Jungle,object,si,p,1,0.2573451001662761,None,0,1,1,1,0,39,39,39,,,,,456.05735199991614,,,,,,,,,,,,,,,,,,,,,,,,,,,,,,,,,,,,,,,,456.04935989994556,456.05735199991614,456.05735199991614,458.04135229997337,458.04139610007405,458.04909350001253,458.04909350001253,,,458.30815039994195,p,1,458.3082043998875,458.315489300061,459.3322554999031,459.2994484999217,0.2573451001662761,None,,,,,,,,,,,,,,,,,,,,205,1,short,A,2026-07-10_13h45.21.247,SBL_superimposed_encoding,,2026.1.3,119.57217091126466,2026-07-10 13h45.21.469065 -0400,
2,40,40,0,stimuli/scenes/scene_J1.jpg,Jungle,Negvi,stimuli/items/jungle_animal_6.png,Jungle,animal,sc,q,1,0.29519360000267625,None,0,1,1,1,0,40,40,40,,,,,459.3322554999031,,,,,,,,,,,,,,,,,,,,,,,,,,,,,,,,,,,,,,,,459.3269418000709,459.3322554999031,459.3322554999031,461.31631319993176,461.31636680010706,461.32406909996644,461.32406909996644,,,461.6249367999844,q,1,461.6249935000669,461.6321342000738,462.6486782999709,462.6158038000576,0.29519360000267625,None,,,,,,,,,,,,,,,,,,,,205,1,short,A,2026-07-10_13h45.21.247,SBL_superimposed_encoding,,2026.1.3,119.57217091126466,2026-07-10 13h45.21.469065 -0400,
2,41,41,0,stimuli/scenes/scene_U2.jpg,Undersea,Somar,stimuli/items/jungle_animal_7.png,Jungle,animal,si,p,1,0.21797270001843572,None,0,1,1,1,0,41,41,41,,,,,462.6486782999709,,,,,,,,,,,,,,,,,,,,,,,,,,,,,,,,,,,,,,,,462.64012970007025,462.6486782999709,462.6486782999709,464.6251207999885,464.62519600009546,464.6327651999891,464.6327651999891,,,464.8585495001171,p,1,464.8586059000809,464.86586240003817,465.882000700105,465.84962920006365,0.21797270001843572,None,,,,,,,,,,,,,,,,,,,,205,1,short,A,2026-07-10_13h45.21.247,SBL_superimposed_encoding,,2026.1.3,119.57217091126466,2026-07-10 13h45.21.469065 -0400,
2,42,42,0,stimuli/scenes/scene_J2.jpg,Jungle,Tulon,stimuli/items/undersea_object_11.png,Undersea,object,si,p,1,0.3045387000311166,None,0,1,1,1,0,42,42,42,,,,,465.882000700105,,,,,,,,,,,,,,,,,,,,,,,,,,,,,,,,,,,,,,,,465.87189149996266,465.882000700105,465.882000700105,467.8663286000956,467.8663723000791,467.87424420006573,467.87424420006573,,,468.1835070999805,p,1,468.18356389994733,468.1906612999737,469.20711719989777,469.17485309997573,0.3045387000311166,None,,,,,,,,,,,,,,,,,,,,205,1,short,A,2026-07-10_13h45.21.247,SBL_superimposed_encoding,,2026.1.3,119.57217091126466,2026-07-10 13h45.21.469065 -0400,
2,43,43,0,stimuli/scenes/scene_U2.jpg,Undersea,Somar,stimuli/items/undersea_object_6.png,Undersea,object,sc,q,1,0.24332370003685355,None,0,1,1,1,0,43,43,43,,,,,469.20711719989777,,,,,,,,,,,,,,,,,,,,,,,,,,,,,,,,,,,,,,,,469.1978116000537,469.20711719989777,469.20711719989777,471.1915545000229,471.1915978998877,471.19956009997986,471.19956009997986,,,471.4502212998923,q,1,471.4502747999504,471.4575416999869,472.47368560009636,472.4413256000262,0.24332370003685355,None,,,,,,,,,,,,,,,,,,,,205,1,short,A,2026-07-10_13h45.21.247,SBL_superimposed_encoding,,2026.1.3,119.57217091126466,2026-07-10 13h45.21.469065 -0400,
2,44,44,0,stimuli/scenes/scene_J2.jpg,Jungle,Tulon,stimuli/items/jungle_animal_16.png,Jungle,animal,sc,q,1,0.9129254999570549,None,0,1,1,1,0,44,44,44,,,,,472.47368560009636,,,,,,,,,,,,,,,,,,,,,,,,,,,,,,,,,,,,,,,,472.462224900024,472.47368560009636,472.47368560009636,474.45817440003157,474.4582764999941,474.46582329995,474.46582329995,,,475.38325820001774,q,1,475.3833176998887,475.3910658999812,476.40731970011257,476.3748244000599,0.9129254999570549,None,,,,,,,,,,,,,,,,,,,,205,1,short,A,2026-07-10_13h45.21.247,SBL_superimposed_encoding,,2026.1.3,119.57217091126466,2026-07-10 13h45.21.469065 -0400,
2,45,45,0,stimuli/scenes/scene_U2.jpg,Undersea,Somar,stimuli/items/jungle_animal_19.png,Jungle,animal,si,p,1,0.3799005998298526,None,0,1,1,1,0,45,45,45,,,,,476.40731970011257,,,,,,,,,,,,,,,,,,,,,,,,,,,,,,,,,,,,,,,,476.397958900081,476.40731970011257,476.40731970011257,478.38335389993154,478.3833973999135,478.39135399996303,478.39135399996303,,,478.775559599977,p,1,478.7756187999621,478.7827834999189,479.80649299989454,479.7666841999162,0.3799005998298526,None,,,,,,,,,,,,,,,,,,,,205,1,short,A,2026-07-10_13h45.21.247,SBL_superimposed_encoding,,2026.1.3,119.57217091126466,2026-07-10 13h45.21.469065 -0400,
2,46,46,0,stimuli/scenes/scene_J1.jpg,Jungle,Negvi,stimuli/items/undersea_object_7.png,Undersea,object,si,p,1,0.2595933999400586,None,0,1,1,1,0,46,46,46,,,,,479.80649299989454,,,,,,,,,,,,,,,,,,,,,,,,,,,,,,,,,,,,,,,,479.79562030010857,479.80649299989454,479.80649299989454,481.78353110002354,481.7835762000177,481.79114690003917,481.79114690003917,,,482.0585998001043,p,1,482.05865309992805,482.06596129992977,483.0802056998946,483.04990460001864,0.2595933999400586,None,,,,,,,,,,,,,,,,,,,,205,1,short,A,2026-07-10_13h45.21.247,SBL_superimposed_encoding,,2026.1.3,119.57217091126466,2026-07-10 13h45.21.469065 -0400,
2,47,47,0,stimuli/scenes/scene_U2.jpg,Undersea,Somar,stimuli/items/undersea_animal_12.png,Undersea,animal,sc,q,1,0.28802939993329346,None,0,1,1,1,0,47,47,47,,,,,483.0802056998946,,,,,,,,,,,,,,,,,,,,,,,,,,,,,,,,,,,,,,,,483.0696483000647,483.0802056998946,483.0802056998946,485.06678180000745,485.06682500010356,485.0747362000402,485.0747362000402,,,485.36675480008125,q,1,485.36681120004505,485.37439229991287,486.39082280010916,486.3583088000305,0.28802939993329346,None,,,,,,,,,,,,,,,,,,,,205,1,short,A,2026-07-10_13h45.21.247,SBL_superimposed_encoding,,2026.1.3,119.57217091126466,2026-07-10 13h45.21.469065 -0400,
2,48,48,0,stimuli/scenes/scene_U1.jpg,Undersea,Malbow,stimuli/items/jungle_animal_1.png,Jungle,animal,si,p,1,0.2995519998949021,None,0,1,1,1,0,48,48,48,,,,,486.39082280010916,,,,,,,,,,,,,,,,,,,,,,,,,,,,,,,,,,,,,,,,486.38223670003936,486.39082280010916,486.39082280010916,488.3671428998932,488.3672388000414,488.37475789990276,488.37475789990276,,,488.67502800002694,p,1,488.67508379998617,488.6829015999101,489.70594369992614,489.66676419996656,0.2995519998949021,None,,,,,,,,,,,,,,,,,,,,205,1,short,A,2026-07-10_13h45.21.247,SBL_superimposed_encoding,,2026.1.3,119.57217091126466,2026-07-10 13h45.21.469065 -0400,
2,49,49,0,stimuli/scenes/scene_J2.jpg,Jungle,Tulon,stimuli/items/undersea_animal_17.png,Undersea,animal,si,p,1,0.2717671999707818,None,0,1,1,1,0,49,49,49,,,,,489.70594369992614,,,,,,,,,,,,,,,,,,,,,,,,,,,,,,,,,,,,,,,,489.69405629998073,489.70594369992614,489.70594369992614,491.67542070010677,491.67551589990035,491.68313540006056,491.68313540006056,,,491.9585361001082,p,1,491.95859019993804,491.96619549999014,492.9832693999633,492.9500476999674,0.2717671999707818,None,,,,,,,,,,,,,,,,,,,,205,1,short,A,2026-07-10_13h45.21.247,SBL_superimposed_encoding,,2026.1.3,119.57217091126466,2026-07-10 13h45.21.469065 -0400,
2,50,50,0,stimuli/scenes/scene_J1.jpg,Jungle,Negvi,stimuli/items/undersea_animal_1.png,Undersea,animal,si,p,1,0.8519516000524163,None,0,1,1,1,0,50,50,50,,,,,492.9832693999633,,,,,,,,,,,,,,,,,,,,,,,,,,,,,,,,,,,,,,,,492.97757950006053,492.9832693999633,492.9832693999633,494.9671521000564,494.96722130011767,494.9745420999825,494.9745420999825,,,495.83398839994334,p,1,495.83404579991475,495.84110750001855,496.85751769994386,496.8248630000744,0.8519516000524163,None,,,,,,,,,,,,,,,,,,,,205,1,short,A,2026-07-10_13h45.21.247,SBL_superimposed_encoding,,2026.1.3,119.57217091126466,2026-07-10 13h45.21.469065 -0400,
2,51,51,0,stimuli/scenes/scene_J2.jpg,Jungle,Tulon,stimuli/items/undersea_animal_15.png,Undersea,animal,si,p,1,0.27306420006789267,None,0,1,1,1,0,51,51,51,,,,,496.85751769994386,,,,,,,,,,,,,,,,,,,,,,,,,,,,,,,,,,,,,,,,496.84671199996956,496.85751769994386,496.85751769994386,498.84214040008374,498.8422360001132,498.8497953999322,498.8497953999322,,,499.12532379990444,p,1,499.12537840008736,499.1329379999079,500.1555248000659,500.116777200019,0.27306420006789267,None,,,,,,,,,,,,,,,,,,,,205,1,short,A,2026-07-10_13h45.21.247,SBL_superimposed_encoding,,2026.1.3,119.57217091126466,2026-07-10 13h45.21.469065 -0400,
2,52,52,0,stimuli/scenes/scene_U1.jpg,Undersea,Malbow,stimuli/items/undersea_object_17.png,Undersea,object,sc,q,1,0.2771777000743896,None,0,1,1,1,0,52,52,52,,,,,500.1555248000659,,,,,,,,,,,,,,,,,,,,,,,,,,,,,,,,,,,,,,,,500.1443543001078,500.1555248000659,500.1555248000659,502.13368150009774,502.1337244999595,502.14161140006036,502.14161140006036,,,502.4256003999617,q,1,502.4256539000198,502.4328634000849,503.4492554999888,503.41732509993017,0.2771777000743896,None,,,,,,,,,,,,,,,,,,,,205,1,short,A,2026-07-10_13h45.21.247,SBL_superimposed_encoding,,2026.1.3,119.57217091126466,2026-07-10 13h45.21.469065 -0400,
2,53,53,0,stimuli/scenes/scene_J1.jpg,Jungle,Negvi,stimuli/items/jungle_animal_14.png,Jungle,animal,sc,p,0,0.2729480001144111,None,0,1,1,1,0,53,53,53,,,,,503.4492554999888,,,,,,,,,,,,,,,,,,,,,,,,,,,,,,,,,,,,,,,,503.4383783999365,503.4492554999888,503.4492554999888,505.4337685001083,505.43381169997156,505.4418631999288,505.4418631999288,,,505.71705990005285,p,0,505.71711599989794,505.7248770000879,506.74079880001955,506.70850050006993,0.2729480001144111,None,,,,,,,,,,,,,,,,,,,,205,1,short,A,2026-07-10_13h45.21.247,SBL_superimposed_encoding,,2026.1.3,119.57217091126466,2026-07-10 13h45.21.469065 -0400,
2,54,54,0,stimuli/scenes/scene_U2.jpg,Undersea,Somar,stimuli/items/undersea_animal_20.png,Undersea,animal,sc,q,1,0.35005249991081655,None,0,1,1,1,0,54,54,54,,,,,506.74079880001955,,,,,,,,,,,,,,,,,,,,,,,,,,,,,,,,,,,,,,,,506.73223489988595,506.74079880001955,506.74079880001955,508.717240100028,508.71732870000415,508.72481849999167,508.72481849999167,,,509.07584129995666,q,1,509.0758970999159,509.0832507999148,510.1061084999237,510.0666507000569,0.35005249991081655,None,,,,,,,,,,,,,,,,,,,,205,1,short,A,2026-07-10_13h45.21.247,SBL_superimposed_encoding,,2026.1.3,119.57217091126466,2026-07-10 13h45.21.469065 -0400,
2,55,55,0,stimuli/scenes/scene_J1.jpg,Jungle,Negvi,stimuli/items/undersea_animal_3.png,Undersea,animal,si,p,1,0.3275403000880033,None,0,1,1,1,0,55,55,55,,,,,510.1061084999237,,,,,,,,,,,,,,,,,,,,,,,,,,,,,,,,,,,,,,,,510.0951757999137,510.1061084999237,510.1061084999237,512.0837457999587,512.0838409001008,512.0916846999899,512.0916846999899,,,512.4257286998909,p,1,512.4257849999703,512.4332057998981,513.4483076001052,513.4172018999234,0.3275403000880033,None,,,,,,,,,,,,,,,,,,,,205,1,short,A,2026-07-10_13h45.21.247,SBL_superimposed_encoding,,2026.1.3,119.57217091126466,2026-07-10 13h45.21.469065 -0400,
2,56,56,0,stimuli/scenes/scene_U1.jpg,Undersea,Malbow,stimuli/items/jungle_animal_5.png,Jungle,animal,si,p,1,0.3533228999003768,None,0,1,1,1,0,56,56,56,,,,,513.4483076001052,,,,,,,,,,,,,,,,,,,,,,,,,,,,,,,,,,,,,,,,513.4379259000998,513.4483076001052,513.4483076001052,515.4340421999805,515.4340868000872,515.4415140999481,515.4415140999481,,,515.8009903000202,p,1,515.8010486999992,515.8086528999265,516.8246375999879,516.792119000107,0.3533228999003768,None,,,,,,,,,,,,,,,,,,,,205,1,short,A,2026-07-10_13h45.21.247,SBL_superimposed_encoding,,2026.1.3,119.57217091126466,2026-07-10 13h45.21.469065 -0400,
2,57,57,0,stimuli/scenes/scene_J1.jpg,Jungle,Negvi,stimuli/items/jungle_object_3.png,Jungle,object,sc,q,1,0.3381308999378234,None,0,1,1,1,0,57,57,57,,,,,516.8246375999879,,,,,,,,,,,,,,,,,,,,,,,,,,,,,,,,,,,,,,,,516.8138464000076,516.8246375999879,516.8246375999879,518.8089749999344,518.8090192999225,518.8167848999146,518.8167848999146,,,519.1592508999165,q,1,519.1593067001086,519.1668106999714,520.1813068001065,520.1506318999454,0.3381308999378234,None,,,,,,,,,,,,,,,,,,,,205,1,short,A,2026-07-10_13h45.21.247,SBL_superimposed_encoding,,2026.1.3,119.57217091126466,2026-07-10 13h45.21.469065 -0400,
2,58,58,0,stimuli/scenes/scene_U1.jpg,Undersea,Malbow,stimuli/items/jungle_object_16.png,Jungle,object,si,q,0,0.5797427999787033,None,0,1,1,1,0,58,58,58,,,,,520.1813068001065,,,,,,,,,,,,,,,,,,,,,,,,,,,,,,,,,,,,,,,,520.1708470000885,520.1813068001065,520.1813068001065,522.1674703999888,522.1675553000532,522.1752293999307,522.1752293999307,,,522.7593431998976,q,0,522.7594012999907,522.7668635000009,523.7834401000291,523.7505516998935,0.5797427999787033,None,,,,,,,,,,,,,,,,,,,,205,1,short,A,2026-07-10_13h45.21.247,SBL_superimposed_encoding,,2026.1.3,119.57217091126466,2026-07-10 13h45.21.469065 -0400,
2,59,59,0,stimuli/scenes/scene_J1.jpg,Jungle,Negvi,stimuli/items/undersea_object_5.png,Undersea,object,si,p,1,0.2754568001255393,None,0,1,1,1,0,59,59,59,,,,,523.7834401000291,,,,,,,,,,,,,,,,,,,,,,,,,,,,,,,,,,,,,,,,523.775220700074,523.7834401000291,523.7834401000291,525.7675499999896,525.7676037000492,525.7751215999015,525.7751215999015,,,526.0590059999377,p,1,526.0590623999014,526.0669956000056,527.0835879999213,527.0506861000322,0.2754568001255393,None,,,,,,,,,,,,,,,,,,,,205,1,short,A,2026-07-10_13h45.21.247,SBL_superimposed_encoding,,2026.1.3,119.57217091126466,2026-07-10 13h45.21.469065 -0400,
2,60,60,0,stimuli/scenes/scene_U2.jpg,Undersea,Somar,stimuli/items/jungle_object_17.png,Jungle,object,si,p,1,0.2724784999154508,None,0,1,1,1,0,60,60,60,,,,,527.0835879999213,,,,,,,,,,,,,,,,,,,,,,,,,,,,,,,,,,,,,,,,527.0767363000195,527.0835879999213,527.0835879999213,529.0677314000204,529.0678268000484,529.0750994998962,529.0750994998962,,,529.3510851000901,p,1,529.3511405999307,529.3585659998935,530.3753323000856,530.3424066998996,0.2724784999154508,None,,,,,,,,,,,,,,,,,,,,205,1,short,A,2026-07-10_13h45.21.247,SBL_superimposed_encoding,,2026.1.3,119.57217091126466,2026-07-10 13h45.21.469065 -0400,
2,61,61,0,stimuli/scenes/scene_J2.jpg,Jungle,Tulon,stimuli/items/jungle_object_15.png,Jungle,object,sc,q,1,0.4674181998707354,None,0,1,1,1,0,61,61,61,,,,,530.3753323000856,,,,,,,,,,,,,,,,,,,,,,,,,,,,,,,,,,,,,,,,530.3684793999419,530.3753323000856,530.3753323000856,532.3591587000992,532.3592046000995,532.3670886000618,532.3670886000618,,,532.8424321999773,q,1,532.8424897000659,532.8500447000843,533.8666902999394,533.8342224000953,0.4674181998707354,None,,,,,,,,,,,,,,,,,,,,205,1,short,A,2026-07-10_13h45.21.247,SBL_superimposed_encoding,,2026.1.3,119.57217091126466,2026-07-10 13h45.21.469065 -0400,
2,62,62,0,stimuli/scenes/scene_U2.jpg,Undersea,Somar,stimuli/items/undersea_object_12.png,Undersea,object,sc,q,1,0.4088586000725627,None,0,1,1,1,0,62,62,62,,,,,533.8666902999394,,,,,,,,,,,,,,,,,,,,,,,,,,,,,,,,,,,,,,,,533.857581499964,533.8666902999394,533.8666902999394,535.8426808000077,535.8427267998923,535.8505186999682,535.8505186999682,,,536.267588299932,q,1,536.2676482999232,536.2753059999086,537.2925750000868,537.2594240000471,0.4088586000725627,None,,,,,,,,,,,,,,,,,,,,205,1,short,A,2026-07-10_13h45.21.247,SBL_superimposed_encoding,,2026.1.3,119.57217091126466,2026-07-10 13h45.21.469065 -0400,
2,63,63,0,stimuli/scenes/scene_J1.jpg,Jungle,Negvi,stimuli/items/undersea_animal_8.png,Undersea,animal,si,p,1,0.3918964001350105,None,0,1,1,1,0,63,63,63,,,,,537.2925750000868,,,,,,,,,,,,,,,,,,,,,,,,,,,,,,,,,,,,,,,,537.2868107000832,537.2925750000868,537.2925750000868,539.2680317999329,539.2681267999578,539.2753087000456,539.2753087000456,,,539.6678772000596,p,1,539.667934200028,539.6753491000272,540.6916441000067,540.6594418000896,0.3918964001350105,None,,,,,,,,,,,,,,,,,,,,205,1,short,A,2026-07-10_13h45.21.247,SBL_superimposed_encoding,,2026.1.3,119.57217091126466,2026-07-10 13h45.21.469065 -0400,
2,64,64,0,stimuli/scenes/scene_U2.jpg,Undersea,Somar,stimuli/items/undersea_object_3.png,Undersea,object,sc,q,1,0.2635164000093937,None,0,1,1,1,0,64,64,64,,,,,540.6916441000067,,,,,,,,,,,,,,,,,,,,,,,,,,,,,,,,,,,,,,,,540.6821562999394,540.6916441000067,540.6916441000067,542.6760203999002,542.6760641001165,542.6836941998918,542.6836941998918,,,542.9512044999283,q,1,542.9512608000077,542.9588999999687,543.9833734999411,543.9426961001009,0.2635164000093937,None,,,,,,,,,,,,,,,,,,,,205,1,short,A,2026-07-10_13h45.21.247,SBL_superimposed_encoding,,2026.1.3,119.57217091126466,2026-07-10 13h45.21.469065 -0400,
2,65,65,0,stimuli/scenes/scene_U1.jpg,Undersea,Malbow,stimuli/items/undersea_animal_2.png,Undersea,animal,sc,q,1,0.6269964999519289,None,0,1,1,1,0,65,65,65,,,,,543.9833734999411,,,,,,,,,,,,,,,,,,,,,,,,,,,,,,,,,,,,,,,,543.9737935999874,543.9833734999411,543.9833734999411,545.9596400998998,545.9596838001162,545.9675137999002,545.9675137999002,,,546.6010652999394,q,1,546.6011254999321,546.6091098999605,547.6221880000085,547.5923242999706,0.6269964999519289,None,,,,,,,,,,,,,,,,,,,,205,1,short,A,2026-07-10_13h45.21.247,SBL_superimposed_encoding,,2026.1.3,119.57217091126466,2026-07-10 13h45.21.469065 -0400,
2,66,66,0,stimuli/scenes/scene_U2.jpg,Undersea,Somar,stimuli/items/undersea_animal_13.png,Undersea,animal,sc,q,1,0.25909750000573695,None,0,1,1,1,0,66,66,66,,,,,547.6221880000085,,,,,,,,,,,,,,,,,,,,,,,,,,,,,,,,,,,,,,,,547.6120968000032,547.6221880000085,547.6221880000085,549.6099338999484,549.610026499955,549.6172221000306,549.6172221000306,,,549.8847652000841,q,1,549.8848204000387,549.8923718000297,550.907832799945,550.8759649998974,0.25909750000573695,None,,,,,,,,,,,,,,,,,,,,205,1,short,A,2026-07-10_13h45.21.247,SBL_superimposed_encoding,,2026.1.3,119.57217091126466,2026-07-10 13h45.21.469065 -0400,
2,67,67,0,stimuli/scenes/scene_U1.jpg,Undersea,Malbow,stimuli/items/undersea_object_13.png,Undersea,object,sc,q,1,0.25460699992254376,None,0,1,1,1,0,67,67,67,,,,,550.907832799945,,,,,,,,,,,,,,,,,,,,,,,,,,,,,,,,,,,,,,,,550.8972008998971,550.907832799945,550.907832799945,552.892824199982,552.8928694999777,552.9007264999673,552.9007264999673,,,553.1596111999825,q,1,553.1596665000543,553.1674772000406,554.191263299901,554.1514743999578,0.25460699992254376,None,,,,,,,,,,,,,,,,,,,,205,1,short,A,2026-07-10_13h45.21.247,SBL_superimposed_encoding,,2026.1.3,119.57217091126466,2026-07-10 13h45.21.469065 -0400,
2,68,68,0,stimuli/scenes/scene_J1.jpg,Jungle,Negvi,stimuli/items/jungle_object_2.png,Jungle,object,sc,q,1,0.28343149996362627,None,0,1,1,1,0,68,68,68,,,,,554.191263299901,,,,,,,,,,,,,,,,,,,,,,,,,,,,,,,,,,,,,,,,554.1803651999217,554.191263299901,554.191263299901,556.1598976999521,556.159998799907,556.1677202999126,556.1677202999126,,,556.4517548999283,q,1,556.4518106998876,556.4592961999588,557.4675686000846,557.4428745999467,0.28343149996362627,None,,,,,,,,,,,,,,,,,,,,205,1,short,A,2026-07-10_13h45.21.247,SBL_superimposed_encoding,,2026.1.3,119.57217091126466,2026-07-10 13h45.21.469065 -0400,
2,69,69,0,stimuli/scenes/scene_U2.jpg,Undersea,Somar,stimuli/items/undersea_animal_10.png,Undersea,animal,sc,q,1,0.2558190000709146,None,0,1,1,1,0,69,69,69,,,,,557.4675686000846,,,,,,,,,,,,,,,,,,,,,,,,,,,,,,,,,,,,,,,,557.4618611000478,557.4675686000846,557.4675686000846,559.4513846999034,559.4514272001106,559.4592357000802,559.4592357000802,,,559.7182469000109,q,1,559.7183018000796,559.7259349001106,560.7344430999365,560.7097237999551,0.2558190000709146,None,,,,,,,,,,,559.4592357000802,559.4592357000802,,,,,,,,205,1,short,A,2026-07-10_13h45.21.247,SBL_superimposed_encoding,,2026.1.3,119.57217091126466,2026-07-10 13h45.21.469065 -0400,
2,70,70,0,stimuli/scenes/scene_U1.jpg,Undersea,Malbow,stimuli/items/jungle_object_4.png,Jungle,object,si,p,1,0.20490649994462729,None,0,1,1,1,0,70,70,70,,,,,560.7344430999365,,,,,,,,,,,,,,,,,,,,,,,,,,,,,,,,,,,,,,,,560.7289326000027,560.7344430999365,560.7344430999365,562.7184097000863,562.7184506000485,562.7257689998951,562.7257689998951,,,562.9345796001144,p,1,562.9346346000675,562.942578200018,563.9663595999591,563.9260533000343,0.20490649994462729,None,,,,,,,,,,,562.7257689998951,562.7257689998951,,,,,,,,205,1,short,A,2026-07-10_13h45.21.247,SBL_superimposed_encoding,,2026.1.3,119.57217091126466,2026-07-10 13h45.21.469065 -0400,
2,71,71,0,stimuli/scenes/scene_J1.jpg,Jungle,Negvi,stimuli/items/jungle_animal_12.png,Jungle,animal,sc,q,1,0.524223200045526,None,0,1,1,1,0,71,71,71,,,,,563.9663595999591,,,,,,,,,,,,,,,,,,,,,,,,,,,,,,,,,,,,,,,,563.9556056000292,563.9663595999591,563.9663595999591,565.9348315999378,565.9348852999974,565.9427785999142,565.9427785999142,,,566.4687230000272,q,1,566.4687799001113,566.476132400101,567.4842995998915,567.4594833001029,0.524223200045526,None,,,,,,,,,,,,,,,,,,,,205,1,short,A,2026-07-10_13h45.21.247,SBL_superimposed_encoding,,2026.1.3,119.57217091126466,2026-07-10 13h45.21.469065 -0400,
2,72,72,0,stimuli/scenes/scene_U1.jpg,Undersea,Malbow,stimuli/items/undersea_animal_16.png,Undersea,animal,sc,q,1,0.47889070003293455,None,0,1,1,1,0,72,72,72,,,,,567.4842995998915,,,,,,,,,,,,,,,,,,,,,,,,,,,,,,,,,,,,,,,,567.4785084000323,567.4842995998915,567.4842995998915,569.468583199894,569.4686249000952,569.4763321999926,569.4763321999926,,,569.9600321999751,q,1,569.9600865000393,569.9676785999909,570.9914732000325,570.9513083000202,0.47889070003293455,None,,,,,,,,,,,569.4763321999926,569.4763321999926,,,,,,,,205,1,short,A,2026-07-10_13h45.21.247,SBL_superimposed_encoding,,2026.1.3,119.57217091126466,2026-07-10 13h45.21.469065 -0400,
2,73,73,0,stimuli/scenes/scene_J2.jpg,Jungle,Tulon,stimuli/items/jungle_object_1.png,Jungle,object,sc,q,1,0.6347677998710424,None,0,1,1,1,0,73,73,73,,,,,570.9914732000325,,,,,,,,,,,,,,,,,,,,,,,,,,,,,,,,,,,,,,,,570.9796661001164,570.9914732000325,570.9914732000325,572.9603987999726,572.9604958998971,572.9678803000133,572.9678803000133,,,573.6103401000146,q,1,573.610396400094,573.6175557000097,574.6340246000327,574.6015729000792,0.6347677998710424,None,,,,,,,,,,,,,,,,,,,,205,1,short,A,2026-07-10_13h45.21.247,SBL_superimposed_encoding,,2026.1.3,119.57217091126466,2026-07-10 13h45.21.469065 -0400,
2,74,74,0,stimuli/scenes/scene_J1.jpg,Jungle,Negvi,stimuli/items/jungle_animal_11.png,Jungle,animal,sc,q,1,0.40028659999370575,None,0,1,1,1,0,74,74,74,,,,,574.6340246000327,,,,,,,,,,,,,,,,,,,,,,,,,,,,,,,,,,,,,,,,574.6236211000942,574.6340246000327,574.6340246000327,576.6182534000836,576.6183529999107,576.6261777000036,576.6261777000036,,,577.0351307000965,q,1,577.0351885999553,577.0427437000908,578.0592646999285,578.0265037000645,0.40028659999370575,None,,,,,,,,,,,,,,,,,,,,205,1,short,A,2026-07-10_13h45.21.247,SBL_superimposed_encoding,,2026.1.3,119.57217091126466,2026-07-10 13h45.21.469065 -0400,
2,75,75,0,stimuli/scenes/scene_J2.jpg,Jungle,Tulon,stimuli/items/jungle_animal_2.png,Jungle,animal,sc,q,1,0.2956527997739613,None,0,1,1,1,0,75,75,75,,,,,578.0592646999285,,,,,,,,,,,,,,,,,,,,,,,,,,,,,,,,,,,,,,,,578.0504831001163,578.0592646999285,578.0592646999285,580.0352668999694,580.0353117000777,580.0430181000847,580.0430181000847,,,580.3435267999303,q,1,580.3435812001117,580.351196100004,581.3681075000204,581.3346681999974,0.2956527997739613,None,,,,,,,,,,,,,,,,,,,,205,1,short,A,2026-07-10_13h45.21.247,SBL_superimposed_encoding,,2026.1.3,119.57217091126466,2026-07-10 13h45.21.469065 -0400,
2,76,76,0,stimuli/scenes/scene_U2.jpg,Undersea,Somar,stimuli/items/undersea_object_10.png,Undersea,object,sc,q,1,0.30676979990676045,None,0,1,1,1,0,76,76,76,,,,,581.3681075000204,,,,,,,,,,,,,,,,,,,,,,,,,,,,,,,,,,,,,,,,581.3617781000212,581.3681075000204,581.3681075000204,583.3516394998878,583.3516851000022,583.3597319000401,583.3597319000401,,,583.6688012001105,q,1,583.6688582999632,583.6761457000393,584.6924083000049,584.6602465999313,0.30676979990676045,None,,,,,,,,,,,,,,,,,,,,205,1,short,A,2026-07-10_13h45.21.247,SBL_superimposed_encoding,,2026.1.3,119.57217091126466,2026-07-10 13h45.21.469065 -0400,
2,77,77,0,stimuli/scenes/scene_J2.jpg,Jungle,Tulon,stimuli/items/undersea_object_8.png,Undersea,object,si,p,1,0.27785760001279414,None,0,1,1,1,0,77,77,77,,,,,584.6924083000049,,,,,,,,,,,,,,,,,,,,,,,,,,,,,,,,,,,,,,,,584.6813121999148,584.6924083000049,584.6924083000049,586.6768628999125,586.6769067000132,586.6848770000506,586.6848770000506,,,586.9685376998968,p,1,586.9685923999641,586.9760787999257,587.9918976000044,587.9603540999815,0.27785760001279414,None,,,,,,,,,,,,,,,,,,,,205,1,short,A,2026-07-10_13h45.21.247,SBL_superimposed_encoding,,2026.1.3,119.57217091126466,2026-07-10 13h45.21.469065 -0400,
2,78,78,0,stimuli/scenes/scene_J1.jpg,Jungle,Negvi,stimuli/items/undersea_object_20.png,Undersea,object,si,p,1,0.2664759000763297,None,0,1,1,1,0,78,78,78,,,,,587.9918976000044,,,,,,,,,,,,,,,,,,,,,,,,,,,,,,,,,,,,,,,,587.9802886999678,587.9918976000044,587.9918976000044,589.9688778999262,589.9689726999495,589.9763650998939,589.9763650998939,,,590.2437573000789,p,1,590.2438105999026,590.2512626999523,591.2747780999634,591.235175400041,0.2664759000763297,None,,,,,,,,,,,,,,,,,,,,205,1,short,A,2026-07-10_13h45.21.247,SBL_superimposed_encoding,,2026.1.3,119.57217091126466,2026-07-10 13h45.21.469065 -0400,
2,79,79,0,stimuli/scenes/scene_J2.jpg,Jungle,Tulon,stimuli/items/jungle_object_13.png,Jungle,object,sc,None,0,,,0,1,1,1,0,79,79,79,,,,,591.2747780999634,,,,,,,,,,,,,,,,,,,,,,,,,,,,,,,,,,,,,,,,591.2632597999182,591.2747780999634,591.2747780999634,593.2520343998913,593.2520783001091,593.2599994998891,593.2599994998891,594.2512890000362,594.2512890000362,594.2433619000949,None,0,594.2434074000921,594.2512890000362,595.2433466000948,595.2349262998905,,,,,,,,,,,,,,,,,,,,,,205,1,short,A,2026-07-10_13h45.21.247,SBL_superimposed_encoding,,2026.1.3,119.57217091126466,2026-07-10 13h45.21.469065 -0400,
3,0,0,0,stimuli/scenes/scene_J1.jpg,Jungle,Negvi,stimuli/items/jungle_animal_14.png,Jungle,animal,sc,q,1,0.4150105998851359,None,0,2,2,2,0,0,0,0,0,0,0,0,605.7268075000029,,,,,,,,,,,,,,,,,,,,,,,,,,,,,,,,,,,,,,605.6533065000549,605.6535285999998,605.7161979000084,605.7268075000029,605.7268075000029,607.6604939999525,607.6605400999542,607.668059800053,607.668059800053,,,608.0858237999491,q,1,608.0858815000392,608.0931889999192,609.10990400007,609.0773924998939,0.4150105998851359,None,595.2406923999079,595.2409117000643,595.2411193000153,595.2433466000948,595.2433466000948,595.2433466000948,605.6523740000557,space,10.4075082000345,None,,,,,,,,,,205,1,short,A,2026-07-10_13h45.21.247,SBL_superimposed_encoding,,2026.1.3,119.57217091126466,2026-07-10 13h45.21.469065 -0400,
3,1,1,0,stimuli/scenes/scene_U1.jpg,Undersea,Malbow,stimuli/items/undersea_object_13.png,Undersea,object,sc,q,1,0.30888279993087053,None,0,2,2,2,0,1,1,1,,,,,609.10990400007,,,,,,,,,,,,,,,,,,,,,,,,,,,,,,,,,,,,,,,,609.1024648998864,609.10990400007,609.10990400007,611.0943720000796,611.0944670001045,611.1018383000046,611.1018383000046,,,611.4190406000707,q,1,611.419092600001,611.4267694998998,612.442250699969,612.4106177000795,0.30888279993087053,None,,,,,,,,,,,,,,,,,,,,205,1,short,A,2026-07-10_13h45.21.247,SBL_superimposed_encoding,,2026.1.3,119.57217091126466,2026-07-10 13h45.21.469065 -0400,
3,2,2,0,stimuli/scenes/scene_J1.jpg,Jungle,Negvi,stimuli/items/undersea_animal_1.png,Undersea,animal,si,p,1,0.34382010018453,None,0,2,2,2,0,2,2,2,,,,,612.442250699969,,,,,,,,,,,,,,,,,,,,,,,,,,,,,,,,,,,,,,,,612.4312293000985,612.442250699969,612.442250699969,614.4192194999196,614.4192643000279,614.4268491999246,614.4268491999246,,,614.77735879994,p,1,614.777415700024,614.7850895999,615.8015521999914,615.7688953001052,0.34382010018453,None,,,,,,,,,,,,,,,,,,,,205,1,short,A,2026-07-10_13h45.21.247,SBL_superimposed_encoding,,2026.1.3,119.57217091126466,2026-07-10 13h45.21.469065 -0400,
3,3,3,0,stimuli/scenes/scene_U2.jpg,Undersea,Somar,stimuli/items/undersea_animal_10.png,Undersea,animal,sc,q,1,0.2176383000332862,None,0,2,2,2,0,3,3,3,,,,,615.8015521999914,,,,,,,,,,,,,,,,,,,,,,,,,,,,,,,,,,,,,,,,615.7940303001087,615.8015521999914,615.8015521999914,617.7774654000532,617.7775171000976,617.7850530000869,617.7850530000869,,,618.0106695999857,q,1,618.0107334000058,618.0188154999632,619.027079799911,619.0025009000674,0.2176383000332862,None,,,,,,,,,,,,,,,,,,,,205,1,short,A,2026-07-10_13h45.21.247,SBL_superimposed_encoding,,2026.1.3,119.57217091126466,2026-07-10 13h45.21.469065 -0400,
3,4,4,0,stimuli/scenes/scene_U1.jpg,Undersea,Malbow,stimuli/items/undersea_object_17.png,Undersea,object,sc,q,1,0.3280278998427093,None,0,2,2,2,0,4,4,4,,,,,619.027079799911,,,,,,,,,,,,,,,,,,,,,,,,,,,,,,,,,,,,,,,,619.0214146000799,619.027079799911,619.027079799911,621.0108688001055,621.0109111999627,621.0187089999672,621.0187089999672,,,621.3530031999107,q,1,621.353056800086,621.36007039994,622.3764279999305,622.3440181999467,0.3280278998427093,None,,,,,,,,,,,621.0187089999672,621.0187089999672,,,,,,,,205,1,short,A,2026-07-10_13h45.21.247,SBL_superimposed_encoding,,2026.1.3,119.57217091126466,2026-07-10 13h45.21.469065 -0400,
3,5,5,0,stimuli/scenes/scene_J1.jpg,Jungle,Negvi,stimuli/items/undersea_animal_11.png,Undersea,animal,si,q,0,0.817772600101307,None,0,2,2,2,0,5,5,5,,,,,622.3764279999305,,,,,,,,,,,,,,,,,,,,,,,,,,,,,,,,,,,,,,,,622.366050099954,622.3764279999305,622.3764279999305,624.3608053999487,624.360849800054,624.3686776000541,624.3686776000541,,,625.1942298999056,q,0,625.1942853000946,625.2020272999071,626.2258109999821,626.1857127000112,0.817772600101307,None,,,,,,,,,,,,,,,,,,,,205,1,short,A,2026-07-10_13h45.21.247,SBL_superimposed_encoding,,2026.1.3,119.57217091126466,2026-07-10 13h45.21.469065 -0400,
3,6,6,0,stimuli/scenes/scene_J2.jpg,Jungle,Tulon,stimuli/items/jungle_object_9.png,Jungle,object,sc,q,1,0.25597680010832846,None,0,2,2,2,0,6,6,6,,,,,626.2258109999821,,,,,,,,,,,,,,,,,,,,,,,,,,,,,,,,,,,,,,,,626.2143753999844,626.2258109999821,626.2258109999821,628.202682999894,628.2027282998897,628.2105783999432,628.2105783999432,,,628.4693917999975,q,1,628.4694467999507,628.4767362999264,629.4924576000776,629.4607571999077,0.25597680010832846,None,,,,,,,,,,,,,,,,,,,,205,1,short,A,2026-07-10_13h45.21.247,SBL_superimposed_encoding,,2026.1.3,119.57217091126466,2026-07-10 13h45.21.469065 -0400,
3,7,7,0,stimuli/scenes/scene_J1.jpg,Jungle,Negvi,stimuli/items/undersea_object_1.png,Undersea,object,si,p,1,0.2614440000616014,None,0,2,2,2,0,7,7,7,,,,,629.4924576000776,,,,,,,,,,,,,,,,,,,,,,,,,,,,,,,,,,,,,,,,629.4806439001113,629.4924576000776,629.4924576000776,631.4779876000248,631.4780834000558,631.4854747001082,631.4854747001082,,,631.7525388000067,p,1,631.7525933000725,631.7606923999265,632.7766933001112,632.7442491999827,0.2614440000616014,None,,,,,,,,,,,,,,,,,,,,205,1,short,A,2026-07-10_13h45.21.247,SBL_superimposed_encoding,,2026.1.3,119.57217091126466,2026-07-10 13h45.21.469065 -0400,
3,8,8,0,stimuli/scenes/scene_U1.jpg,Undersea,Malbow,stimuli/items/jungle_animal_5.png,Jungle,animal,si,p,1,0.3467422998510301,None,0,2,2,2,0,8,8,8,,,,,632.7766933001112,,,,,,,,,,,,,,,,,,,,,,,,,,,,,,,,,,,,,,,,632.7674825000577,632.7766933001112,632.7766933001112,634.7527733000461,634.7528176999185,634.7605550000444,634.7605550000444,,,635.111106300028,p,1,635.1111602000892,635.1187154001091,636.1349148999434,636.1025195999537,0.3467422998510301,None,,,,,,,,,,,,,,,,,,,,205,1,short,A,2026-07-10_13h45.21.247,SBL_superimposed_encoding,,2026.1.3,119.57217091126466,2026-07-10 13h45.21.469065 -0400,
3,9,9,0,stimuli/scenes/scene_J1.jpg,Jungle,Negvi,stimuli/items/jungle_object_2.png,Jungle,object,sc,q,1,0.2519886000081897,None,0,2,2,2,0,9,9,9,,,,,636.1349148999434,,,,,,,,,,,,,,,,,,,,,,,,,,,,,,,,,,,,,,,,636.1240900000557,636.1349148999434,636.1349148999434,638.1112897999119,638.1113340000156,638.119072600035,638.119072600035,,,638.3779959001113,q,1,638.3780608999077,638.3856303000357,639.4013869999908,639.3691469000187,0.2519886000081897,None,,,,,,,,,,,,,,,,,,,,205,1,short,A,2026-07-10_13h45.21.247,SBL_superimposed_encoding,,2026.1.3,119.57217091126466,2026-07-10 13h45.21.469065 -0400,
3,10,10,0,stimuli/scenes/scene_U1.jpg,Undersea,Malbow,stimuli/items/undersea_object_15.png,Undersea,object,sc,q,1,0.22468560002744198,None,0,2,2,2,0,10,10,10,,,,,639.4013869999908,,,,,,,,,,,,,,,,,,,,,,,,,,,,,,,,,,,,,,,,639.3912555000279,639.4013869999908,639.4013869999908,641.3862763000652,641.3863727001008,641.3941522000823,641.3941522000823,,,641.6196500998922,q,1,641.6197047999594,641.6272984999232,642.6427712000441,642.6108196000569,0.22468560002744198,None,,,,,,,,,,,,,,,,,,,,205,1,short,A,2026-07-10_13h45.21.247,SBL_superimposed_encoding,,2026.1.3,119.57217091126466,2026-07-10 13h45.21.469065 -0400,
3,11,11,0,stimuli/scenes/scene_J1.jpg,Jungle,Negvi,stimuli/items/undersea_object_14.png,Undersea,object,si,p,1,0.2794642997905612,None,0,2,2,2,0,11,11,11,,,,,642.6427712000441,,,,,,,,,,,,,,,,,,,,,,,,,,,,,,,,,,,,,,,,642.6318616999779,642.6427712000441,642.6427712000441,644.6278899000026,644.6279347999953,644.6356500000693,644.6356500000693,,,644.9197573999409,p,1,644.9198112001177,644.9271885000635,645.9444732998963,645.9109787999187,0.2794642997905612,None,,,,,,,,,,,,,,,,,,,,205,1,short,A,2026-07-10_13h45.21.247,SBL_superimposed_encoding,,2026.1.3,119.57217091126466,2026-07-10 13h45.21.469065 -0400,
3,12,12,0,stimuli/scenes/scene_J2.jpg,Jungle,Tulon,stimuli/items/undersea_object_16.png,Undersea,object,si,p,1,0.25871390011161566,None,0,2,2,2,0,12,12,12,,,,,645.9444732998963,,,,,,,,,,,,,,,,,,,,,,,,,,,,,,,,,,,,,,,,645.9388961000368,645.9444732998963,645.9444732998963,647.9281117999926,647.928208499914,647.9359267000109,647.9359267000109,,,648.2029512000736,p,1,648.2030058000237,648.2106415999588,649.2253411998972,649.1942739000078,0.25871390011161566,None,,,,,,,,,,,,,,,,,,,,205,1,short,A,2026-07-10_13h45.21.247,SBL_superimposed_encoding,,2026.1.3,119.57217091126466,2026-07-10 13h45.21.469065 -0400,
3,13,13,0,stimuli/scenes/scene_U1.jpg,Undersea,Malbow,stimuli/items/undersea_object_9.png,Undersea,object,sc,q,1,0.29678809992037714,None,0,2,2,2,0,13,13,13,,,,,649.2253411998972,,,,,,,,,,,,,,,,,,,,,,,,,,,,,,,,,,,,,,,,649.21412410005,649.2253411998972,649.2253411998972,651.2030644000042,651.2031086999923,651.2104545000475,651.2104545000475,,,651.511428100057,q,1,651.5114804001059,651.519259700086,652.5353085000534,652.5028234999627,0.29678809992037714,None,,,,,,,,,,,,,,,,,,,,205,1,short,A,2026-07-10_13h45.21.247,SBL_superimposed_encoding,,2026.1.3,119.57217091126466,2026-07-10 13h45.21.469065 -0400,
3,14,14,0,stimuli/scenes/scene_J1.jpg,Jungle,Negvi,stimuli/items/jungle_object_3.png,Jungle,object,sc,p,0,0.2751547999214381,None,0,2,2,2,0,14,14,14,,,,,652.5353085000534,,,,,,,,,,,,,,,,,,,,,,,,,,,,,,,,,,,,,,,,652.5250425001141,652.5353085000534,652.5353085000534,654.5200302000158,654.5201254000422,654.5275324000977,654.5275324000977,,,654.803336400073,p,0,654.8033916000277,654.8107567999978,655.827285300009,655.7949224999174,0.2751547999214381,None,,,,,,,,,,,,,,,,,,,,205,1,short,A,2026-07-10_13h45.21.247,SBL_superimposed_encoding,,2026.1.3,119.57217091126466,2026-07-10 13h45.21.469065 -0400,
3,15,15,0,stimuli/scenes/scene_U2.jpg,Undersea,Somar,stimuli/items/jungle_object_7.png,Jungle,object,si,p,1,0.23252510000020266,None,0,2,2,2,0,15,15,15,,,,,655.827285300009,,,,,,,,,,,,,,,,,,,,,,,,,,,,,,,,,,,,,,,,655.8191794999875,655.827285300009,655.827285300009,657.8116454000119,657.8116892999969,657.8189367998857,657.8189367998857,,,658.053077199962,p,1,658.0531317000277,658.0607018000446,659.077040999895,659.0445679998957,0.23252510000020266,None,,,,,,,,,,,,,,,,,,,,205,1,short,A,2026-07-10_13h45.21.247,SBL_superimposed_encoding,,2026.1.3,119.57217091126466,2026-07-10 13h45.21.469065 -0400,
3,16,16,0,stimuli/scenes/scene_J2.jpg,Jungle,Tulon,stimuli/items/undersea_object_8.png,Undersea,object,si,p,1,0.381971700116992,None,0,2,2,2,0,16,16,16,,,,,659.077040999895,,,,,,,,,,,,,,,,,,,,,,,,,,,,,,,,,,,,,,,,659.0654509000015,659.077040999895,659.077040999895,661.0533646000549,661.0534612999763,661.0607777999248,661.0607777999248,,,661.4451031000353,p,1,661.4451594001148,661.4526259999257,662.4673174999189,662.4363480000757,0.381971700116992,None,,,,,,,,,,,,,,,,,,,,205,1,short,A,2026-07-10_13h45.21.247,SBL_superimposed_encoding,,2026.1.3,119.57217091126466,2026-07-10 13h45.21.469065 -0400,
3,17,17,0,stimuli/scenes/scene_U2.jpg,Undersea,Somar,stimuli/items/jungle_animal_15.png,Jungle,animal,si,p,1,0.2620498000178486,None,0,2,2,2,0,17,17,17,,,,,662.4673174999189,,,,,,,,,,,,,,,,,,,,,,,,,,,,,,,,,,,,,,,,662.4561362999957,662.4673174999189,662.4673174999189,664.4531527999789,664.45319749997,664.4607985999901,664.4607985999901,,,664.7281611000653,p,1,664.7282157998998,664.7362341000699,665.7528488999233,665.719459499931,0.2620498000178486,None,,,,,,,,,,,,,,,,,,,,205,1,short,A,2026-07-10_13h45.21.247,SBL_superimposed_encoding,,2026.1.3,119.57217091126466,2026-07-10 13h45.21.469065 -0400,
3,18,18,0,stimuli/scenes/scene_J2.jpg,Jungle,Tulon,stimuli/items/jungle_animal_8.png,Jungle,animal,sc,q,1,0.250351499998942,None,0,2,2,2,0,18,18,18,,,,,665.7528488999233,,,,,,,,,,,,,,,,,,,,,,,,,,,,,,,,,,,,,,,,665.7455511000007,665.7528488999233,665.7528488999233,667.7283409000374,667.7283854999114,667.736010099994,667.736010099994,,,667.9870732999407,q,1,667.9871282000095,667.9944265999366,669.0109592999797,668.9780832999386,0.250351499998942,None,,,,,,,,,,,,,,,,,,,,205,1,short,A,2026-07-10_13h45.21.247,SBL_superimposed_encoding,,2026.1.3,119.57217091126466,2026-07-10 13h45.21.469065 -0400,
3,19,19,0,stimuli/scenes/scene_J1.jpg,Jungle,Negvi,stimuli/items/undersea_object_20.png,Undersea,object,si,p,1,0.31165609997697175,None,0,2,2,2,0,19,19,19,,,,,669.0109592999797,,,,,,,,,,,,,,,,,,,,,,,,,,,,,,,,,,,,,,,,669.0027741999365,669.0109592999797,669.0109592999797,670.9949701000005,670.9950139999855,671.0029384000227,671.0029384000227,,,671.3198700000066,p,1,671.3199251999613,671.3279828000814,672.343421400059,672.3116743999999,0.31165609997697175,None,,,,,,,,,,,,,,,,,,,,205,1,short,A,2026-07-10_13h45.21.247,SBL_superimposed_encoding,,2026.1.3,119.57217091126466,2026-07-10 13h45.21.469065 -0400,
3,20,20,0,stimuli/scenes/scene_U2.jpg,Undersea,Somar,stimuli/items/jungle_object_8.png,Jungle,object,si,p,1,0.2672196999192238,None,0,2,2,2,0,20,20,20,,,,,672.343421400059,,,,,,,,,,,,,,,,,,,,,,,,,,,,,,,,,,,,,,,,672.3333048999775,672.343421400059,672.343421400059,674.3202023999766,674.3203102999832,674.3275500999298,674.3275500999298,,,674.6034750998951,p,1,674.6035291000735,674.6111697999295,675.6281099999323,675.5945848999545,0.2672196999192238,None,,,,,,,,,,,,,,,,,,,,205,1,short,A,2026-07-10_13h45.21.247,SBL_superimposed_encoding,,2026.1.3,119.57217091126466,2026-07-10 13h45.21.469065 -0400,
3,21,21,0,stimuli/scenes/scene_J2.jpg,Jungle,Tulon,stimuli/items/undersea_animal_17.png,Undersea,animal,si,p,1,0.25543610006570816,None,0,2,2,2,0,21,21,21,,,,,675.6281099999323,,,,,,,,,,,,,,,,,,,,,,,,,,,,,,,,,,,,,,,,675.6221388999838,675.6281099999323,675.6281099999323,677.6119506000541,677.6119941999204,677.6196453999728,677.6196453999728,,,677.8786756999325,p,1,677.8787326999009,677.8861378999427,678.9022957000416,678.8699250998907,0.25543610006570816,None,,,,,,,,,,,,,,,,,,,,205,1,short,A,2026-07-10_13h45.21.247,SBL_superimposed_encoding,,2026.1.3,119.57217091126466,2026-07-10 13h45.21.469065 -0400,
3,22,22,0,stimuli/scenes/scene_J1.jpg,Jungle,Negvi,stimuli/items/jungle_animal_12.png,Jungle,animal,sc,q,1,0.21225850004702806,None,0,2,2,2,0,22,22,22,,,,,678.9022957000416,,,,,,,,,,,,,,,,,,,,,,,,,,,,,,,,,,,,,,,,678.8929419999477,678.9022957000416,678.9022957000416,680.8871359999757,680.8871802000795,680.8945261999033,680.8945261999033,,,681.1120945999864,q,1,681.1121469000354,681.1194289000705,682.1284729999024,682.1034895000048,0.21225850004702806,None,,,,,,,,,,,,,,,,,,,,205,1,short,A,2026-07-10_13h45.21.247,SBL_superimposed_encoding,,2026.1.3,119.57217091126466,2026-07-10 13h45.21.469065 -0400,
3,23,23,0,stimuli/scenes/scene_J2.jpg,Jungle,Tulon,stimuli/items/jungle_object_15.png,Jungle,object,sc,p,0,0.6989024998620152,None,0,2,2,2,0,23,23,23,,,,,682.1284729999024,,,,,,,,,,,,,,,,,,,,,,,,,,,,,,,,,,,,,,,,682.1232799000572,682.1284729999024,682.1284729999024,684.1124323001131,684.1124728000723,684.1198098000605,684.1198098000605,,,684.8204014999792,p,0,684.8204576000571,684.8280342998914,685.8367033000104,685.811737400014,0.6989024998620152,None,,,,,,,,,,,684.1198098000605,684.1198098000605,,,,,,,,205,1,short,A,2026-07-10_13h45.21.247,SBL_superimposed_encoding,,2026.1.3,119.57217091126466,2026-07-10 13h45.21.469065 -0400,
3,24,24,0,stimuli/scenes/scene_U2.jpg,Undersea,Somar,stimuli/items/undersea_animal_6.png,Undersea,animal,sc,q,1,0.9428913998417556,None,0,2,2,2,0,24,24,24,,,,,685.8367033000104,,,,,,,,,,,,,,,,,,,,,,,,,,,,,,,,,,,,,,,,685.8312673999462,685.8367033000104,685.8367033000104,687.8206283000764,687.8206708000507,687.8281664000824,687.8281664000824,,,688.7790216999128,q,1,688.7790810998995,688.7864091999363,689.8026672000997,689.7703768000938,0.9428913998417556,None,,,,,,,,,,,,,,,,,,,,205,1,short,A,2026-07-10_13h45.21.247,SBL_superimposed_encoding,,2026.1.3,119.57217091126466,2026-07-10 13h45.21.469065 -0400,
3,25,25,0,stimuli/scenes/scene_U1.jpg,Undersea,Malbow,stimuli/items/jungle_animal_13.png,Jungle,animal,si,None,0,,,0,2,2,2,0,25,25,25,,,,,689.8026672000997,,,,,,,,,,,,,,,,,,,,,,,,,,,,,,,,,,,,,,,,689.7950554001145,689.8026672000997,689.8026672000997,691.7870535000693,691.7871485000942,691.7951187000144,691.7951187000144,692.786414799979,692.786414799979,692.7786995999049,None,0,692.7787446000148,692.786414799979,693.8027433000971,693.7698969999328,,,,,,,,,,,,,,,,,,,,,,205,1,short,A,2026-07-10_13h45.21.247,SBL_superimposed_encoding,,2026.1.3,119.57217091126466,2026-07-10 13h45.21.469065 -0400,
3,26,26,0,stimuli/scenes/scene_J2.jpg,Jungle,Tulon,stimuli/items/undersea_animal_15.png,Undersea,animal,si,p,1,0.6247793000657111,None,0,2,2,2,0,26,26,26,,,,,693.8027433000971,,,,,,,,,,,,,,,,,,,,,,,,,,,,,,,,,,,,,,,,693.7924534999765,693.8027433000971,693.8027433000971,695.7872764999047,695.7873203998897,695.794560499955,695.794560499955,,,696.4206421999261,p,1,696.4206991998944,696.4282970000058,697.4368314000312,697.4118494000286,0.6247793000657111,None,,,,,,,,,,,,,,,,,,,,205,1,short,A,2026-07-10_13h45.21.247,SBL_superimposed_encoding,,2026.1.3,119.57217091126466,2026-07-10 13h45.21.469065 -0400,
3,27,27,0,stimuli/scenes/scene_U1.jpg,Undersea,Malbow,stimuli/items/jungle_animal_1.png,Jungle,animal,si,p,1,0.30254180007614195,None,0,2,2,2,0,27,27,27,,,,,697.4368314000312,,,,,,,,,,,,,,,,,,,,,,,,,,,,,,,,,,,,,,,,697.4308152999729,697.4368314000312,697.4368314000312,699.4207454998977,699.4207907998934,699.42830280005,699.42830280005,,,699.7372397999279,p,1,699.7372944999952,699.744936699979,700.7610776000656,700.7286487999372,0.30254180007614195,None,,,,,,,,,,,,,,,,,,,,205,1,short,A,2026-07-10_13h45.21.247,SBL_superimposed_encoding,,2026.1.3,119.57217091126466,2026-07-10 13h45.21.469065 -0400,
3,28,28,0,stimuli/scenes/scene_U2.jpg,Undersea,Somar,stimuli/items/jungle_animal_7.png,Jungle,animal,si,p,1,0.41006769984960556,None,0,2,2,2,0,28,28,28,,,,,700.7610776000656,,,,,,,,,,,,,,,,,,,,,,,,,,,,,,,,,,,,,,,,700.753299199976,700.7610776000656,700.7610776000656,702.7375441999175,702.7376415000763,702.7451140000485,702.7451140000485,,,703.1622574001085,p,1,703.1623146000784,703.1702326999512,704.1844198000617,704.1537480000407,0.41006769984960556,None,,,,,,,,,,,,,,,,,,,,205,1,short,A,2026-07-10_13h45.21.247,SBL_superimposed_encoding,,2026.1.3,119.57217091126466,2026-07-10 13h45.21.469065 -0400,
3,29,29,0,stimuli/scenes/scene_U1.jpg,Undersea,Malbow,stimuli/items/jungle_object_16.png,Jungle,object,si,p,1,0.24847140000201762,None,0,2,2,2,0,29,29,29,,,,,704.1844198000617,,,,,,,,,,,,,,,,,,,,,,,,,,,,,,,,,,,,,,,,704.1744337999262,704.1844198000617,704.1844198000617,706.1625419999473,706.1625860000495,706.1704285000451,706.1704285000451,,,706.4208927999716,p,1,706.4209463999141,706.4287050999701,707.4446692999918,707.4118496999145,0.24847140000201762,None,,,,,,,,,,,,,,,,,,,,205,1,short,A,2026-07-10_13h45.21.247,SBL_superimposed_encoding,,2026.1.3,119.57217091126466,2026-07-10 13h45.21.469065 -0400,
3,30,30,0,stimuli/scenes/scene_J2.jpg,Jungle,Tulon,stimuli/items/jungle_object_18.png,Jungle,object,sc,q,1,0.24598659994080663,None,0,2,2,2,0,30,30,30,,,,,707.4446692999918,,,,,,,,,,,,,,,,,,,,,,,,,,,,,,,,,,,,,,,,707.4339995998889,707.4446692999918,707.4446692999918,709.4289975999855,709.429042099975,709.4369653000031,709.4369653000031,,,709.6875513000414,q,1,709.6876052001026,709.6950616999529,710.7107017999515,710.6787501000799,0.24598659994080663,None,,,,,,,,,,,,,,,,,,,,205,1,short,A,2026-07-10_13h45.21.247,SBL_superimposed_encoding,,2026.1.3,119.57217091126466,2026-07-10 13h45.21.469065 -0400,
3,31,31,0,stimuli/scenes/scene_U1.jpg,Undersea,Malbow,stimuli/items/undersea_animal_7.png,Undersea,animal,sc,q,1,0.2594376001507044,None,0,2,2,2,0,31,31,31,,,,,710.7107017999515,,,,,,,,,,,,,,,,,,,,,,,,,,,,,,,,,,,,,,,,710.6991969000082,710.7107017999515,710.7107017999515,712.6960016998928,712.6960968999192,712.7036733001005,712.7036733001005,,,712.970693500014,q,1,712.9707486999687,712.9782308998983,713.9949998001102,713.9622712999117,0.2594376001507044,None,,,,,,,,,,,,,,,,,,,,205,1,short,A,2026-07-10_13h45.21.247,SBL_superimposed_encoding,,2026.1.3,119.57217091126466,2026-07-10 13h45.21.469065 -0400,
3,32,32,0,stimuli/scenes/scene_U2.jpg,Undersea,Somar,stimuli/items/undersea_object_6.png,Undersea,object,sc,q,1,0.3279938001651317,None,0,2,2,2,0,32,32,32,,,,,713.9949998001102,,,,,,,,,,,,,,,,,,,,,,,,,,,,,,,,,,,,,,,,713.9877434999216,713.9949998001102,713.9949998001102,715.9710951999296,715.9711758000776,715.9786507000681,715.9786507000681,,,716.3124826999847,q,1,716.3125420999713,716.3199376000557,717.3368923000526,717.3041922999546,0.3279938001651317,None,,,,,,,,,,,,,,,,,,,,205,1,short,A,2026-07-10_13h45.21.247,SBL_superimposed_encoding,,2026.1.3,119.57217091126466,2026-07-10 13h45.21.469065 -0400,
3,33,33,0,stimuli/scenes/scene_J2.jpg,Jungle,Tulon,stimuli/items/undersea_animal_19.png,Undersea,animal,si,p,1,0.21913370001129806,None,0,2,2,2,0,33,33,33,,,,,717.3368923000526,,,,,,,,,,,,,,,,,,,,,,,,,,,,,,,,,,,,,,,,717.3285211999901,717.3368923000526,717.3368923000526,719.3129408000968,719.3130423999391,719.3201552000828,719.3201552000828,,,719.5459592000116,p,1,719.5460123000666,719.5536690999288,720.5692241000943,720.5374869999941,0.21913370001129806,None,,,,,,,,,,,,,,,,,,,,205,1,short,A,2026-07-10_13h45.21.247,SBL_superimposed_encoding,,2026.1.3,119.57217091126466,2026-07-10 13h45.21.469065 -0400,
3,34,34,0,stimuli/scenes/scene_U2.jpg,Undersea,Somar,stimuli/items/jungle_object_17.png,Jungle,object,si,p,1,0.19261629995889962,None,0,2,2,2,0,34,34,34,,,,,720.5692241000943,,,,,,,,,,,,,,,,,,,,,,,,,,,,,,,,,,,,,,,,720.5579351000488,720.5692241000943,720.5692241000943,722.5544910000172,722.5545347000007,722.5621013001073,722.5621013001073,,,722.7626078999601,p,1,722.7626626000274,722.7702486999333,723.7865677999798,723.7543498999439,0.19261629995889962,None,,,,,,,,,,,,,,,,,,,,205,1,short,A,2026-07-10_13h45.21.247,SBL_superimposed_encoding,,2026.1.3,119.57217091126466,2026-07-10 13h45.21.469065 -0400,
3,35,35,0,stimuli/scenes/scene_J2.jpg,Jungle,Tulon,stimuli/items/undersea_object_19.png,Undersea,object,si,p,1,0.24989539990201592,None,0,2,2,2,0,35,35,35,,,,,723.7865677999798,,,,,,,,,,,,,,,,,,,,,,,,,,,,,,,,,,,,,,,,723.7754226999823,723.7865677999798,723.7865677999798,725.7630235999823,725.7631246999372,725.7704882000107,725.7704882000107,,,726.0211056999397,p,1,726.021162299905,726.0289445999078,727.0456783000845,727.0122760001104,0.24989539990201592,None,,,,,,,,,,,,,,,,,,,,205,1,short,A,2026-07-10_13h45.21.247,SBL_superimposed_encoding,,2026.1.3,119.57217091126466,2026-07-10 13h45.21.469065 -0400,
3,36,36,0,stimuli/scenes/scene_J1.jpg,Jungle,Negvi,stimuli/items/jungle_object_14.png,Jungle,object,sc,q,1,0.03734140004962683,None,0,2,2,2,0,36,36,36,,,,,727.0456783000845,,,,,,,,,,,,,,,,,,,,,,,,,,,,,,,,,,,,,,,,727.0390451999847,727.0456783000845,727.0456783000845,729.0293332999572,729.0294345999137,729.0371540000197,729.0371540000197,,,729.0796837001108,q,1,729.0797373999376,729.087375999894,730.1035778999794,730.0706625999883,0.03734140004962683,None,,,,,,,,,,,,,,,,,,,,205,1,short,A,2026-07-10_13h45.21.247,SBL_superimposed_encoding,,2026.1.3,119.57217091126466,2026-07-10 13h45.21.469065 -0400,
3,37,37,0,stimuli/scenes/scene_J2.jpg,Jungle,Tulon,stimuli/items/jungle_animal_4.png,Jungle,animal,sc,p,0,0.3550665001384914,None,0,2,2,2,0,37,37,37,,,,,730.1035778999794,,,,,,,,,,,,,,,,,,,,,,,,,,,,,,,,,,,,,,,,730.0942643999588,730.1035778999794,730.1035778999794,732.0880022998899,732.0880462001078,732.0957553999033,732.0957553999033,,,732.4545597000979,p,0,732.4546149999369,732.4621061000507,733.4788329999428,733.44608039991,0.3550665001384914,None,,,,,,,,,,,,,,,,,,,,205,1,short,A,2026-07-10_13h45.21.247,SBL_superimposed_encoding,,2026.1.3,119.57217091126466,2026-07-10 13h45.21.469065 -0400,
3,38,38,0,stimuli/scenes/scene_J1.jpg,Jungle,Negvi,stimuli/items/undersea_animal_4.png,Undersea,animal,si,p,1,0.26079369988292456,None,0,2,2,2,0,38,38,38,,,,,733.4788329999428,,,,,,,,,,,,,,,,,,,,,,,,,,,,,,,,,,,,,,,,733.4706073999405,733.4788329999428,733.4788329999428,735.4633098999038,735.4634255999699,735.4705374999903,735.4705374999903,,,735.7384419001173,p,1,735.7384961000644,735.7454069000669,736.7617883000057,736.7294447000604,0.26079369988292456,None,,,,,,,,,,,,,,,,,,,,205,1,short,A,2026-07-10_13h45.21.247,SBL_superimposed_encoding,,2026.1.3,119.57217091126466,2026-07-10 13h45.21.469065 -0400,
3,39,39,0,stimuli/scenes/scene_J2.jpg,Jungle,Tulon,stimuli/items/undersea_object_11.png,Undersea,object,si,q,0,0.1608633000869304,None,0,2,2,2,0,39,39,39,,,,,736.7617883000057,,,,,,,,,,,,,,,,,,,,,,,,,,,,,,,,,,,,,,,,736.7508779999334,736.7617883000057,736.7617883000057,738.7462889999151,738.7463334000204,738.7541304000188,738.7541304000188,,,738.9216304000001,q,0,738.9216843999457,738.9290750001092,739.9455883000046,739.9127579000778,0.1608633000869304,None,,,,,,,,,,,,,,,,,,,,205,1,short,A,2026-07-10_13h45.21.247,SBL_superimposed_encoding,,2026.1.3,119.57217091126466,2026-07-10 13h45.21.469065 -0400,
3,40,40,0,stimuli/scenes/scene_U2.jpg,Undersea,Somar,stimuli/items/undersea_animal_12.png,Undersea,animal,sc,q,1,0.19331470015458763,None,0,2,2,2,0,40,40,40,,,,,739.9455883000046,,,,,,,,,,,,,,,,,,,,,,,,,,,,,,,,,,,,,,,,739.937881299993,739.9455883000046,739.9455883000046,741.929659999907,741.929703899892,741.9373320001177,741.9373320001177,,,742.1381097000558,q,1,742.1381645000074,742.145563099999,743.1622860000934,743.1295654000714,0.19331470015458763,None,,,,,,,,,,,,,,,,,,,,205,1,short,A,2026-07-10_13h45.21.247,SBL_superimposed_encoding,,2026.1.3,119.57217091126466,2026-07-10 13h45.21.469065 -0400,
3,41,41,0,stimuli/scenes/scene_U1.jpg,Undersea,Malbow,stimuli/items/undersea_object_2.png,Undersea,object,sc,q,1,0.0005697000306099653,None,0,2,2,2,0,41,41,41,,,,,743.1622860000934,,,,,,,,,,,,,,,,,,,,,,,,,,,,,,,,,,,,,,,,743.1549782000948,743.1622860000934,743.1622860000934,745.1465729000047,745.1466357000172,745.1540047000162,745.1540047000162,,,745.1551731000654,q,1,745.1552265998907,745.1626746000256,746.1856698999181,746.1463311000261,0.0005697000306099653,None,,,,,,,,,,,,,,,,,,,,205,1,short,A,2026-07-10_13h45.21.247,SBL_superimposed_encoding,,2026.1.3,119.57217091126466,2026-07-10 13h45.21.469065 -0400,
3,42,42,0,stimuli/scenes/scene_U2.jpg,Undersea,Somar,stimuli/items/jungle_animal_19.png,Jungle,animal,si,p,1,0.040077499812468886,None,0,2,2,2,0,42,42,42,,,,,746.1856698999181,,,,,,,,,,,,,,,,,,,,,,,,,,,,,,,,,,,,,,,,746.1754014000762,746.1856698999181,746.1856698999181,748.1630935000721,748.1631378000602,748.1711528999731,748.1711528999731,,,748.213007299928,p,1,748.2130601999816,748.2208076000679,749.2352509000339,749.2044502999634,0.040077499812468886,None,,,,,,,,,,,,,,,,,,,,205,1,short,A,2026-07-10_13h45.21.247,SBL_superimposed_encoding,,2026.1.3,119.57217091126466,2026-07-10 13h45.21.469065 -0400,
3,43,43,0,stimuli/scenes/scene_U1.jpg,Undersea,Malbow,stimuli/items/jungle_object_20.png,Jungle,object,si,p,1,0.5254839998669922,None,0,2,2,2,0,43,43,43,,,,,749.2352509000339,,,,,,,,,,,,,,,,,,,,,,,,,,,,,,,,,,,,,,,,749.2248150000814,749.2352509000339,749.2352509000339,751.213087500073,751.2131312000565,751.2211551999208,751.2211551999208,,,751.75496749999,p,1,751.7550236999523,751.7625702000223,752.778077099938,752.7467344999313,0.5254839998669922,None,,,,,,,,,,,,,,,,,,,,205,1,short,A,2026-07-10_13h45.21.247,SBL_superimposed_encoding,,2026.1.3,119.57217091126466,2026-07-10 13h45.21.469065 -0400,
3,44,44,0,stimuli/scenes/scene_U2.jpg,Undersea,Somar,stimuli/items/undersea_object_3.png,Undersea,object,sc,q,1,0.23187969997525215,None,0,2,2,2,0,44,44,44,,,,,752.778077099938,,,,,,,,,,,,,,,,,,,,,,,,,,,,,,,,,,,,,,,,752.7677337999921,752.778077099938,752.778077099938,754.7551237998996,754.7552135000005,754.7627948999871,754.7627948999871,,,754.9968397000339,q,1,754.9968934999779,755.0042324999813,756.027574100066,755.9878754001111,0.23187969997525215,None,,,,,,,,,,,,,,,,,,,,205,1,short,A,2026-07-10_13h45.21.247,SBL_superimposed_encoding,,2026.1.3,119.57217091126466,2026-07-10 13h45.21.469065 -0400,
3,45,45,0,stimuli/scenes/scene_J2.jpg,Jungle,Tulon,stimuli/items/jungle_object_13.png,Jungle,object,sc,q,1,0.21446010004729033,None,0,2,2,2,0,45,45,45,,,,,756.027574100066,,,,,,,,,,,,,,,,,,,,,,,,,,,,,,,,,,,,,,,,756.0161089000758,756.027574100066,756.027574100066,758.0049662000965,758.0050089999568,758.0126203000546,758.0126203000546,,,758.2303086000029,q,1,758.2303639000747,758.2377309999429,759.2528566000983,759.2214373999741,0.21446010004729033,None,,,,,,,,,,,,,,,,,,,,205,1,short,A,2026-07-10_13h45.21.247,SBL_superimposed_encoding,,2026.1.3,119.57217091126466,2026-07-10 13h45.21.469065 -0400,
3,46,46,0,stimuli/scenes/scene_U2.jpg,Undersea,Somar,stimuli/items/undersea_object_10.png,Undersea,object,sc,q,1,0.22864909982308745,None,0,2,2,2,0,46,46,46,,,,,759.2528566000983,,,,,,,,,,,,,,,,,,,,,,,,,,,,,,,,,,,,,,,,759.2415062000509,759.2528566000983,759.2528566000983,761.2381897999439,761.238233699929,761.2460952000692,761.2460952000692,,,761.4802395000588,q,1,761.4802937000059,761.4877496000845,762.5046512999106,762.4715291999746,0.22864909982308745,None,,,,,,,,,,,,,,,,,,,,205,1,short,A,2026-07-10_13h45.21.247,SBL_superimposed_encoding,,2026.1.3,119.57217091126466,2026-07-10 13h45.21.469065 -0400,
3,47,47,0,stimuli/scenes/scene_J1.jpg,Jungle,Negvi,stimuli/items/undersea_animal_8.png,Undersea,animal,si,p,1,0.6269304999150336,None,0,2,2,2,0,47,47,47,,,,,762.5046512999106,,,,,,,,,,,,,,,,,,,,,,,,,,,,,,,,,,,,,,,,762.4986727999058,762.5046512999106,762.5046512999106,764.4881442000624,764.4882098000962,764.4962088000029,764.4962088000029,,,765.1298601001035,p,1,765.129915199941,765.1377103999257,766.1516346000135,766.1213960000314,0.6269304999150336,None,,,,,,,,,,,,,,,,,,,,205,1,short,A,2026-07-10_13h45.21.247,SBL_superimposed_encoding,,2026.1.3,119.57217091126466,2026-07-10 13h45.21.469065 -0400,
3,48,48,0,stimuli/scenes/scene_U2.jpg,Undersea,Somar,stimuli/items/jungle_animal_17.png,Jungle,animal,si,p,1,0.5215944000519812,None,0,2,2,2,0,48,48,48,,,,,766.1516346000135,,,,,,,,,,,,,,,,,,,,,,,,,,,,,,,,,,,,,,,,766.1411450000014,766.1516346000135,766.1516346000135,768.1302684999537,768.1303119000513,768.1377679998986,768.1377679998986,,,768.6639737000223,p,1,768.6640290999785,768.6713958000764,769.6877961000428,769.6549450999591,0.5215944000519812,None,,,,,,,,,,,,,,,,,,,,205,1,short,A,2026-07-10_13h45.21.247,SBL_superimposed_encoding,,2026.1.3,119.57217091126466,2026-07-10 13h45.21.469065 -0400,
3,49,49,0,stimuli/scenes/scene_U1.jpg,Undersea,Malbow,stimuli/items/undersea_animal_9.png,Undersea,animal,sc,q,1,0.25880840001627803,None,0,2,2,2,0,49,49,49,,,,,769.6877961000428,,,,,,,,,,,,,,,,,,,,,,,,,,,,,,,,,,,,,,,,769.679571500048,769.6877961000428,769.6877961000428,771.6717473000754,771.6717906999402,771.6798100001179,771.6798100001179,,,771.9470675000921,q,1,771.9471227999311,771.9545511000324,772.9630024000071,772.9381377000827,0.25880840001627803,None,,,,,,,,,,,,,,,,,,,,205,1,short,A,2026-07-10_13h45.21.247,SBL_superimposed_encoding,,2026.1.3,119.57217091126466,2026-07-10 13h45.21.469065 -0400,
3,50,50,0,stimuli/scenes/scene_U2.jpg,Undersea,Somar,stimuli/items/undersea_animal_13.png,Undersea,animal,sc,q,1,0.4083801999222487,None,0,2,2,2,0,50,50,50,,,,,772.9630024000071,,,,,,,,,,,,,,,,,,,,,,,,,,,,,,,,,,,,,,,,772.9570927999448,772.9630024000071,772.9630024000071,774.9471716000699,774.9472125999164,774.9544516000897,774.9544516000897,,,775.3637963999063,q,1,775.3638500000816,775.3714995000046,776.3957187000196,776.3549663999584,0.4083801999222487,None,,,,,,,,,,,774.9544516000897,774.9544516000897,,,,,,,,205,1,short,A,2026-07-10_13h45.21.247,SBL_superimposed_encoding,,2026.1.3,119.57217091126466,2026-07-10 13h45.21.469065 -0400,
3,51,51,0,stimuli/scenes/scene_J2.jpg,Jungle,Tulon,stimuli/items/undersea_animal_18.png,Undersea,animal,si,p,1,0.2473917999304831,None,0,2,2,2,0,51,51,51,,,,,776.3957187000196,,,,,,,,,,,,,,,,,,,,,,,,,,,,,,,,,,,,,,,,776.3838341000956,776.3957187000196,776.3957187000196,778.3718761999626,778.3719208999537,778.3797746999189,778.3797746999189,,,778.6308871000074,p,1,778.6309440000914,778.6380831000861,779.6543155000545,779.6218910000753,0.2473917999304831,None,,,,,,,,,,,,,,,,,,,,205,1,short,A,2026-07-10_13h45.21.247,SBL_superimposed_encoding,,2026.1.3,119.57217091126466,2026-07-10 13h45.21.469065 -0400,
3,52,52,0,stimuli/scenes/scene_U2.jpg,Undersea,Somar,stimuli/items/jungle_animal_10.png,Jungle,animal,si,p,1,0.21267689997330308,None,0,2,2,2,0,52,52,52,,,,,779.6543155000545,,,,,,,,,,,,,,,,,,,,,,,,,,,,,,,,,,,,,,,,779.6447036999743,779.6543155000545,779.6543155000545,781.6388091999106,781.6388538000174,781.6461636000313,781.6461636000313,,,781.8640356999822,p,1,781.864091000054,781.8716259999201,782.8874820000492,782.8549057999626,0.21267689997330308,None,,,,,,,,,,,,,,,,,,,,205,1,short,A,2026-07-10_13h45.21.247,SBL_superimposed_encoding,,2026.1.3,119.57217091126466,2026-07-10 13h45.21.469065 -0400,
3,53,53,0,stimuli/scenes/scene_J2.jpg,Jungle,Tulon,stimuli/items/jungle_object_1.png,Jungle,object,sc,q,1,0.24289729981683195,None,0,2,2,2,0,53,53,53,,,,,782.8874820000492,,,,,,,,,,,,,,,,,,,,,,,,,,,,,,,,,,,,,,,,782.8762606000528,782.8874820000492,782.8874820000492,784.8723520000931,784.8724471000023,784.8796196000185,784.8796196000185,,,785.1309996999335,q,1,785.1310541999992,785.1381435999647,786.1468787000049,786.1217020999175,0.24289729981683195,None,,,,,,,,,,,,,,,,,,,,205,1,short,A,2026-07-10_13h45.21.247,SBL_superimposed_encoding,,2026.1.3,119.57217091126466,2026-07-10 13h45.21.469065 -0400,
3,54,54,0,stimuli/scenes/scene_U2.jpg,Undersea,Somar,stimuli/items/jungle_object_5.png,Jungle,object,si,p,1,0.36028270004317164,None,0,2,2,2,0,54,54,54,,,,,786.1468787000049,,,,,,,,,,,,,,,,,,,,,,,,,,,,,,,,,,,,,,,,786.1407097999472,786.1468787000049,786.1468787000049,788.1307157999836,788.1307584999595,788.1385168998968,788.1385168998968,,,788.5057043998968,p,1,788.5057584000751,788.5131711000577,789.529378999956,789.4970939999912,0.36028270004317164,None,,,,,,,,,,,788.1385168998968,788.1385168998968,,,,,,,,205,1,short,A,2026-07-10_13h45.21.247,SBL_superimposed_encoding,,2026.1.3,119.57217091126466,2026-07-10 13h45.21.469065 -0400,
3,55,55,0,stimuli/scenes/scene_J2.jpg,Jungle,Tulon,stimuli/items/undersea_animal_14.png,Undersea,animal,si,p,1,0.35305060003884137,None,0,2,2,2,0,55,55,55,,,,,789.529378999956,,,,,,,,,,,,,,,,,,,,,,,,,,,,,,,,,,,,,,,,789.5186840000097,789.529378999956,789.529378999956,791.5137704000808,791.5138137999456,791.5217158999294,791.5217158999294,,,791.880501500098,p,1,791.8805579999462,791.8882997999899,792.904777900083,792.8720344998874,0.35305060003884137,None,,,,,,,,,,,,,,,,,,,,205,1,short,A,2026-07-10_13h45.21.247,SBL_superimposed_encoding,,2026.1.3,119.57217091126466,2026-07-10 13h45.21.469065 -0400,
3,56,56,0,stimuli/scenes/scene_U1.jpg,Undersea,Malbow,stimuli/items/undersea_animal_5.png,Undersea,animal,sc,q,1,0.2188317000400275,None,0,2,2,2,0,56,56,56,,,,,792.904777900083,,,,,,,,,,,,,,,,,,,,,,,,,,,,,,,,,,,,,,,,792.8959768000059,792.904777900083,792.904777900083,794.8808470999356,794.8808931000531,794.8884576999117,794.8884576999117,,,795.1139966999181,q,1,795.1140509000979,795.1215717000887,796.1378359000664,796.1055352999829,0.2188317000400275,None,,,,,,,,,,,,,,,,,,,,205,1,short,A,2026-07-10_13h45.21.247,SBL_superimposed_encoding,,2026.1.3,119.57217091126466,2026-07-10 13h45.21.469065 -0400,
3,57,57,0,stimuli/scenes/scene_J2.jpg,Jungle,Tulon,stimuli/items/undersea_object_4.png,Undersea,object,si,p,1,0.3529667998664081,None,0,2,2,2,0,57,57,57,,,,,796.1378359000664,,,,,,,,,,,,,,,,,,,,,,,,,,,,,,,,,,,,,,,,796.1264128999319,796.1378359000664,796.1378359000664,798.122323699994,798.1223683001008,798.1299745000433,798.1299745000433,,,798.4892605000641,p,1,798.4893157000188,798.496676400071,799.50564759993,799.4806202999316,0.3529667998664081,None,,,,,,,,,,,,,,,,,,,,205,1,short,A,2026-07-10_13h45.21.247,SBL_superimposed_encoding,,2026.1.3,119.57217091126466,2026-07-10 13h45.21.469065 -0400,
3,58,58,0,stimuli/scenes/scene_U1.jpg,Undersea,Malbow,stimuli/items/jungle_object_12.png,Jungle,object,si,p,1,0.23440680000931025,None,0,2,2,2,0,58,58,58,,,,,799.50564759993,,,,,,,,,,,,,,,,,,,,,,,,,,,,,,,,,,,,,,,,799.5002838999499,799.50564759993,799.50564759993,801.4894163999707,801.4894584000576,801.4965139001142,801.4965139001142,,,801.7388436999172,p,1,801.7388983999845,801.7467024999205,802.7638876000419,802.7305880999193,0.23440680000931025,None,,,,,,,,,,,801.4965139001142,801.4965139001142,,,,,,,,205,1,short,A,2026-07-10_13h45.21.247,SBL_superimposed_encoding,,2026.1.3,119.57217091126466,2026-07-10 13h45.21.469065 -0400,
3,59,59,0,stimuli/scenes/scene_J1.jpg,Jungle,Negvi,stimuli/items/undersea_object_7.png,Undersea,object,si,q,0,0.26344130001962185,None,0,2,2,2,0,59,59,59,,,,,802.7638876000419,,,,,,,,,,,,,,,,,,,,,,,,,,,,,,,,,,,,,,,,802.7583417000715,802.7638876000419,802.7638876000419,804.7389263999648,804.7389710000716,804.7470921999775,804.7470921999775,,,805.014569299994,q,0,805.0146222000476,805.0219499000814,806.0382012999617,806.0055774000939,0.26344130001962185,None,,,,,,,,,,,,,,,,,,,,205,1,short,A,2026-07-10_13h45.21.247,SBL_superimposed_encoding,,2026.1.3,119.57217091126466,2026-07-10 13h45.21.469065 -0400,
3,60,60,0,stimuli/scenes/scene_J2.jpg,Jungle,Tulon,stimuli/items/jungle_animal_20.png,Jungle,animal,sc,q,1,0.3725052000954747,None,0,2,2,2,0,60,60,60,,,,,806.0382012999617,,,,,,,,,,,,,,,,,,,,,,,,,,,,,,,,,,,,,,,,806.028487399919,806.0382012999617,806.0382012999617,808.0229658999015,808.0230574999005,808.0302909000311,808.0302909000311,,,808.4057402999606,q,1,808.4057956999168,808.4138418000657,809.4298094001133,809.3974204999395,0.3725052000954747,None,,,,,,,,,,,,,,,,,,,,205,1,short,A,2026-07-10_13h45.21.247,SBL_superimposed_encoding,,2026.1.3,119.57217091126466,2026-07-10 13h45.21.469065 -0400,
3,61,61,0,stimuli/scenes/scene_J1.jpg,Jungle,Negvi,stimuli/items/jungle_object_11.png,Jungle,object,sc,q,1,0.285137299913913,None,0,2,2,2,0,61,61,61,,,,,809.4298094001133,,,,,,,,,,,,,,,,,,,,,,,,,,,,,,,,,,,,,,,,809.4179008000065,809.4298094001133,809.4298094001133,811.4058989000041,811.4059423999861,811.4134672998916,811.4134672998916,,,811.7058071999345,q,1,811.7058604999911,811.7136792999227,812.7280691000633,812.6977977999486,0.285137299913913,None,,,,,,,,,,,,,,,,,,,,205,1,short,A,2026-07-10_13h45.21.247,SBL_superimposed_encoding,,2026.1.3,119.57217091126466,2026-07-10 13h45.21.469065 -0400,
3,62,62,0,stimuli/scenes/scene_U1.jpg,Undersea,Malbow,stimuli/items/jungle_object_4.png,Jungle,object,si,p,1,0.352833200013265,None,0,2,2,2,0,62,62,62,,,,,812.7280691000633,,,,,,,,,,,,,,,,,,,,,,,,,,,,,,,,,,,,,,,,812.7176586000714,812.7280691000633,812.7280691000633,814.7139828000218,814.7140285000205,814.7217296001036,814.7217296001036,,,815.0809857000131,p,1,815.0810430999845,815.0886834000703,816.1050052999053,816.072352899937,0.352833200013265,None,,,,,,,,,,,,,,,,,,,,205,1,short,A,2026-07-10_13h45.21.247,SBL_superimposed_encoding,,2026.1.3,119.57217091126466,2026-07-10 13h45.21.469065 -0400,
3,63,63,0,stimuli/scenes/scene_U2.jpg,Undersea,Somar,stimuli/items/undersea_animal_20.png,Undersea,animal,sc,q,1,0.8581089999061078,None,0,2,2,2,0,63,63,63,,,,,816.1050052999053,,,,,,,,,,,,,,,,,,,,,,,,,,,,,,,,,,,,,,,,816.0964232999831,816.1050052999053,816.1050052999053,818.0813285000622,818.081428400008,818.0888342999388,818.0888342999388,,,818.9479600999039,q,1,818.9480175001081,818.9555186000653,819.9640724000055,819.9392325999215,0.8581089999061078,None,,,,,,,,,,,,,,,,,,,,205,1,short,A,2026-07-10_13h45.21.247,SBL_superimposed_encoding,,2026.1.3,119.57217091126466,2026-07-10 13h45.21.469065 -0400,
3,64,64,0,stimuli/scenes/scene_U1.jpg,Undersea,Malbow,stimuli/items/undersea_animal_2.png,Undersea,animal,sc,q,1,0.303320299834013,None,0,2,2,2,0,64,64,64,,,,,819.9640724000055,,,,,,,,,,,,,,,,,,,,,,,,,,,,,,,,,,,,,,,,819.9579342000652,819.9640724000055,819.9640724000055,821.9482696000487,821.9483117999043,821.9556940000039,821.9556940000039,,,822.2647277999204,q,1,822.2647808000911,822.2719570999034,823.2968331000302,823.2558339999523,0.303320299834013,None,,,,,,,,,,,821.9556940000039,821.9556940000039,,,,,,,,205,1,short,A,2026-07-10_13h45.21.247,SBL_superimposed_encoding,,2026.1.3,119.57217091126466,2026-07-10 13h45.21.469065 -0400,
3,65,65,0,stimuli/scenes/scene_J1.jpg,Jungle,Negvi,stimuli/items/jungle_animal_6.png,Jungle,animal,sc,p,0,0.22623190004378557,None,0,2,2,2,0,65,65,65,,,,,823.2968331000302,,,,,,,,,,,,,,,,,,,,,,,,,,,,,,,,,,,,,,,,823.2879711000714,823.2968331000302,823.2968331000302,825.2726187000517,825.2726622000337,825.2806665999815,825.2806665999815,,,825.514722000109,p,0,825.5147762999404,825.5221208001021,826.546652500052,826.506176300114,0.22623190004378557,None,,,,,,,,,,,,,,,,,,,,205,1,short,A,2026-07-10_13h45.21.247,SBL_superimposed_encoding,,2026.1.3,119.57217091126466,2026-07-10 13h45.21.469065 -0400,
3,66,66,0,stimuli/scenes/scene_U2.jpg,Undersea,Somar,stimuli/items/undersea_object_12.png,Undersea,object,sc,q,1,0.28830469981767237,None,0,2,2,2,0,66,66,66,,,,,826.546652500052,,,,,,,,,,,,,,,,,,,,,,,,,,,,,,,,,,,,,,,,826.5363710001111,826.546652500052,826.546652500052,828.5230040000752,828.5230864000041,828.530511100078,828.530511100078,,,828.8230955998879,q,1,828.823152200086,828.8303875999991,829.8469452999998,829.8147368999198,0.28830469981767237,None,,,,,,,,,,,,,,,,,,,,205,1,short,A,2026-07-10_13h45.21.247,SBL_superimposed_encoding,,2026.1.3,119.57217091126466,2026-07-10 13h45.21.469065 -0400,
3,67,67,0,stimuli/scenes/scene_J1.jpg,Jungle,Negvi,stimuli/items/undersea_object_5.png,Undersea,object,si,p,1,0.3717577999923378,None,0,2,2,2,0,67,67,67,,,,,829.8469452999998,,,,,,,,,,,,,,,,,,,,,,,,,,,,,,,,,,,,,,,,829.8383573999163,829.8469452999998,829.8469452999998,831.8314020999242,831.8315026999917,831.8388771000318,831.8388771000318,,,832.2143335000146,p,1,832.2143904000986,832.2222096000332,833.2306707999669,833.2062599998899,0.3717577999923378,None,,,,,,,,,,,,,,,,,,,,205,1,short,A,2026-07-10_13h45.21.247,SBL_superimposed_encoding,,2026.1.3,119.57217091126466,2026-07-10 13h45.21.469065 -0400,
3,68,68,0,stimuli/scenes/scene_U2.jpg,Undersea,Somar,stimuli/items/jungle_object_6.png,Jungle,object,si,p,1,0.23662059986963868,None,0,2,2,2,0,68,68,68,,,,,833.2306707999669,,,,,,,,,,,,,,,,,,,,,,,,,,,,,,,,,,,,,,,,833.2243848000653,833.2306707999669,833.2306707999669,835.214968000073,835.2150681000203,835.2224650999997,835.2224650999997,,,835.4649934999179,p,1,835.4650467000902,835.4723068000749,836.4886014000513,836.4557445999235,0.23662059986963868,None,,,,,,,,,,,,,,,,,,,,205,1,short,A,2026-07-10_13h45.21.247,SBL_superimposed_encoding,,2026.1.3,119.57217091126466,2026-07-10 13h45.21.469065 -0400,
3,69,69,0,stimuli/scenes/scene_J1.jpg,Jungle,Negvi,stimuli/items/jungle_animal_11.png,Jungle,animal,sc,q,1,0.3385499999858439,None,0,2,2,2,0,69,69,69,,,,,836.4886014000513,,,,,,,,,,,,,,,,,,,,,,,,,,,,,,,,,,,,,,,,836.4774275000673,836.4886014000513,836.4886014000513,838.4733217998873,838.4734161999077,838.480449500028,838.480449500028,,,838.8231403001118,q,1,838.82319679996,838.8308371999301,839.8468694000039,839.8146939999424,0.3385499999858439,None,,,,,,,,,,,,,,,,,,,,205,1,short,A,2026-07-10_13h45.21.247,SBL_superimposed_encoding,,2026.1.3,119.57217091126466,2026-07-10 13h45.21.469065 -0400,
3,70,70,0,stimuli/scenes/scene_U1.jpg,Undersea,Malbow,stimuli/items/undersea_animal_16.png,Undersea,animal,sc,q,1,0.33202879992313683,None,0,2,2,2,0,70,70,70,,,,,839.8468694000039,,,,,,,,,,,,,,,,,,,,,,,,,,,,,,,,,,,,,,,,839.8387444999535,839.8468694000039,839.8468694000039,841.8232229999267,841.8232678999193,841.8308671999257,841.8308671999257,,,842.1648653000593,q,1,842.1649241999257,842.1728356000967,843.1871066000313,843.1560863000341,0.33202879992313683,None,,,,,,,,,,,,,,,,,,,,205,1,short,A,2026-07-10_13h45.21.247,SBL_superimposed_encoding,,2026.1.3,119.57217091126466,2026-07-10 13h45.21.469065 -0400,
3,71,71,0,stimuli/scenes/scene_J1.jpg,Jungle,Negvi,stimuli/items/undersea_animal_3.png,Undersea,animal,si,p,1,0.46244899998418987,None,0,2,2,2,0,71,71,71,,,,,843.1871066000313,,,,,,,,,,,,,,,,,,,,,,,,,,,,,,,,,,,,,,,,843.1764128999785,843.1871066000313,843.1871066000313,845.1651508999057,845.1652776999399,845.172603999963,845.172603999963,,,845.6401166000869,p,1,845.6401762000751,845.6475414000452,846.6720579999965,846.6311250000726,0.46244899998418987,None,,,,,,,,,,,,,,,,,,,,205,1,short,A,2026-07-10_13h45.21.247,SBL_superimposed_encoding,,2026.1.3,119.57217091126466,2026-07-10 13h45.21.469065 -0400,
3,72,72,0,stimuli/scenes/scene_J2.jpg,Jungle,Tulon,stimuli/items/jungle_animal_2.png,Jungle,animal,sc,q,1,0.25916319992393255,None,0,2,2,2,0,72,72,72,,,,,846.6720579999965,,,,,,,,,,,,,,,,,,,,,,,,,,,,,,,,,,,,,,,,846.6609738999978,846.6720579999965,846.6720579999965,848.648465400096,848.648523000069,848.6559834999498,848.6559834999498,,,848.9231501999311,q,1,848.9232059998903,848.9311605999246,849.947650300106,849.9144085999578,0.25916319992393255,None,,,,,,,,,,,,,,,,,,,,205,1,short,A,2026-07-10_13h45.21.247,SBL_superimposed_encoding,,2026.1.3,119.57217091126466,2026-07-10 13h45.21.469065 -0400,
3,73,73,0,stimuli/scenes/scene_J1.jpg,Jungle,Negvi,stimuli/items/jungle_animal_9.png,Jungle,animal,sc,q,1,0.48840449983254075,None,0,2,2,2,0,73,73,73,,,,,849.947650300106,,,,,,,,,,,,,,,,,,,,,,,,,,,,,,,,,,,,,,,,849.9386555000674,849.947650300106,849.947650300106,851.9235586000141,851.9236534999218,851.9309584000148,851.9309584000148,,,852.4239960999694,q,1,852.4240524999332,852.430926800007,853.4475251999684,853.4145416000392,0.48840449983254075,None,,,,,,,,,,,,,,,,,,,,205,1,short,A,2026-07-10_13h45.21.247,SBL_superimposed_encoding,,2026.1.3,119.57217091126466,2026-07-10 13h45.21.469065 -0400,
3,74,74,0,stimuli/scenes/scene_U1.jpg,Undersea,Malbow,stimuli/items/jungle_object_10.png,Jungle,object,si,p,1,0.6920156998094171,None,0,2,2,2,0,74,74,74,,,,,853.4475251999684,,,,,,,,,,,,,,,,,,,,,,,,,,,,,,,,,,,,,,,,853.4401414999738,853.4475251999684,853.4475251999684,855.4320358999539,855.4321379000321,855.439249600051,855.439249600051,,,856.1319152999204,p,1,856.1319728998933,856.1394114000723,857.1558622000739,857.1236018000636,0.6920156998094171,None,,,,,,,,,,,,,,,,,,,,205,1,short,A,2026-07-10_13h45.21.247,SBL_superimposed_encoding,,2026.1.3,119.57217091126466,2026-07-10 13h45.21.469065 -0400,
3,75,75,0,stimuli/scenes/scene_U2.jpg,Undersea,Somar,stimuli/items/undersea_object_18.png,Undersea,object,sc,q,1,0.3115149000659585,None,0,2,2,2,0,75,75,75,,,,,857.1558622000739,,,,,,,,,,,,,,,,,,,,,,,,,,,,,,,,,,,,,,,,857.1475941999815,857.1558622000739,857.1558622000739,859.140147899976,859.1402408999857,859.1477008999791,859.1477008999791,,,859.4653235999867,q,1,859.465378700057,859.472645800095,860.4883967998903,860.4567140000872,0.3115149000659585,None,,,,,,,,,,,,,,,,,,,,205,1,short,A,2026-07-10_13h45.21.247,SBL_superimposed_encoding,,2026.1.3,119.57217091126466,2026-07-10 13h45.21.469065 -0400,
3,76,76,0,stimuli/scenes/scene_U1.jpg,Undersea,Malbow,stimuli/items/jungle_animal_3.png,Jungle,animal,si,p,1,0.3538607999216765,None,0,2,2,2,0,76,76,76,,,,,860.4883967998903,,,,,,,,,,,,,,,,,,,,,,,,,,,,,,,,,,,,,,,,860.4783006000798,860.4883967998903,860.4883967998903,862.4736959999427,862.4737386999186,862.4811205998994,862.4811205998994,,,862.8403918999247,p,1,862.8404471001122,862.8478562000673,863.8646164000966,863.8316907000262,0.3538607999216765,None,,,,,,,,,,,,,,,,,,,,205,1,short,A,2026-07-10_13h45.21.247,SBL_superimposed_encoding,,2026.1.3,119.57217091126466,2026-07-10 13h45.21.469065 -0400,
3,77,77,0,stimuli/scenes/scene_J1.jpg,Jungle,Negvi,stimuli/items/jungle_object_19.png,Jungle,object,sc,q,1,0.5303991001565009,None,0,2,2,2,0,77,77,77,,,,,863.8646164000966,,,,,,,,,,,,,,,,,,,,,,,,,,,,,,,,,,,,,,,,863.8580732999835,863.8646164000966,863.8646164000966,865.8487346000038,865.8488320999313,865.8561160000972,865.8561160000972,,,866.3903850000352,q,1,866.3904401001055,866.3979966999032,867.4134726000484,867.3819216000848,0.5303991001565009,None,,,,,,,,,,,,,,,,,,,,205,1,short,A,2026-07-10_13h45.21.247,SBL_superimposed_encoding,,2026.1.3,119.57217091126466,2026-07-10 13h45.21.469065 -0400,
3,78,78,0,stimuli/scenes/scene_U1.jpg,Undersea,Malbow,stimuli/items/jungle_animal_18.png,Jungle,animal,si,p,1,0.30838179984129965,None,0,2,2,2,0,78,78,78,,,,,867.4134726000484,,,,,,,,,,,,,,,,,,,,,,,,,,,,,,,,,,,,,,,,867.402825600002,867.4134726000484,867.4134726000484,869.3987098000944,869.3987539999653,869.4063325000461,869.4063325000461,,,869.7154125999659,p,1,869.7154711999465,869.723225899972,870.7400746000931,870.7065898999572,0.30838179984129965,None,,,,,,,,,,,,,,,,,,,,205,1,short,A,2026-07-10_13h45.21.247,SBL_superimposed_encoding,,2026.1.3,119.57217091126466,2026-07-10 13h45.21.469065 -0400,
3,79,79,0,stimuli/scenes/scene_J2.jpg,Jungle,Tulon,stimuli/items/jungle_animal_16.png,Jungle,animal,sc,q,1,0.37587940017692745,None,0,2,2,2,0,79,79,79,,,,,870.7400746000931,,,,,,,,,,,,,,,,,,,,,,,,,,,,,,,,,,,,,,,,870.7350337998942,870.7400746000931,870.7400746000931,872.723848399939,872.7239300000947,872.731284199981,872.731284199981,,,873.1152413000818,q,1,873.1152989000548,873.1231800999958,874.1228553999681,874.1068567999173,0.37587940017692745,None,,,,,,,,,,,,,,,,,,,,205,1,short,A,2026-07-10_13h45.21.247,SBL_superimposed_encoding,,2026.1.3,119.57217091126466,2026-07-10 13h45.21.469065 -0400,
,,,,,,,,,,,,,,,,,,,,,,,,,,,,,,,,,,,,,,,,,,,,,,,,,,,,,,,,,,,,,,,,,,,,,,,,,,,,,,,,,,,,,874.1125745999161,874.1127943000756,,,,,,,,,,,874.1198146999814,874.1228553999681,875.1066811999772,877.6403572999407,space,2.5278870000038296,None,205,1,short,A,2026-07-10_13h45.21.247,SBL_superimposed_encoding,,2026.1.3,119.57217091126466,2026-07-10 13h45.21.469065 -0400,
