run,thisN,thisTrialN,thisRepN,scene_stimulus,scene_cat,scene_label,item_stimulus,item_cat,item_type,congruency,key_resp_congruency.keys,key_resp_congruency.corr,key_resp_congruency.rt,key_resp_congruency.duration,runs.thisRepN,runs.thisTrialN,runs.thisN,runs.thisIndex,trials.thisRepN,trials.thisTrialN,trials.thisN,trials.thisIndex,between_run_inst.thisRepN,between_run_inst.thisTrialN,between_run_inst.thisN,between_run_inst.thisIndex,thisRow.t,notes,piloting,get_relatedness_keys.started,get_relatedness_keys.stopped,instructions_screen.started,text_instructions.started,key_welcome.started,instructions_screen.stopped,key_welcome.keys,key_welcome.rt,key_welcome.duration,instruction_keys.started,text_keys.started,key_resp_keysInst.started,instruction_keys.stopped,key_resp_keysInst.keys,key_resp_keysInst.rt,key_resp_keysInst.duration,scene_names_reminder.started,text_reminder.started,image1.started,image2.started,image3.started,image4.started,textbox1.started,textbox2.started,textbox3.started,textbox4.started,key_reminder.started,scene_names_reminder.stopped,key_reminder.keys,key_reminder.rt,key_reminder.duration,blank2000.started,text_2.started,text_2.stopped,blank2000.stopped,get_run_stim_list.started,get_run_stim_list.stopped,scene_item_presentation.started,image_scene.started,image_item.started,scene_item_presentation.stopped,congruency_response.started,text_congruency.started,key_resp_congruency.started,congruency_response.stopped,trials.key_resp_congruency.keys,trials.key_resp_congruency.corr,trials.key_resp_congruency.rt,trials.key_resp_congruency.duration,blank1000.started,text.started,text.stopped,blank1000.stopped,image_scene.stopped,image_item.stopped,text_congruency.stopped,key_resp_congruency.stopped,is_last_run.started,is_last_run.stopped,between_run_pause.started,text_run_pause.started,text_relatedness_pause.started,key_resp_next_run.started,between_run_pause.stopped,between_run_inst.key_resp_next_run.keys,between_run_inst.key_resp_next_run.rt,between_run_inst.key_resp_next_run.duration,end_screen.started,text_end.started,key_end.started,end_screen.stopped,key_end.keys,key_end.rt,key_end.duration,participant,session,delay,group,date,expName,expVersion,psychopyVersion,frameRate,expStart,
,,,,,,,,,,,,,,,,,,,,,,,,,,,,,False,0.002942599938251078,0.003248299937695265,,,,,,,,,,,,,,,,,,,,,,,,,,,,,,,,,,,,,,,,,,,,,,,,,,,,,,,,,,,,,,,,,,,,,,,,,206,1,short,A,2026-07-10_14h19.24.080,SBL_superimposed_encoding,,2026.1.3,119.82390684058035,2026-07-10 14h19.24.284312 -0400,
,,,,,,,,,,,,,,,,,,,,,,,,,,,,,,,,0.003275000024586916,0.00992240000050515,1.0014857000205666,19.948265500017442,space,18.92874479992315,None,,,,,,,,,,,,,,,,,,,,,,,,,,,,,,,,,,,,,,,,,,,,,,,,,,,,,,,,,,,,,,,,,,206,1,short,A,2026-07-10_14h19.24.080,SBL_superimposed_encoding,,2026.1.3,119.82390684058035,2026-07-10 14h19.24.284312 -0400,
,,,,,,,,,,,,,,,,,,,,,,,,,,,,,,,,,,,,,,,19.974567399942316,19.97747329995036,19.97747329995036,44.52796630002558,space,24.544613200007007,None,,,,,,,,,,,,,,,,,,,,,,,,,,,,,,,,,,,,,,,,,,,,,,,,,,,,,,,,,,,206,1,short,A,2026-07-10_14h19.24.080,SBL_superimposed_encoding,,2026.1.3,119.82390684058035,2026-07-10 14h19.24.284312 -0400,
,,,,,,,,,,,,,,,,,,,,,,,,,,,,,,,,,,,,,,,,,,,,,,44.6804320999654,44.75170279992744,44.75170279992744,44.75170279992744,44.75170279992744,44.75170279992744,44.75170279992744,44.75170279992744,44.75170279992744,44.75170279992744,46.518755199969746,82.94551969994791,space,36.41923839994706,None,,,,,,,,,,,,,,,,,,,,,,,,,,,,,,,,,,,,,,,,,,,,206,1,short,A,2026-07-10_14h19.24.080,SBL_superimposed_encoding,,2026.1.3,119.82390684058035,2026-07-10 14h19.24.284312 -0400,
,,,,,,,,,,,,,,,,,,,,,,,,,,,,,,,,,,,,,,,,,,,,,,,,,,,,,,,,,,,,,82.94556819996797,82.95240119996015,85.0096892999718,84.9361685999902,,,,,,,,,,,,,,,,,,,,,,,,,,,,,,,,,,,,,,,,206,1,short,A,2026-07-10_14h19.24.080,SBL_superimposed_encoding,,2026.1.3,119.82390684058035,2026-07-10 14h19.24.284312 -0400,
1,0,0,0,stimuli/scenes/scene_U2.jpg,Undersea,Malbow,stimuli/items/undersea_object_11.png,Undersea,object,sc,p,0,0.1525023999856785,None,0,0,0,0,0,0,0,0,,,,,85.0096892999718,,,,,,,,,,,,,,,,,,,,,,,,,,,,,,,,,,,,,,84.94943089992739,84.94967669993639,84.99790970003232,85.0096892999718,85.0096892999718,86.95346300001256,86.95675050001591,86.96120000001974,86.96120000001974,87.12006240000483,p,0,0.1525023999856785,None,87.12011919997167,87.12770559999626,88.17790809995495,88.11145189998206,,,,,,,,,,,,,,,,,,,,,,206,1,short,A,2026-07-10_14h19.24.080,SBL_superimposed_encoding,,2026.1.3,119.82390684058035,2026-07-10 14h19.24.284312 -0400,
1,1,1,0,stimuli/scenes/scene_J1.jpg,Jungle,Negvi,stimuli/items/jungle_animal_8.png,Jungle,animal,sc,q,1,0.3148234999971464,None,0,0,0,0,0,1,1,1,,,,,88.17790809995495,,,,,,,,,,,,,,,,,,,,,,,,,,,,,,,,,,,,,,,,88.17235549993347,88.17790809995495,88.17790809995495,90.1202772000106,90.12037619994953,90.12767519999761,90.12767519999761,90.44537139998283,q,1,0.3148234999971464,None,90.44542819994967,90.4527444000123,91.46834239992313,91.43674459995236,,,,,,,,,,,,,,,,,,,,,,206,1,short,A,2026-07-10_14h19.24.080,SBL_superimposed_encoding,,2026.1.3,119.82390684058035,2026-07-10 14h19.24.284312 -0400,
1,2,2,0,stimuli/scenes/scene_U2.jpg,Undersea,Malbow,stimuli/items/jungle_animal_15.png,Jungle,animal,si,p,1,0.3570826000068337,None,0,0,0,0,0,2,2,2,,,,,91.46834239992313,,,,,,,,,,,,,,,,,,,,,,,,,,,,,,,,,,,,,,,,91.45822409994435,91.46834239992313,91.46834239992313,93.45329039997887,93.45333639997989,93.46127369999886,93.46127369999886,93.82012579997536,p,1,0.3570826000068337,None,93.82018429995514,93.82776359992567,94.86886249994859,94.81121149996761,,,,,,,,,,,,,,,,,,,,,,206,1,short,A,2026-07-10_14h19.24.080,SBL_superimposed_encoding,,2026.1.3,119.82390684058035,2026-07-10 14h19.24.284312 -0400,
1,3,3,0,stimuli/scenes/scene_J2.jpg,Jungle,Somar,stimuli/items/undersea_object_12.png,Undersea,object,si,p,1,0.4857117000501603,None,0,0,0,0,0,3,3,3,,,,,94.86886249994859,,,,,,,,,,,,,,,,,,,,,,,,,,,,,,,,,,,,,,,,94.85768200003076,94.86886249994859,94.86886249994859,96.82827239995822,96.82831849996,96.83642179996241,96.83642179996241,97.32860060001258,p,1,0.4857117000501603,None,97.32865949999541,97.3359075000044,98.35277859994676,98.3196256000083,,,,,,,,,,,,,,,,,,,,,,206,1,short,A,2026-07-10_14h19.24.080,SBL_superimposed_encoding,,2026.1.3,119.82390684058035,2026-07-10 14h19.24.284312 -0400,
1,4,4,0,stimuli/scenes/scene_J1.jpg,Jungle,Negvi,stimuli/items/undersea_object_15.png,Undersea,object,si,p,1,0.6250191000290215,None,0,0,0,0,0,4,4,4,,,,,98.35277859994676,,,,,,,,,,,,,,,,,,,,,,,,,,,,,,,,,,,,,,,,98.34499280003365,98.35277859994676,98.35277859994676,100.33669949998148,100.33674629998859,100.34440649999306,100.34440649999306,100.97020330000669,p,1,0.6250191000290215,None,100.97026550001465,100.97799939999823,101.99281650001649,101.96137409994844,,,,,,,,,,,,,,,,,,,,,,206,1,short,A,2026-07-10_14h19.24.080,SBL_superimposed_encoding,,2026.1.3,119.82390684058035,2026-07-10 14h19.24.284312 -0400,
1,5,5,0,stimuli/scenes/scene_U2.jpg,Undersea,Malbow,stimuli/items/undersea_animal_19.png,Undersea,animal,sc,q,1,0.39969809993635863,None,0,0,0,0,0,5,5,5,,,,,101.99281650001649,,,,,,,,,,,,,,,,,,,,,,,,,,,,,,,,,,,,,,,,101.98218469996937,101.99281650001649,101.99281650001649,103.97042639995925,103.97052580001764,103.97782269993331,103.97782269993331,104.3787051999243,q,1,0.39969809993635863,None,104.37876450002659,104.38619520002976,105.40266579994932,105.36984229995869,,,,,,,,,,,,,,,,,,,,,,206,1,short,A,2026-07-10_14h19.24.080,SBL_superimposed_encoding,,2026.1.3,119.82390684058035,2026-07-10 14h19.24.284312 -0400,
1,6,6,0,stimuli/scenes/scene_J2.jpg,Jungle,Somar,stimuli/items/undersea_object_6.png,Undersea,object,si,p,1,0.37499929999466985,None,0,0,0,0,0,6,6,6,,,,,105.40266579994932,,,,,,,,,,,,,,,,,,,,,,,,,,,,,,,,,,,,,,,,105.3941808999516,105.40266579994932,105.40266579994932,107.3870894999709,107.38713639997877,107.39470529998653,107.39470529998653,107.77825840003788,p,1,0.37499929999466985,None,107.778317600023,107.7862622999819,108.80254359997343,108.76986739994027,,,,,,,,,,,,,,,,,,,,,,206,1,short,A,2026-07-10_14h19.24.080,SBL_superimposed_encoding,,2026.1.3,119.82390684058035,2026-07-10 14h19.24.284312 -0400,
1,7,7,0,stimuli/scenes/scene_U1.jpg,Undersea,Tulon,stimuli/items/jungle_animal_3.png,Jungle,animal,si,p,1,0.42309840000234544,None,0,0,0,0,0,7,7,7,,,,,108.80254359997343,,,,,,,,,,,,,,,,,,,,,,,,,,,,,,,,,,,,,,,,108.7953030000208,108.80254359997343,108.80254359997343,110.77853330003563,110.77857910003513,110.78648769995198,110.78648769995198,111.21218539995607,p,1,0.42309840000234544,None,111.21224439993966,111.21966399997473,112.23581179999746,112.20344309997745,,,,,,,,,,,,,,,,,,,,,,206,1,short,A,2026-07-10_14h19.24.080,SBL_superimposed_encoding,,2026.1.3,119.82390684058035,2026-07-10 14h19.24.284312 -0400,
1,8,8,0,stimuli/scenes/scene_J2.jpg,Jungle,Somar,stimuli/items/undersea_object_17.png,Undersea,object,si,p,1,0.43003479996696115,None,0,0,0,0,0,8,8,8,,,,,112.23581179999746,,,,,,,,,,,,,,,,,,,,,,,,,,,,,,,,,,,,,,,,112.22402369999327,112.23581179999746,112.23581179999746,114.21254059998319,114.2126411999343,114.219641600037,114.219641600037,114.65351750003174,p,1,0.43003479996696115,None,114.65357600001153,114.66151310002897,115.67833599995356,115.6449570999248,,,,,,,,,,,,,,,,,,,,,,206,1,short,A,2026-07-10_14h19.24.080,SBL_superimposed_encoding,,2026.1.3,119.82390684058035,2026-07-10 14h19.24.284312 -0400,
1,9,9,0,stimuli/scenes/scene_J1.jpg,Jungle,Negvi,stimuli/items/jungle_object_9.png,Jungle,object,sc,q,1,0.316821499960497,None,0,0,0,0,0,9,9,9,,,,,115.67833599995356,,,,,,,,,,,,,,,,,,,,,,,,,,,,,,,,,,,,,,,,115.67249010002706,115.67833599995356,115.67833599995356,117.65376150002703,117.65386980003677,117.66142799996305,117.66142799996305,117.98699439992197,q,1,0.316821499960497,None,117.98705300001893,117.99473649996798,119.0103417999344,118.97881849994883,,,,,,,,,,,,,,,,,,,,,,206,1,short,A,2026-07-10_14h19.24.080,SBL_superimposed_encoding,,2026.1.3,119.82390684058035,2026-07-10 14h19.24.284312 -0400,
1,10,10,0,stimuli/scenes/scene_U1.jpg,Undersea,Tulon,stimuli/items/undersea_object_16.png,Undersea,object,sc,q,1,0.4388622000114992,None,0,0,0,0,0,10,10,10,,,,,119.0103417999344,,,,,,,,,,,,,,,,,,,,,,,,,,,,,,,,,,,,,,,,119.00024570000824,119.0103417999344,119.0103417999344,120.98711200000253,120.98715810000431,120.9946727999486,120.9946727999486,121.437141399947,q,1,0.4388622000114992,None,121.43720059993211,121.44474750000518,122.46116629999597,122.42876579996664,,,,,,,,,,,,,,,,,,,,,,206,1,short,A,2026-07-10_14h19.24.080,SBL_superimposed_encoding,,2026.1.3,119.82390684058035,2026-07-10 14h19.24.284312 -0400,
1,11,11,0,stimuli/scenes/scene_J2.jpg,Jungle,Somar,stimuli/items/jungle_object_2.png,Jungle,object,sc,q,1,0.3331158000510186,None,0,0,0,0,0,11,11,11,,,,,122.46116629999597,,,,,,,,,,,,,,,,,,,,,,,,,,,,,,,,,,,,,,,,122.45090960001107,122.46116629999597,122.46116629999597,124.43738120002672,124.43748019996565,124.4448398000095,124.4448398000095,124.7789493999444,q,1,0.3331158000510186,None,124.77900680003222,124.78659729997162,125.80016430001706,125.77011239994317,,,,,,,,,,,,,,,,,,,,,,206,1,short,A,2026-07-10_14h19.24.080,SBL_superimposed_encoding,,2026.1.3,119.82390684058035,2026-07-10 14h19.24.284312 -0400,
1,12,12,0,stimuli/scenes/scene_U1.jpg,Undersea,Tulon,stimuli/items/undersea_animal_14.png,Undersea,animal,sc,q,1,0.6467301000375301,None,0,0,0,0,0,12,12,12,,,,,125.80016430001706,,,,,,,,,,,,,,,,,,,,,,,,,,,,,,,,,,,,,,,,125.78892449999694,125.80016430001706,125.80016430001706,127.78718230000231,127.78722719999496,127.79526069993153,127.79526069993153,128.4455178999342,q,1,0.6467301000375301,None,128.44557749992236,128.45346099999733,129.4695206999313,129.43715809995774,,,,,,,,,,,,,,,,,,,,,,206,1,short,A,2026-07-10_14h19.24.080,SBL_superimposed_encoding,,2026.1.3,119.82390684058035,2026-07-10 14h19.24.284312 -0400,
1,13,13,0,stimuli/scenes/scene_U2.jpg,Undersea,Malbow,stimuli/items/undersea_animal_8.png,Undersea,animal,sc,q,1,0.39666319999378175,None,0,0,0,0,0,13,13,13,,,,,129.4695206999313,,,,,,,,,,,,,,,,,,,,,,,,,,,,,,,,,,,,,,,,129.4614867999917,129.4695206999313,129.4695206999313,131.4457214999711,131.44576739997137,131.4535082000075,131.4535082000075,131.8541477000108,q,1,0.39666319999378175,None,131.85420439997688,131.86152559996117,132.87565970001742,132.84541449998505,,,,,,,,,,,,,,,,,,,,,,206,1,short,A,2026-07-10_14h19.24.080,SBL_superimposed_encoding,,2026.1.3,119.82390684058035,2026-07-10 14h19.24.284312 -0400,
1,14,14,0,stimuli/scenes/scene_U1.jpg,Undersea,Tulon,stimuli/items/jungle_animal_17.png,Jungle,animal,si,p,1,0.33992500009480864,None,0,0,0,0,0,14,14,14,,,,,132.87565970001742,,,,,,,,,,,,,,,,,,,,,,,,,,,,,,,,,,,,,,,,132.86542019993067,132.87565970001742,132.87565970001742,134.86239189992193,134.86250909999944,134.87005709996447,134.87005709996447,135.21223099995404,p,1,0.33992500009480864,None,135.21229049994145,135.21987159992568,136.2364444999257,136.20382399996743,,,,,,,,,,,,,,,,,,,,,,206,1,short,A,2026-07-10_14h19.24.080,SBL_superimposed_encoding,,2026.1.3,119.82390684058035,2026-07-10 14h19.24.284312 -0400,
1,15,15,0,stimuli/scenes/scene_J1.jpg,Jungle,Negvi,stimuli/items/jungle_object_15.png,Jungle,object,sc,q,1,0.4209213999565691,None,0,0,0,0,0,15,15,15,,,,,136.2364444999257,,,,,,,,,,,,,,,,,,,,,,,,,,,,,,,,,,,,,,,,136.22884340002201,136.2364444999257,136.2364444999257,138.2205949999625,138.2206404999597,138.22836209996603,138.22836209996603,138.65397799992934,q,1,0.4209213999565691,None,138.65403760003392,138.66175169998314,139.67023269995116,139.64532110001892,,,,,,,,,,,,,,,,,,,,,,206,1,short,A,2026-07-10_14h19.24.080,SBL_superimposed_encoding,,2026.1.3,119.82390684058035,2026-07-10 14h19.24.284312 -0400,
1,16,16,0,stimuli/scenes/scene_U1.jpg,Undersea,Tulon,stimuli/items/undersea_object_1.png,Undersea,object,sc,q,1,0.38050110009498894,None,0,0,0,0,0,16,16,16,,,,,139.67023269995116,,,,,,,,,,,,,,,,,,,,,,,,,,,,,,,,,,,,,,,,139.66481129999738,139.67023269995116,139.67023269995116,141.65422689996194,141.6542798000155,141.66149289999157,141.66149289999157,142.04568470001686,q,1,0.38050110009498894,None,142.04574119998142,142.05342819995712,143.06882339995354,143.03697090002242,,,,,,,,,,,,,,,,,,,,,,206,1,short,A,2026-07-10_14h19.24.080,SBL_superimposed_encoding,,2026.1.3,119.82390684058035,2026-07-10 14h19.24.284312 -0400,
1,17,17,0,stimuli/scenes/scene_U2.jpg,Undersea,Malbow,stimuli/items/undersea_object_19.png,Undersea,object,sc,q,1,0.6365291000111029,None,0,0,0,0,0,17,17,17,,,,,143.06882339995354,,,,,,,,,,,,,,,,,,,,,,,,,,,,,,,,,,,,,,,,143.05800169997383,143.06882339995354,143.06882339995354,145.04582110000774,145.0459246999817,145.0534018999897,145.0534018999897,145.69605359993875,q,1,0.6365291000111029,None,145.69611589994747,145.703757799929,146.7195532999467,146.68708149995655,,,,,,,,,,,,,,,,,,,,,,206,1,short,A,2026-07-10_14h19.24.080,SBL_superimposed_encoding,,2026.1.3,119.82390684058035,2026-07-10 14h19.24.284312 -0400,
1,18,18,0,stimuli/scenes/scene_J1.jpg,Jungle,Negvi,stimuli/items/undersea_animal_6.png,Undersea,animal,si,p,1,0.41758130001835525,None,0,0,0,0,0,18,18,18,,,,,146.7195532999467,,,,,,,,,,,,,,,,,,,,,,,,,,,,,,,,,,,,,,,,146.70898090000264,146.7195532999467,146.7195532999467,148.70445600000676,148.70456230000127,148.71177309995983,148.71177309995983,149.13746350002475,p,1,0.41758130001835525,None,149.13752450002357,149.14505039993674,150.16894360003062,150.1288940999657,,,,,,,,,,,,,,,,,,,,,,206,1,short,A,2026-07-10_14h19.24.080,SBL_superimposed_encoding,,2026.1.3,119.82390684058035,2026-07-10 14h19.24.284312 -0400,
1,19,19,0,stimuli/scenes/scene_J2.jpg,Jungle,Somar,stimuli/items/jungle_object_1.png,Jungle,object,sc,q,1,0.43275439995341003,None,0,0,0,0,0,19,19,19,,,,,150.16894360003062,,,,,,,,,,,,,,,,,,,,,,,,,,,,,,,,,,,,,,,,150.1570056999335,150.16894360003062,150.16894360003062,152.14562570001,152.1456746000331,152.1535466000205,152.1535466000205,152.5874781999737,q,1,0.43275439995341003,None,152.58753709995653,152.59525539993774,153.6114878000226,153.57915889995638,,,,,,,,,,,,,,,,,,,,,,206,1,short,A,2026-07-10_14h19.24.080,SBL_superimposed_encoding,,2026.1.3,119.82390684058035,2026-07-10 14h19.24.284312 -0400,
1,20,20,0,stimuli/scenes/scene_U2.jpg,Undersea,Malbow,stimuli/items/jungle_animal_19.png,Jungle,animal,si,p,1,0.31911309994757175,None,0,0,0,0,0,20,20,20,,,,,153.6114878000226,,,,,,,,,,,,,,,,,,,,,,,,,,,,,,,,,,,,,,,,153.60159259999637,153.6114878000226,153.6114878000226,155.58779499994125,155.58789289998822,155.59506740001962,155.59506740001962,155.92110979999416,p,1,0.31911309994757175,None,155.9211688999785,155.92850499995984,156.9453212999506,156.91255839995574,,,,,,,,,,,,,,,,,,,,,,206,1,short,A,2026-07-10_14h19.24.080,SBL_superimposed_encoding,,2026.1.3,119.82390684058035,2026-07-10 14h19.24.284312 -0400,
1,21,21,0,stimuli/scenes/scene_U1.jpg,Undersea,Tulon,stimuli/items/jungle_object_12.png,Jungle,object,si,p,1,0.48118349991273135,None,0,0,0,0,0,21,21,21,,,,,156.9453212999506,,,,,,,,,,,,,,,,,,,,,,,,,,,,,,,,,,,,,,,,156.93922539998312,156.9453212999506,156.9453212999506,158.92942920001224,158.9295280999504,158.93697589996736,158.93697589996736,159.420840100036,p,1,0.48118349991273135,None,159.42089920002036,159.42868100001942,160.44416069996078,160.41284629993606,,,,,,,,,,,,,,,,,,,,,,206,1,short,A,2026-07-10_14h19.24.080,SBL_superimposed_encoding,,2026.1.3,119.82390684058035,2026-07-10 14h19.24.284312 -0400,
1,22,22,0,stimuli/scenes/scene_U2.jpg,Undersea,Malbow,stimuli/items/jungle_animal_13.png,Jungle,animal,si,p,1,0.8457730000372976,None,0,0,0,0,0,22,22,22,,,,,160.44416069996078,,,,,,,,,,,,,,,,,,,,,,,,,,,,,,,,,,,,,,,,160.43376899999566,160.44416069996078,160.44416069996078,162.42109249997884,162.42113859998062,162.42857069999445,162.42857069999445,163.27925899997354,p,1,0.8457730000372976,None,163.27932710002642,163.28713279997464,164.29544879996683,164.2705016999971,,,,,,,,,,,,,,,,,,,,,,206,1,short,A,2026-07-10_14h19.24.080,SBL_superimposed_encoding,,2026.1.3,119.82390684058035,2026-07-10 14h19.24.284312 -0400,
1,23,23,0,stimuli/scenes/scene_U1.jpg,Undersea,Tulon,stimuli/items/undersea_object_20.png,Undersea,object,sc,p,0,0.4422457000473514,None,0,0,0,0,0,23,23,23,,,,,164.29544879996683,,,,,,,,,,,,,,,,,,,,,,,,,,,,,,,,,,,,,,,,164.28857670002617,164.29544879996683,164.29544879996683,166.27964979992248,166.27974789997097,166.28707850002684,166.28707850002684,166.73833309998736,p,0,0.4422457000473514,None,166.7383911999641,166.7454625000246,167.76247339998372,167.72928780002985,,,,,,,,,,,,,,,,,,,,,,206,1,short,A,2026-07-10_14h19.24.080,SBL_superimposed_encoding,,2026.1.3,119.82390684058035,2026-07-10 14h19.24.284312 -0400,
1,24,24,0,stimuli/scenes/scene_J2.jpg,Jungle,Somar,stimuli/items/undersea_animal_5.png,Undersea,animal,si,p,1,0.4799502999521792,None,0,0,0,0,0,24,24,24,,,,,167.76247339998372,,,,,,,,,,,,,,,,,,,,,,,,,,,,,,,,,,,,,,,,167.756648199982,167.76247339998372,167.76247339998372,169.74616630002856,169.74621210002806,169.75399410002865,169.75399410002865,170.23765939997975,p,1,0.4799502999521792,None,170.23771739995573,170.2453475999646,171.26160480000544,171.22932029992808,,,,,,,,,,,,,,,,,,,,,,206,1,short,A,2026-07-10_14h19.24.080,SBL_superimposed_encoding,,2026.1.3,119.82390684058035,2026-07-10 14h19.24.284312 -0400,
1,25,25,0,stimuli/scenes/scene_U1.jpg,Undersea,Tulon,stimuli/items/undersea_animal_11.png,Undersea,animal,sc,q,1,0.36490559997037053,None,0,0,0,0,0,25,25,25,,,,,171.26160480000544,,,,,,,,,,,,,,,,,,,,,,,,,,,,,,,,,,,,,,,,171.25080579996575,171.26160480000544,171.26160480000544,173.2378545999527,173.2379527000012,173.24558859993704,173.24558859993704,173.61258900002576,q,1,0.36490559997037053,None,173.61264800000936,173.62056039995514,174.6368296999717,174.60434580000583,,,,,,,,,,,,,,,,,,,,,,206,1,short,A,2026-07-10_14h19.24.080,SBL_superimposed_encoding,,2026.1.3,119.82390684058035,2026-07-10 14h19.24.284312 -0400,
1,26,26,0,stimuli/scenes/scene_J2.jpg,Jungle,Somar,stimuli/items/undersea_object_2.png,Undersea,object,si,p,1,0.46159299998544157,None,0,0,0,0,0,26,26,26,,,,,174.6368296999717,,,,,,,,,,,,,,,,,,,,,,,,,,,,,,,,,,,,,,,,174.62605930003338,174.6368296999717,174.6368296999717,176.613028199994,176.61309819994494,176.6205917999614,176.6205917999614,177.08844680001494,p,1,0.46159299998544157,None,177.08850399998482,177.09570039995015,178.1043945000274,178.07898819993716,,,,,,,,,,,,,,,,,,,,,,206,1,short,A,2026-07-10_14h19.24.080,SBL_superimposed_encoding,,2026.1.3,119.82390684058035,2026-07-10 14h19.24.284312 -0400,
1,27,27,0,stimuli/scenes/scene_U1.jpg,Undersea,Tulon,stimuli/items/undersea_animal_17.png,Undersea,animal,sc,q,1,0.33080369990784675,None,0,0,0,0,0,27,27,27,,,,,178.1043945000274,,,,,,,,,,,,,,,,,,,,,,,,,,,,,,,,,,,,,,,,178.0993494000286,178.1043945000274,178.1043945000274,180.0883438999299,180.0883856000146,180.09575059998315,180.09575059998315,180.42959139996674,q,1,0.33080369990784675,None,180.42964909994043,180.43730899994262,181.4540108999936,181.42080209997948,180.09575059998315,180.09575059998315,,,,,,,,,,,,,,,,,,,,206,1,short,A,2026-07-10_14h19.24.080,SBL_superimposed_encoding,,2026.1.3,119.82390684058035,2026-07-10 14h19.24.284312 -0400,
1,28,28,0,stimuli/scenes/scene_J2.jpg,Jungle,Somar,stimuli/items/jungle_animal_12.png,Jungle,animal,sc,q,1,0.35556860000360757,None,0,0,0,0,0,28,28,28,,,,,181.4540108999936,,,,,,,,,,,,,,,,,,,,,,,,,,,,,,,,,,,,,,,,181.44650039996486,181.4540108999936,181.4540108999936,183.43793859996367,183.43798489996698,183.44588799995836,183.44588799995836,183.8049549999414,q,1,0.35556860000360757,None,183.80501429992728,183.8123317999998,184.8289532000199,184.79664479999337,,,,,,,,,,,,,,,,,,,,,,206,1,short,A,2026-07-10_14h19.24.080,SBL_superimposed_encoding,,2026.1.3,119.82390684058035,2026-07-10 14h19.24.284312 -0400,
1,29,29,0,stimuli/scenes/scene_U1.jpg,Undersea,Tulon,stimuli/items/jungle_object_17.png,Jungle,object,si,p,1,0.5013958000345156,None,0,0,0,0,0,29,29,29,,,,,184.8289532000199,,,,,,,,,,,,,,,,,,,,,,,,,,,,,,,,,,,,,,,,184.82036569993943,184.8289532000199,184.8289532000199,186.8131127000088,186.81315890001133,186.82096129993442,186.82096129993442,187.33001519995742,p,1,0.5013958000345156,None,187.33007339993492,187.3373733999906,188.3542806999758,188.3214025000343,,,,,,,,,,,,,,,,,,,,,,206,1,short,A,2026-07-10_14h19.24.080,SBL_superimposed_encoding,,2026.1.3,119.82390684058035,2026-07-10 14h19.24.284312 -0400,
1,30,30,0,stimuli/scenes/scene_J1.jpg,Jungle,Negvi,stimuli/items/undersea_animal_10.png,Undersea,animal,si,p,1,0.38351760001387447,None,0,0,0,0,0,30,30,30,,,,,188.3542806999758,,,,,,,,,,,,,,,,,,,,,,,,,,,,,,,,,,,,,,,,188.34822939999867,188.3542806999758,188.3542806999758,190.33817869995255,190.33822319994215,190.3459286999423,190.3459286999423,190.73031359992456,p,1,0.38351760001387447,None,190.73037290002685,190.7375223999843,191.75289759994484,191.7210317000281,,,,,,,,,,,,,,,,,,,,,,206,1,short,A,2026-07-10_14h19.24.080,SBL_superimposed_encoding,,2026.1.3,119.82390684058035,2026-07-10 14h19.24.284312 -0400,
1,31,31,0,stimuli/scenes/scene_U1.jpg,Undersea,Tulon,stimuli/items/jungle_object_4.png,Jungle,object,si,p,1,0.3595420999918133,None,0,0,0,0,0,31,31,31,,,,,191.75289759994484,,,,,,,,,,,,,,,,,,,,,,,,,,,,,,,,,,,,,,,,191.7424262999557,191.75289759994484,191.75289759994484,193.73843090003356,193.73852969997097,193.745740299928,193.745740299928,194.1131366000045,p,1,0.3595420999918133,None,194.11319529998582,194.1208728000056,195.14500349992886,195.10519249993376,,,,,,,,,,,,,,,,,,,,,,206,1,short,A,2026-07-10_14h19.24.080,SBL_superimposed_encoding,,2026.1.3,119.82390684058035,2026-07-10 14h19.24.284312 -0400,
1,32,32,0,stimuli/scenes/scene_J2.jpg,Jungle,Somar,stimuli/items/jungle_object_18.png,Jungle,object,sc,q,1,0.36133650003466755,None,0,0,0,0,0,32,32,32,,,,,195.14500349992886,,,,,,,,,,,,,,,,,,,,,,,,,,,,,,,,,,,,,,,,195.13334379997104,195.14500349992886,195.14500349992886,197.11325779999606,197.11331209994387,197.12111229996663,197.12111229996663,197.48808529996313,q,1,0.36133650003466755,None,197.48814379994292,197.49584969994612,198.51267820002977,198.47999429993797,,,,,,,,,,,,,,,,,,,,,,206,1,short,A,2026-07-10_14h19.24.080,SBL_superimposed_encoding,,2026.1.3,119.82390684058035,2026-07-10 14h19.24.284312 -0400,
1,33,33,0,stimuli/scenes/scene_U2.jpg,Undersea,Malbow,stimuli/items/jungle_object_16.png,Jungle,object,si,p,1,0.3454438999760896,None,0,0,0,0,0,33,33,33,,,,,198.51267820002977,,,,,,,,,,,,,,,,,,,,,,,,,,,,,,,,,,,,,,,,198.50589159992523,198.51267820002977,198.51267820002977,200.4886022999417,200.48864749993663,200.49608119996265,200.49608119996265,200.84682760003489,p,1,0.3454438999760896,None,200.8468863000162,200.85462200001348,201.87035680003464,201.83811469993088,,,,,,,,,,,,,,,,,,,,,,206,1,short,A,2026-07-10_14h19.24.080,SBL_superimposed_encoding,,2026.1.3,119.82390684058035,2026-07-10 14h19.24.284312 -0400,
1,34,34,0,stimuli/scenes/scene_J1.jpg,Jungle,Negvi,stimuli/items/jungle_object_14.png,Jungle,object,sc,p,0,0.48290010006166995,None,0,0,0,0,0,34,34,34,,,,,201.87035680003464,,,,,,,,,,,,,,,,,,,,,,,,,,,,,,,,,,,,,,,,201.86001910001505,201.87035680003464,201.87035680003464,203.85504579998087,203.85509339999408,203.86261559999548,203.86261559999548,204.3465845999308,p,0,0.48290010006166995,None,204.34664659993723,204.35438279993832,205.37031299993396,205.33827730000485,,,,,,,,,,,,,,,,,,,,,,206,1,short,A,2026-07-10_14h19.24.080,SBL_superimposed_encoding,,2026.1.3,119.82390684058035,2026-07-10 14h19.24.284312 -0400,
1,35,35,0,stimuli/scenes/scene_J2.jpg,Jungle,Somar,stimuli/items/undersea_animal_16.png,Undersea,animal,si,p,1,0.3991884000133723,None,0,0,0,0,0,35,35,35,,,,,205.37031299993396,,,,,,,,,,,,,,,,,,,,,,,,,,,,,,,,,,,,,,,,205.36045449995436,205.37031299993396,205.37031299993396,207.34675659995992,207.34680249996018,207.35463169997092,207.35463169997092,207.75487820000853,p,1,0.3991884000133723,None,207.75493639998604,207.7626560999779,208.77895099995658,208.7466424999293,,,,,,,,,,,,,,,,,,,,,,206,1,short,A,2026-07-10_14h19.24.080,SBL_superimposed_encoding,,2026.1.3,119.82390684058035,2026-07-10 14h19.24.284312 -0400,
1,36,36,0,stimuli/scenes/scene_J1.jpg,Jungle,Negvi,stimuli/items/undersea_object_9.png,Undersea,object,si,p,1,0.3990103000542149,None,0,0,0,0,0,36,36,36,,,,,208.77895099995658,,,,,,,,,,,,,,,,,,,,,,,,,,,,,,,,,,,,,,,,208.76828820002265,208.77895099995658,208.77895099995658,210.755384100019,210.7554820999503,210.76274049992207,210.76274049992207,211.16361429996323,p,1,0.3990103000542149,None,211.1636730999453,211.1711278000148,212.1877087999601,212.154831700027,,,,,,,,,,,,,,,,,,,,,,206,1,short,A,2026-07-10_14h19.24.080,SBL_superimposed_encoding,,2026.1.3,119.82390684058035,2026-07-10 14h19.24.284312 -0400,
1,37,37,0,stimuli/scenes/scene_U1.jpg,Undersea,Tulon,stimuli/items/jungle_animal_18.png,Jungle,animal,si,p,1,0.3265902999555692,None,0,0,0,0,0,37,37,37,,,,,212.1877087999601,,,,,,,,,,,,,,,,,,,,,,,,,,,,,,,,,,,,,,,,212.18084069993347,212.1877087999601,212.1877087999601,214.17175720003434,214.17180300003383,214.17962399998214,214.17962399998214,214.51385370001663,p,1,0.3265902999555692,None,214.5139124999987,214.52122480003163,215.53750949993264,215.50511249992996,,,,,,,,,,,,,,,,,,,,,,206,1,short,A,2026-07-10_14h19.24.080,SBL_superimposed_encoding,,2026.1.3,119.82390684058035,2026-07-10 14h19.24.284312 -0400,
1,38,38,0,stimuli/scenes/scene_J1.jpg,Jungle,Negvi,stimuli/items/undersea_animal_9.png,Undersea,animal,si,p,1,0.36840099992696196,None,0,0,0,0,0,38,38,38,,,,,215.53750949993264,,,,,,,,,,,,,,,,,,,,,,,,,,,,,,,,,,,,,,,,215.52749240002595,215.53750949993264,215.53750949993264,217.522072999971,217.522118999972,217.5296059999382,217.5296059999382,217.9053754999768,p,1,0.36840099992696196,None,217.9054344999604,217.9129342000233,218.9373820000328,218.8964894999517,,,,,,,,,,,,,,,,,,,,,,206,1,short,A,2026-07-10_14h19.24.080,SBL_superimposed_encoding,,2026.1.3,119.82390684058035,2026-07-10 14h19.24.284312 -0400,
1,39,39,0,stimuli/scenes/scene_U1.jpg,Undersea,Tulon,stimuli/items/jungle_animal_5.png,Jungle,animal,si,p,1,0.3045455999672413,None,0,0,0,0,0,39,39,39,,,,,218.9373820000328,,,,,,,,,,,,,,,,,,,,,,,,,,,,,,,,,,,,,,,,218.92858289997093,218.9373820000328,218.9373820000328,220.91345689992886,220.9135025999276,220.92122809996363,220.92122809996363,221.23000520002097,p,1,0.3045455999672413,None,221.23006700002588,221.23766400001477,222.2546872999519,222.2216894000303,,,,,,,,,,,,,,,,,,,,,,206,1,short,A,2026-07-10_14h19.24.080,SBL_superimposed_encoding,,2026.1.3,119.82390684058035,2026-07-10 14h19.24.284312 -0400,
1,40,40,0,stimuli/scenes/scene_J2.jpg,Jungle,Somar,stimuli/items/jungle_animal_14.png,Jungle,animal,sc,q,1,0.46818279998842627,None,0,0,0,0,0,40,40,40,,,,,222.2546872999519,,,,,,,,,,,,,,,,,,,,,,,,,,,,,,,,,,,,,,,,222.24894349998794,222.2546872999519,222.2546872999519,224.2385308999801,224.2385774999857,224.24607759993523,224.24607759993523,224.72214199998416,q,1,0.46818279998842627,None,224.72220299998298,224.7295917000156,225.74611720000394,225.7137059000088,,,,,,,,,,,,,,,,,,,,,,206,1,short,A,2026-07-10_14h19.24.080,SBL_superimposed_encoding,,2026.1.3,119.82390684058035,2026-07-10 14h19.24.284312 -0400,
1,41,41,0,stimuli/scenes/scene_J1.jpg,Jungle,Negvi,stimuli/items/jungle_animal_4.png,Jungle,animal,sc,q,1,0.4085729999933392,None,0,0,0,0,0,41,41,41,,,,,225.74611720000394,,,,,,,,,,,,,,,,,,,,,,,,,,,,,,,,,,,,,,,,225.7367544999579,225.74611720000394,225.74611720000394,227.72226259997115,227.72230829996988,227.72973399993498,227.72973399993498,228.13914959994145,q,1,0.4085729999933392,None,228.13921159994788,228.14650439994875,229.18032269994728,229.1300140999956,,,,,,,,,,,,,,,,,,,,,,206,1,short,A,2026-07-10_14h19.24.080,SBL_superimposed_encoding,,2026.1.3,119.82390684058035,2026-07-10 14h19.24.284312 -0400,
1,42,42,0,stimuli/scenes/scene_U2.jpg,Undersea,Malbow,stimuli/items/jungle_animal_10.png,Jungle,animal,si,p,1,0.4872688999166712,None,0,0,0,0,0,42,42,42,,,,,229.18032269994728,,,,,,,,,,,,,,,,,,,,,,,,,,,,,,,,,,,,,,,,229.17396879999433,229.18032269994728,229.18032269994728,231.1473321999656,231.1473774999613,231.154827499995,231.154827499995,231.64672570000403,p,1,0.4872688999166712,None,231.64678489998914,231.65501729992684,232.6708920999663,232.63810819992796,,,,,,,,,,,,,,,,,,,,,,206,1,short,A,2026-07-10_14h19.24.080,SBL_superimposed_encoding,,2026.1.3,119.82390684058035,2026-07-10 14h19.24.284312 -0400,
1,43,43,0,stimuli/scenes/scene_J1.jpg,Jungle,Negvi,stimuli/items/jungle_animal_6.png,Jungle,animal,sc,q,1,0.42689379991497844,None,0,0,0,0,0,43,43,43,,,,,232.6708920999663,,,,,,,,,,,,,,,,,,,,,,,,,,,,,,,,,,,,,,,,232.6599551999243,232.6708920999663,232.6708920999663,234.6475695000263,234.6476155000273,234.6547314999625,234.6547314999625,235.08877149992622,q,1,0.42689379991497844,None,235.08883000002243,235.09670969995204,236.12094569997862,236.0801925000269,,,,,,,,,,,,,,,,,,,,,,206,1,short,A,2026-07-10_14h19.24.080,SBL_superimposed_encoding,,2026.1.3,119.82390684058035,2026-07-10 14h19.24.284312 -0400,
1,44,44,0,stimuli/scenes/scene_J2.jpg,Jungle,Somar,stimuli/items/undersea_animal_12.png,Undersea,animal,si,p,1,0.38532449991907924,None,0,0,0,0,0,44,44,44,,,,,236.12094569997862,,,,,,,,,,,,,,,,,,,,,,,,,,,,,,,,,,,,,,,,236.10909629997332,236.12094569997862,236.12094569997862,238.09739459992852,238.09744059992954,238.10496429994237,238.10496429994237,238.49744840001222,p,1,0.38532449991907924,None,238.49750749999657,238.5050818999298,239.5210149999475,239.48886889999267,,,,,,,,,,,,,,,,,,,,,,206,1,short,A,2026-07-10_14h19.24.080,SBL_superimposed_encoding,,2026.1.3,119.82390684058035,2026-07-10 14h19.24.284312 -0400,
1,45,45,0,stimuli/scenes/scene_J1.jpg,Jungle,Negvi,stimuli/items/undersea_object_18.png,Undersea,object,si,p,1,0.4965558999683708,None,0,0,0,0,0,45,45,45,,,,,239.5210149999475,,,,,,,,,,,,,,,,,,,,,,,,,,,,,,,,,,,,,,,,239.50937039998826,239.5210149999475,239.5210149999475,241.50562219996937,241.50566719996277,241.51337229995988,241.51337229995988,242.01396080001723,p,1,0.4965558999683708,None,242.01401839999016,242.02137349999975,243.03806779999286,243.00527399999555,,,,,,,,,,,,,,,,,,,,,,206,1,short,A,2026-07-10_14h19.24.080,SBL_superimposed_encoding,,2026.1.3,119.82390684058035,2026-07-10 14h19.24.284312 -0400,
1,46,46,0,stimuli/scenes/scene_U2.jpg,Undersea,Malbow,stimuli/items/undersea_animal_15.png,Undersea,animal,sc,q,1,0.484375,None,0,0,0,0,0,46,46,46,,,,,243.03806779999286,,,,,,,,,,,,,,,,,,,,,,,,,,,,,,,,,,,,,,,,243.03099939995445,243.03806779999286,243.03806779999286,245.02251499996055,245.0225616999669,245.02991529996507,245.02991529996507,245.52236329996958,q,1,0.484375,None,245.5224219999509,245.5303389999317,246.54553160001524,246.5136998000089,,,,,,,,,,,,,,,,,,,,,,206,1,short,A,2026-07-10_14h19.24.080,SBL_superimposed_encoding,,2026.1.3,119.82390684058035,2026-07-10 14h19.24.284312 -0400,
1,47,47,0,stimuli/scenes/scene_J1.jpg,Jungle,Negvi,stimuli/items/undersea_animal_13.png,Undersea,animal,si,p,1,0.31207990006078035,None,0,0,0,0,0,47,47,47,,,,,246.54553160001524,,,,,,,,,,,,,,,,,,,,,,,,,,,,,,,,,,,,,,,,246.5344889999833,246.54553160001524,246.54553160001524,248.5225234000245,248.5226330999285,248.53010239999276,248.53010239999276,248.84728939994238,p,1,0.31207990006078035,None,248.84734899993055,248.8552138999803,249.87149259995203,249.83882419997826,,,,,,,,,,,,,,,,,,,,,,206,1,short,A,2026-07-10_14h19.24.080,SBL_superimposed_encoding,,2026.1.3,119.82390684058035,2026-07-10 14h19.24.284312 -0400,
1,48,48,0,stimuli/scenes/scene_J2.jpg,Jungle,Somar,stimuli/items/undersea_object_13.png,Undersea,object,si,p,1,0.4910013999324292,None,0,0,0,0,0,48,48,48,,,,,249.87149259995203,,,,,,,,,,,,,,,,,,,,,,,,,,,,,,,,,,,,,,,,249.86276029993314,249.87149259995203,249.87149259995203,251.84755800000858,251.84764759999234,251.85487739997916,251.85487739997916,252.34743540000636,p,1,0.4910013999324292,None,252.34749770001508,252.35479330003727,253.37117329996545,253.33858929993585,,,,,,,,,,,,,,,,,,,,,,206,1,short,A,2026-07-10_14h19.24.080,SBL_superimposed_encoding,,2026.1.3,119.82390684058035,2026-07-10 14h19.24.284312 -0400,
1,49,49,0,stimuli/scenes/scene_U1.jpg,Undersea,Tulon,stimuli/items/undersea_object_4.png,Undersea,object,sc,q,1,0.3579907000530511,None,0,0,0,0,0,49,49,49,,,,,253.37117329996545,,,,,,,,,,,,,,,,,,,,,,,,,,,,,,,,,,,,,,,,253.36202609993052,253.37117329996545,253.37117329996545,255.35540879995096,255.35545739997178,255.36346849997062,255.36346849997062,255.72235539997928,q,1,0.3579907000530511,None,255.72241729998495,255.7299838999752,256.746521199937,256.71411009994335,,,,,,,,,,,,,,,,,,,,,,206,1,short,A,2026-07-10_14h19.24.080,SBL_superimposed_encoding,,2026.1.3,119.82390684058035,2026-07-10 14h19.24.284312 -0400,
1,50,50,0,stimuli/scenes/scene_J2.jpg,Jungle,Somar,stimuli/items/jungle_object_3.png,Jungle,object,sc,q,1,0.3751228000037372,None,0,0,0,0,0,50,50,50,,,,,256.746521199937,,,,,,,,,,,,,,,,,,,,,,,,,,,,,,,,,,,,,,,,256.7373747000238,256.746521199937,256.746521199937,258.7308117999928,258.7308570999885,258.7385559999384,258.7385559999384,259.12268559995573,q,1,0.3751228000037372,None,259.12274479994085,259.130054499954,260.14644749998115,260.11374810000416,,,,,,,,,,,,,,,,,,,,,,206,1,short,A,2026-07-10_14h19.24.080,SBL_superimposed_encoding,,2026.1.3,119.82390684058035,2026-07-10 14h19.24.284312 -0400,
1,51,51,0,stimuli/scenes/scene_J1.jpg,Jungle,Negvi,stimuli/items/jungle_object_13.png,Jungle,object,sc,q,1,0.607419400010258,None,0,0,0,0,0,51,51,51,,,,,260.14644749998115,,,,,,,,,,,,,,,,,,,,,,,,,,,,,,,,,,,,,,,,260.13555100001395,260.14644749998115,260.14644749998115,262.1309281999711,262.13097509997897,262.13861070002895,262.13861070002895,262.74734609993175,q,1,0.607419400010258,None,262.7474052000325,262.75523210002575,263.77204079995863,263.73912399995606,,,,,,,,,,,,,,,,,,,,,,206,1,short,A,2026-07-10_14h19.24.080,SBL_superimposed_encoding,,2026.1.3,119.82390684058035,2026-07-10 14h19.24.284312 -0400,
1,52,52,0,stimuli/scenes/scene_J2.jpg,Jungle,Somar,stimuli/items/jungle_animal_9.png,Jungle,animal,sc,q,1,0.47837199992500246,None,0,0,0,0,0,52,52,52,,,,,263.77204079995863,,,,,,,,,,,,,,,,,,,,,,,,,,,,,,,,,,,,,,,,263.7654508999549,263.77204079995863,263.77204079995863,265.74789689993486,265.74799519998487,265.7551669999957,265.7551669999957,266.23937890003435,q,1,0.47837199992500246,None,266.2394377000164,266.246865299996,267.26310899993405,267.2308221999556,,,,,,,,,,,,,,,,,,,,,,206,1,short,A,2026-07-10_14h19.24.080,SBL_superimposed_encoding,,2026.1.3,119.82390684058035,2026-07-10 14h19.24.284312 -0400,
1,53,53,0,stimuli/scenes/scene_J1.jpg,Jungle,Negvi,stimuli/items/undersea_object_10.png,Undersea,object,si,p,1,0.3068752000108361,None,0,0,0,0,0,53,53,53,,,,,267.26310899993405,,,,,,,,,,,,,,,,,,,,,,,,,,,,,,,,,,,,,,,,267.252023799927,267.26310899993405,267.26310899993405,269.24774759996217,269.24784780002665,269.25532320002094,269.25532320002094,269.5640633000294,p,1,0.3068752000108361,None,269.5641472999705,269.57209709996823,270.5879935999401,270.55589670001063,,,,,,,,,,,,,,,,,,,,,,206,1,short,A,2026-07-10_14h19.24.080,SBL_superimposed_encoding,,2026.1.3,119.82390684058035,2026-07-10 14h19.24.284312 -0400,
1,54,54,0,stimuli/scenes/scene_J2.jpg,Jungle,Somar,stimuli/items/jungle_animal_11.png,Jungle,animal,sc,q,1,0.8615210000425577,None,0,0,0,0,0,54,54,54,,,,,270.5879935999401,,,,,,,,,,,,,,,,,,,,,,,,,,,,,,,,,,,,,,,,270.57766249997076,270.5879935999401,270.5879935999401,272.56434689997695,272.5643920999719,272.57190199999604,272.57190199999604,273.4391950999852,q,1,0.8615210000425577,None,273.43925820000004,273.4469115999527,274.4632621000055,274.4305315000238,,,,,,,,,,,,,,,,,,,,,,206,1,short,A,2026-07-10_14h19.24.080,SBL_superimposed_encoding,,2026.1.3,119.82390684058035,2026-07-10 14h19.24.284312 -0400,
1,55,55,0,stimuli/scenes/scene_J1.jpg,Jungle,Negvi,stimuli/items/jungle_animal_16.png,Jungle,animal,sc,q,1,0.3163983999984339,None,0,0,0,0,0,55,55,55,,,,,274.4632621000055,,,,,,,,,,,,,,,,,,,,,,,,,,,,,,,,,,,,,,,,274.4526846000226,274.4632621000055,274.4632621000055,276.4392869999865,276.4393347000005,276.44691309996415,276.44691309996415,276.76452560001053,q,1,0.3163983999984339,None,276.7645857000025,276.77207669999916,277.78835089993663,277.75606209994294,,,,,,,,,,,,,,,,,,,,,,206,1,short,A,2026-07-10_14h19.24.080,SBL_superimposed_encoding,,2026.1.3,119.82390684058035,2026-07-10 14h19.24.284312 -0400,
1,56,56,0,stimuli/scenes/scene_J2.jpg,Jungle,Somar,stimuli/items/undersea_animal_20.png,Undersea,animal,si,p,1,0.3253569999942556,None,0,0,0,0,0,56,56,56,,,,,277.78835089993663,,,,,,,,,,,,,,,,,,,,,,,,,,,,,,,,,,,,,,,,277.77832549996674,277.78835089993663,277.78835089993663,279.77262189995963,279.77266769995913,279.7806597999297,279.7806597999297,280.1144973000046,p,1,0.3253569999942556,None,280.1145538999699,280.12220119999256,281.14591429999564,281.1058022000361,,,,,,,,,,,,,,,,,,,,,,206,1,short,A,2026-07-10_14h19.24.080,SBL_superimposed_encoding,,2026.1.3,119.82390684058035,2026-07-10 14h19.24.284312 -0400,
1,57,57,0,stimuli/scenes/scene_U2.jpg,Undersea,Malbow,stimuli/items/undersea_object_5.png,Undersea,object,sc,q,1,0.2557049000170082,None,0,0,0,0,0,57,57,57,,,,,281.14591429999564,,,,,,,,,,,,,,,,,,,,,,,,,,,,,,,,,,,,,,,,281.1345327999443,281.14591429999564,281.14591429999564,283.12275650002994,283.12280379992444,283.1304799999343,283.1304799999343,283.3895488999551,q,1,0.2557049000170082,None,283.3896112999646,283.39713129994925,284.4135944999289,284.38089339993894,,,,,,,,,,,,,,,,,,,,,,206,1,short,A,2026-07-10_14h19.24.080,SBL_superimposed_encoding,,2026.1.3,119.82390684058035,2026-07-10 14h19.24.284312 -0400,
1,58,58,0,stimuli/scenes/scene_U1.jpg,Undersea,Tulon,stimuli/items/jungle_object_10.png,Jungle,object,si,p,1,0.2598932000109926,None,0,0,0,0,0,58,58,58,,,,,284.4135944999289,,,,,,,,,,,,,,,,,,,,,,,,,,,,,,,,,,,,,,,,284.40553190000355,284.4135944999289,284.4135944999289,286.39772449992597,286.3977737999521,286.4054578000214,286.4054578000214,286.67309870000463,p,1,0.2598932000109926,None,286.6731569999829,286.68059010000434,287.69673640001565,287.6644999999553,,,,,,,,,,,,,,,,,,,,,,206,1,short,A,2026-07-10_14h19.24.080,SBL_superimposed_encoding,,2026.1.3,119.82390684058035,2026-07-10 14h19.24.284312 -0400,
1,59,59,0,stimuli/scenes/scene_J1.jpg,Jungle,Negvi,stimuli/items/undersea_animal_2.png,Undersea,animal,si,p,1,0.3297488000243902,None,0,0,0,0,0,59,59,59,,,,,287.69673640001565,,,,,,,,,,,,,,,,,,,,,,,,,,,,,,,,,,,,,,,,287.6879608000163,287.69673640001565,287.69673640001565,289.67318369995337,289.6732301999582,289.6805686999578,289.6805686999578,290.0149452999467,p,1,0.3297488000243902,None,290.0150040999288,290.0222286999924,291.03773099998944,291.00630250002723,,,,,,,,,,,,,,,,,,,,,,206,1,short,A,2026-07-10_14h19.24.080,SBL_superimposed_encoding,,2026.1.3,119.82390684058035,2026-07-10 14h19.24.284312 -0400,
1,60,60,0,stimuli/scenes/scene_U2.jpg,Undersea,Malbow,stimuli/items/jungle_object_8.png,Jungle,object,si,None,0,,,0,0,0,0,0,60,60,60,,,,,291.03773099998944,,,,,,,,,,,,,,,,,,,,,,,,,,,,,,,,,,,,,,,,291.0273015999701,291.03773099998944,291.03773099998944,293.02299470000435,293.02304020000156,293.0306991999969,293.0306991999969,294.01471489993855,None,0,,,294.0147612999426,294.0223903999431,295.0372020000359,295.00637850002386,,,294.0223903999431,294.0223903999431,,,,,,,,,,,,,,,,,,206,1,short,A,2026-07-10_14h19.24.080,SBL_superimposed_encoding,,2026.1.3,119.82390684058035,2026-07-10 14h19.24.284312 -0400,
1,61,61,0,stimuli/scenes/scene_J1.jpg,Jungle,Negvi,stimuli/items/undersea_object_3.png,Undersea,object,si,p,1,0.22693370003253222,None,0,0,0,0,0,61,61,61,,,,,295.0372020000359,,,,,,,,,,,,,,,,,,,,,,,,,,,,,,,,,,,,,,,,295.02623209997546,295.0372020000359,295.0372020000359,297.02318100002594,297.0232396000065,297.03116140002385,297.03116140002385,297.2650747000007,p,1,0.22693370003253222,None,297.2651310999645,297.27237140003126,298.2885576999979,298.256554499967,,,,,,,,,,,,,,,,,,,,,,206,1,short,A,2026-07-10_14h19.24.080,SBL_superimposed_encoding,,2026.1.3,119.82390684058035,2026-07-10 14h19.24.284312 -0400,
1,62,62,0,stimuli/scenes/scene_U1.jpg,Undersea,Tulon,stimuli/items/jungle_animal_7.png,Jungle,animal,si,p,1,0.32130219996906817,None,0,0,0,0,0,62,62,62,,,,,298.2885576999979,,,,,,,,,,,,,,,,,,,,,,,,,,,,,,,,,,,,,,,,298.27857910003513,298.2885576999979,298.2885576999979,300.27311419998296,300.27315949997865,300.28103539999574,300.28103539999574,300.6066448999336,p,1,0.32130219996906817,None,300.60670350003056,300.614200699958,301.62267680000514,301.59786490001716,,,,,,,,,,,,,,,,,,,,,,206,1,short,A,2026-07-10_14h19.24.080,SBL_superimposed_encoding,,2026.1.3,119.82390684058035,2026-07-10 14h19.24.284312 -0400,
1,63,63,0,stimuli/scenes/scene_U2.jpg,Undersea,Malbow,stimuli/items/undersea_object_14.png,Undersea,object,sc,q,1,0.3800177000230178,None,0,0,0,0,0,63,63,63,,,,,301.62267680000514,,,,,,,,,,,,,,,,,,,,,,,,,,,,,,,,,,,,,,,,301.6175917999353,301.62267680000514,301.62267680000514,303.60683519998565,303.6068759999471,303.61424080003053,303.61424080003053,303.998554199934,q,1,0.3800177000230178,None,303.99861310003325,304.0057139999699,305.0304399000015,304.989802600001,303.61424080003053,303.61424080003053,,,,,,,,,,,,,,,,,,,,206,1,short,A,2026-07-10_14h19.24.080,SBL_superimposed_encoding,,2026.1.3,119.82390684058035,2026-07-10 14h19.24.284312 -0400,
1,64,64,0,stimuli/scenes/scene_J2.jpg,Jungle,Somar,stimuli/items/jungle_animal_2.png,Jungle,animal,sc,q,1,0.3559645999921486,None,0,0,0,0,0,64,64,64,,,,,305.0304399000015,,,,,,,,,,,,,,,,,,,,,,,,,,,,,,,,,,,,,,,,305.0202841999708,305.0304399000015,305.0304399000015,307.0066295999568,307.0066760999616,307.01447950000875,307.01447950000875,307.373370999936,q,1,0.3559645999921486,None,307.37342990003526,307.38087779993657,308.3969965999713,308.364612699952,,,,,,,,,,,,,,,,,,,,,,206,1,short,A,2026-07-10_14h19.24.080,SBL_superimposed_encoding,,2026.1.3,119.82390684058035,2026-07-10 14h19.24.284312 -0400,
1,65,65,0,stimuli/scenes/scene_U2.jpg,Undersea,Malbow,stimuli/items/undersea_animal_4.png,Undersea,animal,sc,q,1,0.40406430000439286,None,0,0,0,0,0,65,65,65,,,,,308.3969965999713,,,,,,,,,,,,,,,,,,,,,,,,,,,,,,,,,,,,,,,,308.3858569000149,308.3969965999713,308.3969965999713,310.3817761000246,310.3818716999376,310.3894178000046,310.3894178000046,310.7984270999441,q,1,0.40406430000439286,None,310.79849469999317,310.80591190000996,311.822212100029,311.78966539993417,,,,,,,,,,,,,,,,,,,,,,206,1,short,A,2026-07-10_14h19.24.080,SBL_superimposed_encoding,,2026.1.3,119.82390684058035,2026-07-10 14h19.24.284312 -0400,
1,66,66,0,stimuli/scenes/scene_U1.jpg,Undersea,Tulon,stimuli/items/jungle_object_5.png,Jungle,object,si,p,1,0.46711760002654046,None,0,0,0,0,0,66,66,66,,,,,311.822212100029,,,,,,,,,,,,,,,,,,,,,,,,,,,,,,,,,,,,,,,,311.81329680001363,311.822212100029,311.822212100029,313.8066126999911,313.80665759998374,313.8146608999232,313.8146608999232,314.2902675999794,p,1,0.46711760002654046,None,314.2903249999508,314.2977950000204,315.31199820002075,315.281655699946,,,,,,,,,,,,,,,,,,,,,,206,1,short,A,2026-07-10_14h19.24.080,SBL_superimposed_encoding,,2026.1.3,119.82390684058035,2026-07-10 14h19.24.284312 -0400,
1,67,67,0,stimuli/scenes/scene_U2.jpg,Undersea,Malbow,stimuli/items/undersea_object_8.png,Undersea,object,sc,q,1,0.30390219995751977,None,0,0,0,0,0,67,67,67,,,,,315.31199820002075,,,,,,,,,,,,,,,,,,,,,,,,,,,,,,,,,,,,,,,,315.30147529998794,315.31199820002075,315.31199820002075,317.2982564999256,317.29830299993046,317.3059136000229,317.3059136000229,317.61499589995947,q,1,0.30390219995751977,None,317.61505519994535,317.62245269992854,318.6385895999847,318.60641919996124,,,,,,,,,,,,,,,,,,,,,,206,1,short,A,2026-07-10_14h19.24.080,SBL_superimposed_encoding,,2026.1.3,119.82390684058035,2026-07-10 14h19.24.284312 -0400,
1,68,68,0,stimuli/scenes/scene_U1.jpg,Undersea,Tulon,stimuli/items/undersea_animal_18.png,Undersea,animal,sc,q,1,0.33152919996064156,None,0,0,0,0,0,68,68,68,,,,,318.6385895999847,,,,,,,,,,,,,,,,,,,,,,,,,,,,,,,,,,,,,,,,318.62853149999864,318.6385895999847,318.6385895999847,320.615371700027,320.6154695999576,320.62261800002307,320.62261800002307,320.956965600024,q,1,0.33152919996064156,None,320.9570213999832,320.9643341000192,321.97810639999807,321.9484696999425,,,,,,,,,,,,,,,,,,,,,,206,1,short,A,2026-07-10_14h19.24.080,SBL_superimposed_encoding,,2026.1.3,119.82390684058035,2026-07-10 14h19.24.284312 -0400,
1,69,69,0,stimuli/scenes/scene_U2.jpg,Undersea,Malbow,stimuli/items/jungle_object_6.png,Jungle,object,si,p,1,0.2921380000188947,None,0,0,0,0,0,69,69,69,,,,,321.97810639999807,,,,,,,,,,,,,,,,,,,,,,,,,,,,,,,,,,,,,,,,321.96784119994845,321.97810639999807,321.97810639999807,323.96553179994226,323.9656028000172,323.97318730002735,323.97318730002735,324.2734607999446,p,1,0.2921380000188947,None,324.27351810003165,324.2814126999583,325.30538459995296,325.2648278999841,,,,,,,,,,,,,,,,,,,,,,206,1,short,A,2026-07-10_14h19.24.080,SBL_superimposed_encoding,,2026.1.3,119.82390684058035,2026-07-10 14h19.24.284312 -0400,
1,70,70,0,stimuli/scenes/scene_J2.jpg,Jungle,Somar,stimuli/items/undersea_animal_7.png,Undersea,animal,si,p,1,0.3605682998895645,None,0,0,0,0,0,70,70,70,,,,,325.30538459995296,,,,,,,,,,,,,,,,,,,,,,,,,,,,,,,,,,,,,,,,325.29369359998964,325.30538459995296,325.30538459995296,327.2737813999411,327.27383630000986,327.28148479992524,327.28148479992524,327.6486919999588,p,1,0.3605682998895645,None,327.64874889992643,327.6560620999662,328.67220399994403,328.6400397999678,,,,,,,,,,,,,,,,,,,,,,206,1,short,A,2026-07-10_14h19.24.080,SBL_superimposed_encoding,,2026.1.3,119.82390684058035,2026-07-10 14h19.24.284312 -0400,
1,71,71,0,stimuli/scenes/scene_U2.jpg,Undersea,Malbow,stimuli/items/jungle_object_20.png,Jungle,object,si,p,1,0.3454127999721095,None,0,0,0,0,0,71,71,71,,,,,328.67220399994403,,,,,,,,,,,,,,,,,,,,,,,,,,,,,,,,,,,,,,,,328.6627468999941,328.67220399994403,328.67220399994403,330.64889479998965,330.6489983999636,330.65642419992946,330.65642419992946,331.0072406999534,p,1,0.3454127999721095,None,331.00729650002904,331.0144656000193,332.03099599992856,331.99821520003024,,,,,,,,,,,,,,,,,,,,,,206,1,short,A,2026-07-10_14h19.24.080,SBL_superimposed_encoding,,2026.1.3,119.82390684058035,2026-07-10 14h19.24.284312 -0400,
1,72,72,0,stimuli/scenes/scene_U1.jpg,Undersea,Tulon,stimuli/items/undersea_object_7.png,Undersea,object,sc,q,1,0.32273080002050847,None,0,0,0,0,0,72,72,72,,,,,332.03099599992856,,,,,,,,,,,,,,,,,,,,,,,,,,,,,,,,,,,,,,,,332.02311710000504,332.03099599992856,332.03099599992856,334.01517489994876,334.0152202999452,334.0232696000021,334.0232696000021,334.3487417999422,q,1,0.32273080002050847,None,334.3487975000171,334.35666809999384,335.3713557999581,335.34029670001473,,,,,,,,,,,,,,,,,,,,,,206,1,short,A,2026-07-10_14h19.24.080,SBL_superimposed_encoding,,2026.1.3,119.82390684058035,2026-07-10 14h19.24.284312 -0400,
1,73,73,0,stimuli/scenes/scene_U2.jpg,Undersea,Malbow,stimuli/items/undersea_animal_3.png,Undersea,animal,sc,q,1,0.4216686000581831,None,0,0,0,0,0,73,73,73,,,,,335.3713557999581,,,,,,,,,,,,,,,,,,,,,,,,,,,,,,,,,,,,,,,,335.3610941999359,335.3713557999581,335.3713557999581,337.35720909992233,337.35730919998605,337.3646085000364,337.3646085000364,337.79041419993155,q,1,0.4216686000581831,None,337.7904715000186,337.79801199992653,338.8212368999375,338.782047900022,,,,,,,,,,,,,,,,,,,,,,206,1,short,A,2026-07-10_14h19.24.080,SBL_superimposed_encoding,,2026.1.3,119.82390684058035,2026-07-10 14h19.24.284312 -0400,
1,74,74,0,stimuli/scenes/scene_J1.jpg,Jungle,Negvi,stimuli/items/jungle_object_19.png,Jungle,object,sc,q,1,0.5477389999432489,None,0,0,0,0,0,74,74,74,,,,,338.8212368999375,,,,,,,,,,,,,,,,,,,,,,,,,,,,,,,,,,,,,,,,338.8102119999239,338.8212368999375,338.8212368999375,340.7990986999357,340.799197299988,340.8065876000328,340.8065876000328,341.3571127000032,q,1,0.5477389999432489,None,341.3571698999731,341.36471959995106,342.3810337999603,342.34836479998194,,,,,,,,,,,,,,,,,,,,,,206,1,short,A,2026-07-10_14h19.24.080,SBL_superimposed_encoding,,2026.1.3,119.82390684058035,2026-07-10 14h19.24.284312 -0400,
1,75,75,0,stimuli/scenes/scene_U1.jpg,Undersea,Tulon,stimuli/items/undersea_animal_1.png,Undersea,animal,sc,q,1,0.3973095000255853,None,0,0,0,0,0,75,75,75,,,,,342.3810337999603,,,,,,,,,,,,,,,,,,,,,,,,,,,,,,,,,,,,,,,,342.3725495999679,342.3810337999603,342.3810337999603,344.3573129000142,344.357431899989,344.3649999999907,344.3649999999907,344.7655258999439,q,1,0.3973095000255853,None,344.76558300002944,344.7730099000037,345.7968888999894,345.75679949996993,,,,,,,,,,,,,,,,,,,,,,206,1,short,A,2026-07-10_14h19.24.080,SBL_superimposed_encoding,,2026.1.3,119.82390684058035,2026-07-10 14h19.24.284312 -0400,
1,76,76,0,stimuli/scenes/scene_J2.jpg,Jungle,Somar,stimuli/items/jungle_object_11.png,Jungle,object,sc,q,1,0.7076831000158563,None,0,0,0,0,0,76,76,76,,,,,345.7968888999894,,,,,,,,,,,,,,,,,,,,,,,,,,,,,,,,,,,,,,,,345.78453960001934,345.7968888999894,345.7968888999894,347.77403319999576,347.7740782999899,347.78163089999,347.78163089999,348.4905789999757,q,1,0.7076831000158563,None,348.49063599994406,348.4981377000222,349.514681700035,349.4819803999271,,,,,,,,,,,,,,,,,,,,,,206,1,short,A,2026-07-10_14h19.24.080,SBL_superimposed_encoding,,2026.1.3,119.82390684058035,2026-07-10 14h19.24.284312 -0400,
1,77,77,0,stimuli/scenes/scene_U2.jpg,Undersea,Malbow,stimuli/items/jungle_animal_1.png,Jungle,animal,si,p,1,0.006621900014579296,None,0,0,0,0,0,77,77,77,,,,,349.514681700035,,,,,,,,,,,,,,,,,,,,,,,,,,,,,,,,,,,,,,,,349.5063453000039,349.514681700035,349.514681700035,351.4988605999388,351.4989040000364,351.5067871999927,351.5067871999927,351.515273099998,p,1,0.006621900014579296,None,351.5153300999664,351.52310829993803,352.5394882999826,352.5067390999757,,,,,,,,,,,,,,,,,,,,,,206,1,short,A,2026-07-10_14h19.24.080,SBL_superimposed_encoding,,2026.1.3,119.82390684058035,2026-07-10 14h19.24.284312 -0400,
1,78,78,0,stimuli/scenes/scene_J1.jpg,Jungle,Negvi,stimuli/items/jungle_animal_20.png,Jungle,animal,sc,q,1,0.3909857999533415,None,0,0,0,0,0,78,78,78,,,,,352.5394882999826,,,,,,,,,,,,,,,,,,,,,,,,,,,,,,,,,,,,,,,,352.52996239997447,352.5394882999826,352.5394882999826,354.52352689998224,354.5235720999772,354.531455899938,354.531455899938,354.923864100012,q,1,0.3909857999533415,None,354.9239206999773,354.931449900032,355.9465458999621,355.91573040001094,,,,,,,,,,,,,,,,,,,,,,206,1,short,A,2026-07-10_14h19.24.080,SBL_superimposed_encoding,,2026.1.3,119.82390684058035,2026-07-10 14h19.24.284312 -0400,
1,79,79,0,stimuli/scenes/scene_U2.jpg,Undersea,Malbow,stimuli/items/jungle_object_7.png,Jungle,object,si,p,1,0.47831829998176545,None,0,0,0,0,0,79,79,79,,,,,355.9465458999621,,,,,,,,,,,,,,,,,,,,,,,,,,,,,,,,,,,,,,,,355.9360285999719,355.9465458999621,355.9465458999621,357.9243897999404,357.9245060000103,357.93172949994914,357.93172949994914,358.41613239992876,p,1,0.47831829998176545,None,358.41618860000744,358.4232427999377,359.42627159995027,359.4072040999308,,,,,,,,,,,,,,,,,,,,,,206,1,short,A,2026-07-10_14h19.24.080,SBL_superimposed_encoding,,2026.1.3,119.82390684058035,2026-07-10 14h19.24.284312 -0400,
2,0,0,0,stimuli/scenes/scene_U1.jpg,Undersea,Tulon,stimuli/items/jungle_object_4.png,Jungle,object,si,p,1,0.4397762999869883,None,0,1,1,1,0,0,0,0,0,0,0,0,383.9303860999644,,,,,,,,,,,,,,,,,,,,,,,,,,,,,,,,,,,,,,383.8585681000259,383.85878699994646,383.91718490002677,383.9303860999644,383.9303860999644,385.86608619999606,385.86612989997957,385.8737720999634,385.8737720999634,386.3162387999473,p,1,0.4397762999869883,None,386.3162965000374,386.323999300017,387.33997560001444,387.3074470999418,,,,,359.4130018999567,359.41322099999525,359.4232530000154,359.42627159995027,359.42627159995027,359.42627159995027,383.85761139995884,space,24.423131699906662,None,,,,,,,,206,1,short,A,2026-07-10_14h19.24.080,SBL_superimposed_encoding,,2026.1.3,119.82390684058035,2026-07-10 14h19.24.284312 -0400,
2,1,1,0,stimuli/scenes/scene_U2.jpg,Undersea,Malbow,stimuli/items/undersea_animal_3.png,Undersea,animal,sc,q,1,0.3654210000531748,None,0,1,1,1,0,1,1,1,,,,,387.33997560001444,,,,,,,,,,,,,,,,,,,,,,,,,,,,,,,,,,,,,,,,387.33037420001347,387.33997560001444,387.33997560001444,389.31642889999785,389.3165230000159,389.32396710000467,389.32396710000467,389.6910079999361,q,1,0.3654210000531748,None,389.69106510002166,389.69878039998,390.7122068000026,390.68241250002757,,,,,,,,,,,,,,,,,,,,,,206,1,short,A,2026-07-10_14h19.24.080,SBL_superimposed_encoding,,2026.1.3,119.82390684058035,2026-07-10 14h19.24.284312 -0400,
2,2,2,0,stimuli/scenes/scene_U1.jpg,Undersea,Tulon,stimuli/items/jungle_animal_18.png,Jungle,animal,si,p,1,0.4793129999889061,None,0,1,1,1,0,2,2,2,,,,,390.7122068000026,,,,,,,,,,,,,,,,,,,,,,,,,,,,,,,,,,,,,,,,390.7019594999729,390.7122068000026,390.7122068000026,392.6915044999914,392.69160349993035,392.69907909992617,392.69907909992617,393.18261100002564,p,1,0.4793129999889061,None,393.1826672999887,393.1905849999748,394.2152820000192,394.1742350999266,,,,,,,,,,,,,,,,,,,,,,206,1,short,A,2026-07-10_14h19.24.080,SBL_superimposed_encoding,,2026.1.3,119.82390684058035,2026-07-10 14h19.24.284312 -0400,
2,3,3,0,stimuli/scenes/scene_J2.jpg,Jungle,Somar,stimuli/items/jungle_object_18.png,Jungle,object,sc,q,1,0.29931119992397726,None,0,1,1,1,0,3,3,3,,,,,394.2152820000192,,,,,,,,,,,,,,,,,,,,,,,,,,,,,,,,,,,,,,,,394.2031774999341,394.2152820000192,394.2152820000192,396.1829007000197,396.18294470000546,396.190719599952,396.190719599952,396.49127100000624,q,1,0.29931119992397726,None,396.49132679996546,396.4990446999436,397.5075153999496,397.48238549998496,,,,,,,,,,,,,,,,,,,,,,206,1,short,A,2026-07-10_14h19.24.080,SBL_superimposed_encoding,,2026.1.3,119.82390684058035,2026-07-10 14h19.24.284312 -0400,
2,4,4,0,stimuli/scenes/scene_U2.jpg,Undersea,Malbow,stimuli/items/undersea_object_14.png,Undersea,object,sc,q,1,0.3824314000084996,None,0,1,1,1,0,4,4,4,,,,,397.5075153999496,,,,,,,,,,,,,,,,,,,,,,,,,,,,,,,,,,,,,,,,397.5011432999745,397.5075153999496,397.5075153999496,399.4915916000027,399.49168390000705,399.49900429998524,399.49900429998524,399.88345630001277,q,1,0.3824314000084996,None,399.8835148999933,399.8907084999373,400.90744769992307,400.8744194000028,,,,,,,,,,,,,,,,,,,,,,206,1,short,A,2026-07-10_14h19.24.080,SBL_superimposed_encoding,,2026.1.3,119.82390684058035,2026-07-10 14h19.24.284312 -0400,
2,5,5,0,stimuli/scenes/scene_J1.jpg,Jungle,Negvi,stimuli/items/undersea_animal_10.png,Undersea,animal,si,p,1,0.3265809000004083,None,0,1,1,1,0,5,5,5,,,,,400.90744769992307,,,,,,,,,,,,,,,,,,,,,,,,,,,,,,,,,,,,,,,,400.9010156999575,400.90744769992307,400.90744769992307,402.8916393999243,402.89172680000775,402.8991375999758,402.8991375999758,403.2332425999921,p,1,0.3265809000004083,None,403.2332993999589,403.2408034999389,404.2570779999951,404.2243102999637,,,,,,,,,,,,,,,,,,,,,,206,1,short,A,2026-07-10_14h19.24.080,SBL_superimposed_encoding,,2026.1.3,119.82390684058035,2026-07-10 14h19.24.284312 -0400,
2,6,6,0,stimuli/scenes/scene_J2.jpg,Jungle,Somar,stimuli/items/jungle_animal_12.png,Jungle,animal,sc,q,1,0.3206173999933526,None,0,1,1,1,0,6,6,6,,,,,404.2570779999951,,,,,,,,,,,,,,,,,,,,,,,,,,,,,,,,,,,,,,,,404.24771999998484,404.2570779999951,404.2570779999951,406.2415837999433,406.2416575999232,406.2491336999228,406.2491336999228,406.5747971999226,q,1,0.3206173999933526,None,406.5748522999929,406.5825141000096,407.5989914999809,407.56602060003206,,,,,,,,,,,,,,,,,,,,,,206,1,short,A,2026-07-10_14h19.24.080,SBL_superimposed_encoding,,2026.1.3,119.82390684058035,2026-07-10 14h19.24.284312 -0400,
2,7,7,0,stimuli/scenes/scene_U1.jpg,Undersea,Tulon,stimuli/items/jungle_object_17.png,Jungle,object,si,p,1,0.3395843000616878,None,0,1,1,1,0,7,7,7,,,,,407.5989914999809,,,,,,,,,,,,,,,,,,,,,,,,,,,,,,,,,,,,,,,,407.59103070001584,407.5989914999809,407.5989914999809,409.5832018000074,409.5832458999939,409.59086270001717,409.59086270001717,409.9330685000168,p,1,0.3395843000616878,None,409.93312639999203,409.94079519994557,410.95696650003083,410.9244055999443,,,,,,,,,,,,,,,,,,,,,,206,1,short,A,2026-07-10_14h19.24.080,SBL_superimposed_encoding,,2026.1.3,119.82390684058035,2026-07-10 14h19.24.284312 -0400,
2,8,8,0,stimuli/scenes/scene_U2.jpg,Undersea,Malbow,stimuli/items/undersea_object_19.png,Undersea,object,sc,q,1,0.3491508000297472,None,0,1,1,1,0,8,8,8,,,,,410.95696650003083,,,,,,,,,,,,,,,,,,,,,,,,,,,,,,,,,,,,,,,,410.94707759993616,410.95696650003083,410.95696650003083,412.93346939992625,412.93356379994657,412.94077119999565,412.94077119999565,413.29166260000784,q,1,0.3491508000297472,None,413.29171869996935,413.29903829994146,414.31525759992655,414.28306399995927,,,,,,,,,,,,,,,,,,,,,,206,1,short,A,2026-07-10_14h19.24.080,SBL_superimposed_encoding,,2026.1.3,119.82390684058035,2026-07-10 14h19.24.284312 -0400,
2,9,9,0,stimuli/scenes/scene_J2.jpg,Jungle,Somar,stimuli/items/undersea_animal_7.png,Undersea,animal,si,p,1,0.326113999937661,None,0,1,1,1,0,9,9,9,,,,,414.31525759992655,,,,,,,,,,,,,,,,,,,,,,,,,,,,,,,,,,,,,,,,414.30521389993373,414.31525759992655,414.31525759992655,416.3002102000173,416.30030819994863,416.30740039993543,416.30740039993543,416.6415224999655,p,1,0.326113999937661,None,416.64158009993844,416.64893669995945,417.66427249996923,417.6327401000308,,,,,,,,,,,,,,,,,,,,,,206,1,short,A,2026-07-10_14h19.24.080,SBL_superimposed_encoding,,2026.1.3,119.82390684058035,2026-07-10 14h19.24.284312 -0400,
2,10,10,0,stimuli/scenes/scene_U2.jpg,Undersea,Malbow,stimuli/items/jungle_animal_10.png,Jungle,animal,si,p,1,0.3679870000341907,None,0,1,1,1,0,10,10,10,,,,,417.66427249996923,,,,,,,,,,,,,,,,,,,,,,,,,,,,,,,,,,,,,,,,417.65285880002193,417.66427249996923,417.66427249996923,419.6496604999993,419.6497059999965,419.6574300000211,419.6574300000211,420.0332904999377,p,1,0.3679870000341907,None,420.03334870003164,420.0408727999311,421.0576599999331,421.02523030003067,,,,,,,,,,,,,,,,,,,,,,206,1,short,A,2026-07-10_14h19.24.080,SBL_superimposed_encoding,,2026.1.3,119.82390684058035,2026-07-10 14h19.24.284312 -0400,
2,11,11,0,stimuli/scenes/scene_J1.jpg,Jungle,Negvi,stimuli/items/undersea_animal_9.png,Undersea,animal,si,p,1,0.3291929999832064,None,0,1,1,1,0,11,11,11,,,,,421.0576599999331,,,,,,,,,,,,,,,,,,,,,,,,,,,,,,,,,,,,,,,,421.05079360003583,421.0576599999331,421.0576599999331,423.0335625000298,423.0336570999352,423.0410287999548,423.0410287999548,423.37490329996217,p,1,0.3291929999832064,None,423.37496079993434,423.3827256000368,424.39696489996277,424.3662164999405,,,,,,,,,,,,,,,,,,,,,,206,1,short,A,2026-07-10_14h19.24.080,SBL_superimposed_encoding,,2026.1.3,119.82390684058035,2026-07-10 14h19.24.284312 -0400,
2,12,12,0,stimuli/scenes/scene_U2.jpg,Undersea,Malbow,stimuli/items/jungle_animal_15.png,Jungle,animal,si,p,1,0.5067694000899792,None,0,1,1,1,0,12,12,12,,,,,424.39696489996277,,,,,,,,,,,,,,,,,,,,,,,,,,,,,,,,,,,,,,,,424.38652279996313,424.39696489996277,424.39696489996277,426.3751649999758,426.37526040000375,426.38299499999266,426.38299499999266,426.891693499987,p,1,0.5067694000899792,None,426.89175990002695,426.89947489998303,427.9161472999258,427.8829409999307,,,,,,,,,,,,,,,,,,,,,,206,1,short,A,2026-07-10_14h19.24.080,SBL_superimposed_encoding,,2026.1.3,119.82390684058035,2026-07-10 14h19.24.284312 -0400,
2,13,13,0,stimuli/scenes/scene_J2.jpg,Jungle,Somar,stimuli/items/jungle_animal_14.png,Jungle,animal,sc,q,1,0.43786050006747246,None,0,1,1,1,0,13,13,13,,,,,427.9161472999258,,,,,,,,,,,,,,,,,,,,,,,,,,,,,,,,,,,,,,,,427.90899859997444,427.9161472999258,427.9161472999258,429.9003510000184,429.90039389999583,429.907701899996,429.907701899996,430.3500625999877,q,1,0.43786050006747246,None,430.3501192999538,430.3577617999399,431.3662200999679,431.3414069999708,,,,,,,,,,,,,,,,,,,,,,206,1,short,A,2026-07-10_14h19.24.080,SBL_superimposed_encoding,,2026.1.3,119.82390684058035,2026-07-10 14h19.24.284312 -0400,
2,14,14,0,stimuli/scenes/scene_U2.jpg,Undersea,Malbow,stimuli/items/undersea_animal_4.png,Undersea,animal,sc,q,1,0.3962203999981284,None,0,1,1,1,0,14,14,14,,,,,431.3662200999679,,,,,,,,,,,,,,,,,,,,,,,,,,,,,,,,,,,,,,,,431.35977410001215,431.3662200999679,431.3662200999679,433.3505890999222,433.3506582999835,433.35803749994375,433.35803749994375,433.7587961999234,q,1,0.3962203999981284,None,433.75885450001806,433.766177100013,434.7817128000315,434.74983450002037,,,,,,,,,,,,,,,,,,,,,,206,1,short,A,2026-07-10_14h19.24.080,SBL_superimposed_encoding,,2026.1.3,119.82390684058035,2026-07-10 14h19.24.284312 -0400,
2,15,15,0,stimuli/scenes/scene_U1.jpg,Undersea,Tulon,stimuli/items/undersea_object_20.png,Undersea,object,sc,p,0,0.5150674999458715,None,0,1,1,1,0,15,15,15,,,,,434.7817128000315,,,,,,,,,,,,,,,,,,,,,,,,,,,,,,,,,,,,,,,,434.7716724999482,434.7817128000315,434.7817128000315,436.76664889999665,436.7666927999817,436.774488999974,436.774488999974,437.29155439999886,p,0,0.5150674999458715,None,437.29161049996037,437.29987739992794,438.31308999995235,438.2834370000055,,,,,,,,,,,,,,,,,,,,,,206,1,short,A,2026-07-10_14h19.24.080,SBL_superimposed_encoding,,2026.1.3,119.82390684058035,2026-07-10 14h19.24.284312 -0400,
2,16,16,0,stimuli/scenes/scene_U2.jpg,Undersea,Malbow,stimuli/items/jungle_object_16.png,Jungle,object,si,p,1,0.33470210002269596,None,0,1,1,1,0,16,16,16,,,,,438.31308999995235,,,,,,,,,,,,,,,,,,,,,,,,,,,,,,,,,,,,,,,,438.3026822999818,438.31308999995235,438.31308999995235,440.29194769996684,440.29199109994806,440.2996388999745,440.2996388999745,440.6421992999967,p,1,0.33470210002269596,None,440.6422572999727,440.64945959998295,441.66544010001235,441.63350340002216,,,,,,,,,,,,,,,,,,,,,,206,1,short,A,2026-07-10_14h19.24.080,SBL_superimposed_encoding,,2026.1.3,119.82390684058035,2026-07-10 14h19.24.284312 -0400,
2,17,17,0,stimuli/scenes/scene_J2.jpg,Jungle,Somar,stimuli/items/undersea_animal_5.png,Undersea,animal,si,p,1,0.4962258000159636,None,0,1,1,1,0,17,17,17,,,,,441.66544010001235,,,,,,,,,,,,,,,,,,,,,,,,,,,,,,,,,,,,,,,,441.6539152000332,441.66544010001235,441.66544010001235,443.65033999993466,443.65039279998746,443.65806899999734,443.65806899999734,444.15870409994386,p,1,0.4962258000159636,None,444.15876130003016,444.16634019999765,445.183200999978,445.14982539997436,,,,,,,,,,,,,,,,,,,,,,206,1,short,A,2026-07-10_14h19.24.080,SBL_superimposed_encoding,,2026.1.3,119.82390684058035,2026-07-10 14h19.24.284312 -0400,
2,18,18,0,stimuli/scenes/scene_J1.jpg,Jungle,Negvi,stimuli/items/jungle_object_9.png,Jungle,object,sc,q,1,0.3393804000224918,None,0,1,1,1,0,18,18,18,,,,,445.183200999978,,,,,,,,,,,,,,,,,,,,,,,,,,,,,,,,,,,,,,,,445.17579220002517,445.183200999978,445.183200999978,447.16720899997745,447.16725299996324,447.1744931000285,447.1744931000285,447.5171269000275,q,1,0.3393804000224918,None,447.5171832999913,447.52459079993423,448.54101629997604,448.5087508999277,,,,,,,,,,,,,,,,,,,,,,206,1,short,A,2026-07-10_14h19.24.080,SBL_superimposed_encoding,,2026.1.3,119.82390684058035,2026-07-10 14h19.24.284312 -0400,
2,19,19,0,stimuli/scenes/scene_U1.jpg,Undersea,Tulon,stimuli/items/jungle_object_10.png,Jungle,object,si,p,1,0.37272569991182536,None,0,1,1,1,0,19,19,19,,,,,448.54101629997604,,,,,,,,,,,,,,,,,,,,,,,,,,,,,,,,,,,,,,,,448.5311647999333,448.54101629997604,448.54101629997604,450.5256140999263,450.5257108999649,450.5334185999818,450.5334185999818,450.9089883000124,p,1,0.37272569991182536,None,450.90904539998155,450.9162624999881,451.9249421999557,451.8997781999642,,,,,,,,,,,,,,,,,,,,,,206,1,short,A,2026-07-10_14h19.24.080,SBL_superimposed_encoding,,2026.1.3,119.82390684058035,2026-07-10 14h19.24.284312 -0400,
2,20,20,0,stimuli/scenes/scene_J1.jpg,Jungle,Negvi,stimuli/items/undersea_animal_13.png,Undersea,animal,si,p,1,0.638001799932681,None,0,1,1,1,0,20,20,20,,,,,451.9249421999557,,,,,,,,,,,,,,,,,,,,,,,,,,,,,,,,,,,,,,,,451.9181934000226,451.9249421999557,451.9249421999557,453.90900939994026,453.9090517000295,453.9164330000058,453.9164330000058,454.5586254999507,p,1,0.638001799932681,None,454.5586812000256,454.5664225999499,455.58283289999235,455.5503914000001,453.9164330000058,453.9164330000058,,,,,,,,,,,,,,,,,,,,206,1,short,A,2026-07-10_14h19.24.080,SBL_superimposed_encoding,,2026.1.3,119.82390684058035,2026-07-10 14h19.24.284312 -0400,
2,21,21,0,stimuli/scenes/scene_U2.jpg,Undersea,Malbow,stimuli/items/undersea_animal_19.png,Undersea,animal,sc,q,1,0.3556747999973595,None,0,1,1,1,0,21,21,21,,,,,455.58283289999235,,,,,,,,,,,,,,,,,,,,,,,,,,,,,,,,,,,,,,,,455.5743020999944,455.58283289999235,455.58283289999235,457.5675526999403,457.5676159999566,457.5746137999231,457.5746137999231,457.9340439999942,q,1,0.3556747999973595,None,457.93410299997777,457.94162840000354,458.95024389994796,458.92537780001294,,,,,,,,,,,,,,,,,,,,,,206,1,short,A,2026-07-10_14h19.24.080,SBL_superimposed_encoding,,2026.1.3,119.82390684058035,2026-07-10 14h19.24.284312 -0400,
2,22,22,0,stimuli/scenes/scene_J1.jpg,Jungle,Negvi,stimuli/items/undersea_object_18.png,Undersea,object,si,p,1,0.316275899996981,None,0,1,1,1,0,22,22,22,,,,,458.95024389994796,,,,,,,,,,,,,,,,,,,,,,,,,,,,,,,,,,,,,,,,458.94489499996416,458.95024389994796,458.95024389994796,460.9344555999851,460.9344968999503,460.9416229999624,460.9416229999624,461.25869249994867,p,1,0.316275899996981,None,461.2587481000228,461.2669809999643,462.2823203000007,462.2505544000305,460.9416229999624,460.9416229999624,,,,,,,,,,,,,,,,,,,,206,1,short,A,2026-07-10_14h19.24.080,SBL_superimposed_encoding,,2026.1.3,119.82390684058035,2026-07-10 14h19.24.284312 -0400,
2,23,23,0,stimuli/scenes/scene_U1.jpg,Undersea,Tulon,stimuli/items/undersea_animal_1.png,Undersea,animal,sc,q,1,0.6398360000457615,None,0,1,1,1,0,23,23,23,,,,,462.2823203000007,,,,,,,,,,,,,,,,,,,,,,,,,,,,,,,,,,,,,,,,462.2721619999502,462.2823203000007,462.2823203000007,464.2590788999805,464.2591234999709,464.26662529993337,464.26662529993337,464.9091292999219,q,1,0.6398360000457615,None,464.90918870002497,464.91679940000176,465.93291630002204,465.9007492000237,,,,,,,,,,,,,,,,,,,,,,206,1,short,A,2026-07-10_14h19.24.080,SBL_superimposed_encoding,,2026.1.3,119.82390684058035,2026-07-10 14h19.24.284312 -0400,
2,24,24,0,stimuli/scenes/scene_J1.jpg,Jungle,Negvi,stimuli/items/undersea_object_10.png,Undersea,object,si,p,1,0.40504450001753867,None,0,1,1,1,0,24,24,24,,,,,465.93291630002204,,,,,,,,,,,,,,,,,,,,,,,,,,,,,,,,,,,,,,,,465.92181919992436,465.93291630002204,465.93291630002204,467.91780870000366,467.9179148999974,467.92511489999015,467.92511489999015,468.3344965999713,p,1,0.40504450001753867,None,468.3345522999298,468.3418659999734,469.3500221000286,469.32530969998334,,,,,,,,,,,,,,,,,,,,,,206,1,short,A,2026-07-10_14h19.24.080,SBL_superimposed_encoding,,2026.1.3,119.82390684058035,2026-07-10 14h19.24.284312 -0400,
2,25,25,0,stimuli/scenes/scene_U2.jpg,Undersea,Malbow,stimuli/items/undersea_object_8.png,Undersea,object,sc,q,1,0.36411530000623316,None,0,1,1,1,0,25,25,25,,,,,469.3500221000286,,,,,,,,,,,,,,,,,,,,,,,,,,,,,,,,,,,,,,,,469.34359229996335,469.3500221000286,469.3500221000286,471.334256800008,471.3342984999763,471.3417862999486,471.3417862999486,471.7091184000019,q,1,0.36411530000623316,None,471.70917389995884,471.71684739994816,472.7328603999922,472.7007840999868,471.3417862999486,471.3417862999486,,,,,,,,,,,,,,,,,,,,206,1,short,A,2026-07-10_14h19.24.080,SBL_superimposed_encoding,,2026.1.3,119.82390684058035,2026-07-10 14h19.24.284312 -0400,
2,26,26,0,stimuli/scenes/scene_J1.jpg,Jungle,Negvi,stimuli/items/jungle_animal_4.png,Jungle,animal,sc,q,1,0.5249916000757366,None,0,1,1,1,0,26,26,26,,,,,472.7328603999922,,,,,,,,,,,,,,,,,,,,,,,,,,,,,,,,,,,,,,,,472.7227564000059,472.7328603999922,472.7328603999922,474.7094455999322,474.70954389998224,474.71684050001204,474.71684050001204,475.24265929998364,q,1,0.5249916000757366,None,475.24271779996343,475.2503513999982,476.26642120000906,476.233964700019,,,,,,,,,,,,,,,,,,,,,,206,1,short,A,2026-07-10_14h19.24.080,SBL_superimposed_encoding,,2026.1.3,119.82390684058035,2026-07-10 14h19.24.284312 -0400,
2,27,27,0,stimuli/scenes/scene_U1.jpg,Undersea,Tulon,stimuli/items/jungle_animal_7.png,Jungle,animal,si,p,1,0.3277977999532595,None,0,1,1,1,0,27,27,27,,,,,476.26642120000906,,,,,,,,,,,,,,,,,,,,,,,,,,,,,,,,,,,,,,,,476.2580862999894,476.26642120000906,476.26642120000906,478.2508677999722,478.25091339997016,478.25845199998,478.25845199998,478.59272610000335,p,1,0.3277977999532595,None,478.5927823999664,478.6001691999845,479.609093499952,479.58413199998904,,,,,,,,,,,,,,,,,,,,,,206,1,short,A,2026-07-10_14h19.24.080,SBL_superimposed_encoding,,2026.1.3,119.82390684058035,2026-07-10 14h19.24.284312 -0400,
2,28,28,0,stimuli/scenes/scene_J1.jpg,Jungle,Negvi,stimuli/items/jungle_object_19.png,Jungle,object,sc,q,1,0.34615180001128465,None,0,1,1,1,0,28,28,28,,,,,479.609093499952,,,,,,,,,,,,,,,,,,,,,,,,,,,,,,,,,,,,,,,,479.60331189993303,479.609093499952,479.609093499952,481.59287769999355,481.5929186999565,481.6000379000325,481.6000379000325,481.9508111999603,q,1,0.34615180001128465,None,481.9508691999363,481.9582941000117,482.9672240000218,482.94220069993753,481.6000379000325,481.6000379000325,,,,,,,,,,,,,,,,,,,,206,1,short,A,2026-07-10_14h19.24.080,SBL_superimposed_encoding,,2026.1.3,119.82390684058035,2026-07-10 14h19.24.284312 -0400,
2,29,29,0,stimuli/scenes/scene_U1.jpg,Undersea,Tulon,stimuli/items/undersea_object_7.png,Undersea,object,sc,q,1,0.37887390004470944,None,0,1,1,1,0,29,29,29,,,,,482.9672240000218,,,,,,,,,,,,,,,,,,,,,,,,,,,,,,,,,,,,,,,,482.9617065000348,482.9672240000218,482.9672240000218,484.9510426999768,484.9510950000258,484.95872470003087,484.95872470003087,485.34266690001823,q,1,0.37887390004470944,None,485.34272399998736,485.3506803000346,486.36712469998747,486.33415889996104,,,,,,,,,,,,,,,,,,,,,,206,1,short,A,2026-07-10_14h19.24.080,SBL_superimposed_encoding,,2026.1.3,119.82390684058035,2026-07-10 14h19.24.284312 -0400,
2,30,30,0,stimuli/scenes/scene_U2.jpg,Undersea,Malbow,stimuli/items/undersea_object_5.png,Undersea,object,sc,q,1,0.25935099995695055,None,0,1,1,1,0,30,30,30,,,,,486.36712469998747,,,,,,,,,,,,,,,,,,,,,,,,,,,,,,,,,,,,,,,,486.36188919993583,486.36712469998747,486.36712469998747,488.3506587999873,488.3507047999883,488.3584171999246,488.3584171999246,488.6264709000243,q,1,0.25935099995695055,None,488.6265299000079,488.63380249997135,489.64880890003406,489.6174461999908,,,,,,,,,,,,,,,,,,,,,,206,1,short,A,2026-07-10_14h19.24.080,SBL_superimposed_encoding,,2026.1.3,119.82390684058035,2026-07-10 14h19.24.284312 -0400,
2,31,31,0,stimuli/scenes/scene_J1.jpg,Jungle,Negvi,stimuli/items/jungle_object_14.png,Jungle,object,sc,p,0,0.3682205999502912,None,0,1,1,1,0,31,31,31,,,,,489.64880890003406,,,,,,,,,,,,,,,,,,,,,,,,,,,,,,,,,,,,,,,,489.6378086999757,489.64880890003406,489.64880890003406,491.63475129997823,491.634847600013,491.6419936999446,491.6419936999446,492.01784889993723,p,0,0.3682205999502912,None,492.01790660002735,492.0252089999849,493.0422951999353,493.00908350001555,,,,,,,,,,,,,,,,,,,,,,206,1,short,A,2026-07-10_14h19.24.080,SBL_superimposed_encoding,,2026.1.3,119.82390684058035,2026-07-10 14h19.24.284312 -0400,
2,32,32,0,stimuli/scenes/scene_J2.jpg,Jungle,Somar,stimuli/items/jungle_object_1.png,Jungle,object,sc,q,1,0.2880619000643492,None,0,1,1,1,0,32,32,32,,,,,493.0422951999353,,,,,,,,,,,,,,,,,,,,,,,,,,,,,,,,,,,,,,,,493.03585260000546,493.0422951999353,493.0422951999353,495.02626970002893,495.02631390001625,495.0335715999827,495.0335715999827,495.3261792999692,q,1,0.2880619000643492,None,495.32623689994216,495.33375709992833,496.3419617000036,496.31740609998815,,,,,,,,,,,,,,,,,,,,,,206,1,short,A,2026-07-10_14h19.24.080,SBL_superimposed_encoding,,2026.1.3,119.82390684058035,2026-07-10 14h19.24.284312 -0400,
2,33,33,0,stimuli/scenes/scene_U1.jpg,Undersea,Tulon,stimuli/items/undersea_animal_14.png,Undersea,animal,sc,None,0,,,0,1,1,1,0,33,33,33,,,,,496.3419617000036,,,,,,,,,,,,,,,,,,,,,,,,,,,,,,,,,,,,,,,,496.3357258000178,496.3419617000036,496.3419617000036,498.32618360000197,498.32622429996263,498.3338885999983,498.3338885999983,499.3178012999706,None,0,,,499.3178475999739,499.32563640002627,500.3418133999221,500.3095497000031,498.3338885999983,498.3338885999983,499.32563640002627,499.32563640002627,,,,,,,,,,,,,,,,,,206,1,short,A,2026-07-10_14h19.24.080,SBL_superimposed_encoding,,2026.1.3,119.82390684058035,2026-07-10 14h19.24.284312 -0400,
2,34,34,0,stimuli/scenes/scene_J2.jpg,Jungle,Somar,stimuli/items/jungle_object_3.png,Jungle,object,sc,q,1,0.5405085999518633,None,0,1,1,1,0,34,34,34,,,,,500.3418133999221,,,,,,,,,,,,,,,,,,,,,,,,,,,,,,,,,,,,,,,,500.33221739996225,500.3418133999221,500.3418133999221,502.3265099999262,502.3266039999435,502.33377779996954,502.33377779996954,502.87605059996713,q,1,0.5405085999518633,None,502.8761122999713,502.8841579,503.91720769996755,503.8672956000082,,,,,,,,,,,,,,,,,,,,,,206,1,short,A,2026-07-10_14h19.24.080,SBL_superimposed_encoding,,2026.1.3,119.82390684058035,2026-07-10 14h19.24.284312 -0400,
2,35,35,0,stimuli/scenes/scene_J1.jpg,Jungle,Negvi,stimuli/items/undersea_animal_2.png,Undersea,animal,si,p,1,0.6775029000127688,None,0,1,1,1,0,35,35,35,,,,,503.91720769996755,,,,,,,,,,,,,,,,,,,,,,,,,,,,,,,,,,,,,,,,503.9078666999703,503.91720769996755,503.91720769996755,505.88442170002963,505.8844693999272,505.89233940001577,505.89233940001577,506.5764975999482,p,1,0.6775029000127688,None,506.5765548000345,506.58385359996464,507.6001876000082,507.567744400003,,,,,,,,,,,,,,,,,,,,,,206,1,short,A,2026-07-10_14h19.24.080,SBL_superimposed_encoding,,2026.1.3,119.82390684058035,2026-07-10 14h19.24.284312 -0400,
2,36,36,0,stimuli/scenes/scene_J2.jpg,Jungle,Somar,stimuli/items/undersea_animal_20.png,Undersea,animal,si,p,1,0.33764510008040816,None,0,1,1,1,0,36,36,36,,,,,507.6001876000082,,,,,,,,,,,,,,,,,,,,,,,,,,,,,,,,,,,,,,,,507.58950420003384,507.6001876000082,507.6001876000082,509.584666699986,509.584710599971,509.5925581000047,509.5925581000047,509.9345395999262,p,1,0.33764510008040816,None,509.9345982000232,509.9423983999295,510.95853219996206,510.9258211000124,,,,,,,,,,,,,,,,,,,,,,206,1,short,A,2026-07-10_14h19.24.080,SBL_superimposed_encoding,,2026.1.3,119.82390684058035,2026-07-10 14h19.24.284312 -0400,
2,37,37,0,stimuli/scenes/scene_J1.jpg,Jungle,Negvi,stimuli/items/undersea_object_15.png,Undersea,object,si,p,1,0.3636628999374807,None,0,1,1,1,0,37,37,37,,,,,510.95853219996206,,,,,,,,,,,,,,,,,,,,,,,,,,,,,,,,,,,,,,,,510.9493482999969,510.95853219996206,510.95853219996206,512.9347016999964,512.9347453999799,512.9426354999887,512.9426354999887,513.3096418000059,p,1,0.3636628999374807,None,513.3096972999629,513.3173958000261,514.3335144999437,514.3013744000345,,,,,,,,,,,,,,,,,,,,,,206,1,short,A,2026-07-10_14h19.24.080,SBL_superimposed_encoding,,2026.1.3,119.82390684058035,2026-07-10 14h19.24.284312 -0400,
2,38,38,0,stimuli/scenes/scene_U2.jpg,Undersea,Malbow,stimuli/items/jungle_animal_13.png,Jungle,animal,si,p,1,0.37209409999195486,None,0,1,1,1,0,38,38,38,,,,,514.3335144999437,,,,,,,,,,,,,,,,,,,,,,,,,,,,,,,,,,,,,,,,514.3237470999593,514.3335144999437,514.3335144999437,516.3185217999853,516.3186163000064,516.3258046000265,516.3258046000265,516.7013682000106,p,1,0.37209409999195486,None,516.7014246999752,516.7090200999519,517.7251866000006,517.6931515999604,,,,,,,,,,,,,,,,,,,,,,206,1,short,A,2026-07-10_14h19.24.080,SBL_superimposed_encoding,,2026.1.3,119.82390684058035,2026-07-10 14h19.24.284312 -0400,
2,39,39,0,stimuli/scenes/scene_J1.jpg,Jungle,Negvi,stimuli/items/jungle_animal_20.png,Jungle,animal,sc,q,1,0.4127965000225231,None,0,1,1,1,0,39,39,39,,,,,517.7251866000006,,,,,,,,,,,,,,,,,,,,,,,,,,,,,,,,,,,,,,,,517.7146467999555,517.7251866000006,517.7251866000006,519.7016451000236,519.7016888000071,519.7092764999252,519.7092764999252,520.126787199988,q,1,0.4127965000225231,None,520.126845199964,520.1341258999892,521.1424434999935,521.1178328000242,,,,,,,,,,,,,,,,,,,,,,206,1,short,A,2026-07-10_14h19.24.080,SBL_superimposed_encoding,,2026.1.3,119.82390684058035,2026-07-10 14h19.24.284312 -0400,
2,40,40,0,stimuli/scenes/scene_U2.jpg,Undersea,Malbow,stimuli/items/undersea_animal_15.png,Undersea,animal,sc,q,1,0.3803113999310881,None,0,1,1,1,0,40,40,40,,,,,521.1424434999935,,,,,,,,,,,,,,,,,,,,,,,,,,,,,,,,,,,,,,,,521.1372828999301,521.1424434999935,521.1424434999935,523.1271989999805,523.1272401999449,523.1340568999294,523.1340568999294,523.518320000032,q,1,0.3803113999310881,None,523.5183789000148,523.5258575000335,524.5419372000033,524.5093047999544,523.1340568999294,523.1340568999294,,,,,,,,,,,,,,,,,,,,206,1,short,A,2026-07-10_14h19.24.080,SBL_superimposed_encoding,,2026.1.3,119.82390684058035,2026-07-10 14h19.24.284312 -0400,
2,41,41,0,stimuli/scenes/scene_U1.jpg,Undersea,Tulon,stimuli/items/undersea_object_1.png,Undersea,object,sc,q,1,0.4829979999922216,None,0,1,1,1,0,41,41,41,,,,,524.5419372000033,,,,,,,,,,,,,,,,,,,,,,,,,,,,,,,,,,,,,,,,524.5317117000232,524.5419372000033,524.5419372000033,526.5267250000034,526.5268127999734,526.5344110999722,526.5344110999722,527.018268099986,q,1,0.4829979999922216,None,527.0183270999696,527.0260525000049,528.0343236000044,528.0095535999862,,,,,,,,,,,,,,,,,,,,,,206,1,short,A,2026-07-10_14h19.24.080,SBL_superimposed_encoding,,2026.1.3,119.82390684058035,2026-07-10 14h19.24.284312 -0400,
2,42,42,0,stimuli/scenes/scene_U2.jpg,Undersea,Malbow,stimuli/items/jungle_object_8.png,Jungle,object,si,p,1,0.3996721999719739,None,0,1,1,1,0,42,42,42,,,,,528.0343236000044,,,,,,,,,,,,,,,,,,,,,,,,,,,,,,,,,,,,,,,,528.0285994999576,528.0343236000044,528.0343236000044,530.0183987999335,530.0184437999269,530.0257868999615,530.0257868999615,530.4266585999867,p,1,0.3996721999719739,None,530.4267153999535,530.434247200028,531.4580590999685,531.4182407000335,,,,,,,,,,,,,,,,,,,,,,206,1,short,A,2026-07-10_14h19.24.080,SBL_superimposed_encoding,,2026.1.3,119.82390684058035,2026-07-10 14h19.24.284312 -0400,
2,43,43,0,stimuli/scenes/scene_J2.jpg,Jungle,Somar,stimuli/items/jungle_object_11.png,Jungle,object,sc,p,0,0.6240507999900728,None,0,1,1,1,0,43,43,43,,,,,531.4580590999685,,,,,,,,,,,,,,,,,,,,,,,,,,,,,,,,,,,,,,,,531.4457861999981,531.4580590999685,531.4580590999685,533.4269133999478,533.4269576999359,533.4343958999962,533.4343958999962,534.0603310000151,p,0,0.6240507999900728,None,534.0603919000132,534.0676667999942,535.0760999999475,535.0517145999474,,,,,,,,,,,,,,,,,,,,,,206,1,short,A,2026-07-10_14h19.24.080,SBL_superimposed_encoding,,2026.1.3,119.82390684058035,2026-07-10 14h19.24.284312 -0400,
2,44,44,0,stimuli/scenes/scene_U2.jpg,Undersea,Malbow,stimuli/items/jungle_object_6.png,Jungle,object,si,p,1,0.526582199963741,None,0,1,1,1,0,44,44,44,,,,,535.0760999999475,,,,,,,,,,,,,,,,,,,,,,,,,,,,,,,,,,,,,,,,535.0694702999899,535.0760999999475,535.0760999999475,537.0604785999749,537.0605216999538,537.0675328000216,537.0675328000216,537.6016522999853,p,1,0.526582199963741,None,537.601709999959,537.609318700037,538.6179188999813,538.59302749997,537.0675328000216,537.0675328000216,,,,,,,,,,,,,,,,,,,,206,1,short,A,2026-07-10_14h19.24.080,SBL_superimposed_encoding,,2026.1.3,119.82390684058035,2026-07-10 14h19.24.284312 -0400,
2,45,45,0,stimuli/scenes/scene_U1.jpg,Undersea,Tulon,stimuli/items/undersea_animal_17.png,Undersea,animal,sc,q,1,0.32811759994365275,None,0,1,1,1,0,45,45,45,,,,,538.6179188999813,,,,,,,,,,,,,,,,,,,,,,,,,,,,,,,,,,,,,,,,538.6119669999462,538.6179188999813,538.6179188999813,540.6018447999377,540.6019474000204,540.6094816999976,540.6094816999976,540.9434877999593,q,1,0.32811759994365275,None,540.9435468999436,540.951004600036,541.9595630000113,541.9345637999941,,,,,,,,,,,,,,,,,,,,,,206,1,short,A,2026-07-10_14h19.24.080,SBL_superimposed_encoding,,2026.1.3,119.82390684058035,2026-07-10 14h19.24.284312 -0400,
2,46,46,0,stimuli/scenes/scene_U2.jpg,Undersea,Malbow,stimuli/items/undersea_animal_8.png,Undersea,animal,sc,q,1,0.34685979993082583,None,0,1,1,1,0,46,46,46,,,,,541.9595630000113,,,,,,,,,,,,,,,,,,,,,,,,,,,,,,,,,,,,,,,,541.9534862999571,541.9595630000113,541.9595630000113,543.9434059000341,543.9434489000123,543.9511118999217,543.9511118999217,544.3015912999399,q,1,0.34685979993082583,None,544.3016476000194,544.3096830999712,545.3180697000353,545.2930174999638,543.9511118999217,543.9511118999217,,,,,,,,,,,,,,,,,,,,206,1,short,A,2026-07-10_14h19.24.080,SBL_superimposed_encoding,,2026.1.3,119.82390684058035,2026-07-10 14h19.24.284312 -0400,
2,47,47,0,stimuli/scenes/scene_U1.jpg,Undersea,Tulon,stimuli/items/undersea_object_16.png,Undersea,object,sc,q,1,0.5087237999541685,None,0,1,1,1,0,47,47,47,,,,,545.3180697000353,,,,,,,,,,,,,,,,,,,,,,,,,,,,,,,,,,,,,,,,545.3123685999308,545.3180697000353,545.3180697000353,547.3017682000063,547.3018116999883,547.3097378999228,547.3097378999228,547.8191838000203,q,1,0.5087237999541685,None,547.8192447000183,547.8263231000165,548.8439980000257,548.8100476999534,,,,,,,,,,,,,,,,,,,,,,206,1,short,A,2026-07-10_14h19.24.080,SBL_superimposed_encoding,,2026.1.3,119.82390684058035,2026-07-10 14h19.24.284312 -0400,
2,48,48,0,stimuli/scenes/scene_J2.jpg,Jungle,Somar,stimuli/items/jungle_animal_9.png,Jungle,animal,sc,q,1,0.4237274000188336,None,0,1,1,1,0,48,48,48,,,,,548.8439980000257,,,,,,,,,,,,,,,,,,,,,,,,,,,,,,,,,,,,,,,,548.8385764999548,548.8439980000257,548.8439980000257,550.8270431000274,550.8270875000162,550.8346816999838,550.8346816999838,551.2601860000286,q,1,0.4237274000188336,None,551.2602424999932,551.2682950999588,552.2835777000291,552.2519910000265,,,,,,,,,,,,,,,,,,,,,,206,1,short,A,2026-07-10_14h19.24.080,SBL_superimposed_encoding,,2026.1.3,119.82390684058035,2026-07-10 14h19.24.284312 -0400,
2,49,49,0,stimuli/scenes/scene_U1.jpg,Undersea,Tulon,stimuli/items/undersea_animal_11.png,Undersea,animal,sc,q,1,0.39821929996833205,None,0,1,1,1,0,49,49,49,,,,,552.2835777000291,,,,,,,,,,,,,,,,,,,,,,,,,,,,,,,,,,,,,,,,552.2725413999287,552.2835777000291,552.2835777000291,554.2603218000149,554.2603662000038,554.2681673000334,554.2681673000334,554.6684705000371,q,1,0.39821929996833205,None,554.6685274000047,554.6763640999561,555.6927671999438,555.6599881999427,,,,,,,,,,,,,,,,,,,,,,206,1,short,A,2026-07-10_14h19.24.080,SBL_superimposed_encoding,,2026.1.3,119.82390684058035,2026-07-10 14h19.24.284312 -0400,
2,50,50,0,stimuli/scenes/scene_U2.jpg,Undersea,Malbow,stimuli/items/jungle_animal_19.png,Jungle,animal,si,p,1,0.3410394999664277,None,0,1,1,1,0,50,50,50,,,,,555.6927671999438,,,,,,,,,,,,,,,,,,,,,,,,,,,,,,,,,,,,,,,,555.6845981000224,555.6927671999438,555.6927671999438,557.676917099976,557.6769621999701,557.6849875999615,557.6849875999615,558.0272394999629,p,1,0.3410394999664277,None,558.0272975999396,558.0346687999554,559.0431411999743,559.0182314999402,,,,,,,,,,,,,,,,,,,,,,206,1,short,A,2026-07-10_14h19.24.080,SBL_superimposed_encoding,,2026.1.3,119.82390684058035,2026-07-10 14h19.24.284312 -0400,
2,51,51,0,stimuli/scenes/scene_U1.jpg,Undersea,Tulon,stimuli/items/undersea_object_4.png,Undersea,object,sc,q,1,0.49555970006622374,None,0,1,1,1,0,51,51,51,,,,,559.0431411999743,,,,,,,,,,,,,,,,,,,,,,,,,,,,,,,,,,,,,,,,559.036806799937,559.0431411999743,559.0431411999743,561.0274792999262,561.0275208000094,561.0347938999766,561.0347938999766,561.5357097999658,q,1,0.49555970006622374,None,561.5357660999289,561.5431245999644,562.5662195000332,562.5268897999777,561.0347938999766,561.0347938999766,,,,,,,,,,,,,,,,,,,,206,1,short,A,2026-07-10_14h19.24.080,SBL_superimposed_encoding,,2026.1.3,119.82390684058035,2026-07-10 14h19.24.284312 -0400,
2,52,52,0,stimuli/scenes/scene_J2.jpg,Jungle,Somar,stimuli/items/undersea_object_2.png,Undersea,object,si,p,1,0.38675230008084327,None,0,1,1,1,0,52,52,52,,,,,562.5662195000332,,,,,,,,,,,,,,,,,,,,,,,,,,,,,,,,,,,,,,,,562.5541710000252,562.5662195000332,562.5662195000332,564.5437740000198,564.5438187000109,564.5513544999994,564.5513544999994,564.943754900014,p,1,0.38675230008084327,None,564.9438139999984,564.9512935000239,565.9753503999673,565.9350393000059,,,,,,,,,,,,,,,,,,,,,,206,1,short,A,2026-07-10_14h19.24.080,SBL_superimposed_encoding,,2026.1.3,119.82390684058035,2026-07-10 14h19.24.284312 -0400,
2,53,53,0,stimuli/scenes/scene_J1.jpg,Jungle,Negvi,stimuli/items/undersea_object_9.png,Undersea,object,si,p,1,0.667009299970232,None,0,1,1,1,0,53,53,53,,,,,565.9753503999673,,,,,,,,,,,,,,,,,,,,,,,,,,,,,,,,,,,,,,,,565.9632503000321,565.9753503999673,565.9753503999673,567.9438897999935,567.9439356999937,567.9515063000144,567.9515063000144,568.6193553999765,p,1,0.667009299970232,None,568.6194163999753,568.6266072000144,569.6408538999967,569.6105896999361,,,,,,,,,,,,,,,,,,,,,,206,1,short,A,2026-07-10_14h19.24.080,SBL_superimposed_encoding,,2026.1.3,119.82390684058035,2026-07-10 14h19.24.284312 -0400,
2,54,54,0,stimuli/scenes/scene_U1.jpg,Undersea,Tulon,stimuli/items/undersea_animal_18.png,Undersea,animal,sc,q,1,0.42294269998092204,None,0,1,1,1,0,54,54,54,,,,,569.6408538999967,,,,,,,,,,,,,,,,,,,,,,,,,,,,,,,,,,,,,,,,569.630456599989,569.6408538999967,569.6408538999967,571.6275982999941,571.6276752999984,571.6351603999501,571.6351603999501,572.060279999976,q,1,0.42294269998092204,None,572.0603362999391,572.0681725000031,573.084633099963,573.0519679000136,,,,,,,,,,,,,,,,,,,,,,206,1,short,A,2026-07-10_14h19.24.080,SBL_superimposed_encoding,,2026.1.3,119.82390684058035,2026-07-10 14h19.24.284312 -0400,
2,55,55,0,stimuli/scenes/scene_J2.jpg,Jungle,Somar,stimuli/items/undersea_object_13.png,Undersea,object,si,p,1,0.5099656000966206,None,0,1,1,1,0,55,55,55,,,,,573.084633099963,,,,,,,,,,,,,,,,,,,,,,,,,,,,,,,,,,,,,,,,573.0747590999817,573.084633099963,573.084633099963,575.0607313000364,575.060798499966,575.0683381999843,575.0683381999843,575.5855886000209,p,1,0.5099656000966206,None,575.5856458999915,575.5934494999237,576.6097481999313,576.5773809999228,,,,,,,,,,,,,,,,,,,,,,206,1,short,A,2026-07-10_14h19.24.080,SBL_superimposed_encoding,,2026.1.3,119.82390684058035,2026-07-10 14h19.24.284312 -0400,
2,56,56,0,stimuli/scenes/scene_U2.jpg,Undersea,Malbow,stimuli/items/undersea_object_11.png,Undersea,object,sc,p,0,0.44884470000397414,None,0,1,1,1,0,56,56,56,,,,,576.6097481999313,,,,,,,,,,,,,,,,,,,,,,,,,,,,,,,,,,,,,,,,576.6004218999296,576.6097481999313,576.6097481999313,578.5936475000344,578.5936943999259,578.6015354000265,578.6015354000265,579.0522037999472,p,0,0.44884470000397414,None,579.0522624999285,579.0599743999774,580.0762479000259,580.0437442000257,,,,,,,,,,,,,,,,,,,,,,206,1,short,A,2026-07-10_14h19.24.080,SBL_superimposed_encoding,,2026.1.3,119.82390684058035,2026-07-10 14h19.24.284312 -0400,
2,57,57,0,stimuli/scenes/scene_J1.jpg,Jungle,Negvi,stimuli/items/jungle_object_15.png,Jungle,object,sc,q,1,0.31753280002158135,None,0,1,1,1,0,57,57,57,,,,,580.0762479000259,,,,,,,,,,,,,,,,,,,,,,,,,,,,,,,,,,,,,,,,580.0687704000156,580.0762479000259,580.0762479000259,582.0525606999872,582.0526091000065,582.0603361999383,582.0603361999383,582.3855053000152,q,1,0.31753280002158135,None,582.3855635999935,582.3934388000052,583.4081231999444,583.3775109000271,,,,,,,,,,,,,,,,,,,,,,206,1,short,A,2026-07-10_14h19.24.080,SBL_superimposed_encoding,,2026.1.3,119.82390684058035,2026-07-10 14h19.24.284312 -0400,
2,58,58,0,stimuli/scenes/scene_U2.jpg,Undersea,Malbow,stimuli/items/jungle_object_20.png,Jungle,object,si,p,1,0.5046015999978408,None,0,1,1,1,0,58,58,58,,,,,583.4081231999444,,,,,,,,,,,,,,,,,,,,,,,,,,,,,,,,,,,,,,,,583.3976644999348,583.4081231999444,583.4081231999444,585.3859598999843,585.38600519998,585.3934743999271,585.3934743999271,585.9032429000363,p,1,0.5046015999978408,None,585.9033007000107,585.909946699976,586.9262233999325,586.8938046999974,,,,,,,,,,,,,,,,,,,,,,206,1,short,A,2026-07-10_14h19.24.080,SBL_superimposed_encoding,,2026.1.3,119.82390684058035,2026-07-10 14h19.24.284312 -0400,
2,59,59,0,stimuli/scenes/scene_U1.jpg,Undersea,Tulon,stimuli/items/jungle_animal_17.png,Jungle,animal,si,p,1,0.5315456000389531,None,0,1,1,1,0,59,59,59,,,,,586.9262233999325,,,,,,,,,,,,,,,,,,,,,,,,,,,,,,,,,,,,,,,,586.9163932999363,586.9262233999325,586.9262233999325,588.9108905999456,588.9109348999336,588.9185768000316,588.9185768000316,589.4521822999232,p,1,0.5315456000389531,None,589.4522419000277,589.4600643999875,590.4771695999661,590.4438295,,,,,,,,,,,,,,,,,,,,,,206,1,short,A,2026-07-10_14h19.24.080,SBL_superimposed_encoding,,2026.1.3,119.82390684058035,2026-07-10 14h19.24.284312 -0400,
2,60,60,0,stimuli/scenes/scene_J2.jpg,Jungle,Somar,stimuli/items/jungle_object_2.png,Jungle,object,sc,q,1,0.28578819998074323,None,0,1,1,1,0,60,60,60,,,,,590.4771695999661,,,,,,,,,,,,,,,,,,,,,,,,,,,,,,,,,,,,,,,,590.4709339999827,590.4771695999661,590.4771695999661,592.4524475999642,592.4524914999492,592.4605497999582,592.4605497999582,592.7526918000076,q,1,0.28578819998074323,None,592.7527478999691,592.7604062999599,593.7747009999584,593.744056000025,,,,,,,,,,,,,,,,,,,,,,206,1,short,A,2026-07-10_14h19.24.080,SBL_superimposed_encoding,,2026.1.3,119.82390684058035,2026-07-10 14h19.24.284312 -0400,
2,61,61,0,stimuli/scenes/scene_U1.jpg,Undersea,Tulon,stimuli/items/jungle_animal_5.png,Jungle,animal,si,p,1,0.5136037999764085,None,0,1,1,1,0,61,61,61,,,,,593.7747009999584,,,,,,,,,,,,,,,,,,,,,,,,,,,,,,,,,,,,,,,,593.7633135999786,593.7747009999584,593.7747009999584,595.7611669999314,595.7612111000344,595.7685388999525,595.7685388999525,596.2859402999748,p,1,0.5136037999764085,None,596.2859984999523,596.293748499942,597.3073917999864,597.2774057999486,,,,,,,,,,,,,,,,,,,,,,206,1,short,A,2026-07-10_14h19.24.080,SBL_superimposed_encoding,,2026.1.3,119.82390684058035,2026-07-10 14h19.24.284312 -0400,
2,62,62,0,stimuli/scenes/scene_U2.jpg,Undersea,Malbow,stimuli/items/jungle_animal_1.png,Jungle,animal,si,p,1,0.44428279995918274,None,0,1,1,1,0,62,62,62,,,,,597.3073917999864,,,,,,,,,,,,,,,,,,,,,,,,,,,,,,,,,,,,,,,,597.2970941999229,597.3073917999864,597.3073917999864,599.2862585999537,599.2863037999487,599.2938393999357,599.2938393999357,599.7442979000043,p,1,0.44428279995918274,None,599.7443552999757,599.7521499999566,600.7682438000338,600.7359997000312,,,,,,,,,,,,,,,,,,,,,,206,1,short,A,2026-07-10_14h19.24.080,SBL_superimposed_encoding,,2026.1.3,119.82390684058035,2026-07-10 14h19.24.284312 -0400,
2,63,63,0,stimuli/scenes/scene_J2.jpg,Jungle,Somar,stimuli/items/jungle_animal_11.png,Jungle,animal,sc,q,1,0.9382675999077037,None,0,1,1,1,0,63,63,63,,,,,600.7682438000338,,,,,,,,,,,,,,,,,,,,,,,,,,,,,,,,,,,,,,,,600.7574587999843,600.7682438000338,600.7682438000338,602.7447694999864,602.7448444999754,602.751997299958,602.751997299958,603.6946118000196,q,1,0.9382675999077037,None,603.6946701999987,603.701952500036,604.7191674000351,604.6860128999688,,,,,,,,,,,,,,,,,,,,,,206,1,short,A,2026-07-10_14h19.24.080,SBL_superimposed_encoding,,2026.1.3,119.82390684058035,2026-07-10 14h19.24.284312 -0400,
2,64,64,0,stimuli/scenes/scene_J1.jpg,Jungle,Negvi,stimuli/items/jungle_animal_8.png,Jungle,animal,sc,q,1,0.4191969999810681,None,0,1,1,1,0,64,64,64,,,,,604.7191674000351,,,,,,,,,,,,,,,,,,,,,,,,,,,,,,,,,,,,,,,,604.7131246000063,604.7191674000351,604.7191674000351,606.70287249994,606.7029171999311,606.7104463999858,606.7104463999858,607.1361638000235,q,1,0.4191969999810681,None,607.1362221000018,607.1439112999942,608.1524411999853,608.1275075000012,,,,,,,,,,,,,,,,,,,,,,206,1,short,A,2026-07-10_14h19.24.080,SBL_superimposed_encoding,,2026.1.3,119.82390684058035,2026-07-10 14h19.24.284312 -0400,
2,65,65,0,stimuli/scenes/scene_U2.jpg,Undersea,Malbow,stimuli/items/jungle_object_7.png,Jungle,object,si,p,1,0.5535337999463081,None,0,1,1,1,0,65,65,65,,,,,608.1524411999853,,,,,,,,,,,,,,,,,,,,,,,,,,,,,,,,,,,,,,,,608.1469825999811,608.1524411999853,608.1524411999853,610.1365891000023,610.1366310999729,610.14402170002,610.14402170002,610.7024552000221,p,1,0.5535337999463081,None,610.702523099957,610.7106680999277,611.725195499952,611.6941681000171,610.14402170002,610.14402170002,,,,,,,,,,,,,,,,,,,,206,1,short,A,2026-07-10_14h19.24.080,SBL_superimposed_encoding,,2026.1.3,119.82390684058035,2026-07-10 14h19.24.284312 -0400,
2,66,66,0,stimuli/scenes/scene_J1.jpg,Jungle,Negvi,stimuli/items/undersea_animal_6.png,Undersea,animal,si,p,1,0.5075985000003129,None,0,1,1,1,0,66,66,66,,,,,611.725195499952,,,,,,,,,,,,,,,,,,,,,,,,,,,,,,,,,,,,,,,,611.7139563999372,611.725195499952,611.725195499952,613.7028542000335,613.70289830002,613.7107739000348,613.7107739000348,614.2200982000213,p,1,0.5075985000003129,None,614.2201542999828,614.2272692000261,615.2519598000217,615.2108674999326,,,,,,,,,,,,,,,,,,,,,,206,1,short,A,2026-07-10_14h19.24.080,SBL_superimposed_encoding,,2026.1.3,119.82390684058035,2026-07-10 14h19.24.284312 -0400,
2,67,67,0,stimuli/scenes/scene_J2.jpg,Jungle,Somar,stimuli/items/undersea_object_12.png,Undersea,object,si,p,1,0.4385372999822721,None,0,1,1,1,0,67,67,67,,,,,615.2519598000217,,,,,,,,,,,,,,,,,,,,,,,,,,,,,,,,,,,,,,,,615.2417778000236,615.2519598000217,615.2519598000217,617.2280851999531,617.2281289999373,617.2357393000275,617.2357393000275,617.6781775000272,p,1,0.4385372999822721,None,617.6782452999614,617.6855156000238,618.7012060999405,618.6695023999782,,,,,,,,,,,,,,,,,,,,,,206,1,short,A,2026-07-10_14h19.24.080,SBL_superimposed_encoding,,2026.1.3,119.82390684058035,2026-07-10 14h19.24.284312 -0400,
2,68,68,0,stimuli/scenes/scene_J1.jpg,Jungle,Negvi,stimuli/items/jungle_animal_6.png,Jungle,animal,sc,q,1,0.3872374000493437,None,0,1,1,1,0,68,68,68,,,,,618.7012060999405,,,,,,,,,,,,,,,,,,,,,,,,,,,,,,,,,,,,,,,,618.6894928999245,618.7012060999405,618.7012060999405,620.6865529000061,620.6866477000294,620.6942341999384,620.6942341999384,621.0860959999263,q,1,0.3872374000493437,None,621.0861561000347,621.0939099999378,622.1095127000008,622.0776660999982,,,,,,,,,,,,,,,,,,,,,,206,1,short,A,2026-07-10_14h19.24.080,SBL_superimposed_encoding,,2026.1.3,119.82390684058035,2026-07-10 14h19.24.284312 -0400,
2,69,69,0,stimuli/scenes/scene_J2.jpg,Jungle,Somar,stimuli/items/undersea_animal_16.png,Undersea,animal,si,p,1,0.5003426000475883,None,0,1,1,1,0,69,69,69,,,,,622.1095127000008,,,,,,,,,,,,,,,,,,,,,,,,,,,,,,,,,,,,,,,,622.0975364999613,622.1095127000008,622.1095127000008,624.09458299994,624.0946300999494,624.1023254999891,624.1023254999891,624.6034812999424,p,1,0.5003426000475883,None,624.6035386000294,624.6106607000111,625.6274247999536,625.594456300023,,,,,,,,,,,,,,,,,,,,,,206,1,short,A,2026-07-10_14h19.24.080,SBL_superimposed_encoding,,2026.1.3,119.82390684058035,2026-07-10 14h19.24.284312 -0400,
2,70,70,0,stimuli/scenes/scene_U1.jpg,Undersea,Tulon,stimuli/items/jungle_animal_3.png,Jungle,animal,si,p,1,0.4705335999606177,None,0,1,1,1,0,70,70,70,,,,,625.6274247999536,,,,,,,,,,,,,,,,,,,,,,,,,,,,,,,,,,,,,,,,625.6204744999995,625.6274247999536,625.6274247999536,627.6115804000292,627.611676099943,627.619105599937,627.619105599937,628.0947026000358,p,1,0.4705335999606177,None,628.0947612000164,628.1022376000183,629.1185536999255,629.0859279999277,,,,,,,,,,,,,,,,,,,,,,206,1,short,A,2026-07-10_14h19.24.080,SBL_superimposed_encoding,,2026.1.3,119.82390684058035,2026-07-10 14h19.24.284312 -0400,
2,71,71,0,stimuli/scenes/scene_J2.jpg,Jungle,Somar,stimuli/items/undersea_animal_12.png,Undersea,animal,si,p,1,0.4195043999934569,None,0,1,1,1,0,71,71,71,,,,,629.1185536999255,,,,,,,,,,,,,,,,,,,,,,,,,,,,,,,,,,,,,,,,629.1070747999474,629.1185536999255,629.1185536999255,631.103204999934,631.1032511999365,631.1108303000219,631.1108303000219,631.5368259999668,p,1,0.4195043999934569,None,631.5368832999375,631.5442286999896,632.5603455000091,632.5283131999895,,,,,,,,,,,,,,,,,,,,,,206,1,short,A,2026-07-10_14h19.24.080,SBL_superimposed_encoding,,2026.1.3,119.82390684058035,2026-07-10 14h19.24.284312 -0400,
2,72,72,0,stimuli/scenes/scene_U1.jpg,Undersea,Tulon,stimuli/items/jungle_object_12.png,Jungle,object,si,p,1,0.33748250000644475,None,0,1,1,1,0,72,72,72,,,,,632.5603455000091,,,,,,,,,,,,,,,,,,,,,,,,,,,,,,,,,,,,,,,,632.5492961999262,632.5603455000091,632.5603455000091,634.5450987999793,634.5451433999697,634.5528466999531,634.5528466999531,634.8950231999625,p,1,0.33748250000644475,None,634.8950774000259,634.9027640999993,635.9189526999835,635.8867249999894,,,,,,,,,,,,,,,,,,,,,,206,1,short,A,2026-07-10_14h19.24.080,SBL_superimposed_encoding,,2026.1.3,119.82390684058035,2026-07-10 14h19.24.284312 -0400,
2,73,73,0,stimuli/scenes/scene_J2.jpg,Jungle,Somar,stimuli/items/jungle_animal_2.png,Jungle,animal,sc,q,1,0.2425396000035107,None,0,1,1,1,0,73,73,73,,,,,635.9189526999835,,,,,,,,,,,,,,,,,,,,,,,,,,,,,,,,,,,,,,,,635.9096042999299,635.9189526999835,635.9189526999835,637.9033464000095,637.9033902999945,637.9111360999523,637.9111360999523,638.1614280999638,q,1,0.2425396000035107,None,638.1614850999322,638.1691138999304,639.1861539999954,639.1529532999266,,,,,,,,,,,,,,,,,,,,,,206,1,short,A,2026-07-10_14h19.24.080,SBL_superimposed_encoding,,2026.1.3,119.82390684058035,2026-07-10 14h19.24.284312 -0400,
2,74,74,0,stimuli/scenes/scene_J1.jpg,Jungle,Negvi,stimuli/items/jungle_animal_16.png,Jungle,animal,sc,q,1,0.43254380009602755,None,0,1,1,1,0,74,74,74,,,,,639.1861539999954,,,,,,,,,,,,,,,,,,,,,,,,,,,,,,,,,,,,,,,,639.1775677999249,639.1861539999954,639.1861539999954,641.1697945999913,641.1698415999999,641.1773885999573,641.1773885999573,641.6116504999809,q,1,0.43254380009602755,None,641.6117070999462,641.6195281000109,642.6355745999608,642.6030126999831,,,,,,,,,,,,,,,,,,,,,,206,1,short,A,2026-07-10_14h19.24.080,SBL_superimposed_encoding,,2026.1.3,119.82390684058035,2026-07-10 14h19.24.284312 -0400,
2,75,75,0,stimuli/scenes/scene_J2.jpg,Jungle,Somar,stimuli/items/undersea_object_6.png,Undersea,object,si,p,1,0.5103382000233978,None,0,1,1,1,0,75,75,75,,,,,642.6355745999608,,,,,,,,,,,,,,,,,,,,,,,,,,,,,,,,,,,,,,,,642.625426499988,642.6355745999608,642.6355745999608,644.6119372999528,644.6120216000127,644.619026600034,644.619026600034,645.1366560999304,p,1,0.5103382000233978,None,645.1367148000281,645.1443738000235,646.1534054999938,646.1279696000274,,,,,,,,,,,,,,,,,,,,,,206,1,short,A,2026-07-10_14h19.24.080,SBL_superimposed_encoding,,2026.1.3,119.82390684058035,2026-07-10 14h19.24.284312 -0400,
2,76,76,0,stimuli/scenes/scene_J1.jpg,Jungle,Negvi,stimuli/items/jungle_object_13.png,Jungle,object,sc,q,1,0.33013650006614625,None,0,1,1,1,0,76,76,76,,,,,646.1534054999938,,,,,,,,,,,,,,,,,,,,,,,,,,,,,,,,,,,,,,,,646.1479165999917,646.1534054999938,646.1534054999938,648.1370173000032,648.1370667000301,648.1443207999691,648.1443207999691,648.4784688999644,q,1,0.33013650006614625,None,648.4785269999411,648.4860789999366,649.5018646999961,649.4702532999218,648.1443207999691,648.1443207999691,,,,,,,,,,,,,,,,,,,,206,1,short,A,2026-07-10_14h19.24.080,SBL_superimposed_encoding,,2026.1.3,119.82390684058035,2026-07-10 14h19.24.284312 -0400,
2,77,77,0,stimuli/scenes/scene_J2.jpg,Jungle,Somar,stimuli/items/undersea_object_17.png,Undersea,object,si,p,1,0.3953291999641806,None,0,1,1,1,0,77,77,77,,,,,649.5018646999961,,,,,,,,,,,,,,,,,,,,,,,,,,,,,,,,,,,,,,,,649.4901272000279,649.5018646999961,649.5018646999961,651.4786839999724,651.4787668000208,651.4863613999914,651.4863613999914,651.8872598999878,p,1,0.3953291999641806,None,651.8873164999532,651.8946727999719,652.9030800999608,652.8782234999817,,,,,,,,,,,,,,,,,,,,,,206,1,short,A,2026-07-10_14h19.24.080,SBL_superimposed_encoding,,2026.1.3,119.82390684058035,2026-07-10 14h19.24.284312 -0400,
2,78,78,0,stimuli/scenes/scene_J1.jpg,Jungle,Negvi,stimuli/items/undersea_object_3.png,Undersea,object,si,p,1,0.6029977999860421,None,0,1,1,1,0,78,78,78,,,,,652.9030800999608,,,,,,,,,,,,,,,,,,,,,,,,,,,,,,,,,,,,,,,,652.8978928999277,652.9030800999608,652.9030800999608,654.8873494999716,654.887390299933,654.894639999955,654.894639999955,655.5035989999305,p,1,0.6029977999860421,None,655.5036566000199,655.5110155999428,656.5273326999741,656.4949152999325,654.894639999955,654.894639999955,,,,,,,,,,,,,,,,,,,,206,1,short,A,2026-07-10_14h19.24.080,SBL_superimposed_encoding,,2026.1.3,119.82390684058035,2026-07-10 14h19.24.284312 -0400,
2,79,79,0,stimuli/scenes/scene_U1.jpg,Undersea,Tulon,stimuli/items/jungle_object_5.png,Jungle,object,si,p,1,0.3547376999631524,None,0,1,1,1,0,79,79,79,,,,,656.5273326999741,,,,,,,,,,,,,,,,,,,,,,,,,,,,,,,,,,,,,,,,656.5170522999251,656.5273326999741,656.5273326999741,658.5116605999647,658.5117049999535,658.5197367999936,658.5197367999936,658.8787979999324,p,1,0.3547376999631524,None,658.8788543000119,658.886352499947,659.8780360999517,659.8698096999433,,,,,,,,,,,,,,,,,,,,,,206,1,short,A,2026-07-10_14h19.24.080,SBL_superimposed_encoding,,2026.1.3,119.82390684058035,2026-07-10 14h19.24.284312 -0400,
3,0,0,0,stimuli/scenes/scene_U1.jpg,Undersea,Tulon,stimuli/items/jungle_object_10.png,Jungle,object,si,p,1,0.2964321000035852,None,0,2,2,2,0,0,0,0,0,0,0,0,689.3930207999656,,,,,,,,,,,,,,,,,,,,,,,,,,,,,,,,,,,,,,689.330388900009,689.330615599989,689.3807815000182,689.3930207999656,689.3930207999656,691.3372311999556,691.3372777999612,691.3454272999661,691.3454272999661,691.6462795999832,p,1,0.2964321000035852,None,691.6463378999615,691.653723299969,692.6780842000153,692.6373802999733,,,,,659.8756028999342,659.8758274000138,659.876044100034,659.8780360999517,659.8780360999517,659.8780360999517,689.3294433000265,space,29.443498899927363,None,,,,,,,,206,1,short,A,2026-07-10_14h19.24.080,SBL_superimposed_encoding,,2026.1.3,119.82390684058035,2026-07-10 14h19.24.284312 -0400,
3,1,1,0,stimuli/scenes/scene_J2.jpg,Jungle,Somar,stimuli/items/jungle_animal_11.png,Jungle,animal,sc,q,1,0.35615749994758517,None,0,2,2,2,0,1,1,1,,,,,692.6780842000153,,,,,,,,,,,,,,,,,,,,,,,,,,,,,,,,,,,,,,,,692.665871599922,692.6780842000153,692.6780842000153,694.6543777999468,694.6544223999372,694.6619949999731,694.6619949999731,695.0209926000098,q,1,0.35615749994758517,None,695.0210467999568,695.028398699942,696.0448776999256,696.0121457999339,,,,,,,,,,,,,,,,,,,,,,206,1,short,A,2026-07-10_14h19.24.080,SBL_superimposed_encoding,,2026.1.3,119.82390684058035,2026-07-10 14h19.24.284312 -0400,
3,2,2,0,stimuli/scenes/scene_U2.jpg,Undersea,Malbow,stimuli/items/jungle_object_8.png,Jungle,object,si,p,1,0.37271329993382096,None,0,2,2,2,0,2,2,2,,,,,696.0448776999256,,,,,,,,,,,,,,,,,,,,,,,,,,,,,,,,,,,,,,,,696.0360674000112,696.0448776999256,696.0448776999256,698.0293549000053,698.0293983999873,698.0368585999822,698.0368585999822,698.4126618999289,p,1,0.37271329993382096,None,698.4127184000099,698.4201785000041,699.436310500023,699.4040554999374,,,,,,,,,,,,,,,,,,,,,,206,1,short,A,2026-07-10_14h19.24.080,SBL_superimposed_encoding,,2026.1.3,119.82390684058035,2026-07-10 14h19.24.284312 -0400,
3,3,3,0,stimuli/scenes/scene_J2.jpg,Jungle,Somar,stimuli/items/jungle_object_1.png,Jungle,object,sc,q,1,0.3407917999429628,None,0,2,2,2,0,3,3,3,,,,,699.436310500023,,,,,,,,,,,,,,,,,,,,,,,,,,,,,,,,,,,,,,,,699.4251390999416,699.436310500023,699.436310500023,701.4210171999875,701.4210612999741,701.4288679999299,701.4288679999299,701.7712449999526,q,1,0.3407917999429628,None,701.7713015000336,701.7784949999768,702.7953245999524,702.7624050999293,,,,,,,,,,,,,,,,,,,,,,206,1,short,A,2026-07-10_14h19.24.080,SBL_superimposed_encoding,,2026.1.3,119.82390684058035,2026-07-10 14h19.24.284312 -0400,
3,4,4,0,stimuli/scenes/scene_J1.jpg,Jungle,Negvi,stimuli/items/undersea_object_10.png,Undersea,object,si,p,1,0.3913980000652373,None,0,2,2,2,0,4,4,4,,,,,702.7953245999524,,,,,,,,,,,,,,,,,,,,,,,,,,,,,,,,,,,,,,,,702.7870653999271,702.7953245999524,702.7953245999524,704.7795594999334,704.7796546999598,704.786866499926,704.786866499926,705.1793240000261,p,1,0.3913980000652373,None,705.1793785999762,705.1872152999276,706.2030653000111,706.1708941999823,,,,,,,,,,,,,,,,,,,,,,206,1,short,A,2026-07-10_14h19.24.080,SBL_superimposed_encoding,,2026.1.3,119.82390684058035,2026-07-10 14h19.24.284312 -0400,
3,5,5,0,stimuli/scenes/scene_U1.jpg,Undersea,Tulon,stimuli/items/jungle_object_4.png,Jungle,object,si,p,1,0.6309701999416575,None,0,2,2,2,0,5,5,5,,,,,706.2030653000111,,,,,,,,,,,,,,,,,,,,,,,,,,,,,,,,,,,,,,,,706.1932642000029,706.2030653000111,706.2030653000111,708.187909899978,708.1879945999244,708.1953649999341,708.1953649999341,708.8291070000269,p,1,0.6309701999416575,None,708.829164099996,708.8371798000298,709.8512967999559,709.8208886999637,,,,,,,,,,,,,,,,,,,,,,206,1,short,A,2026-07-10_14h19.24.080,SBL_superimposed_encoding,,2026.1.3,119.82390684058035,2026-07-10 14h19.24.284312 -0400,
3,6,6,0,stimuli/scenes/scene_U2.jpg,Undersea,Malbow,stimuli/items/jungle_animal_13.png,Jungle,animal,si,p,1,0.39735580002889037,None,0,2,2,2,0,6,6,6,,,,,709.8512967999559,,,,,,,,,,,,,,,,,,,,,,,,,,,,,,,,,,,,,,,,709.8407879000297,709.8512967999559,709.8512967999559,711.82931619999,711.829410300008,711.8369587999769,711.8369587999769,712.2375699999975,p,1,0.39735580002889037,None,712.2376275999704,712.2453181999736,713.2537079999456,713.2290564000141,,,,,,,,,,,,,,,,,,,,,,206,1,short,A,2026-07-10_14h19.24.080,SBL_superimposed_encoding,,2026.1.3,119.82390684058035,2026-07-10 14h19.24.284312 -0400,
3,7,7,0,stimuli/scenes/scene_U1.jpg,Undersea,Tulon,stimuli/items/jungle_animal_5.png,Jungle,animal,si,p,1,0.46010800008662045,None,0,2,2,2,0,7,7,7,,,,,713.2537079999456,,,,,,,,,,,,,,,,,,,,,,,,,,,,,,,,,,,,,,,,713.2471765999217,713.2537079999456,713.2537079999456,715.2377061999869,715.2377484999597,715.2453778999625,715.2453778999625,715.7129741000244,p,1,0.46010800008662045,None,715.7130310999928,715.7205501999706,716.728874100023,716.7040057999548,715.2453778999625,715.2453778999625,,,,,,,,,,,,,,,,,,,,206,1,short,A,2026-07-10_14h19.24.080,SBL_superimposed_encoding,,2026.1.3,119.82390684058035,2026-07-10 14h19.24.284312 -0400,
3,8,8,0,stimuli/scenes/scene_U2.jpg,Undersea,Malbow,stimuli/items/jungle_object_7.png,Jungle,object,si,p,1,0.4735399999190122,None,0,2,2,2,0,8,8,8,,,,,716.728874100023,,,,,,,,,,,,,,,,,,,,,,,,,,,,,,,,,,,,,,,,716.7226395999314,716.728874100023,716.728874100023,718.7130185000133,718.7130608999869,718.7206831999356,718.7206831999356,719.1960637000157,p,1,0.4735399999190122,None,719.1961192999734,719.2039530000184,720.2276799000101,720.1875379999401,718.7206831999356,718.7206831999356,,,,,,,,,,,,,,,,,,,,206,1,short,A,2026-07-10_14h19.24.080,SBL_superimposed_encoding,,2026.1.3,119.82390684058035,2026-07-10 14h19.24.284312 -0400,
3,9,9,0,stimuli/scenes/scene_J2.jpg,Jungle,Somar,stimuli/items/jungle_animal_2.png,Jungle,animal,sc,q,1,0.28565330000128597,None,0,2,2,2,0,9,9,9,,,,,720.2276799000101,,,,,,,,,,,,,,,,,,,,,,,,,,,,,,,,,,,,,,,,720.2157148999395,720.2276799000101,720.2276799000101,722.1965214000084,722.1966419999953,722.2040161000332,722.2040161000332,722.4965301000047,q,1,0.28565330000128597,None,722.4965854999609,722.5039584999904,723.520698599983,723.4877359999809,,,,,,,,,,,,,,,,,,,,,,206,1,short,A,2026-07-10_14h19.24.080,SBL_superimposed_encoding,,2026.1.3,119.82390684058035,2026-07-10 14h19.24.284312 -0400,
3,10,10,0,stimuli/scenes/scene_J1.jpg,Jungle,Negvi,stimuli/items/jungle_animal_4.png,Jungle,animal,sc,q,1,0.2492933999747038,None,0,2,2,2,0,10,10,10,,,,,723.520698599983,,,,,,,,,,,,,,,,,,,,,,,,,,,,,,,,,,,,,,,,723.5136030999711,723.520698599983,723.520698599983,725.4966869000345,725.4967322000302,725.5042234000284,725.5042234000284,725.7548392999452,q,1,0.2492933999747038,None,725.7548949000193,725.7622578999726,726.7785919000162,726.746026400011,,,,,,,,,,,,,,,,,,,,,,206,1,short,A,2026-07-10_14h19.24.080,SBL_superimposed_encoding,,2026.1.3,119.82390684058035,2026-07-10 14h19.24.284312 -0400,
3,11,11,0,stimuli/scenes/scene_J2.jpg,Jungle,Somar,stimuli/items/jungle_animal_9.png,Jungle,animal,sc,None,0,,,0,2,2,2,0,11,11,11,,,,,726.7785919000162,,,,,,,,,,,,,,,,,,,,,,,,,,,,,,,,,,,,,,,,726.768982199952,726.7785919000162,726.7785919000162,728.7630286000203,728.7630734000122,728.7705987999216,728.7705987999216,729.754407200031,None,0,,,729.7544543999247,729.7624500999227,730.7784059999976,730.7463052999228,,,729.7624500999227,729.7624500999227,,,,,,,,,,,,,,,,,,206,1,short,A,2026-07-10_14h19.24.080,SBL_superimposed_encoding,,2026.1.3,119.82390684058035,2026-07-10 14h19.24.284312 -0400,
3,12,12,0,stimuli/scenes/scene_J1.jpg,Jungle,Negvi,stimuli/items/jungle_object_13.png,Jungle,object,sc,q,1,0.3351829000748694,None,0,2,2,2,0,12,12,12,,,,,730.7784059999976,,,,,,,,,,,,,,,,,,,,,,,,,,,,,,,,,,,,,,,,730.7666275999509,730.7784059999976,730.7784059999976,732.7549781999551,732.7550242999569,732.7623372999951,732.7623372999951,733.1053833999904,q,1,0.3351829000748694,None,733.1054424999747,733.1123017999344,734.137936300016,734.0962152000284,,,,,,,,,,,,,,,,,,,,,,206,1,short,A,2026-07-10_14h19.24.080,SBL_superimposed_encoding,,2026.1.3,119.82390684058035,2026-07-10 14h19.24.284312 -0400,
3,13,13,0,stimuli/scenes/scene_U2.jpg,Undersea,Malbow,stimuli/items/undersea_animal_8.png,Undersea,animal,sc,None,0,,,0,2,2,2,0,13,13,13,,,,,734.137936300016,,,,,,,,,,,,,,,,,,,,,,,,,,,,,,,,,,,,,,,,734.1326032000361,734.137936300016,734.137936300016,736.1135271999519,736.113624199992,736.1205184999853,736.1205184999853,737.1049786999356,None,0,,,737.105024099932,737.1125096000032,738.1279556999216,738.0962021999294,,,737.1125096000032,737.1125096000032,,,,,,,,,,,,,,,,,,206,1,short,A,2026-07-10_14h19.24.080,SBL_superimposed_encoding,,2026.1.3,119.82390684058035,2026-07-10 14h19.24.284312 -0400,
3,14,14,0,stimuli/scenes/scene_U1.jpg,Undersea,Tulon,stimuli/items/jungle_object_5.png,Jungle,object,si,p,1,0.25665310001932085,None,0,2,2,2,0,14,14,14,,,,,738.1279556999216,,,,,,,,,,,,,,,,,,,,,,,,,,,,,,,,,,,,,,,,738.1179353999905,738.1279556999216,738.1279556999216,740.1133019999834,740.1133453999646,740.1211629000027,740.1211629000027,740.3796444999753,p,1,0.25665310001932085,None,740.3797012999421,740.387561099953,741.3958206999814,741.3710156999296,,,,,,,,,,,,,,,,,,,,,,206,1,short,A,2026-07-10_14h19.24.080,SBL_superimposed_encoding,,2026.1.3,119.82390684058035,2026-07-10 14h19.24.284312 -0400,
3,15,15,0,stimuli/scenes/scene_U2.jpg,Undersea,Malbow,stimuli/items/jungle_object_16.png,Jungle,object,si,p,1,0.2543584000086412,None,0,2,2,2,0,15,15,15,,,,,741.3958206999814,,,,,,,,,,,,,,,,,,,,,,,,,,,,,,,,,,,,,,,,741.3903997000307,741.3958206999814,741.3958206999814,743.3799646999687,743.3800360999303,743.3874181000283,743.3874181000283,743.6464548000367,p,1,0.2543584000086412,None,743.6465125000104,743.6542341000168,744.6626198999584,744.6381763999816,743.3874181000283,743.3874181000283,,,,,,,,,,,,,,,,,,,,206,1,short,A,2026-07-10_14h19.24.080,SBL_superimposed_encoding,,2026.1.3,119.82390684058035,2026-07-10 14h19.24.284312 -0400,
3,16,16,0,stimuli/scenes/scene_U1.jpg,Undersea,Tulon,stimuli/items/jungle_animal_17.png,Jungle,animal,si,p,1,0.2518819000106305,None,0,2,2,2,0,16,16,16,,,,,744.6626198999584,,,,,,,,,,,,,,,,,,,,,,,,,,,,,,,,,,,,,,,,744.6564294999698,744.6626198999584,744.6626198999584,746.6466721999459,746.6467421000125,746.6543459999375,746.6543459999375,746.9134364000056,p,1,0.2518819000106305,None,746.9134926999686,746.9208029999863,747.9374099000124,747.9045692000072,,,,,,,,,,,,,,,,,,,,,,206,1,short,A,2026-07-10_14h19.24.080,SBL_superimposed_encoding,,2026.1.3,119.82390684058035,2026-07-10 14h19.24.284312 -0400,
3,17,17,0,stimuli/scenes/scene_J1.jpg,Jungle,Negvi,stimuli/items/undersea_animal_6.png,Undersea,animal,si,p,1,0.3123135999776423,None,0,2,2,2,0,17,17,17,,,,,747.9374099000124,,,,,,,,,,,,,,,,,,,,,,,,,,,,,,,,,,,,,,,,747.9289612999419,747.9374099000124,747.9374099000124,749.9138408999424,749.9139353999635,749.9214125999715,749.9214125999715,750.2387818000279,p,1,0.3123135999776423,None,750.2388352999697,750.2457322999835,751.2543596000178,751.2296602999559,,,,,,,,,,,,,,,,,,,,,,206,1,short,A,2026-07-10_14h19.24.080,SBL_superimposed_encoding,,2026.1.3,119.82390684058035,2026-07-10 14h19.24.284312 -0400,
3,18,18,0,stimuli/scenes/scene_U1.jpg,Undersea,Tulon,stimuli/items/undersea_object_20.png,Undersea,object,sc,p,0,0.3963046999415383,None,0,2,2,2,0,18,18,18,,,,,751.2543596000178,,,,,,,,,,,,,,,,,,,,,,,,,,,,,,,,,,,,,,,,751.24739829998,751.2543596000178,751.2543596000178,753.2391543999547,753.2391955000348,753.2460201999638,753.2460201999638,753.646733499947,p,0,0.3963046999415383,None,753.6467907000333,753.6540984000312,754.671465100022,754.638127299957,753.2460201999638,753.2460201999638,,,,,,,,,,,,,,,,,,,,206,1,short,A,2026-07-10_14h19.24.080,SBL_superimposed_encoding,,2026.1.3,119.82390684058035,2026-07-10 14h19.24.284312 -0400,
3,19,19,0,stimuli/scenes/scene_J2.jpg,Jungle,Somar,stimuli/items/jungle_object_18.png,Jungle,object,sc,q,1,0.25876350002363324,None,0,2,2,2,0,19,19,19,,,,,754.671465100022,,,,,,,,,,,,,,,,,,,,,,,,,,,,,,,,,,,,,,,,754.6656306999503,754.671465100022,754.671465100022,756.6551930999849,756.6552381999791,756.6628403000068,756.6628403000068,756.9301959000295,q,1,0.25876350002363324,None,756.9302525999956,756.9379150000168,757.9538465000223,757.9216877999716,,,,,,,,,,,,,,,,,,,,,,206,1,short,A,2026-07-10_14h19.24.080,SBL_superimposed_encoding,,2026.1.3,119.82390684058035,2026-07-10 14h19.24.284312 -0400,
3,20,20,0,stimuli/scenes/scene_U1.jpg,Undersea,Tulon,stimuli/items/jungle_object_12.png,Jungle,object,si,p,1,0.22439139999914914,None,0,2,2,2,0,20,20,20,,,,,757.9538465000223,,,,,,,,,,,,,,,,,,,,,,,,,,,,,,,,,,,,,,,,757.9427192999283,757.9538465000223,757.9538465000223,759.938526700018,759.9386227999348,759.9459166999441,759.9459166999441,760.171626699972,p,1,0.22439139999914914,None,760.1716800000286,760.1794472000329,761.1958664000267,761.1637282000156,,,,,,,,,,,,,,,,,,,,,,206,1,short,A,2026-07-10_14h19.24.080,SBL_superimposed_encoding,,2026.1.3,119.82390684058035,2026-07-10 14h19.24.284312 -0400,
3,21,21,0,stimuli/scenes/scene_J2.jpg,Jungle,Somar,stimuli/items/undersea_object_13.png,Undersea,object,si,None,0,,,0,2,2,2,0,21,21,21,,,,,761.1958664000267,,,,,,,,,,,,,,,,,,,,,,,,,,,,,,,,,,,,,,,,761.1851113999728,761.1958664000267,761.1958664000267,763.1719705000287,763.172014700016,763.1795585999498,763.1795585999498,764.1635038999375,None,0,,,764.1635485999286,764.1713502999628,765.1873272999655,765.1550910000224,,,764.1713502999628,764.1713502999628,,,,,,,,,,,,,,,,,,206,1,short,A,2026-07-10_14h19.24.080,SBL_superimposed_encoding,,2026.1.3,119.82390684058035,2026-07-10 14h19.24.284312 -0400,
3,22,22,0,stimuli/scenes/scene_U2.jpg,Undersea,Malbow,stimuli/items/undersea_animal_4.png,Undersea,animal,sc,q,1,0.22253529995214194,None,0,2,2,2,0,22,22,22,,,,,765.1873272999655,,,,,,,,,,,,,,,,,,,,,,,,,,,,,,,,,,,,,,,,765.1788995999377,765.1873272999655,765.1873272999655,767.1718206999358,767.1718652999261,767.1796912000282,767.1796912000282,767.4051554999314,q,1,0.22253529995214194,None,767.4052159999264,767.4126856999937,768.4275760999881,768.3965041999472,,,,,,,,,,,,,,,,,,,,,,206,1,short,A,2026-07-10_14h19.24.080,SBL_superimposed_encoding,,2026.1.3,119.82390684058035,2026-07-10 14h19.24.284312 -0400,
3,23,23,0,stimuli/scenes/scene_U1.jpg,Undersea,Tulon,stimuli/items/jungle_animal_3.png,Jungle,animal,si,p,1,0.516827299958095,None,0,2,2,2,0,23,23,23,,,,,768.4275760999881,,,,,,,,,,,,,,,,,,,,,,,,,,,,,,,,,,,,,,,,768.4172628000379,768.4275760999881,768.4275760999881,770.4133100999752,770.4133585999953,770.4214374999283,770.4214374999283,770.947047399939,p,1,0.516827299958095,None,770.9471031000139,770.9547564999666,771.9709093000274,771.9386231999379,,,,,,,,,,,,,,,,,,,,,,206,1,short,A,2026-07-10_14h19.24.080,SBL_superimposed_encoding,,2026.1.3,119.82390684058035,2026-07-10 14h19.24.284312 -0400,
3,24,24,0,stimuli/scenes/scene_U2.jpg,Undersea,Malbow,stimuli/items/undersea_object_5.png,Undersea,object,sc,q,1,0.6156132000032812,None,0,2,2,2,0,24,24,24,,,,,771.9709093000274,,,,,,,,,,,,,,,,,,,,,,,,,,,,,,,,,,,,,,,,771.9611753999488,771.9709093000274,771.9709093000274,773.9471489000134,773.9471920999931,773.9548075000057,773.9548075000057,774.5719752999721,q,1,0.6156132000032812,None,774.5720326999435,774.5798041999806,775.5968739999225,775.5632305999752,,,,,,,,,,,,,,,,,,,,,,206,1,short,A,2026-07-10_14h19.24.080,SBL_superimposed_encoding,,2026.1.3,119.82390684058035,2026-07-10 14h19.24.284312 -0400,
3,25,25,0,stimuli/scenes/scene_J2.jpg,Jungle,Somar,stimuli/items/undersea_animal_7.png,Undersea,animal,si,p,1,0.4301924000028521,None,0,2,2,2,0,25,25,25,,,,,775.5968739999225,,,,,,,,,,,,,,,,,,,,,,,,,,,,,,,,,,,,,,,,775.5911046999972,775.5968739999225,775.5968739999225,777.5722130000358,777.5723112999694,777.5797148999991,777.5797148999991,778.0137081999565,p,1,0.4301924000028521,None,778.0137642000336,778.0212225000141,779.071024899953,779.005419199937,,,,,,,,,,,,,,,,,,,,,,206,1,short,A,2026-07-10_14h19.24.080,SBL_superimposed_encoding,,2026.1.3,119.82390684058035,2026-07-10 14h19.24.284312 -0400,
3,26,26,0,stimuli/scenes/scene_U2.jpg,Undersea,Malbow,stimuli/items/undersea_object_11.png,Undersea,object,sc,p,0,0.42035010003019124,None,0,2,2,2,0,26,26,26,,,,,779.071024899953,,,,,,,,,,,,,,,,,,,,,,,,,,,,,,,,,,,,,,,,779.0625457999995,779.071024899953,779.071024899953,781.0221429000376,781.022186200018,781.02991069993,781.02991069993,781.4553354999516,p,0,0.42035010003019124,None,781.4553952999413,781.4628921999829,782.4794258000329,782.4465822000057,,,,,,,,,,,,,,,,,,,,,,206,1,short,A,2026-07-10_14h19.24.080,SBL_superimposed_encoding,,2026.1.3,119.82390684058035,2026-07-10 14h19.24.284312 -0400,
3,27,27,0,stimuli/scenes/scene_J2.jpg,Jungle,Somar,stimuli/items/jungle_animal_12.png,Jungle,animal,sc,q,1,0.4423448999878019,None,0,2,2,2,0,27,27,27,,,,,782.4794258000329,,,,,,,,,,,,,,,,,,,,,,,,,,,,,,,,,,,,,,,,782.4694404000184,782.4794258000329,782.4794258000329,784.4554510000162,784.4554969000164,784.4631823999807,784.4631823999807,784.9140600999817,q,1,0.4423448999878019,None,784.9141165999463,784.9216629000148,785.9385205999715,785.9052512999624,,,,,,,,,,,,,,,,,,,,,,206,1,short,A,2026-07-10_14h19.24.080,SBL_superimposed_encoding,,2026.1.3,119.82390684058035,2026-07-10 14h19.24.284312 -0400,
3,28,28,0,stimuli/scenes/scene_J1.jpg,Jungle,Negvi,stimuli/items/jungle_object_14.png,Jungle,object,sc,p,0,0.36878129991237074,None,0,2,2,2,0,28,28,28,,,,,785.9385205999715,,,,,,,,,,,,,,,,,,,,,,,,,,,,,,,,,,,,,,,,785.9315760999452,785.9385205999715,785.9385205999715,787.922588699963,787.9226911999285,787.9296609000303,787.9296609000303,788.3057529999642,p,0,0.36878129991237074,None,788.3058113999432,788.3132744999602,789.3295672999229,789.2969330999767,,,,,,,,,,,,,,,,,,,,,,206,1,short,A,2026-07-10_14h19.24.080,SBL_superimposed_encoding,,2026.1.3,119.82390684058035,2026-07-10 14h19.24.284312 -0400,
3,29,29,0,stimuli/scenes/scene_U1.jpg,Undersea,Tulon,stimuli/items/undersea_animal_11.png,Undersea,animal,sc,q,1,0.35174289997667074,None,0,2,2,2,0,29,29,29,,,,,789.3295672999229,,,,,,,,,,,,,,,,,,,,,,,,,,,,,,,,,,,,,,,,789.3209866000107,789.3295672999229,789.3295672999229,791.3141168999719,791.3141611999599,791.3216631999239,791.3216631999239,791.680514000007,q,1,0.35174289997667074,None,791.6805703999707,791.6884417999536,793.4467846000334,792.6718151000096,,,,,,,,,,,,,,,,,,,,,,206,1,short,A,2026-07-10_14h19.24.080,SBL_superimposed_encoding,,2026.1.3,119.82390684058035,2026-07-10 14h19.24.284312 -0400,
3,30,30,0,stimuli/scenes/scene_J1.jpg,Jungle,Negvi,stimuli/items/undersea_object_15.png,Undersea,object,si,p,1,0.9373173000058159,None,0,2,2,2,0,30,30,30,,,,,793.4467846000334,,,,,,,,,,,,,,,,,,,,,,,,,,,,,,,,,,,,,,,,793.437556299963,793.4467846000334,793.4467846000334,794.680989800021,794.6810861999402,794.6884637000039,794.6884637000039,795.6307042000117,p,1,0.9373173000058159,None,795.630768999923,795.6380354999565,797.2607623999938,796.6222386999289,,,,,,,,,,,,,,,,,,,,,,206,1,short,A,2026-07-10_14h19.24.080,SBL_superimposed_encoding,,2026.1.3,119.82390684058035,2026-07-10 14h19.24.284312 -0400,
3,31,31,0,stimuli/scenes/scene_U1.jpg,Undersea,Tulon,stimuli/items/undersea_animal_18.png,Undersea,animal,sc,q,1,0.27566489996388555,None,0,2,2,2,0,31,31,31,,,,,797.2607623999938,,,,,,,,,,,,,,,,,,,,,,,,,,,,,,,,,,,,,,,,797.2469571999973,797.2607623999938,797.2607623999938,798.6395737000275,798.639643499977,798.6464838000247,798.6464838000247,798.9228601999348,q,1,0.27566489996388555,None,798.9229159000097,798.9300458999351,799.9441823000088,799.9140033000149,,,,,,,,,,,,,,,,,,,,,,206,1,short,A,2026-07-10_14h19.24.080,SBL_superimposed_encoding,,2026.1.3,119.82390684058035,2026-07-10 14h19.24.284312 -0400,
3,32,32,0,stimuli/scenes/scene_J1.jpg,Jungle,Negvi,stimuli/items/jungle_object_15.png,Jungle,object,sc,q,1,0.31141399999614805,None,0,2,2,2,0,32,32,32,,,,,799.9441823000088,,,,,,,,,,,,,,,,,,,,,,,,,,,,,,,,,,,,,,,,799.9332887999481,799.9441823000088,799.9441823000088,801.9306817000033,801.9307791999308,801.9387530999957,801.9387530999957,802.255758299958,q,1,0.31141399999614805,None,802.2558120000176,802.2636949999724,803.2789773999248,803.2471900000237,,,,,,,,,,,,,,,,,,,,,,206,1,short,A,2026-07-10_14h19.24.080,SBL_superimposed_encoding,,2026.1.3,119.82390684058035,2026-07-10 14h19.24.284312 -0400,
3,33,33,0,stimuli/scenes/scene_U2.jpg,Undersea,Malbow,stimuli/items/jungle_object_6.png,Jungle,object,si,p,1,0.41847410006448627,None,0,2,2,2,0,33,33,33,,,,,803.2789773999248,,,,,,,,,,,,,,,,,,,,,,,,,,,,,,,,,,,,,,,,803.2688475999748,803.2789773999248,803.2789773999248,805.2638765999582,805.2639206999447,805.2718606999842,805.2718606999842,805.6977464000229,p,1,0.41847410006448627,None,805.6978037999943,805.7053473999258,806.7223308000248,806.6892202999443,,,,,,,,,,,,,,,,,,,,,,206,1,short,A,2026-07-10_14h19.24.080,SBL_superimposed_encoding,,2026.1.3,119.82390684058035,2026-07-10 14h19.24.284312 -0400,
3,34,34,0,stimuli/scenes/scene_J2.jpg,Jungle,Somar,stimuli/items/jungle_object_3.png,Jungle,object,sc,q,1,0.3531469999579713,None,0,2,2,2,0,34,34,34,,,,,806.7223308000248,,,,,,,,,,,,,,,,,,,,,,,,,,,,,,,,,,,,,,,,806.7164659999544,806.7223308000248,806.7223308000248,808.7060747999931,808.7061773999594,808.7133943999652,808.7133943999652,809.0725518999388,q,1,0.3531469999579713,None,809.0726059000008,809.080061799963,810.0964963999577,810.0640139000025,,,,,,,,,,,,,,,,,,,,,,206,1,short,A,2026-07-10_14h19.24.080,SBL_superimposed_encoding,,2026.1.3,119.82390684058035,2026-07-10 14h19.24.284312 -0400,
3,35,35,0,stimuli/scenes/scene_J1.jpg,Jungle,Negvi,stimuli/items/undersea_object_18.png,Undersea,object,si,p,1,0.3135147000430152,None,0,2,2,2,0,35,35,35,,,,,810.0964963999577,,,,,,,,,,,,,,,,,,,,,,,,,,,,,,,,,,,,,,,,810.0856415999588,810.0964963999577,810.0964963999577,812.0726886999328,812.0727321000304,812.0803311000345,812.0803311000345,812.3982341999654,p,1,0.3135147000430152,None,812.3982887000311,812.405089900014,813.4136351000052,813.3887624000199,,,,,,,,,,,,,,,,,,,,,,206,1,short,A,2026-07-10_14h19.24.080,SBL_superimposed_encoding,,2026.1.3,119.82390684058035,2026-07-10 14h19.24.284312 -0400,
3,36,36,0,stimuli/scenes/scene_U2.jpg,Undersea,Malbow,stimuli/items/undersea_animal_3.png,Undersea,animal,sc,p,0,0.6849826000398025,None,0,2,2,2,0,36,36,36,,,,,813.4136351000052,,,,,,,,,,,,,,,,,,,,,,,,,,,,,,,,,,,,,,,,813.4076137000229,813.4136351000052,813.4136351000052,815.3979662000202,815.3980073999846,815.4053348000161,815.4053348000161,816.0980778000085,p,0,0.6849826000398025,None,816.09813389997,816.1053989999928,817.1214933999581,817.0891929999925,815.4053348000161,815.4053348000161,,,,,,,,,,,,,,,,,,,,206,1,short,A,2026-07-10_14h19.24.080,SBL_superimposed_encoding,,2026.1.3,119.82390684058035,2026-07-10 14h19.24.284312 -0400,
3,37,37,0,stimuli/scenes/scene_J2.jpg,Jungle,Somar,stimuli/items/undersea_object_17.png,Undersea,object,si,p,1,0.3207591000245884,None,0,2,2,2,0,37,37,37,,,,,817.1214933999581,,,,,,,,,,,,,,,,,,,,,,,,,,,,,,,,,,,,,,,,817.1107337999856,817.1214933999581,817.1214933999581,819.1064113000175,819.1065075999359,819.1136161999311,819.1136161999311,819.4391972000012,p,1,0.3207591000245884,None,819.4392564999871,819.4471503000241,820.4632760999957,820.4306774999714,,,,,,,,,,,,,,,,,,,,,,206,1,short,A,2026-07-10_14h19.24.080,SBL_superimposed_encoding,,2026.1.3,119.82390684058035,2026-07-10 14h19.24.284312 -0400,
3,38,38,0,stimuli/scenes/scene_U1.jpg,Undersea,Tulon,stimuli/items/undersea_object_16.png,Undersea,object,sc,q,1,0.5075235000113025,None,0,2,2,2,0,38,38,38,,,,,820.4632760999957,,,,,,,,,,,,,,,,,,,,,,,,,,,,,,,,,,,,,,,,820.4544270000188,820.4632760999957,820.4632760999957,822.4393360000104,822.4393816000083,822.4470827999758,822.4470827999758,822.9563841000199,q,1,0.5075235000113025,None,822.956440799986,822.9638583000051,823.9800413999474,823.9476876999252,,,,,,,,,,,,,,,,,,,,,,206,1,short,A,2026-07-10_14h19.24.080,SBL_superimposed_encoding,,2026.1.3,119.82390684058035,2026-07-10 14h19.24.284312 -0400,
3,39,39,0,stimuli/scenes/scene_U2.jpg,Undersea,Malbow,stimuli/items/undersea_object_14.png,Undersea,object,sc,q,1,0.309144499944523,None,0,2,2,2,0,39,39,39,,,,,823.9800413999474,,,,,,,,,,,,,,,,,,,,,,,,,,,,,,,,,,,,,,,,823.9698750999523,823.9800413999474,823.9800413999474,825.9646106000291,825.964655000018,825.9722649999894,825.9722649999894,826.2893735999241,q,1,0.309144499944523,None,826.289455799968,826.2974448000314,827.3117973000044,827.2811082999688,,,,,,,,,,,,,,,,,,,,,,206,1,short,A,2026-07-10_14h19.24.080,SBL_superimposed_encoding,,2026.1.3,119.82390684058035,2026-07-10 14h19.24.284312 -0400,
3,40,40,0,stimuli/scenes/scene_U1.jpg,Undersea,Tulon,stimuli/items/jungle_animal_18.png,Jungle,animal,si,p,1,0.6648636000463739,None,0,2,2,2,0,40,40,40,,,,,827.3117973000044,,,,,,,,,,,,,,,,,,,,,,,,,,,,,,,,,,,,,,,,827.3013434000313,827.3117973000044,827.3117973000044,829.2898333999328,829.2899296999676,829.2972492999397,829.2972492999397,829.9645438999869,p,1,0.6648636000463739,None,829.9646012999583,829.9721679999493,830.9892741999356,830.9562885999912,,,,,,,,,,,,,,,,,,,,,,206,1,short,A,2026-07-10_14h19.24.080,SBL_superimposed_encoding,,2026.1.3,119.82390684058035,2026-07-10 14h19.24.284312 -0400,
3,41,41,0,stimuli/scenes/scene_J2.jpg,Jungle,Somar,stimuli/items/undersea_animal_5.png,Undersea,animal,si,p,1,0.27010550000704825,None,0,2,2,2,0,41,41,41,,,,,830.9892741999356,,,,,,,,,,,,,,,,,,,,,,,,,,,,,,,,,,,,,,,,830.9826357000275,830.9892741999356,830.9892741999356,832.964695099974,832.9647489000345,832.9722509999992,832.9722509999992,833.2480691999663,p,1,0.27010550000704825,None,833.2481220000191,833.2557588999625,834.2639704999747,834.2389839999378,,,,,,,,,,,,,,,,,,,,,,206,1,short,A,2026-07-10_14h19.24.080,SBL_superimposed_encoding,,2026.1.3,119.82390684058035,2026-07-10 14h19.24.284312 -0400,
3,42,42,0,stimuli/scenes/scene_U1.jpg,Undersea,Tulon,stimuli/items/undersea_animal_14.png,Undersea,animal,sc,q,1,0.3460616000229493,None,0,2,2,2,0,42,42,42,,,,,834.2639704999747,,,,,,,,,,,,,,,,,,,,,,,,,,,,,,,,,,,,,,,,834.2572151999921,834.2639704999747,834.2639704999747,836.2479796999833,836.2480289000086,836.2555917999707,836.2555917999707,836.606377899996,q,1,0.3460616000229493,None,836.6064349999651,836.613757199957,837.6304391999729,837.5978097999468,836.2555917999707,836.2555917999707,,,,,,,,,,,,,,,,,,,,206,1,short,A,2026-07-10_14h19.24.080,SBL_superimposed_encoding,,2026.1.3,119.82390684058035,2026-07-10 14h19.24.284312 -0400,
3,43,43,0,stimuli/scenes/scene_U2.jpg,Undersea,Malbow,stimuli/items/jungle_animal_10.png,Jungle,animal,si,p,1,0.24371599999722093,None,0,2,2,2,0,43,43,43,,,,,837.6304391999729,,,,,,,,,,,,,,,,,,,,,,,,,,,,,,,,,,,,,,,,837.6228832999477,837.6304391999729,837.6304391999729,839.6143563999794,839.6144023999805,839.6220267999452,839.6220267999452,839.8727142999414,p,1,0.24371599999722093,None,839.8727723000338,839.880438299966,842.8552295999834,840.864706399967,,,,,,,,,,,,,,,,,,,,,,206,1,short,A,2026-07-10_14h19.24.080,SBL_superimposed_encoding,,2026.1.3,119.82390684058035,2026-07-10 14h19.24.284312 -0400,
3,44,44,0,stimuli/scenes/scene_U1.jpg,Undersea,Tulon,stimuli/items/undersea_object_4.png,Undersea,object,sc,None,0,,,0,2,2,2,0,44,44,44,,,,,842.8552295999834,,,,,,,,,,,,,,,,,,,,,,,,,,,,,,,,,,,,,,,,842.8423455000157,842.8552295999834,842.8552295999834,842.8811425999738,842.8811865999596,842.8888411000371,842.8888411000371,843.8724186000181,None,0,,,843.8724664000329,843.8806533999741,844.8961773000192,844.8642498999834,,,843.8806533999741,843.8806533999741,,,,,,,,,,,,,,,,,,206,1,short,A,2026-07-10_14h19.24.080,SBL_superimposed_encoding,,2026.1.3,119.82390684058035,2026-07-10 14h19.24.284312 -0400,
3,45,45,0,stimuli/scenes/scene_J2.jpg,Jungle,Somar,stimuli/items/undersea_animal_16.png,Undersea,animal,si,p,1,0.2176104000536725,None,0,2,2,2,0,45,45,45,,,,,844.8961773000192,,,,,,,,,,,,,,,,,,,,,,,,,,,,,,,,,,,,,,,,844.8841238999739,844.8961773000192,844.8961773000192,846.8728258999763,846.872873699991,846.8805770999752,846.8805770999752,847.1063663000241,p,1,0.2176104000536725,None,847.1064271000214,847.1140607999405,848.1295577000128,848.0977501999587,,,,,,,,,,,,,,,,,,,,,,206,1,short,A,2026-07-10_14h19.24.080,SBL_superimposed_encoding,,2026.1.3,119.82390684058035,2026-07-10 14h19.24.284312 -0400,
3,46,46,0,stimuli/scenes/scene_U1.jpg,Undersea,Tulon,stimuli/items/undersea_animal_17.png,Undersea,animal,sc,q,1,0.35177219996694475,None,0,2,2,2,0,46,46,46,,,,,848.1295577000128,,,,,,,,,,,,,,,,,,,,,,,,,,,,,,,,,,,,,,,,848.1178637000266,848.1295577000128,848.1295577000128,850.1148289999692,850.1148747999687,850.1222800000105,850.1222800000105,850.4817231999477,q,1,0.35177219996694475,None,850.4817837999435,850.489267500001,851.5055495999986,851.4726377000334,,,,,,,,,,,,,,,,,,,,,,206,1,short,A,2026-07-10_14h19.24.080,SBL_superimposed_encoding,,2026.1.3,119.82390684058035,2026-07-10 14h19.24.284312 -0400,
3,47,47,0,stimuli/scenes/scene_J1.jpg,Jungle,Negvi,stimuli/items/jungle_object_19.png,Jungle,object,sc,q,1,0.3047560000559315,None,0,2,2,2,0,47,47,47,,,,,851.5055495999986,,,,,,,,,,,,,,,,,,,,,,,,,,,,,,,,,,,,,,,,851.4980383999646,851.5055495999986,851.5055495999986,853.4898172999965,853.489862699993,853.4973540999927,853.4973540999927,853.8066092999652,q,1,0.3047560000559315,None,853.8066668999381,853.8144287000177,854.8296647999668,854.7979798000306,,,,,,,,,,,,,,,,,,,,,,206,1,short,A,2026-07-10_14h19.24.080,SBL_superimposed_encoding,,2026.1.3,119.82390684058035,2026-07-10 14h19.24.284312 -0400,
3,48,48,0,stimuli/scenes/scene_U1.jpg,Undersea,Tulon,stimuli/items/jungle_object_17.png,Jungle,object,si,p,1,0.3558971000602469,None,0,2,2,2,0,48,48,48,,,,,854.8296647999668,,,,,,,,,,,,,,,,,,,,,,,,,,,,,,,,,,,,,,,,854.819085999974,854.8296647999668,854.8296647999668,856.8146630999399,856.8147099999478,856.8224356999854,856.8224356999854,857.1819017999806,p,1,0.3558971000602469,None,857.1819584999466,857.1893449999625,858.2063243000302,858.1732535000192,,,,,,,,,,,,,,,,,,,,,,206,1,short,A,2026-07-10_14h19.24.080,SBL_superimposed_encoding,,2026.1.3,119.82390684058035,2026-07-10 14h19.24.284312 -0400,
3,49,49,0,stimuli/scenes/scene_J2.jpg,Jungle,Somar,stimuli/items/jungle_object_11.png,Jungle,object,sc,p,0,0.3561703999293968,None,0,2,2,2,0,49,49,49,,,,,858.2063243000302,,,,,,,,,,,,,,,,,,,,,,,,,,,,,,,,,,,,,,,,858.2003320000367,858.2063243000302,858.2063243000302,860.1899448999902,860.1899890999775,860.1975848999573,860.1975848999573,860.5566009000177,p,0,0.3561703999293968,None,860.5566570999799,860.5643001999706,861.5784163000062,861.5483193999389,,,,,,,,,,,,,,,,,,,,,,206,1,short,A,2026-07-10_14h19.24.080,SBL_superimposed_encoding,,2026.1.3,119.82390684058035,2026-07-10 14h19.24.284312 -0400,
3,50,50,0,stimuli/scenes/scene_U1.jpg,Undersea,Tulon,stimuli/items/undersea_object_7.png,Undersea,object,sc,q,1,0.309393500094302,None,0,2,2,2,0,50,50,50,,,,,861.5784163000062,,,,,,,,,,,,,,,,,,,,,,,,,,,,,,,,,,,,,,,,861.5669999999227,861.5784163000062,861.5784163000062,863.5649379999377,863.5649813000346,863.5726350999903,863.5726350999903,863.8897433999227,q,1,0.309393500094302,None,863.8898016000167,863.8977939999895,864.9140241999412,864.8815766000189,,,,,,,,,,,,,,,,,,,,,,206,1,short,A,2026-07-10_14h19.24.080,SBL_superimposed_encoding,,2026.1.3,119.82390684058035,2026-07-10 14h19.24.284312 -0400,
3,51,51,0,stimuli/scenes/scene_U2.jpg,Undersea,Malbow,stimuli/items/undersea_animal_19.png,Undersea,animal,sc,q,1,0.4718759999377653,None,0,2,2,2,0,51,51,51,,,,,864.9140241999412,,,,,,,,,,,,,,,,,,,,,,,,,,,,,,,,,,,,,,,,864.9053628999973,864.9140241999412,864.9140241999412,866.8900167000247,866.8900618000189,866.8976426000008,866.8976426000008,867.3737997999415,q,1,0.4718759999377653,None,867.3738562000217,867.3812560000224,868.3903280999511,868.3647980999667,,,,,,,,,,,,,,,,,,,,,,206,1,short,A,2026-07-10_14h19.24.080,SBL_superimposed_encoding,,2026.1.3,119.82390684058035,2026-07-10 14h19.24.284312 -0400,
3,52,52,0,stimuli/scenes/scene_J2.jpg,Jungle,Somar,stimuli/items/jungle_animal_14.png,Jungle,animal,sc,q,1,0.46085180004592985,None,0,2,2,2,0,52,52,52,,,,,868.3903280999511,,,,,,,,,,,,,,,,,,,,,,,,,,,,,,,,,,,,,,,,868.384705799981,868.3903280999511,868.3903280999511,870.3739239999559,870.3739667999325,870.3814169999678,870.3814169999678,870.8487838000292,q,1,0.46085180004592985,None,870.8488496999489,870.8562556999968,871.8730231999652,871.8396420000354,870.3814169999678,870.3814169999678,,,,,,,,,,,,,,,,,,,,206,1,short,A,2026-07-10_14h19.24.080,SBL_superimposed_encoding,,2026.1.3,119.82390684058035,2026-07-10 14h19.24.284312 -0400,
3,53,53,0,stimuli/scenes/scene_J1.jpg,Jungle,Negvi,stimuli/items/undersea_object_3.png,Undersea,object,si,p,1,0.8013263999018818,None,0,2,2,2,0,53,53,53,,,,,871.8730231999652,,,,,,,,,,,,,,,,,,,,,,,,,,,,,,,,,,,,,,,,871.8644939999795,871.8730231999652,871.8730231999652,873.8565940000117,873.856640300015,873.864369399962,873.864369399962,874.6733277000021,p,1,0.8013263999018818,None,874.6733826999553,874.6813671999844,875.6978089000331,875.6650945999427,,,,,,,,,,,,,,,,,,,,,,206,1,short,A,2026-07-10_14h19.24.080,SBL_superimposed_encoding,,2026.1.3,119.82390684058035,2026-07-10 14h19.24.284312 -0400,
3,54,54,0,stimuli/scenes/scene_J2.jpg,Jungle,Somar,stimuli/items/undersea_object_12.png,Undersea,object,si,p,1,0.36088419996667653,None,0,2,2,2,0,54,54,54,,,,,875.6978089000331,,,,,,,,,,,,,,,,,,,,,,,,,,,,,,,,,,,,,,,,875.6896248999983,875.6978089000331,875.6978089000331,877.6735534999752,877.6735971999587,877.6814512999263,877.6814512999263,878.0484574999427,p,1,0.36088419996667653,None,878.0485194999492,878.0565082000103,879.0726090000244,879.0398491999367,,,,,,,,,,,,,,,,,,,,,,206,1,short,A,2026-07-10_14h19.24.080,SBL_superimposed_encoding,,2026.1.3,119.82390684058035,2026-07-10 14h19.24.284312 -0400,
3,55,55,0,stimuli/scenes/scene_U1.jpg,Undersea,Tulon,stimuli/items/undersea_object_1.png,Undersea,object,sc,p,0,0.5767803000053391,None,0,2,2,2,0,55,55,55,,,,,879.0726090000244,,,,,,,,,,,,,,,,,,,,,,,,,,,,,,,,,,,,,,,,879.0611661999719,879.0726090000244,879.0726090000244,881.0571528000291,881.0571973000187,881.0647174000042,881.0647174000042,881.6490453999722,p,0,0.5767803000053391,None,881.6491024999414,881.656462199986,882.6725412999513,882.6403270999435,,,,,,,,,,,,,,,,,,,,,,206,1,short,A,2026-07-10_14h19.24.080,SBL_superimposed_encoding,,2026.1.3,119.82390684058035,2026-07-10 14h19.24.284312 -0400,
3,56,56,0,stimuli/scenes/scene_J2.jpg,Jungle,Somar,stimuli/items/undersea_object_6.png,Undersea,object,si,p,1,0.3219319999916479,None,0,2,2,2,0,56,56,56,,,,,882.6725412999513,,,,,,,,,,,,,,,,,,,,,,,,,,,,,,,,,,,,,,,,882.6621438999427,882.6725412999513,882.6725412999513,884.6575323999859,884.6576253999956,884.664658099995,884.664658099995,884.9904626000207,p,1,0.3219319999916479,None,884.9905250000302,884.9982538999757,886.0148573999759,885.9820406000363,,,,,,,,,,,,,,,,,,,,,,206,1,short,A,2026-07-10_14h19.24.080,SBL_superimposed_encoding,,2026.1.3,119.82390684058035,2026-07-10 14h19.24.284312 -0400,
3,57,57,0,stimuli/scenes/scene_J1.jpg,Jungle,Negvi,stimuli/items/jungle_animal_16.png,Jungle,animal,sc,q,1,0.35515570000279695,None,0,2,2,2,0,57,57,57,,,,,886.0148573999759,,,,,,,,,,,,,,,,,,,,,,,,,,,,,,,,,,,,,,,,886.0079682000214,886.0148573999759,886.0148573999759,887.9986534999916,887.9986973999767,888.0066634999821,888.0066634999821,888.3656934000319,q,1,0.35515570000279695,None,888.3657527000178,888.3732939999318,889.3893192999531,889.3569813999347,,,,,,,,,,,,,,,,,,,,,,206,1,short,A,2026-07-10_14h19.24.080,SBL_superimposed_encoding,,2026.1.3,119.82390684058035,2026-07-10 14h19.24.284312 -0400,
3,58,58,0,stimuli/scenes/scene_J2.jpg,Jungle,Somar,stimuli/items/undersea_object_2.png,Undersea,object,si,p,1,0.4685536000179127,None,0,2,2,2,0,58,58,58,,,,,889.3893192999531,,,,,,,,,,,,,,,,,,,,,,,,,,,,,,,,,,,,,,,,889.3779981000116,889.3893192999531,889.3893192999531,891.3735975000309,891.3736441000365,891.3814753999468,891.3814753999468,891.8569170000264,p,1,0.4685536000179127,None,891.8569775000215,891.8647312999237,893.0562774999999,892.848529299954,,,,,,,,,,,,,,,,,,,,,,206,1,short,A,2026-07-10_14h19.24.080,SBL_superimposed_encoding,,2026.1.3,119.82390684058035,2026-07-10 14h19.24.284312 -0400,
3,59,59,0,stimuli/scenes/scene_U1.jpg,Undersea,Tulon,stimuli/items/undersea_animal_1.png,Undersea,animal,sc,q,1,0.43302399991080165,None,0,2,2,2,0,59,59,59,,,,,893.0562774999999,,,,,,,,,,,,,,,,,,,,,,,,,,,,,,,,,,,,,,,,893.0436578999506,893.0562774999999,893.0562774999999,894.865204700036,894.8652506000362,894.8729910999537,894.8729910999537,895.3071363000199,q,1,0.43302399991080165,None,895.3071931999875,895.3150041999761,896.6876625999575,896.2990616000025,,,,,,,,,,,,,,,,,,,,,,206,1,short,A,2026-07-10_14h19.24.080,SBL_superimposed_encoding,,2026.1.3,119.82390684058035,2026-07-10 14h19.24.284312 -0400,
3,60,60,0,stimuli/scenes/scene_J1.jpg,Jungle,Negvi,stimuli/items/jungle_animal_8.png,Jungle,animal,sc,q,1,0.4308992000296712,None,0,2,2,2,0,60,60,60,,,,,896.6876625999575,,,,,,,,,,,,,,,,,,,,,,,,,,,,,,,,,,,,,,,,896.6751953000203,896.6876625999575,896.6876625999575,898.3075126999756,898.3076118000317,898.3152660999913,898.3152660999913,898.7490594999399,q,1,0.4308992000296712,None,898.7491390999639,898.7565755000105,899.7727578999475,899.7405468999641,,,,,,,,,,,,,,,,,,,,,,206,1,short,A,2026-07-10_14h19.24.080,SBL_superimposed_encoding,,2026.1.3,119.82390684058035,2026-07-10 14h19.24.284312 -0400,
3,61,61,0,stimuli/scenes/scene_J2.jpg,Jungle,Somar,stimuli/items/undersea_animal_20.png,Undersea,animal,si,p,1,0.3567336000269279,None,0,2,2,2,0,61,61,61,,,,,899.7727578999475,,,,,,,,,,,,,,,,,,,,,,,,,,,,,,,,,,,,,,,,899.7621184999589,899.7727578999475,899.7727578999475,901.7572196000256,901.7572634000098,901.7653077000286,901.7653077000286,902.1238082000054,p,1,0.3567336000269279,None,902.1238662999822,902.1317596000154,903.1464525000192,903.1156800999306,,,,,,,,,,,,,,,,,,,,,,206,1,short,A,2026-07-10_14h19.24.080,SBL_superimposed_encoding,,2026.1.3,119.82390684058035,2026-07-10 14h19.24.284312 -0400,
3,62,62,0,stimuli/scenes/scene_J1.jpg,Jungle,Negvi,stimuli/items/undersea_animal_10.png,Undersea,animal,si,p,1,0.7660581000382081,None,0,2,2,2,0,62,62,62,,,,,903.1464525000192,,,,,,,,,,,,,,,,,,,,,,,,,,,,,,,,,,,,,,,,903.1345616999315,903.1464525000192,903.1464525000192,905.1241620000219,905.124208400026,905.131515200017,905.131515200017,905.8987471000291,p,1,0.7660581000382081,None,905.8988057000097,905.9065775999334,906.9228286999278,906.890326499939,,,,,,,,,,,,,,,,,,,,,,206,1,short,A,2026-07-10_14h19.24.080,SBL_superimposed_encoding,,2026.1.3,119.82390684058035,2026-07-10 14h19.24.284312 -0400,
3,63,63,0,stimuli/scenes/scene_U2.jpg,Undersea,Malbow,stimuli/items/jungle_animal_1.png,Jungle,animal,si,p,1,0.4471367000369355,None,0,2,2,2,0,63,63,63,,,,,906.9228286999278,,,,,,,,,,,,,,,,,,,,,,,,,,,,,,,,,,,,,,,,906.9125450999709,906.9228286999278,906.9228286999278,908.8990113999462,908.8990571999457,908.9066156999907,908.9066156999907,909.3575399999972,p,1,0.4471367000369355,None,909.3575965999626,909.3650759999873,910.3813785000239,910.3490148999263,,,,,,,,,,,,,,,,,,,,,,206,1,short,A,2026-07-10_14h19.24.080,SBL_superimposed_encoding,,2026.1.3,119.82390684058035,2026-07-10 14h19.24.284312 -0400,
3,64,64,0,stimuli/scenes/scene_J1.jpg,Jungle,Negvi,stimuli/items/jungle_animal_20.png,Jungle,animal,sc,q,1,0.3725994999986142,None,0,2,2,2,0,64,64,64,,,,,910.3813785000239,,,,,,,,,,,,,,,,,,,,,,,,,,,,,,,,,,,,,,,,910.3703856000211,910.3813785000239,910.3813785000239,912.3659158999799,912.3659768999787,912.3735756999813,912.3735756999813,912.7492813999997,q,1,0.3725994999986142,None,912.7493395999772,912.756860399968,913.7652474000352,913.7407849000301,,,,,,,,,,,,,,,,,,,,,,206,1,short,A,2026-07-10_14h19.24.080,SBL_superimposed_encoding,,2026.1.3,119.82390684058035,2026-07-10 14h19.24.284312 -0400,
3,65,65,0,stimuli/scenes/scene_U2.jpg,Undersea,Malbow,stimuli/items/undersea_object_19.png,Undersea,object,sc,q,1,0.6523158999625593,None,0,2,2,2,0,65,65,65,,,,,913.7652474000352,,,,,,,,,,,,,,,,,,,,,,,,,,,,,,,,,,,,,,,,913.7594683000352,913.7652474000352,913.7652474000352,915.7495502999518,915.7496380999219,915.7571876000147,915.7571876000147,916.4160245999228,q,1,0.6523158999625593,None,916.4160834000213,916.4237637999468,917.4389332999708,917.4071174999699,,,,,,,,,,,,,,,,,,,,,,206,1,short,A,2026-07-10_14h19.24.080,SBL_superimposed_encoding,,2026.1.3,119.82390684058035,2026-07-10 14h19.24.284312 -0400,
3,66,66,0,stimuli/scenes/scene_J1.jpg,Jungle,Negvi,stimuli/items/undersea_animal_2.png,Undersea,animal,si,p,1,0.38613860006444156,None,0,2,2,2,0,66,66,66,,,,,917.4389332999708,,,,,,,,,,,,,,,,,,,,,,,,,,,,,,,,,,,,,,,,917.4280446999473,917.4389332999708,917.4389332999708,919.4246036999393,919.4246633999282,919.4320873999968,919.4320873999968,919.8246877000201,p,1,0.38613860006444156,None,919.8247442999855,919.8321504000342,920.8487346000038,920.8158130999655,,,,,,,,,,,,,,,,,,,,,,206,1,short,A,2026-07-10_14h19.24.080,SBL_superimposed_encoding,,2026.1.3,119.82390684058035,2026-07-10 14h19.24.284312 -0400,
3,67,67,0,stimuli/scenes/scene_J2.jpg,Jungle,Somar,stimuli/items/jungle_object_2.png,Jungle,object,sc,q,1,0.2900185000617057,None,0,2,2,2,0,67,67,67,,,,,920.8487346000038,,,,,,,,,,,,,,,,,,,,,,,,,,,,,,,,,,,,,,,,920.842028999934,920.8487346000038,920.8487346000038,922.8329037999501,922.8329982999712,922.8402351000113,922.8402351000113,923.1323580000317,q,1,0.2900185000617057,None,923.1324155000038,923.1404234999791,924.1566982000368,924.1238256000215,,,,,,,,,,,,,,,,,,,,,,206,1,short,A,2026-07-10_14h19.24.080,SBL_superimposed_encoding,,2026.1.3,119.82390684058035,2026-07-10 14h19.24.284312 -0400,
3,68,68,0,stimuli/scenes/scene_U1.jpg,Undersea,Tulon,stimuli/items/jungle_animal_7.png,Jungle,animal,si,p,1,0.49319519998971373,None,0,2,2,2,0,68,68,68,,,,,924.1566982000368,,,,,,,,,,,,,,,,,,,,,,,,,,,,,,,,,,,,,,,,924.1471194999758,924.1566982000368,924.1566982000368,926.1328403999796,926.1329362000106,926.1406623999355,926.1406623999355,926.6412784999702,p,1,0.49319519998971373,None,926.641335299937,926.648477199953,927.6643772999523,927.6323206999805,,,,,,,,,,,,,,,,,,,,,,206,1,short,A,2026-07-10_14h19.24.080,SBL_superimposed_encoding,,2026.1.3,119.82390684058035,2026-07-10 14h19.24.284312 -0400,
3,69,69,0,stimuli/scenes/scene_U2.jpg,Undersea,Malbow,stimuli/items/undersea_object_8.png,Undersea,object,sc,q,1,0.3212652000365779,None,0,2,2,2,0,69,69,69,,,,,927.6643772999523,,,,,,,,,,,,,,,,,,,,,,,,,,,,,,,,,,,,,,,,927.6542653000215,927.6643772999523,927.6643772999523,929.6495902999304,929.6496864999644,929.6569400000153,929.6569400000153,929.9832488999236,q,1,0.3212652000365779,None,929.9833066000137,929.9904175000265,931.0070111999521,930.9740302999271,,,,,,,,,,,,,,,,,,,,,,206,1,short,A,2026-07-10_14h19.24.080,SBL_superimposed_encoding,,2026.1.3,119.82390684058035,2026-07-10 14h19.24.284312 -0400,
3,70,70,0,stimuli/scenes/scene_J1.jpg,Jungle,Negvi,stimuli/items/jungle_object_9.png,Jungle,object,sc,q,1,0.6435405999654904,None,0,2,2,2,0,70,70,70,,,,,931.0070111999521,,,,,,,,,,,,,,,,,,,,,,,,,,,,,,,,,,,,,,,,930.9986049999716,931.0070111999521,931.0070111999521,932.9909525000257,932.9909971000161,932.9988601999357,932.9988601999357,933.6495937999571,q,1,0.6435405999654904,None,933.6496502000373,933.6572083999636,934.6740847999463,934.6409568999661,,,,,,,,,,,,,,,,,,,,,,206,1,short,A,2026-07-10_14h19.24.080,SBL_superimposed_encoding,,2026.1.3,119.82390684058035,2026-07-10 14h19.24.284312 -0400,
3,71,71,0,stimuli/scenes/scene_J2.jpg,Jungle,Somar,stimuli/items/undersea_animal_12.png,Undersea,animal,si,p,1,0.6248088999418542,None,0,2,2,2,0,71,71,71,,,,,934.6740847999463,,,,,,,,,,,,,,,,,,,,,,,,,,,,,,,,,,,,,,,,934.6674716999987,934.6740847999463,934.6740847999463,936.6584604999516,936.658559500007,936.66558479995,936.66558479995,937.29130729998,p,1,0.6248088999418542,None,937.2913738000207,937.2988543999381,938.3151442999952,938.2830558000132,,,,,,,,,,,,,,,,,,,,,,206,1,short,A,2026-07-10_14h19.24.080,SBL_superimposed_encoding,,2026.1.3,119.82390684058035,2026-07-10 14h19.24.284312 -0400,
3,72,72,0,stimuli/scenes/scene_J1.jpg,Jungle,Negvi,stimuli/items/jungle_animal_6.png,Jungle,animal,sc,q,1,0.36648019996937364,None,0,2,2,2,0,72,72,72,,,,,938.3151442999952,,,,,,,,,,,,,,,,,,,,,,,,,,,,,,,,,,,,,,,,938.3038740999764,938.3151442999952,938.3151442999952,940.291495100013,940.2915901000379,940.299147099955,940.299147099955,940.6663538999856,q,1,0.36648019996937364,None,940.6664105999516,940.6737665999681,941.6904328999808,941.657776499982,,,,,,,,,,,,,,,,,,,,,,206,1,short,A,2026-07-10_14h19.24.080,SBL_superimposed_encoding,,2026.1.3,119.82390684058035,2026-07-10 14h19.24.284312 -0400,
3,73,73,0,stimuli/scenes/scene_U2.jpg,Undersea,Malbow,stimuli/items/jungle_animal_19.png,Jungle,animal,si,p,1,0.6477780999848619,None,0,2,2,2,0,73,73,73,,,,,941.6904328999808,,,,,,,,,,,,,,,,,,,,,,,,,,,,,,,,,,,,,,,,941.6827401999617,941.6904328999808,941.6904328999808,943.6745996000245,943.6746439000126,943.6824948999565,943.6824948999565,944.3332363000372,p,1,0.6477780999848619,None,944.3332935000071,944.3408264999744,945.3493994999444,945.3242283000145,,,,,,,,,,,,,,,,,,,,,,206,1,short,A,2026-07-10_14h19.24.080,SBL_superimposed_encoding,,2026.1.3,119.82390684058035,2026-07-10 14h19.24.284312 -0400,
3,74,74,0,stimuli/scenes/scene_J1.jpg,Jungle,Negvi,stimuli/items/undersea_animal_13.png,Undersea,animal,si,p,1,0.4299874999560416,None,0,2,2,2,0,74,74,74,,,,,945.3493994999444,,,,,,,,,,,,,,,,,,,,,,,,,,,,,,,,,,,,,,,,945.3434782000259,945.3493994999444,945.3493994999444,947.3331417000154,947.3331826999784,947.3405682999874,947.3405682999874,947.7748963999329,p,1,0.4299874999560416,None,947.7749529000139,947.7824304000242,948.7960798999993,948.7662273999304,947.3405682999874,947.3405682999874,,,,,,,,,,,,,,,,,,,,206,1,short,A,2026-07-10_14h19.24.080,SBL_superimposed_encoding,,2026.1.3,119.82390684058035,2026-07-10 14h19.24.284312 -0400,
3,75,75,0,stimuli/scenes/scene_U2.jpg,Undersea,Malbow,stimuli/items/undersea_animal_15.png,Undersea,animal,sc,q,1,0.5312770999735221,None,0,2,2,2,0,75,75,75,,,,,948.7960798999993,,,,,,,,,,,,,,,,,,,,,,,,,,,,,,,,,,,,,,,,948.7857653999235,948.7960798999993,948.7960798999993,950.7831981999334,950.7832419000333,950.791134799947,950.791134799947,951.3247635000153,q,1,0.5312770999735221,None,951.3248204999836,951.3324433999369,952.3470656999853,952.3164738999913,,,,,,,,,,,,,,,,,,,,,,206,1,short,A,2026-07-10_14h19.24.080,SBL_superimposed_encoding,,2026.1.3,119.82390684058035,2026-07-10 14h19.24.284312 -0400,
3,76,76,0,stimuli/scenes/scene_J1.jpg,Jungle,Negvi,stimuli/items/undersea_animal_9.png,Undersea,animal,si,p,1,0.293277999968268,None,0,2,2,2,0,76,76,76,,,,,952.3470656999853,,,,,,,,,,,,,,,,,,,,,,,,,,,,,,,,,,,,,,,,952.336034799926,952.3470656999853,952.3470656999853,954.3331609999295,954.3332047000295,954.3410391999641,954.3410391999641,954.6418836000375,p,1,0.293277999968268,None,954.6419405000051,954.6490289999638,955.6575605999678,955.632881199941,,,,,,,,,,,,,,,,,,,,,,206,1,short,A,2026-07-10_14h19.24.080,SBL_superimposed_encoding,,2026.1.3,119.82390684058035,2026-07-10 14h19.24.284312 -0400,
3,77,77,0,stimuli/scenes/scene_U2.jpg,Undersea,Malbow,stimuli/items/jungle_object_20.png,Jungle,object,si,p,1,0.4408298999769613,None,0,2,2,2,0,77,77,77,,,,,955.6575605999678,,,,,,,,,,,,,,,,,,,,,,,,,,,,,,,,,,,,,,,,955.6520412999671,955.6575605999678,955.6575605999678,957.6419803999597,957.6420222999295,957.6489409999922,957.6489409999922,958.0913665000116,p,1,0.4408298999769613,None,958.0914224999724,958.0993290999904,959.1152646000264,959.0830358000239,957.6489409999922,957.6489409999922,,,,,,,,,,,,,,,,,,,,206,1,short,A,2026-07-10_14h19.24.080,SBL_superimposed_encoding,,2026.1.3,119.82390684058035,2026-07-10 14h19.24.284312 -0400,
3,78,78,0,stimuli/scenes/scene_J1.jpg,Jungle,Negvi,stimuli/items/undersea_object_9.png,Undersea,object,si,None,0,,,0,2,2,2,0,78,78,78,,,,,959.1152646000264,,,,,,,,,,,,,,,,,,,,,,,,,,,,,,,,,,,,,,,,959.1043799000327,959.1152646000264,959.1152646000264,961.0915516000241,961.0915959000122,961.099200699944,961.099200699944,962.083000899991,None,0,,,962.0830473999958,962.0908991999459,963.1054620000068,963.0748230000027,,,962.0908991999459,962.0908991999459,,,,,,,,,,,,,,,,,,206,1,short,A,2026-07-10_14h19.24.080,SBL_superimposed_encoding,,2026.1.3,119.82390684058035,2026-07-10 14h19.24.284312 -0400,
3,79,79,0,stimuli/scenes/scene_U2.jpg,Undersea,Malbow,stimuli/items/jungle_animal_15.png,Jungle,animal,si,p,1,0.39895760000217706,None,0,2,2,2,0,79,79,79,,,,,963.1054620000068,,,,,,,,,,,,,,,,,,,,,,,,,,,,,,,,,,,,,,,,963.0949579000007,963.1054620000068,963.1054620000068,965.0916935999412,965.0917947000125,965.0992786999559,965.0992786999559,965.4999709000112,p,1,0.39895760000217706,None,965.5000258999644,965.5075899999356,966.5072738999734,966.4913198000286,,,,,,,,,,,,,,,,,,,,,,206,1,short,A,2026-07-10_14h19.24.080,SBL_superimposed_encoding,,2026.1.3,119.82390684058035,2026-07-10 14h19.24.284312 -0400,
,,,,,,,,,,,,,,,,,,,,,,,,,,,,,,,,,,,,,,,,,,,,,,,,,,,,,,,,,,,,,,,,,,,,,,,,,,,,,,,,,,,,,,,966.4970523000229,966.4972695999313,,,,,,,,,966.5045944999438,966.5072738999734,967.4912512999726,981.0835796999745,space,13.5902810000116,None,206,1,short,A,2026-07-10_14h19.24.080,SBL_superimposed_encoding,,2026.1.3,119.82390684058035,2026-07-10 14h19.24.284312 -0400,
