run,thisN,thisTrialN,thisRepN,scene_stimulus,scene_cat,scene_label,item_stimulus,item_cat,item_type,congruency,key_resp_congruency.keys,key_resp_congruency.corr,key_resp_congruency.rt,key_resp_congruency.duration,runs.thisRepN,runs.thisTrialN,runs.thisN,runs.thisIndex,trials.thisRepN,trials.thisTrialN,trials.thisN,trials.thisIndex,between_run_inst.thisRepN,between_run_inst.thisTrialN,between_run_inst.thisN,between_run_inst.thisIndex,thisRow.t,notes,piloting,get_relatedness_keys.started,get_relatedness_keys.stopped,instructions_screen.started,text_instructions.started,key_welcome.started,instructions_screen.stopped,key_welcome.keys,key_welcome.rt,key_welcome.duration,instruction_keys.started,text_keys.started,key_resp_keysInst.started,instruction_keys.stopped,key_resp_keysInst.keys,key_resp_keysInst.rt,key_resp_keysInst.duration,scene_names_reminder.started,text_reminder.started,image1.started,image2.started,image3.started,image4.started,textbox1.started,textbox2.started,textbox3.started,textbox4.started,key_reminder.started,scene_names_reminder.stopped,key_reminder.keys,key_reminder.rt,key_reminder.duration,blank2000.started,text_2.started,text_2.stopped,blank2000.stopped,get_run_stim_list.started,get_run_stim_list.stopped,scene_item_presentation.started,image_scene.started,image_item.started,scene_item_presentation.stopped,congruency_response.started,text_congruency.started,key_resp_congruency.started,text_congruency.stopped,key_resp_congruency.stopped,congruency_response.stopped,trials.key_resp_congruency.keys,trials.key_resp_congruency.corr,blank1000.started,text.started,text.stopped,blank1000.stopped,trials.key_resp_congruency.rt,trials.key_resp_congruency.duration,is_last_run.started,is_last_run.stopped,between_run_pause.started,text_run_pause.started,text_relatedness_pause.started,key_resp_next_run.started,between_run_pause.stopped,between_run_inst.key_resp_next_run.keys,between_run_inst.key_resp_next_run.rt,between_run_inst.key_resp_next_run.duration,image_scene.stopped,image_item.stopped,end_screen.started,text_end.started,key_end.started,end_screen.stopped,key_end.keys,key_end.rt,key_end.duration,participant,session,delay,group,date,expName,expVersion,psychopyVersion,frameRate,expStart,
,,,,,,,,,,,,,,,,,,,,,,,,,,,,,False,0.002849599812179804,0.0031546999234706163,,,,,,,,,,,,,,,,,,,,,,,,,,,,,,,,,,,,,,,,,,,,,,,,,,,,,,,,,,,,,,,,,,,,,,,,,207,1,short,A,2026-07-13_09h37.28.227,SBL_superimposed_encoding,,2026.1.3,119.19093200916998,2026-07-13 09h37.28.448245 -0400,
,,,,,,,,,,,,,,,,,,,,,,,,,,,,,,,,0.0031818998977541924,0.008647799957543612,1.000074999872595,26.763860899955034,space,25.745888599893078,None,,,,,,,,,,,,,,,,,,,,,,,,,,,,,,,,,,,,,,,,,,,,,,,,,,,,,,,,,,,,,,,,,,207,1,short,A,2026-07-13_09h37.28.227,SBL_superimposed_encoding,,2026.1.3,119.19093200916998,2026-07-13 09h37.28.448245 -0400,
,,,,,,,,,,,,,,,,,,,,,,,,,,,,,,,,,,,,,,,26.789265299914405,26.792044000001624,26.792044000001624,32.01819079997949,space,5.225086000049487,None,,,,,,,,,,,,,,,,,,,,,,,,,,,,,,,,,,,,,,,,,,,,,,,,,,,,,,,,,,,207,1,short,A,2026-07-13_09h37.28.227,SBL_superimposed_encoding,,2026.1.3,119.19093200916998,2026-07-13 09h37.28.448245 -0400,
,,,,,,,,,,,,,,,,,,,,,,,,,,,,,,,,,,,,,,,,,,,,,,32.25748379994184,32.33939359989017,32.33939359989017,32.33939359989017,32.33939359989017,32.33939359989017,32.33939359989017,32.33939359989017,32.33939359989017,32.33939359989017,34.00918349996209,92.22720579989254,space,58.21591059979983,None,,,,,,,,,,,,,,,,,,,,,,,,,,,,,,,,,,,,,,,,,,,,207,1,short,A,2026-07-13_09h37.28.227,SBL_superimposed_encoding,,2026.1.3,119.19093200916998,2026-07-13 09h37.28.448245 -0400,
,,,,,,,,,,,,,,,,,,,,,,,,,,,,,,,,,,,,,,,,,,,,,,,,,,,,,,,,,,,,,92.22724959999323,92.23489989992231,94.32546239998192,94.21838449989446,,,,,,,,,,,,,,,,,,,,,,,,,,,,,,,,,,,,,,,,207,1,short,A,2026-07-13_09h37.28.227,SBL_superimposed_encoding,,2026.1.3,119.19093200916998,2026-07-13 09h37.28.448245 -0400,
1,0,0,0,stimuli/scenes/scene_U2.jpg,Undersea,Negvi,stimuli/items/jungle_object_15.png,Jungle,object,si,None,0,,,0,0,0,0,0,0,0,0,,,,,94.32546239998192,,,,,,,,,,,,,,,,,,,,,,,,,,,,,,,,,,,,,,94.25958539987914,94.25983039988205,94.31358109996654,94.32546239998192,94.32546239998192,96.26091469987296,96.26403589989059,96.2681336000096,96.2681336000096,97.26003669993952,97.26003669993952,97.25212329998612,None,0,97.25217039999552,97.26003669993952,98.28449969994836,98.24385349988006,,,,,,,,,,,,,,,,,,,,,,207,1,short,A,2026-07-13_09h37.28.227,SBL_superimposed_encoding,,2026.1.3,119.19093200916998,2026-07-13 09h37.28.448245 -0400,
1,1,1,0,stimuli/scenes/scene_J1.jpg,Jungle,Malbow,stimuli/items/undersea_animal_14.png,Undersea,animal,si,q,1,0.3889111999887973,None,0,0,0,0,0,1,1,1,,,,,98.28449969994836,,,,,,,,,,,,,,,,,,,,,,,,,,,,,,,,,,,,,,,,98.27461009984836,98.28449969994836,98.28449969994836,100.26071889977902,100.26076249987818,100.26844719983637,100.26844719983637,,,100.66065409989096,q,1,100.66071289987303,100.66841739998199,101.7270270998124,101.6518647999037,0.3889111999887973,None,,,,,,,,,,,,,,,,,,,,207,1,short,A,2026-07-13_09h37.28.227,SBL_superimposed_encoding,,2026.1.3,119.19093200916998,2026-07-13 09h37.28.448245 -0400,
1,2,2,0,stimuli/scenes/scene_J2.jpg,Jungle,Tulon,stimuli/items/jungle_object_17.png,Jungle,object,sc,p,1,0.6208713001105934,None,0,0,0,0,0,2,2,2,,,,,101.7270270998124,,,,,,,,,,,,,,,,,,,,,,,,,,,,,,,,,,,,,,,,101.71972739999183,101.7270270998124,101.7270270998124,103.66083660000004,103.66088330000639,103.66856649983674,103.66856649983674,,,104.29459129995666,p,1,104.29465049994178,104.30174479982816,105.32637369981967,105.28542919992469,0.6208713001105934,None,,,,,,,,,,,,,,,,,,,,207,1,short,A,2026-07-13_09h37.28.227,SBL_superimposed_encoding,,2026.1.3,119.19093200916998,2026-07-13 09h37.28.448245 -0400,
1,3,3,0,stimuli/scenes/scene_U1.jpg,Undersea,Somar,stimuli/items/undersea_object_11.png,Undersea,object,sc,q,0,0.4031947001349181,None,0,0,0,0,0,3,3,3,,,,,105.32637369981967,,,,,,,,,,,,,,,,,,,,,,,,,,,,,,,,,,,,,,,,105.31806859979406,105.32637369981967,105.32637369981967,107.30264449981041,107.30268999980763,107.31000890000723,107.31000890000723,,,107.7192479998339,q,0,107.71930589992553,107.72690449981019,108.8022734997794,108.7109045998659,0.4031947001349181,None,,,,,,,,,,,,,,,,,,,,207,1,short,A,2026-07-13_09h37.28.227,SBL_superimposed_encoding,,2026.1.3,119.19093200916998,2026-07-13 09h37.28.448245 -0400,
1,4,4,0,stimuli/scenes/scene_J2.jpg,Jungle,Tulon,stimuli/items/jungle_animal_9.png,Jungle,animal,sc,p,1,0.42614250001497567,None,0,0,0,0,0,4,4,4,,,,,108.8022734997794,,,,,,,,,,,,,,,,,,,,,,,,,,,,,,,,,,,,,,,,108.79432709980756,108.8022734997794,108.8022734997794,110.71949159982614,110.71958759985864,110.72690259991214,110.72690259991214,,,111.16091779991984,p,1,111.16097729979083,111.16854499978945,112.18510759994388,112.15217609982938,0.42614250001497567,None,,,,,,,,,,,,,,,,,,,,207,1,short,A,2026-07-13_09h37.28.227,SBL_superimposed_encoding,,2026.1.3,119.19093200916998,2026-07-13 09h37.28.448245 -0400,
1,5,5,0,stimuli/scenes/scene_U1.jpg,Undersea,Somar,stimuli/items/jungle_object_11.png,Jungle,object,si,q,1,0.29699239996261895,None,0,0,0,0,0,5,5,5,,,,,112.18510759994388,,,,,,,,,,,,,,,,,,,,,,,,,,,,,,,,,,,,,,,,112.17730809981003,112.18510759994388,112.18510759994388,114.16129299998283,114.16133739985526,114.16868569981307,114.16868569981307,,,114.46925689978525,q,1,114.4693152999971,114.47719989996403,115.51826889999211,115.46072239987552,0.29699239996261895,None,,,,,,,,,,,,,,,,,,,,207,1,short,A,2026-07-13_09h37.28.227,SBL_superimposed_encoding,,2026.1.3,119.19093200916998,2026-07-13 09h37.28.448245 -0400,
1,6,6,0,stimuli/scenes/scene_J1.jpg,Jungle,Malbow,stimuli/items/jungle_object_6.png,Jungle,object,sc,p,1,0.3559904999565333,None,0,0,0,0,0,6,6,6,,,,,115.51826889999211,,,,,,,,,,,,,,,,,,,,,,,,,,,,,,,,,,,,,,,,115.5086369998753,115.51826889999211,115.51826889999211,117.47786220000125,117.47795899980702,117.48567109997384,117.48567109997384,,,117.84467249992304,p,1,117.84473039978184,117.85198659985326,118.8766386997886,118.8360124998726,0.3559904999565333,None,,,,,,,,,,,,,,,,,,,,207,1,short,A,2026-07-13_09h37.28.227,SBL_superimposed_encoding,,2026.1.3,119.19093200916998,2026-07-13 09h37.28.448245 -0400,
1,7,7,0,stimuli/scenes/scene_U2.jpg,Undersea,Negvi,stimuli/items/undersea_animal_7.png,Undersea,animal,sc,p,1,0.3254812001250684,None,0,0,0,0,0,7,7,7,,,,,118.8766386997886,,,,,,,,,,,,,,,,,,,,,,,,,,,,,,,,,,,,,,,,118.8692991998978,118.8766386997886,118.8766386997886,120.85269139986485,120.85273769986816,120.86018029996194,120.86018029996194,,,121.194150299998,p,1,121.19420989998616,121.20182839990593,122.23373909993097,122.18602189980447,0.3254812001250684,None,,,,,,,,,,,,,,,,,,,,207,1,short,A,2026-07-13_09h37.28.227,SBL_superimposed_encoding,,2026.1.3,119.19093200916998,2026-07-13 09h37.28.448245 -0400,
1,8,8,0,stimuli/scenes/scene_J1.jpg,Jungle,Malbow,stimuli/items/jungle_animal_16.png,Jungle,animal,sc,p,1,0.5674058999866247,None,0,0,0,0,0,8,8,8,,,,,122.23373909993097,,,,,,,,,,,,,,,,,,,,,,,,,,,,,,,,,,,,,,,,122.2229917999357,122.23373909993097,122.23373909993097,124.1946430997923,124.19474269985221,124.20225479989313,124.20225479989313,,,124.77786999987438,p,1,124.77793119987473,124.78566859988496,125.81861939979717,125.76924729999155,0.5674058999866247,None,,,,,,,,,,,,,,,,,,,,207,1,short,A,2026-07-13_09h37.28.227,SBL_superimposed_encoding,,2026.1.3,119.19093200916998,2026-07-13 09h37.28.448245 -0400,
1,9,9,0,stimuli/scenes/scene_U2.jpg,Undersea,Negvi,stimuli/items/undersea_animal_16.png,Undersea,animal,sc,p,1,0.5037332000210881,None,0,0,0,0,0,9,9,9,,,,,125.81861939979717,,,,,,,,,,,,,,,,,,,,,,,,,,,,,,,,,,,,,,,,125.81104599987157,125.81861939979717,125.81861939979717,127.7780318998266,127.77809869986959,127.78552359994501,127.78552359994501,,,128.29475349979475,p,1,128.29481439990923,128.30231189983897,129.32692619995214,129.2860200998839,0.5037332000210881,None,,,,,,,,,,,,,,,,,,,,207,1,short,A,2026-07-13_09h37.28.227,SBL_superimposed_encoding,,2026.1.3,119.19093200916998,2026-07-13 09h37.28.448245 -0400,
1,10,10,0,stimuli/scenes/scene_J1.jpg,Jungle,Malbow,stimuli/items/undersea_animal_15.png,Undersea,animal,si,q,1,0.6196053000167012,None,0,0,0,0,0,10,10,10,,,,,129.32692619995214,,,,,,,,,,,,,,,,,,,,,,,,,,,,,,,,,,,,,,,,129.3197468998842,129.32692619995214,129.32692619995214,131.29504879983142,131.29513359977864,131.30207639979199,131.30207639979199,,,131.92835429986008,q,1,131.92841229983605,131.9355553998612,132.99213469983079,132.91939159994945,0.6196053000167012,None,,,,,,,,,,,,,,,,,,,,207,1,short,A,2026-07-13_09h37.28.227,SBL_superimposed_encoding,,2026.1.3,119.19093200916998,2026-07-13 09h37.28.448245 -0400,
1,11,11,0,stimuli/scenes/scene_U1.jpg,Undersea,Somar,stimuli/items/jungle_animal_19.png,Jungle,animal,si,q,1,0.6259308001026511,None,0,0,0,0,0,11,11,11,,,,,132.99213469983079,,,,,,,,,,,,,,,,,,,,,,,,,,,,,,,,,,,,,,,,132.98156069987454,132.99213469983079,132.99213469983079,134.93643979984336,134.9364836998284,134.94403599994257,134.94403599994257,,,135.57803369988687,q,1,135.57809219998308,135.5858411998488,136.60772999981418,136.56910089985467,0.6259308001026511,None,,,,,,,,,,,,,,,,,,,,207,1,short,A,2026-07-13_09h37.28.227,SBL_superimposed_encoding,,2026.1.3,119.19093200916998,2026-07-13 09h37.28.448245 -0400,
1,12,12,0,stimuli/scenes/scene_U2.jpg,Undersea,Negvi,stimuli/items/jungle_object_13.png,Jungle,object,si,q,1,0.43978300015442073,None,0,0,0,0,0,12,12,12,,,,,136.60772999981418,,,,,,,,,,,,,,,,,,,,,,,,,,,,,,,,,,,,,,,,136.59762559994124,136.60772999981418,136.60772999981418,138.57817689981312,138.57822129991837,138.58557219989598,138.58557219989598,,,139.02803309983574,q,1,139.02809549984522,139.03554199985228,140.09363759984262,140.01967829978094,0.43978300015442073,None,,,,,,,,,,,,,,,,,,,,207,1,short,A,2026-07-13_09h37.28.227,SBL_superimposed_encoding,,2026.1.3,119.19093200916998,2026-07-13 09h37.28.448245 -0400,
1,13,13,0,stimuli/scenes/scene_J2.jpg,Jungle,Tulon,stimuli/items/jungle_animal_20.png,Jungle,animal,sc,p,1,0.5651474001351744,None,0,0,0,0,0,13,13,13,,,,,140.09363759984262,,,,,,,,,,,,,,,,,,,,,,,,,,,,,,,,,,,,,,,,140.08311959984712,140.09363759984262,140.09363759984262,142.0364003998693,142.03644499997608,142.04394949995913,142.04394949995913,,,142.61174159985967,p,1,142.6118002999574,142.6191001997795,143.6498358999379,143.60327179986052,0.5651474001351744,None,,,,,,,,,,,,,,,,,,,,207,1,short,A,2026-07-13_09h37.28.227,SBL_superimposed_encoding,,2026.1.3,119.19093200916998,2026-07-13 09h37.28.448245 -0400,
1,14,14,0,stimuli/scenes/scene_U2.jpg,Undersea,Negvi,stimuli/items/jungle_animal_7.png,Jungle,animal,si,q,1,0.5656028999947011,None,0,0,0,0,0,14,14,14,,,,,143.6498358999379,,,,,,,,,,,,,,,,,,,,,,,,,,,,,,,,,,,,,,,,143.63879579980858,143.6498358999379,143.6498358999379,145.61984169995412,145.61988639994524,145.62764759990387,145.62764759990387,,,146.19471629988402,q,1,146.19477529986762,146.20260059996508,147.25846149981953,147.18609299999662,0.5656028999947011,None,,,,,,,,,,,,,,,,,,,,207,1,short,A,2026-07-13_09h37.28.227,SBL_superimposed_encoding,,2026.1.3,119.19093200916998,2026-07-13 09h37.28.448245 -0400,
1,15,15,0,stimuli/scenes/scene_J1.jpg,Jungle,Malbow,stimuli/items/undersea_object_9.png,Undersea,object,si,None,0,,,0,0,0,0,0,15,15,15,,,,,147.25846149981953,,,,,,,,,,,,,,,,,,,,,,,,,,,,,,,,,,,,,,,,147.24767819978297,147.25846149981953,147.25846149981953,149.195179999806,149.1952254998032,149.20271909981966,149.20271909981966,150.19437739998102,150.19437739998102,150.18632079986855,None,0,150.18636799999513,150.19437739998102,151.23564369999804,151.17819309979677,,,,,,,,,,,,,,,,,,,,,,207,1,short,A,2026-07-13_09h37.28.227,SBL_superimposed_encoding,,2026.1.3,119.19093200916998,2026-07-13 09h37.28.448245 -0400,
1,16,16,0,stimuli/scenes/scene_U2.jpg,Undersea,Negvi,stimuli/items/jungle_animal_15.png,Jungle,animal,si,q,1,0.2705806999001652,None,0,0,0,0,0,16,16,16,,,,,151.23564369999804,,,,,,,,,,,,,,,,,,,,,,,,,,,,,,,,,,,,,,,,151.22684089979157,151.23564369999804,151.23564369999804,153.19513229979202,153.1951791997999,153.2026252998039,153.2026252998039,,,153.47864589979872,q,1,153.47870229999535,153.48595969984308,154.51946199988015,154.470136199845,0.2705806999001652,None,,,,,,,,,,,,,,,,,,,,207,1,short,A,2026-07-13_09h37.28.227,SBL_superimposed_encoding,,2026.1.3,119.19093200916998,2026-07-13 09h37.28.448245 -0400,
1,17,17,0,stimuli/scenes/scene_U1.jpg,Undersea,Somar,stimuli/items/undersea_animal_10.png,Undersea,animal,sc,p,1,0.466920199804008,None,0,0,0,0,0,17,17,17,,,,,154.51946199988015,,,,,,,,,,,,,,,,,,,,,,,,,,,,,,,,,,,,,,,,154.51236459985375,154.51946199988015,154.51946199988015,156.4866315999534,156.48667619982734,156.4945971998386,156.4945971998386,,,156.9701959998347,p,1,156.97025319980457,156.97766909981146,158.00293439999223,157.96161989984103,0.466920199804008,None,,,,,,,,,,,,,,,,,,,,207,1,short,A,2026-07-13_09h37.28.227,SBL_superimposed_encoding,,2026.1.3,119.19093200916998,2026-07-13 09h37.28.448245 -0400,
1,18,18,0,stimuli/scenes/scene_U2.jpg,Undersea,Negvi,stimuli/items/jungle_object_14.png,Jungle,object,si,q,1,0.38384060002863407,None,0,0,0,0,0,18,18,18,,,,,158.00293439999223,,,,,,,,,,,,,,,,,,,,,,,,,,,,,,,,,,,,,,,,157.99691109987907,158.00293439999223,158.00293439999223,159.97855499992147,159.97865169984289,159.98588950000703,159.98588950000703,,,160.37037629983388,q,1,160.3704346998129,160.3775923999492,161.4113139999099,161.36157509987243,0.38384060002863407,None,,,,,,,,,,,,,,,,,,,,207,1,short,A,2026-07-13_09h37.28.227,SBL_superimposed_encoding,,2026.1.3,119.19093200916998,2026-07-13 09h37.28.448245 -0400,
1,19,19,0,stimuli/scenes/scene_J2.jpg,Jungle,Tulon,stimuli/items/undersea_object_10.png,Undersea,object,si,q,1,0.5514338999055326,None,0,0,0,0,0,19,19,19,,,,,161.4113139999099,,,,,,,,,,,,,,,,,,,,,,,,,,,,,,,,,,,,,,,,161.4042103998363,161.4113139999099,161.4113139999099,163.37860599998385,163.37870319979265,163.38598539982922,163.38598539982922,,,163.94497259985656,q,1,163.94502989994362,163.95281819999218,164.99425769993104,164.93693530000746,0.5514338999055326,None,,,,,,,,,,,,,,,,,,,,207,1,short,A,2026-07-13_09h37.28.227,SBL_superimposed_encoding,,2026.1.3,119.19093200916998,2026-07-13 09h37.28.448245 -0400,
1,20,20,0,stimuli/scenes/scene_J1.jpg,Jungle,Malbow,stimuli/items/jungle_animal_4.png,Jungle,animal,sc,p,1,0.34412109991535544,None,0,0,0,0,0,20,20,20,,,,,164.99425769993104,,,,,,,,,,,,,,,,,,,,,,,,,,,,,,,,,,,,,,,,164.98448219988495,164.99425769993104,164.99425769993104,166.94534089998342,166.94543550000526,166.95279259979725,166.95279259979725,,,167.30387399997562,p,1,167.30393229983747,167.31126639992,168.33431199984625,168.2950369999744,0.34412109991535544,None,,,,,,,,,,,,,,,,,,,,207,1,short,A,2026-07-13_09h37.28.227,SBL_superimposed_encoding,,2026.1.3,119.19093200916998,2026-07-13 09h37.28.448245 -0400,
1,21,21,0,stimuli/scenes/scene_J2.jpg,Jungle,Tulon,stimuli/items/jungle_animal_2.png,Jungle,animal,sc,p,1,0.30549379996955395,None,0,0,0,0,0,21,21,21,,,,,168.33431199984625,,,,,,,,,,,,,,,,,,,,,,,,,,,,,,,,,,,,,,,,168.3227348998189,168.33431199984625,168.33431199984625,170.31208619987592,170.3121563999448,170.31968620000407,170.31968620000407,,,170.62844199989922,p,1,170.62850089999847,170.6366133999545,171.7013893998228,171.62031139992177,0.30549379996955395,None,,,,,,,,,,,,,,,,,,,,207,1,short,A,2026-07-13_09h37.28.227,SBL_superimposed_encoding,,2026.1.3,119.19093200916998,2026-07-13 09h37.28.448245 -0400,
1,22,22,0,stimuli/scenes/scene_U1.jpg,Undersea,Somar,stimuli/items/jungle_object_18.png,Jungle,object,si,q,1,0.6048539998009801,None,0,0,0,0,0,22,22,22,,,,,171.7013893998228,,,,,,,,,,,,,,,,,,,,,,,,,,,,,,,,,,,,,,,,171.6900690998882,171.7013893998228,171.7013893998228,173.6287969998084,173.62888819980435,173.63644539983943,173.63644539983943,,,174.24568329984322,q,1,174.2457412998192,174.25304459990002,175.28605949995108,175.23698129993863,0.6048539998009801,None,,,,,,,,,,,,,,,,,,,,207,1,short,A,2026-07-13_09h37.28.227,SBL_superimposed_encoding,,2026.1.3,119.19093200916998,2026-07-13 09h37.28.448245 -0400,
1,23,23,0,stimuli/scenes/scene_J2.jpg,Jungle,Tulon,stimuli/items/jungle_animal_12.png,Jungle,animal,sc,p,1,0.4043347998522222,None,0,0,0,0,0,23,23,23,,,,,175.28605949995108,,,,,,,,,,,,,,,,,,,,,,,,,,,,,,,,,,,,,,,,175.2761426998768,175.28605949995108,175.28605949995108,177.25389449996874,177.25398909999058,177.26121229981072,177.26121229981072,,,177.67072149994783,p,1,177.67077989992686,177.67816559993662,178.70193759980612,178.66161670000292,0.4043347998522222,None,,,,,,,,,,,,,,,,,,,,207,1,short,A,2026-07-13_09h37.28.227,SBL_superimposed_encoding,,2026.1.3,119.19093200916998,2026-07-13 09h37.28.448245 -0400,
1,24,24,0,stimuli/scenes/scene_J1.jpg,Jungle,Malbow,stimuli/items/jungle_animal_11.png,Jungle,animal,sc,p,1,0.4907420000527054,None,0,0,0,0,0,24,24,24,,,,,178.70193759980612,,,,,,,,,,,,,,,,,,,,,,,,,,,,,,,,,,,,,,,,178.69011779990979,178.70193759980612,178.70193759980612,180.67090739984997,180.67098019993864,180.67830469994806,180.67830469994806,,,181.17045239987783,p,1,181.17051309999079,181.17793289991096,182.194171999814,182.16154279978946,0.4907420000527054,None,,,,,,,,,,,,,,,,,,,,207,1,short,A,2026-07-13_09h37.28.227,SBL_superimposed_encoding,,2026.1.3,119.19093200916998,2026-07-13 09h37.28.448245 -0400,
1,25,25,0,stimuli/scenes/scene_J2.jpg,Jungle,Tulon,stimuli/items/undersea_animal_1.png,Undersea,animal,si,q,1,0.5031530000269413,None,0,0,0,0,0,25,25,25,,,,,182.194171999814,,,,,,,,,,,,,,,,,,,,,,,,,,,,,,,,,,,,,,,,182.1840798999183,182.194171999814,182.194171999814,184.17862289980985,184.1786791998893,184.18624740000814,184.18624740000814,,,184.6956317999866,q,1,184.69569009984843,184.7032811997924,185.7365645999089,185.68690839991905,0.5031530000269413,None,,,,,,,,,,,,,,,,,,,,207,1,short,A,2026-07-13_09h37.28.227,SBL_superimposed_encoding,,2026.1.3,119.19093200916998,2026-07-13 09h37.28.448245 -0400,
1,26,26,0,stimuli/scenes/scene_U2.jpg,Undersea,Negvi,stimuli/items/undersea_object_19.png,Undersea,object,sc,q,0,0.531211799941957,None,0,0,0,0,0,26,26,26,,,,,185.7365645999089,,,,,,,,,,,,,,,,,,,,,,,,,,,,,,,,,,,,,,,,185.7305157999508,185.7365645999089,185.7365645999089,187.70413549989462,187.70418039988726,187.7117733999621,187.7117733999621,,,188.2454098998569,q,0,188.24546849983744,188.25323219993152,189.28615669999272,189.2369500999339,0.531211799941957,None,,,,,,,,,,,,,,,,,,,,207,1,short,A,2026-07-13_09h37.28.227,SBL_superimposed_encoding,,2026.1.3,119.19093200916998,2026-07-13 09h37.28.448245 -0400,
1,27,27,0,stimuli/scenes/scene_U1.jpg,Undersea,Somar,stimuli/items/undersea_animal_5.png,Undersea,animal,sc,p,1,0.7315796001348644,None,0,0,0,0,0,27,27,27,,,,,189.28615669999272,,,,,,,,,,,,,,,,,,,,,,,,,,,,,,,,,,,,,,,,189.27605559979565,189.28615669999272,189.28615669999272,191.24588579987176,191.2459469998721,191.25368409999646,191.25368409999646,,,191.98762889998034,p,1,191.98769099987112,191.99492489988916,193.0280150999315,192.97895139991306,0.7315796001348644,None,,,,,,,,,,,,,,,,,,,,207,1,short,A,2026-07-13_09h37.28.227,SBL_superimposed_encoding,,2026.1.3,119.19093200916998,2026-07-13 09h37.28.448245 -0400,
1,28,28,0,stimuli/scenes/scene_U2.jpg,Undersea,Negvi,stimuli/items/undersea_object_14.png,Undersea,object,sc,p,1,0.5016797999851406,None,0,0,0,0,0,28,28,28,,,,,193.0280150999315,,,,,,,,,,,,,,,,,,,,,,,,,,,,,,,,,,,,,,,,193.0195241998881,193.0280150999315,193.0280150999315,194.99576109996997,194.9958271998912,195.00371219986118,195.00371219986118,,,195.51251629996113,p,1,195.51257449993864,195.52006089990027,196.55234579998069,196.50403469987214,0.5016797999851406,None,,,,,,,,,,,,,,,,,,,,207,1,short,A,2026-07-13_09h37.28.227,SBL_superimposed_encoding,,2026.1.3,119.19093200916998,2026-07-13 09h37.28.448245 -0400,
1,29,29,0,stimuli/scenes/scene_J1.jpg,Jungle,Malbow,stimuli/items/undersea_object_2.png,Undersea,object,si,q,1,0.3938841999042779,None,0,0,0,0,0,29,29,29,,,,,196.55234579998069,,,,,,,,,,,,,,,,,,,,,,,,,,,,,,,,,,,,,,,,196.54132359987125,196.55234579998069,196.55234579998069,198.51264499989338,198.51269189990126,198.5200361998286,198.5200361998286,,,198.92054939991795,q,1,198.92061109980568,198.92886639991775,199.9616096999962,199.91260599996895,0.3938841999042779,None,,,,,,,,,,,,,,,,,,,,207,1,short,A,2026-07-13_09h37.28.227,SBL_superimposed_encoding,,2026.1.3,119.19093200916998,2026-07-13 09h37.28.448245 -0400,
1,30,30,0,stimuli/scenes/scene_U1.jpg,Undersea,Somar,stimuli/items/jungle_animal_5.png,Jungle,animal,si,q,1,0.4407369000837207,None,0,0,0,0,0,30,30,30,,,,,199.9616096999962,,,,,,,,,,,,,,,,,,,,,,,,,,,,,,,,,,,,,,,,199.95408349996433,199.9616096999962,199.9616096999962,201.9208340998739,201.92087909998372,201.92849839990959,201.92849839990959,,,202.37114939978346,q,1,202.3712116999086,202.37845719978213,203.4280987000093,203.36220279987901,0.4407369000837207,None,,,,,,,,,,,,,,,,,,,,207,1,short,A,2026-07-13_09h37.28.227,SBL_superimposed_encoding,,2026.1.3,119.19093200916998,2026-07-13 09h37.28.448245 -0400,
1,31,31,0,stimuli/scenes/scene_U2.jpg,Undersea,Negvi,stimuli/items/undersea_animal_2.png,Undersea,animal,sc,p,1,0.42250589979812503,None,0,0,0,0,0,31,31,31,,,,,203.4280987000093,,,,,,,,,,,,,,,,,,,,,,,,,,,,,,,,,,,,,,,,203.41890859999694,203.4280987000093,203.4280987000093,205.37931399978697,205.37935879989527,205.38682339992374,205.38682339992374,,,205.81252109981142,p,1,205.8125808998011,205.82009209995158,206.87005559983663,206.80423969984986,0.42250589979812503,None,,,,,,,,,,,,,,,,,,,,207,1,short,A,2026-07-13_09h37.28.227,SBL_superimposed_encoding,,2026.1.3,119.19093200916998,2026-07-13 09h37.28.448245 -0400,
1,32,32,0,stimuli/scenes/scene_J2.jpg,Jungle,Tulon,stimuli/items/jungle_object_12.png,Jungle,object,sc,p,1,0.5008803999517113,None,0,0,0,0,0,32,32,32,,,,,206.87005559983663,,,,,,,,,,,,,,,,,,,,,,,,,,,,,,,,,,,,,,,,206.86083429981954,206.87005559983663,206.87005559983663,208.82067489996552,208.82071939995512,208.82840739982203,208.82840739982203,,,209.33767289994285,p,1,209.33773229992948,209.3452662997879,210.38650209992193,210.32916999980807,0.5008803999517113,None,,,,,,,,,,,,,,,,,,,,207,1,short,A,2026-07-13_09h37.28.227,SBL_superimposed_encoding,,2026.1.3,119.19093200916998,2026-07-13 09h37.28.448245 -0400,
1,33,33,0,stimuli/scenes/scene_U2.jpg,Undersea,Negvi,stimuli/items/undersea_object_7.png,Undersea,object,sc,p,1,0.4558532000519335,None,0,0,0,0,0,33,33,33,,,,,210.38650209992193,,,,,,,,,,,,,,,,,,,,,,,,,,,,,,,,,,,,,,,,210.3760017999448,210.38650209992193,210.38650209992193,212.33783399988897,212.33787920000032,212.34542169980705,212.34542169980705,,,212.80469539994374,p,1,212.8047538998071,212.81218799995258,213.84316719998606,213.7959768997971,0.4558532000519335,None,,,,,,,,,,,,,,,,,,,,207,1,short,A,2026-07-13_09h37.28.227,SBL_superimposed_encoding,,2026.1.3,119.19093200916998,2026-07-13 09h37.28.448245 -0400,
1,34,34,0,stimuli/scenes/scene_J1.jpg,Jungle,Malbow,stimuli/items/jungle_object_16.png,Jungle,object,sc,q,0,0.40470219985581934,None,0,0,0,0,0,34,34,34,,,,,213.84316719998606,,,,,,,,,,,,,,,,,,,,,,,,,,,,,,,,,,,,,,,,213.83254699991085,213.84316719998606,213.84316719998606,215.8126812998671,215.8127265998628,215.8204373999033,215.8204373999033,,,216.22920739999972,q,0,216.2292671999894,216.23707729997113,217.26208309992217,217.22062589996494,0.40470219985581934,None,,,,,,,,,,,,,,,,,,,,207,1,short,A,2026-07-13_09h37.28.227,SBL_superimposed_encoding,,2026.1.3,119.19093200916998,2026-07-13 09h37.28.448245 -0400,
1,35,35,0,stimuli/scenes/scene_J2.jpg,Jungle,Tulon,stimuli/items/undersea_object_17.png,Undersea,object,si,q,1,0.43639730010181665,None,0,0,0,0,0,35,35,35,,,,,217.26208309992217,,,,,,,,,,,,,,,,,,,,,,,,,,,,,,,,,,,,,,,,217.25567499990575,217.26208309992217,217.26208309992217,219.23749859980308,219.2375541999936,219.24527139985003,219.24527139985003,,,219.687678999966,q,1,219.68773819995113,219.69569859979674,220.75330869993195,220.67913469998166,0.43639730010181665,None,,,,,,,,,,,,,,,,,,,,207,1,short,A,2026-07-13_09h37.28.227,SBL_superimposed_encoding,,2026.1.3,119.19093200916998,2026-07-13 09h37.28.448245 -0400,
1,36,36,0,stimuli/scenes/scene_J1.jpg,Jungle,Malbow,stimuli/items/jungle_animal_8.png,Jungle,animal,sc,p,1,0.6341017000377178,None,0,0,0,0,0,36,36,36,,,,,220.75330869993195,,,,,,,,,,,,,,,,,,,,,,,,,,,,,,,,,,,,,,,,220.7415602998808,220.75330869993195,220.75330869993195,222.68789909989573,222.68794350000098,222.69567950000055,222.69567950000055,,,223.3381858000066,p,1,223.33824499999173,223.34573429985903,224.37092979997396,224.32959619979374,0.6341017000377178,None,,,,,,,,,,,,,,,,,,,,207,1,short,A,2026-07-13_09h37.28.227,SBL_superimposed_encoding,,2026.1.3,119.19093200916998,2026-07-13 09h37.28.448245 -0400,
1,37,37,0,stimuli/scenes/scene_J2.jpg,Jungle,Tulon,stimuli/items/undersea_object_3.png,Undersea,object,si,q,1,0.2718130999710411,None,0,0,0,0,0,37,37,37,,,,,224.37092979997396,,,,,,,,,,,,,,,,,,,,,,,,,,,,,,,,,,,,,,,,224.3646188999992,224.37092979997396,224.37092979997396,226.3463004999794,226.34636579989456,226.35399329988286,226.35399329988286,,,226.62945849983953,q,1,226.6295149999205,226.6371336998418,227.67909949994646,227.6213907999918,0.2718130999710411,None,,,,,,,,,,,,,,,,,,,,207,1,short,A,2026-07-13_09h37.28.227,SBL_superimposed_encoding,,2026.1.3,119.19093200916998,2026-07-13 09h37.28.448245 -0400,
1,38,38,0,stimuli/scenes/scene_J1.jpg,Jungle,Malbow,stimuli/items/jungle_object_20.png,Jungle,object,sc,p,1,0.3003259999677539,None,0,0,0,0,0,38,38,38,,,,,227.67909949994646,,,,,,,,,,,,,,,,,,,,,,,,,,,,,,,,,,,,,,,,227.67094909981824,227.67909949994646,227.67909949994646,229.62978650000878,229.62983029987663,229.63741789991036,229.63741789991036,,,229.94639449985698,p,1,229.94645099993795,229.95389009988867,230.97899579978548,230.93794849980623,0.3003259999677539,None,,,,,,,,,,,,,,,,,,,,207,1,short,A,2026-07-13_09h37.28.227,SBL_superimposed_encoding,,2026.1.3,119.19093200916998,2026-07-13 09h37.28.448245 -0400,
1,39,39,0,stimuli/scenes/scene_J2.jpg,Jungle,Tulon,stimuli/items/jungle_object_5.png,Jungle,object,sc,p,1,0.42328190011903644,None,0,0,0,0,0,39,39,39,,,,,230.97899579978548,,,,,,,,,,,,,,,,,,,,,,,,,,,,,,,,,,,,,,,,230.96978919999674,230.97899579978548,230.97899579978548,232.94690419989638,232.9470063999761,232.95422819978558,232.95422819978558,,,233.37956629996188,p,1,233.37962449993938,233.38731259992346,234.40449949982576,234.37100789998658,0.42328190011903644,None,,,,,,,,,,,,,,,,,,,,207,1,short,A,2026-07-13_09h37.28.227,SBL_superimposed_encoding,,2026.1.3,119.19093200916998,2026-07-13 09h37.28.448245 -0400,
1,40,40,0,stimuli/scenes/scene_U1.jpg,Undersea,Somar,stimuli/items/jungle_animal_3.png,Jungle,animal,si,q,1,0.397790800081566,None,0,0,0,0,0,40,40,40,,,,,234.40449949982576,,,,,,,,,,,,,,,,,,,,,,,,,,,,,,,,,,,,,,,,234.39776379987597,234.40449949982576,234.40449949982576,236.3798207999207,236.37986629991792,236.3876102999784,236.3876102999784,,,236.78842949983664,q,1,236.78848739992827,236.795898999786,237.8454215999227,237.77979169995524,0.397790800081566,None,,,,,,,,,,,,,,,,,,,,207,1,short,A,2026-07-13_09h37.28.227,SBL_superimposed_encoding,,2026.1.3,119.19093200916998,2026-07-13 09h37.28.448245 -0400,
1,41,41,0,stimuli/scenes/scene_J1.jpg,Jungle,Malbow,stimuli/items/undersea_animal_18.png,Undersea,animal,si,q,1,0.5495166000910103,None,0,0,0,0,0,41,41,41,,,,,237.8454215999227,,,,,,,,,,,,,,,,,,,,,,,,,,,,,,,,,,,,,,,,237.83741309982724,237.8454215999227,237.8454215999227,239.7967323998455,239.79682819987647,239.8041303998325,239.8041303998325,,,240.35492139984854,q,1,240.354982299963,240.3625885997899,241.3858912999276,241.34614959987812,0.5495166000910103,None,,,,,,,,,,,,,,,,,,,,207,1,short,A,2026-07-13_09h37.28.227,SBL_superimposed_encoding,,2026.1.3,119.19093200916998,2026-07-13 09h37.28.448245 -0400,
1,42,42,0,stimuli/scenes/scene_U1.jpg,Undersea,Somar,stimuli/items/jungle_object_19.png,Jungle,object,si,q,1,0.5267373998649418,None,0,0,0,0,0,42,42,42,,,,,241.3858912999276,,,,,,,,,,,,,,,,,,,,,,,,,,,,,,,,,,,,,,,,241.37580939987674,241.3858912999276,241.3858912999276,243.35515829990618,243.35520329978317,243.36276589985937,243.36276589985937,,,243.89659679983743,q,1,243.89665419980884,243.9044212999288,244.93562229978852,244.88806129992008,0.5267373998649418,None,,,,,,,,,,,,,,,,,,,,207,1,short,A,2026-07-13_09h37.28.227,SBL_superimposed_encoding,,2026.1.3,119.19093200916998,2026-07-13 09h37.28.448245 -0400,
1,43,43,0,stimuli/scenes/scene_U2.jpg,Undersea,Negvi,stimuli/items/jungle_object_2.png,Jungle,object,si,q,1,0.4008635999634862,None,0,0,0,0,0,43,43,43,,,,,244.93562229978852,,,,,,,,,,,,,,,,,,,,,,,,,,,,,,,,,,,,,,,,244.9255299998913,244.93562229978852,244.93562229978852,246.90550849982537,246.90560299996287,246.9123832997866,246.9123832997866,,,247.32142869988456,q,1,247.32148959999904,247.32974889990874,248.40426649991423,248.31279869982973,0.4008635999634862,None,,,,,,,,,,,,,,,,,,,,207,1,short,A,2026-07-13_09h37.28.227,SBL_superimposed_encoding,,2026.1.3,119.19093200916998,2026-07-13 09h37.28.448245 -0400,
1,44,44,0,stimuli/scenes/scene_J2.jpg,Jungle,Tulon,stimuli/items/undersea_animal_19.png,Undersea,animal,si,q,1,0.41541250003501773,None,0,0,0,0,0,44,44,44,,,,,248.40426649991423,,,,,,,,,,,,,,,,,,,,,,,,,,,,,,,,,,,,,,,,248.39550319989212,248.40426649991423,248.40426649991423,250.3299015997909,250.32995919999667,250.33798359986395,250.33798359986395,,,250.75534359994344,q,1,250.7554013999179,250.7627897998318,251.7787995999679,251.7465808999259,0.41541250003501773,None,,,,,,,,,,,,,,,,,,,,207,1,short,A,2026-07-13_09h37.28.227,SBL_superimposed_encoding,,2026.1.3,119.19093200916998,2026-07-13 09h37.28.448245 -0400,
1,45,45,0,stimuli/scenes/scene_U1.jpg,Undersea,Somar,stimuli/items/jungle_animal_17.png,Jungle,animal,si,q,1,0.5342357000336051,None,0,0,0,0,0,45,45,45,,,,,251.7787995999679,,,,,,,,,,,,,,,,,,,,,,,,,,,,,,,,,,,,,,,,251.76879559992813,251.7787995999679,251.7787995999679,253.76349139981903,253.76353639992885,253.7712087999098,253.7712087999098,,,254.31337449979037,q,1,254.31344929989427,254.32083849981427,255.36294699995779,255.30458719981834,0.5342357000336051,None,,,,,,,,,,,,,,,,,,,,207,1,short,A,2026-07-13_09h37.28.227,SBL_superimposed_encoding,,2026.1.3,119.19093200916998,2026-07-13 09h37.28.448245 -0400,
1,46,46,0,stimuli/scenes/scene_J2.jpg,Jungle,Tulon,stimuli/items/undersea_animal_11.png,Undersea,animal,si,q,1,0.4961266000755131,None,0,0,0,0,0,46,46,46,,,,,255.36294699995779,,,,,,,,,,,,,,,,,,,,,,,,,,,,,,,,,,,,,,,,255.35503809992224,255.36294699995779,255.36294699995779,257.3216440998949,257.3216911999043,257.32932399981655,257.32932399981655,,,257.83020469988696,q,1,257.83026319998316,257.8378468998708,258.870439699851,258.82150039984845,0.4961266000755131,None,,,,,,,,,,,,,,,,,,,,207,1,short,A,2026-07-13_09h37.28.227,SBL_superimposed_encoding,,2026.1.3,119.19093200916998,2026-07-13 09h37.28.448245 -0400,
1,47,47,0,stimuli/scenes/scene_U2.jpg,Undersea,Negvi,stimuli/items/undersea_animal_20.png,Undersea,animal,sc,p,1,0.2678931001573801,None,0,0,0,0,0,47,47,47,,,,,258.870439699851,,,,,,,,,,,,,,,,,,,,,,,,,,,,,,,,,,,,,,,,258.85944189992733,258.870439699851,258.870439699851,260.8303231999744,260.83036829996854,260.837895500008,260.837895500008,,,261.11358119989745,p,1,261.1136411000043,261.121027499903,262.1469122997951,262.1052370998077,0.2678931001573801,None,,,,,,,,,,,,,,,,,,,,207,1,short,A,2026-07-13_09h37.28.227,SBL_superimposed_encoding,,2026.1.3,119.19093200916998,2026-07-13 09h37.28.448245 -0400,
1,48,48,0,stimuli/scenes/scene_J2.jpg,Jungle,Tulon,stimuli/items/jungle_object_7.png,Jungle,object,sc,p,1,0.23162500001490116,None,0,0,0,0,0,48,48,48,,,,,262.1469122997951,,,,,,,,,,,,,,,,,,,,,,,,,,,,,,,,,,,,,,,,262.14154509990476,262.1469122997951,262.1469122997951,264.11398069979623,264.11402539978735,264.12168469978496,264.12168469978496,,,264.35551179992035,p,1,264.35557179991156,264.3634255998768,265.3942752999719,265.34647109988146,0.23162500001490116,None,,,,,,,,,,,,,,,,,,,,207,1,short,A,2026-07-13_09h37.28.227,SBL_superimposed_encoding,,2026.1.3,119.19093200916998,2026-07-13 09h37.28.448245 -0400,
1,49,49,0,stimuli/scenes/scene_U2.jpg,Undersea,Negvi,stimuli/items/jungle_animal_18.png,Jungle,animal,si,q,1,0.3257204999681562,None,0,0,0,0,0,49,49,49,,,,,265.3942752999719,,,,,,,,,,,,,,,,,,,,,,,,,,,,,,,,,,,,,,,,265.38299579988234,265.3942752999719,265.3942752999719,267.363750499906,267.36379599990323,267.3714659998659,267.3714659998659,,,267.7052645999938,q,1,267.70532449986786,267.712934399955,268.7376871998422,268.696991099976,0.3257204999681562,None,,,,,,,,,,,,,,,,,,,,207,1,short,A,2026-07-13_09h37.28.227,SBL_superimposed_encoding,,2026.1.3,119.19093200916998,2026-07-13 09h37.28.448245 -0400,
1,50,50,0,stimuli/scenes/scene_U1.jpg,Undersea,Somar,stimuli/items/undersea_animal_9.png,Undersea,animal,sc,p,1,0.5042522998992354,None,0,0,0,0,0,50,50,50,,,,,268.7376871998422,,,,,,,,,,,,,,,,,,,,,,,,,,,,,,,,,,,,,,,,268.7284761997871,268.7376871998422,268.7376871998422,270.7056016998831,270.7056976999156,270.7131158998236,270.7131158998236,,,271.2225223998539,p,1,271.2225795998238,271.22978969989344,272.26200219988823,272.21383269992657,0.5042522998992354,None,,,,,,,,,,,,,,,,,,,,207,1,short,A,2026-07-13_09h37.28.227,SBL_superimposed_encoding,,2026.1.3,119.19093200916998,2026-07-13 09h37.28.448245 -0400,
1,51,51,0,stimuli/scenes/scene_J1.jpg,Jungle,Malbow,stimuli/items/undersea_animal_3.png,Undersea,animal,si,q,1,0.466804499970749,None,0,0,0,0,0,51,51,51,,,,,272.26200219988823,,,,,,,,,,,,,,,,,,,,,,,,,,,,,,,,,,,,,,,,272.2510519998614,272.26200219988823,272.26200219988823,274.23029419989325,274.2303385999985,274.2383870999329,274.2383870999329,,,274.7136126998812,q,1,274.71367239998654,274.7214851998724,275.7787371999584,275.70507459994406,0.466804499970749,None,,,,,,,,,,,,,,,,,,,,207,1,short,A,2026-07-13_09h37.28.227,SBL_superimposed_encoding,,2026.1.3,119.19093200916998,2026-07-13 09h37.28.448245 -0400,
1,52,52,0,stimuli/scenes/scene_U2.jpg,Undersea,Negvi,stimuli/items/jungle_object_1.png,Jungle,object,si,q,1,0.3594744000583887,None,0,0,0,0,0,52,52,52,,,,,275.7787371999584,,,,,,,,,,,,,,,,,,,,,,,,,,,,,,,,,,,,,,,,275.76869149995036,275.7787371999584,275.7787371999584,277.7138392999768,277.71388369984925,277.7216119999066,277.7216119999066,,,278.0891267999541,q,1,278.08918249979615,278.09671869990416,279.1385890999809,279.08011829992756,0.3594744000583887,None,,,,,,,,,,,,,,,,,,,,207,1,short,A,2026-07-13_09h37.28.227,SBL_superimposed_encoding,,2026.1.3,119.19093200916998,2026-07-13 09h37.28.448245 -0400,
1,53,53,0,stimuli/scenes/scene_J1.jpg,Jungle,Malbow,stimuli/items/undersea_object_13.png,Undersea,object,si,q,1,0.5120132998563349,None,0,0,0,0,0,53,53,53,,,,,279.1385890999809,,,,,,,,,,,,,,,,,,,,,,,,,,,,,,,,,,,,,,,,279.13269619992934,279.1385890999809,279.1385890999809,281.0974623998627,281.09750649984926,281.10538510000333,281.10538510000333,,,281.62233989988454,q,1,281.62240009987727,281.6298562998418,282.6878937999718,282.61359799979255,0.5120132998563349,None,,,,,,,,,,,,,,,,,,,,207,1,short,A,2026-07-13_09h37.28.227,SBL_superimposed_encoding,,2026.1.3,119.19093200916998,2026-07-13 09h37.28.448245 -0400,
1,54,54,0,stimuli/scenes/scene_U1.jpg,Undersea,Somar,stimuli/items/undersea_object_5.png,Undersea,object,sc,p,1,0.3153101000934839,None,0,0,0,0,0,54,54,54,,,,,282.6878937999718,,,,,,,,,,,,,,,,,,,,,,,,,,,,,,,,,,,,,,,,282.6786944998894,282.6878937999718,282.6878937999718,284.62252360000275,284.62261769990437,284.6302233999595,284.6302233999595,,,284.9472978999838,p,1,284.94735889998265,284.95502519980073,285.98005259991623,285.9392139997799,0.3153101000934839,None,,,,,,,,,,,,,,,,,,,,207,1,short,A,2026-07-13_09h37.28.227,SBL_superimposed_encoding,,2026.1.3,119.19093200916998,2026-07-13 09h37.28.448245 -0400,
1,55,55,0,stimuli/scenes/scene_J1.jpg,Jungle,Malbow,stimuli/items/undersea_animal_4.png,Undersea,animal,si,q,1,0.28648549993522465,None,0,0,0,0,0,55,55,55,,,,,285.98005259991623,,,,,,,,,,,,,,,,,,,,,,,,,,,,,,,,,,,,,,,,285.97203229996376,285.98005259991623,285.98005259991623,287.9476261998061,287.9477229998447,287.95504069980234,287.95504069980234,,,288.24754559993744,q,1,288.2476023999043,288.2552556998562,289.29426459991373,289.23895449982956,0.28648549993522465,None,,,,,,,,,,,,,,,,,,,,207,1,short,A,2026-07-13_09h37.28.227,SBL_superimposed_encoding,,2026.1.3,119.19093200916998,2026-07-13 09h37.28.448245 -0400,
1,56,56,0,stimuli/scenes/scene_U1.jpg,Undersea,Somar,stimuli/items/jungle_object_9.png,Jungle,object,si,q,1,0.27350080013275146,None,0,0,0,0,0,56,56,56,,,,,289.29426459991373,,,,,,,,,,,,,,,,,,,,,,,,,,,,,,,,,,,,,,,,289.28398770000786,289.29426459991373,289.29426459991373,291.2558119997848,291.25585639989004,291.2635525998194,291.2635525998194,,,291.5391263999045,q,1,291.53918499988504,291.5469056998845,292.58828419982456,292.53092379984446,0.27350080013275146,None,,,,,,,,,,,,,,,,,,,,207,1,short,A,2026-07-13_09h37.28.227,SBL_superimposed_encoding,,2026.1.3,119.19093200916998,2026-07-13 09h37.28.448245 -0400,
1,57,57,0,stimuli/scenes/scene_J2.jpg,Jungle,Tulon,stimuli/items/jungle_object_8.png,Jungle,object,sc,p,1,0.39037179993465543,None,0,0,0,0,0,57,57,57,,,,,292.58828419982456,,,,,,,,,,,,,,,,,,,,,,,,,,,,,,,,,,,,,,,,292.57846399978735,292.58828419982456,292.58828419982456,294.5474135999102,294.54745819978416,294.5551301999949,294.5551301999949,,,294.94730999995954,p,1,294.94736809981987,294.95547509985045,295.9800632998813,295.93873449997045,0.39037179993465543,None,,,,,,,,,,,,,,,,,,,,207,1,short,A,2026-07-13_09h37.28.227,SBL_superimposed_encoding,,2026.1.3,119.19093200916998,2026-07-13 09h37.28.448245 -0400,
1,58,58,0,stimuli/scenes/scene_U1.jpg,Undersea,Somar,stimuli/items/undersea_object_20.png,Undersea,object,sc,p,1,0.7098371998872608,None,0,0,0,0,0,58,58,58,,,,,295.9800632998813,,,,,,,,,,,,,,,,,,,,,,,,,,,,,,,,,,,,,,,,295.9732890999876,295.9800632998813,295.9800632998813,297.9562619999051,297.9563192999922,297.9635890999343,297.9635890999343,,,298.6808201998938,p,1,298.68088110000826,298.68836349993944,299.7465771997813,299.6720739000011,0.7098371998872608,None,,,,,,,,,,,,,,,,,,,,207,1,short,A,2026-07-13_09h37.28.227,SBL_superimposed_encoding,,2026.1.3,119.19093200916998,2026-07-13 09h37.28.448245 -0400,
1,59,59,0,stimuli/scenes/scene_J1.jpg,Jungle,Malbow,stimuli/items/undersea_object_15.png,Undersea,object,si,q,1,0.6245615999214351,None,0,0,0,0,0,59,59,59,,,,,299.7465771997813,,,,,,,,,,,,,,,,,,,,,,,,,,,,,,,,,,,,,,,,299.73804719978943,299.7465771997813,299.7465771997813,301.6893348998856,301.6893798999954,301.69697699998505,301.69697699998505,,,302.32246749987826,q,1,302.32253739982843,302.3301128000021,303.3552306999918,303.31395019986667,0.6245615999214351,None,,,,,,,,,,,,,,,,,,,,207,1,short,A,2026-07-13_09h37.28.227,SBL_superimposed_encoding,,2026.1.3,119.19093200916998,2026-07-13 09h37.28.448245 -0400,
1,60,60,0,stimuli/scenes/scene_U1.jpg,Undersea,Somar,stimuli/items/undersea_object_1.png,Undersea,object,sc,p,1,0.5353730001952499,None,0,0,0,0,0,60,60,60,,,,,303.3552306999918,,,,,,,,,,,,,,,,,,,,,,,,,,,,,,,,,,,,,,,,303.34969979990274,303.3552306999918,303.3552306999918,305.3307061998639,305.3307507999707,305.33851479995064,305.33851479995064,,,305.8812885999214,p,1,305.88134869979694,305.88879229989834,306.9139058999717,306.87243589991704,0.5353730001952499,None,,,,,,,,,,,,,,,,,,,,207,1,short,A,2026-07-13_09h37.28.227,SBL_superimposed_encoding,,2026.1.3,119.19093200916998,2026-07-13 09h37.28.448245 -0400,
1,61,61,0,stimuli/scenes/scene_J1.jpg,Jungle,Malbow,stimuli/items/jungle_object_10.png,Jungle,object,sc,p,1,0.2565290001221001,None,0,0,0,0,0,61,61,61,,,,,306.9139058999717,,,,,,,,,,,,,,,,,,,,,,,,,,,,,,,,,,,,,,,,306.907076299889,306.9139058999717,306.9139058999717,308.8897561999038,308.889859699877,308.89701919979416,308.89701919979416,,,309.1564397998154,p,1,309.1565000999253,309.163730799919,310.2044687999878,310.1474287000019,0.2565290001221001,None,,,,,,,,,,,,,,,,,,,,207,1,short,A,2026-07-13_09h37.28.227,SBL_superimposed_encoding,,2026.1.3,119.19093200916998,2026-07-13 09h37.28.448245 -0400,
1,62,62,0,stimuli/scenes/scene_U1.jpg,Undersea,Somar,stimuli/items/undersea_animal_12.png,Undersea,animal,sc,p,1,0.32463199994526803,None,0,0,0,0,0,62,62,62,,,,,310.2044687999878,,,,,,,,,,,,,,,,,,,,,,,,,,,,,,,,,,,,,,,,310.1946513999719,310.2044687999878,310.2044687999878,312.16451719985344,312.16456199996173,312.1722917999141,312.1722917999141,,,312.497898099944,p,1,312.4979588999413,312.505605999846,313.521809999831,313.48925159987994,0.32463199994526803,None,,,,,,,,,,,,,,,,,,,,207,1,short,A,2026-07-13_09h37.28.227,SBL_superimposed_encoding,,2026.1.3,119.19093200916998,2026-07-13 09h37.28.448245 -0400,
1,63,63,0,stimuli/scenes/scene_J1.jpg,Jungle,Malbow,stimuli/items/jungle_object_4.png,Jungle,object,sc,p,1,0.3517649001441896,None,0,0,0,0,0,63,63,63,,,,,313.521809999831,,,,,,,,,,,,,,,,,,,,,,,,,,,,,,,,,,,,,,,,313.51256279996596,313.521809999831,313.521809999831,315.4980359999463,315.49808089993894,315.5056007998064,315.5056007998064,,,315.86473219981417,p,1,315.8647906999104,315.8721701998729,316.9142985998187,316.85627889982425,0.3517649001441896,None,,,,,,,,,,,,,,,,,,,,207,1,short,A,2026-07-13_09h37.28.227,SBL_superimposed_encoding,,2026.1.3,119.19093200916998,2026-07-13 09h37.28.448245 -0400,
1,64,64,0,stimuli/scenes/scene_U1.jpg,Undersea,Somar,stimuli/items/jungle_object_3.png,Jungle,object,si,q,1,0.2410140000283718,None,0,0,0,0,0,64,64,64,,,,,316.9142985998187,,,,,,,,,,,,,,,,,,,,,,,,,,,,,,,,,,,,,,,,316.9088823997881,316.9142985998187,316.9142985998187,318.87297819997184,318.87308109994046,318.8805539999157,318.8805539999157,,,319.1227847998962,q,1,319.1228429998737,319.1306810998358,320.17191809997894,320.11426029982977,0.2410140000283718,None,,,,,,,,,,,,,,,,,,,,207,1,short,A,2026-07-13_09h37.28.227,SBL_superimposed_encoding,,2026.1.3,119.19093200916998,2026-07-13 09h37.28.448245 -0400,
1,65,65,0,stimuli/scenes/scene_J2.jpg,Jungle,Tulon,stimuli/items/undersea_animal_8.png,Undersea,animal,si,None,0,,,0,0,0,0,0,65,65,65,,,,,320.17191809997894,,,,,,,,,,,,,,,,,,,,,,,,,,,,,,,,,,,,,,,,320.16052789986134,320.17191809997894,320.17191809997894,322.1232714999933,322.12331649987027,322.1308594997972,322.1308594997972,323.12254399992526,323.12254399992526,323.1143789999187,None,0,323.1144354999997,323.12254399992526,324.14759780000895,324.1058166997973,,,,,,,,,,,,,,,,,,,,,,207,1,short,A,2026-07-13_09h37.28.227,SBL_superimposed_encoding,,2026.1.3,119.19093200916998,2026-07-13 09h37.28.448245 -0400,
1,66,66,0,stimuli/scenes/scene_U2.jpg,Undersea,Negvi,stimuli/items/jungle_animal_13.png,Jungle,animal,si,q,1,0.36665230011567473,None,0,0,0,0,0,66,66,66,,,,,324.14759780000895,,,,,,,,,,,,,,,,,,,,,,,,,,,,,,,,,,,,,,,,324.14015139988624,324.14759780000895,324.14759780000895,326.12297009979375,326.1230149997864,326.1306163999252,326.1306163999252,,,326.4981111998204,q,1,326.4981691997964,326.5058474999387,327.55467260000296,327.48970899987034,0.36665230011567473,None,,,,,,,,,,,,,,,,,,,,207,1,short,A,2026-07-13_09h37.28.227,SBL_superimposed_encoding,,2026.1.3,119.19093200916998,2026-07-13 09h37.28.448245 -0400,
1,67,67,0,stimuli/scenes/scene_U1.jpg,Undersea,Somar,stimuli/items/undersea_animal_6.png,Undersea,animal,sc,p,1,0.2717939999420196,None,0,0,0,0,0,67,67,67,,,,,327.55467260000296,,,,,,,,,,,,,,,,,,,,,,,,,,,,,,,,,,,,,,,,327.5448751999065,327.55467260000296,327.55467260000296,329.4984050998464,329.498449199833,329.5060465999413,329.5060465999413,,,329.7816592999734,p,1,329.7817154999357,329.7891594998073,330.8215212000068,330.7729840998072,0.2717939999420196,None,,,,,,,,,,,,,,,,,,,,207,1,short,A,2026-07-13_09h37.28.227,SBL_superimposed_encoding,,2026.1.3,119.19093200916998,2026-07-13 09h37.28.448245 -0400,
1,68,68,0,stimuli/scenes/scene_U2.jpg,Undersea,Negvi,stimuli/items/undersea_object_8.png,Undersea,object,sc,p,1,0.38821109989658,None,0,0,0,0,0,68,68,68,,,,,330.8215212000068,,,,,,,,,,,,,,,,,,,,,,,,,,,,,,,,,,,,,,,,330.8117231999058,330.8215212000068,330.8215212000068,332.7898853998631,332.78998129977845,332.7977574998513,332.7977574998513,,,333.18966409983113,p,1,333.1897203999106,333.197638399899,334.23909970000386,334.181285899831,0.38821109989658,None,,,,,,,,,,,,,,,,,,,,207,1,short,A,2026-07-13_09h37.28.227,SBL_superimposed_encoding,,2026.1.3,119.19093200916998,2026-07-13 09h37.28.448245 -0400,
1,69,69,0,stimuli/scenes/scene_U1.jpg,Undersea,Somar,stimuli/items/jungle_animal_10.png,Jungle,animal,si,q,1,0.251838699914515,None,0,0,0,0,0,69,69,69,,,,,334.23909970000386,,,,,,,,,,,,,,,,,,,,,,,,,,,,,,,,,,,,,,,,334.23217069986276,334.23909970000386,334.23909970000386,336.1898149999324,336.18985989992507,336.19750769995153,336.19750769995153,,,336.456274199998,q,1,336.45634129992686,336.4640349999536,337.4793199999258,337.4477985999547,0.251838699914515,None,,,,,,,,,,,,,,,,,,,,207,1,short,A,2026-07-13_09h37.28.227,SBL_superimposed_encoding,,2026.1.3,119.19093200916998,2026-07-13 09h37.28.448245 -0400,
1,70,70,0,stimuli/scenes/scene_U2.jpg,Undersea,Negvi,stimuli/items/jungle_animal_1.png,Jungle,animal,si,q,1,0.3933677999302745,None,0,0,0,0,0,70,70,70,,,,,337.4793199999258,,,,,,,,,,,,,,,,,,,,,,,,,,,,,,,,,,,,,,,,337.4690057998523,337.4793199999258,337.4793199999258,339.4564609997906,339.45650799991563,339.4640982998535,339.4640982998535,,,339.86523729981855,q,1,339.865295099793,339.8725393000059,340.93098249984905,340.85636529978365,0.3933677999302745,None,,,,,,,,,,,,,,,,,,,,207,1,short,A,2026-07-13_09h37.28.227,SBL_superimposed_encoding,,2026.1.3,119.19093200916998,2026-07-13 09h37.28.448245 -0400,
1,71,71,0,stimuli/scenes/scene_U1.jpg,Undersea,Somar,stimuli/items/undersea_object_4.png,Undersea,object,sc,p,1,0.30430489988066256,None,0,0,0,0,0,71,71,71,,,,,340.93098249984905,,,,,,,,,,,,,,,,,,,,,,,,,,,,,,,,,,,,,,,,340.92323519987985,340.93098249984905,340.93098249984905,342.87329999986105,342.87334479996935,342.88135129981674,342.88135129981674,,,343.1897562998347,p,1,343.1898116997909,343.1976942999754,344.2402958997991,344.1815090999007,0.30430489988066256,None,,,,,,,,,,,,,,,,,,,,207,1,short,A,2026-07-13_09h37.28.227,SBL_superimposed_encoding,,2026.1.3,119.19093200916998,2026-07-13 09h37.28.448245 -0400,
1,72,72,0,stimuli/scenes/scene_J2.jpg,Jungle,Tulon,stimuli/items/undersea_object_12.png,Undersea,object,si,q,1,0.21942820004187524,None,0,0,0,0,0,72,72,72,,,,,344.2402958997991,,,,,,,,,,,,,,,,,,,,,,,,,,,,,,,,,,,,,,,,344.23491609981284,344.2402958997991,344.2402958997991,346.1904990999028,346.1905945998151,346.197971599875,346.197971599875,,,346.4231478997972,q,1,346.42320669977926,346.4310439999681,347.4812091998756,347.4146272998769,0.21942820004187524,None,,,,,,,,,,,,,,,,,,,,207,1,short,A,2026-07-13_09h37.28.227,SBL_superimposed_encoding,,2026.1.3,119.19093200916998,2026-07-13 09h37.28.448245 -0400,
1,73,73,0,stimuli/scenes/scene_J1.jpg,Jungle,Malbow,stimuli/items/undersea_object_6.png,Undersea,object,si,q,1,0.25791850010864437,None,0,0,0,0,0,73,73,73,,,,,347.4812091998756,,,,,,,,,,,,,,,,,,,,,,,,,,,,,,,,,,,,,,,,347.4749468998052,347.4812091998756,347.4812091998756,349.43176179984584,349.43180629983544,349.43932879995555,349.43932879995555,,,349.6987622999586,q,1,349.6988194999285,349.7066318998113,350.7306024997961,350.69006900000386,0.25791850010864437,None,,,,,,,,,,,,,,,,,,,,207,1,short,A,2026-07-13_09h37.28.227,SBL_superimposed_encoding,,2026.1.3,119.19093200916998,2026-07-13 09h37.28.448245 -0400,
1,74,74,0,stimuli/scenes/scene_J2.jpg,Jungle,Tulon,stimuli/items/undersea_object_18.png,Undersea,object,si,q,1,0.26283859997056425,None,0,0,0,0,0,74,74,74,,,,,350.7306024997961,,,,,,,,,,,,,,,,,,,,,,,,,,,,,,,,,,,,,,,,350.7191811997909,350.7306024997961,350.7306024997961,352.70720599987544,352.70725259999745,352.7147144000046,352.7147144000046,,,352.98220619978383,q,1,352.9822628998663,352.9896633999888,354.02269659982994,353.97353989980184,0.26283859997056425,None,,,,,,,,,,,,,,,,,,,,207,1,short,A,2026-07-13_09h37.28.227,SBL_superimposed_encoding,,2026.1.3,119.19093200916998,2026-07-13 09h37.28.448245 -0400,
1,75,75,0,stimuli/scenes/scene_U2.jpg,Undersea,Negvi,stimuli/items/undersea_animal_13.png,Undersea,animal,sc,p,1,0.2601507999934256,None,0,0,0,0,0,75,75,75,,,,,354.02269659982994,,,,,,,,,,,,,,,,,,,,,,,,,,,,,,,,,,,,,,,,354.01401789998636,354.02269659982994,354.02269659982994,355.9903062998783,355.99035529978573,355.99801719980314,355.99801719980314,,,356.2655082999263,p,1,356.26556589989923,356.2729880998377,357.29783059982583,357.25691219978034,0.2601507999934256,None,,,,,,,,,,,,,,,,,,,,207,1,short,A,2026-07-13_09h37.28.227,SBL_superimposed_encoding,,2026.1.3,119.19093200916998,2026-07-13 09h37.28.448245 -0400,
1,76,76,0,stimuli/scenes/scene_J1.jpg,Jungle,Malbow,stimuli/items/jungle_animal_6.png,Jungle,animal,sc,p,1,0.21642640000209212,None,0,0,0,0,0,76,76,76,,,,,357.29783059982583,,,,,,,,,,,,,,,,,,,,,,,,,,,,,,,,,,,,,,,,357.2893671998754,357.29783059982583,357.29783059982583,359.2658046998549,359.2659002998844,359.27321399981156,359.27321399981156,,,359.49035119987093,p,1,359.49041039985605,359.4977984998841,360.53086539986543,360.4815206998028,0.21642640000209212,None,,,,,,,,,,,,,,,,,,,,207,1,short,A,2026-07-13_09h37.28.227,SBL_superimposed_encoding,,2026.1.3,119.19093200916998,2026-07-13 09h37.28.448245 -0400,
1,77,77,0,stimuli/scenes/scene_J2.jpg,Jungle,Tulon,stimuli/items/jungle_animal_14.png,Jungle,animal,sc,p,1,0.23129830020479858,None,0,0,0,0,0,77,77,77,,,,,360.53086539986543,,,,,,,,,,,,,,,,,,,,,,,,,,,,,,,,,,,,,,,,360.5195135998074,360.53086539986543,360.53086539986543,362.498472899897,362.49851889978163,362.5062147998251,362.5062147998251,,,362.7406289000064,p,1,362.74068469996564,362.7480438000057,363.7643639999442,363.7320210998878,0.23129830020479858,None,,,,,,,,,,,,,,,,,,,,207,1,short,A,2026-07-13_09h37.28.227,SBL_superimposed_encoding,,2026.1.3,119.19093200916998,2026-07-13 09h37.28.448245 -0400,
1,78,78,0,stimuli/scenes/scene_U2.jpg,Undersea,Negvi,stimuli/items/undersea_object_16.png,Undersea,object,sc,p,1,0.228400900028646,None,0,0,0,0,0,78,78,78,,,,,363.7643639999442,,,,,,,,,,,,,,,,,,,,,,,,,,,,,,,,,,,,,,,,363.753826999804,363.7643639999442,363.7643639999442,365.74871789989993,365.74876159988344,365.7568155999761,365.7568155999761,,,365.99092029989697,p,1,365.9909762998577,365.9980402998626,367.0287606997881,366.98188299988396,0.228400900028646,None,,,,,,,,,,,,,,,,,,,,207,1,short,A,2026-07-13_09h37.28.227,SBL_superimposed_encoding,,2026.1.3,119.19093200916998,2026-07-13 09h37.28.448245 -0400,
1,79,79,0,stimuli/scenes/scene_J2.jpg,Jungle,Tulon,stimuli/items/undersea_animal_17.png,Undersea,animal,si,q,1,0.21096449997276068,None,0,0,0,0,0,79,79,79,,,,,367.0287606997881,,,,,,,,,,,,,,,,,,,,,,,,,,,,,,,,,,,,,,,,367.01730299997143,367.0287606997881,367.0287606997881,368.99908159999177,368.99912609998137,369.0065190999303,369.0065190999303,,,369.22413729992695,q,1,369.2241915999912,369.23148489999585,370.23408229998313,370.2152040998917,0.21096449997276068,None,,,,,,,,,,,,,,,,,,,,207,1,short,A,2026-07-13_09h37.28.227,SBL_superimposed_encoding,,2026.1.3,119.19093200916998,2026-07-13 09h37.28.448245 -0400,
2,0,0,0,stimuli/scenes/scene_J1.jpg,Jungle,Malbow,stimuli/items/jungle_animal_16.png,Jungle,animal,sc,p,1,0.31775809987448156,None,0,1,1,1,0,0,0,0,0,0,0,0,381.36560319992714,,,,,,,,,,,,,,,,,,,,,,,,,,,,,,,,,,,,,,381.3002872997895,381.30051359999925,381.3563465999905,381.36560319992714,381.36560319992714,383.30751829990186,383.3075623998884,383.31520579988137,383.31520579988137,,,383.6407547998242,p,1,383.6408137998078,383.64886059984565,384.6819859999232,384.632122799987,0.31775809987448156,None,370.22095879982226,370.2211739998311,370.2308629998006,370.23408229998313,370.23408229998313,370.23408229998313,381.2993662999943,space,11.063337199855596,None,,,,,,,,,,207,1,short,A,2026-07-13_09h37.28.227,SBL_superimposed_encoding,,2026.1.3,119.19093200916998,2026-07-13 09h37.28.448245 -0400,
2,1,1,0,stimuli/scenes/scene_J2.jpg,Jungle,Tulon,stimuli/items/jungle_animal_9.png,Jungle,animal,sc,p,1,0.29735970008186996,None,0,1,1,1,0,1,1,1,,,,,384.6819859999232,,,,,,,,,,,,,,,,,,,,,,,,,,,,,,,,,,,,,,,,384.67670369986445,384.6819859999232,384.6819859999232,386.64110989985056,386.6411545998417,386.6483887999784,386.6483887999784,,,386.949652899988,p,1,386.9497125998605,386.9568757999223,387.9737608998548,387.94078389997594,0.29735970008186996,None,,,,,,,,,,,,,,,,,,,,207,1,short,A,2026-07-13_09h37.28.227,SBL_superimposed_encoding,,2026.1.3,119.19093200916998,2026-07-13 09h37.28.448245 -0400,
2,2,2,0,stimuli/scenes/scene_U1.jpg,Undersea,Somar,stimuli/items/jungle_object_3.png,Jungle,object,si,q,1,0.2760335998609662,None,0,1,1,1,0,2,2,2,,,,,387.9737608998548,,,,,,,,,,,,,,,,,,,,,,,,,,,,,,,,,,,,,,,,387.9667393998243,387.9737608998548,387.9737608998548,389.9577377999667,389.957795499824,389.96511140000075,389.96511140000075,,,390.24912299984135,q,1,390.249181299936,390.256913599791,391.27424299996346,391.2408274000045,0.2760335998609662,None,,,,,,,,,,,,,,,,,,,,207,1,short,A,2026-07-13_09h37.28.227,SBL_superimposed_encoding,,2026.1.3,119.19093200916998,2026-07-13 09h37.28.448245 -0400,
2,3,3,0,stimuli/scenes/scene_J2.jpg,Jungle,Tulon,stimuli/items/undersea_object_12.png,Undersea,object,si,q,1,0.32874320005066693,None,0,1,1,1,0,3,3,3,,,,,391.27424299996346,,,,,,,,,,,,,,,,,,,,,,,,,,,,,,,,,,,,,,,,391.2688794999849,391.27424299996346,391.27424299996346,393.24930759985,393.24935119994916,393.25699109979905,393.25699109979905,,,393.5906946999021,q,1,393.59075349988416,393.59867629990913,394.61414309986867,394.5823450998869,0.32874320005066693,None,,,,,,,,,,,,,,,,,,,,207,1,short,A,2026-07-13_09h37.28.227,SBL_superimposed_encoding,,2026.1.3,119.19093200916998,2026-07-13 09h37.28.448245 -0400,
2,4,4,0,stimuli/scenes/scene_U1.jpg,Undersea,Somar,stimuli/items/jungle_object_9.png,Jungle,object,si,q,1,0.25077550020068884,None,0,1,1,1,0,4,4,4,,,,,394.61414309986867,,,,,,,,,,,,,,,,,,,,,,,,,,,,,,,,,,,,,,,,394.60279149981216,394.61414309986867,394.61414309986867,396.5911758998409,396.59122029994614,396.5986077999696,396.5986077999696,,,396.8579190999735,q,1,396.85797559982166,396.86539169983007,397.8821432997938,397.84929749998264,0.25077550020068884,None,,,,,,,,,,,,,,,,,,,,207,1,short,A,2026-07-13_09h37.28.227,SBL_superimposed_encoding,,2026.1.3,119.19093200916998,2026-07-13 09h37.28.448245 -0400,
2,5,5,0,stimuli/scenes/scene_J2.jpg,Jungle,Tulon,stimuli/items/jungle_animal_20.png,Jungle,animal,sc,p,1,0.28760610008612275,None,0,1,1,1,0,5,5,5,,,,,397.8821432997938,,,,,,,,,,,,,,,,,,,,,,,,,,,,,,,,,,,,,,,,397.8737605998758,397.8821432997938,397.8821432997938,399.8662775999401,399.86636969982646,399.8737743999809,399.8737743999809,,,400.1664603999816,p,1,400.1665167999454,400.17387059982866,401.19796269992366,401.15789539995603,0.28760610008612275,None,,,,,,,,,,,,,,,,,,,,207,1,short,A,2026-07-13_09h37.28.227,SBL_superimposed_encoding,,2026.1.3,119.19093200916998,2026-07-13 09h37.28.448245 -0400,
2,6,6,0,stimuli/scenes/scene_J1.jpg,Jungle,Malbow,stimuli/items/undersea_object_2.png,Undersea,object,si,q,1,0.2588297000620514,None,0,1,1,1,0,6,6,6,,,,,401.19796269992366,,,,,,,,,,,,,,,,,,,,,,,,,,,,,,,,,,,,,,,,401.18634099978954,401.19796269992366,401.19796269992366,403.1746026999317,403.17470739991404,403.18228079983965,403.18228079983965,,,403.449308199808,q,1,403.4493664999027,403.45687809982337,404.4734646999277,404.44089849991724,0.2588297000620514,None,,,,,,,,,,,,,,,,,,,,207,1,short,A,2026-07-13_09h37.28.227,SBL_superimposed_encoding,,2026.1.3,119.19093200916998,2026-07-13 09h37.28.448245 -0400,
2,7,7,0,stimuli/scenes/scene_U2.jpg,Undersea,Negvi,stimuli/items/jungle_object_1.png,Jungle,object,si,q,1,0.4882547000888735,None,0,1,1,1,0,7,7,7,,,,,404.4734646999277,,,,,,,,,,,,,,,,,,,,,,,,,,,,,,,,,,,,,,,,404.4658081999514,404.4734646999277,404.4734646999277,406.4496260997839,406.44972069980577,406.45724819996394,406.45724819996394,,,406.94940409995615,q,1,406.9494745999109,406.9572699998971,407.9736388998572,407.9409324999433,0.4882547000888735,None,,,,,,,,,,,,,,,,,,,,207,1,short,A,2026-07-13_09h37.28.227,SBL_superimposed_encoding,,2026.1.3,119.19093200916998,2026-07-13 09h37.28.448245 -0400,
2,8,8,0,stimuli/scenes/scene_J2.jpg,Jungle,Tulon,stimuli/items/undersea_object_3.png,Undersea,object,si,q,1,0.2755314998794347,None,0,1,1,1,0,8,8,8,,,,,407.9736388998572,,,,,,,,,,,,,,,,,,,,,,,,,,,,,,,,,,,,,,,,407.96438119979575,407.9736388998572,407.9736388998572,409.9579262000043,409.9579727000091,409.96559659997,409.96559659997,,,410.2494927998632,q,1,410.2495536999777,410.2570918998681,411.2714486999903,411.2411255999468,0.2755314998794347,None,,,,,,,,,,,,,,,,,,,,207,1,short,A,2026-07-13_09h37.28.227,SBL_superimposed_encoding,,2026.1.3,119.19093200916998,2026-07-13 09h37.28.448245 -0400,
2,9,9,0,stimuli/scenes/scene_U2.jpg,Undersea,Negvi,stimuli/items/jungle_object_14.png,Jungle,object,si,q,1,0.26424389984458685,None,0,1,1,1,0,9,9,9,,,,,411.2714486999903,,,,,,,,,,,,,,,,,,,,,,,,,,,,,,,,,,,,,,,,411.26016730000265,411.2714486999903,411.2714486999903,413.249794999836,413.24986969982274,413.25742709985934,413.25742709985934,,,413.52451779996045,q,1,413.52457669982687,413.53212799993344,414.54849449987523,414.51595909986645,0.26424389984458685,None,,,,,,,,,,,,,,,,,,,,207,1,short,A,2026-07-13_09h37.28.227,SBL_superimposed_encoding,,2026.1.3,119.19093200916998,2026-07-13 09h37.28.448245 -0400,
2,10,10,0,stimuli/scenes/scene_U1.jpg,Undersea,Somar,stimuli/items/undersea_animal_10.png,Undersea,animal,sc,p,1,0.24479010002687573,None,0,1,1,1,0,10,10,10,,,,,414.54849449987523,,,,,,,,,,,,,,,,,,,,,,,,,,,,,,,,,,,,,,,,414.5388495000079,414.54849449987523,414.54849449987523,416.5326927998103,416.5327371999156,416.54069359996356,416.54069359996356,,,416.7914387998171,p,1,416.7914977998007,416.79945459985174,417.815331999911,417.7829804997891,0.24479010002687573,None,,,,,,,,,,,,,,,,,,,,207,1,short,A,2026-07-13_09h37.28.227,SBL_superimposed_encoding,,2026.1.3,119.19093200916998,2026-07-13 09h37.28.448245 -0400,
2,11,11,0,stimuli/scenes/scene_U2.jpg,Undersea,Negvi,stimuli/items/undersea_animal_16.png,Undersea,animal,sc,p,1,0.2259654998779297,None,0,1,1,1,0,11,11,11,,,,,417.815331999911,,,,,,,,,,,,,,,,,,,,,,,,,,,,,,,,,,,,,,,,417.8057302997913,417.815331999911,417.815331999911,419.79975369991735,419.79984839982353,419.80736329988576,419.80736329988576,,,420.041522399988,p,1,420.0415792998392,420.0490860999562,421.0730477999896,421.0329351997934,0.2259654998779297,None,,,,,,,,,,,,,,,,,,,,207,1,short,A,2026-07-13_09h37.28.227,SBL_superimposed_encoding,,2026.1.3,119.19093200916998,2026-07-13 09h37.28.448245 -0400,
2,12,12,0,stimuli/scenes/scene_J1.jpg,Jungle,Malbow,stimuli/items/jungle_object_16.png,Jungle,object,sc,q,0,0.35185920004732907,None,0,1,1,1,0,12,12,12,,,,,421.0730477999896,,,,,,,,,,,,,,,,,,,,,,,,,,,,,,,,,,,,,,,,421.06235699984245,421.0730477999896,421.0730477999896,423.04980099992827,423.04990429989994,423.057621399872,423.057621399872,,,423.41671739984304,q,0,423.41677379980683,423.424196299864,424.43895429978147,424.40778669994324,0.35185920004732907,None,,,,,,,,,,,,,,,,,,,,207,1,short,A,2026-07-13_09h37.28.227,SBL_superimposed_encoding,,2026.1.3,119.19093200916998,2026-07-13 09h37.28.448245 -0400,
2,13,13,0,stimuli/scenes/scene_U2.jpg,Undersea,Negvi,stimuli/items/jungle_animal_7.png,Jungle,animal,si,q,1,0.2727526999078691,None,0,1,1,1,0,13,13,13,,,,,424.43895429978147,,,,,,,,,,,,,,,,,,,,,,,,,,,,,,,,,,,,,,,,424.42876229994,424.43895429978147,424.43895429978147,426.4251531998161,426.4251974998042,426.4327153998893,426.4327153998893,,,426.7080844999291,q,1,426.7081442999188,426.71592809981667,427.7493702999782,427.69953579991125,0.2727526999078691,None,,,,,,,,,,,,,,,,,,,,207,1,short,A,2026-07-13_09h37.28.227,SBL_superimposed_encoding,,2026.1.3,119.19093200916998,2026-07-13 09h37.28.448245 -0400,
2,14,14,0,stimuli/scenes/scene_J1.jpg,Jungle,Malbow,stimuli/items/jungle_object_10.png,Jungle,object,sc,p,1,0.30068839993327856,None,0,1,1,1,0,14,14,14,,,,,427.7493702999782,,,,,,,,,,,,,,,,,,,,,,,,,,,,,,,,,,,,,,,,427.7419925997965,427.7493702999782,427.7493702999782,429.70834359992296,429.70838759979233,429.71629479993135,429.71629479993135,,,430.02507429989055,p,1,430.02513069985434,430.03265799977817,431.041269299807,431.01627089991234,0.30068839993327856,None,,,,,,,,,,,,,,,,,,,,207,1,short,A,2026-07-13_09h37.28.227,SBL_superimposed_encoding,,2026.1.3,119.19093200916998,2026-07-13 09h37.28.448245 -0400,
2,15,15,0,stimuli/scenes/scene_U2.jpg,Undersea,Negvi,stimuli/items/undersea_animal_20.png,Undersea,animal,sc,p,1,0.21704589994624257,None,0,1,1,1,0,15,15,15,,,,,431.041269299807,,,,,,,,,,,,,,,,,,,,,,,,,,,,,,,,,,,,,,,,431.0355949997902,431.041269299807,431.041269299807,433.02531409985386,433.0253550999332,433.0325448999647,433.0325448999647,,,433.2504221999552,p,1,433.25049339979887,433.2575673998799,434.2744521999266,434.24152809986845,0.21704589994624257,None,,,,,,,,,,,433.0325448999647,433.0325448999647,,,,,,,,207,1,short,A,2026-07-13_09h37.28.227,SBL_superimposed_encoding,,2026.1.3,119.19093200916998,2026-07-13 09h37.28.448245 -0400,
2,16,16,0,stimuli/scenes/scene_J1.jpg,Jungle,Malbow,stimuli/items/jungle_animal_6.png,Jungle,animal,sc,p,1,0.3435392000246793,None,0,1,1,1,0,16,16,16,,,,,434.2744521999266,,,,,,,,,,,,,,,,,,,,,,,,,,,,,,,,,,,,,,,,434.2672152000014,434.2744521999266,434.2744521999266,436.2585440999828,436.25864099990577,436.2660869997926,436.2660869997926,,,436.61668539978564,p,1,436.616743999999,436.6245747997891,437.6328217999544,437.6078518999275,0.3435392000246793,None,,,,,,,,,,,,,,,,,,,,207,1,short,A,2026-07-13_09h37.28.227,SBL_superimposed_encoding,,2026.1.3,119.19093200916998,2026-07-13 09h37.28.448245 -0400,
2,17,17,0,stimuli/scenes/scene_U2.jpg,Undersea,Negvi,stimuli/items/jungle_object_15.png,Jungle,object,si,q,1,0.2652869999874383,None,0,1,1,1,0,17,17,17,,,,,437.6328217999544,,,,,,,,,,,,,,,,,,,,,,,,,,,,,,,,,,,,,,,,437.62678609997965,437.6328217999544,437.6328217999544,439.6167220999487,439.6167633999139,439.6244969998952,439.6244969998952,,,439.89193299994804,q,1,439.891990999924,439.8994655997958,440.92405279981904,440.8833068998065,0.2652869999874383,None,,,,,,,,,,,439.6244969998952,439.6244969998952,,,,,,,,207,1,short,A,2026-07-13_09h37.28.227,SBL_superimposed_encoding,,2026.1.3,119.19093200916998,2026-07-13 09h37.28.448245 -0400,
2,18,18,0,stimuli/scenes/scene_U1.jpg,Undersea,Somar,stimuli/items/jungle_animal_19.png,Jungle,animal,si,q,1,0.29356170003302395,None,0,1,1,1,0,18,18,18,,,,,440.92405279981904,,,,,,,,,,,,,,,,,,,,,,,,,,,,,,,,,,,,,,,,440.9137531998567,440.92405279981904,440.92405279981904,442.89994959998876,442.89999389997683,442.9080527999904,442.9080527999904,,,443.20873479987495,q,1,443.20879119983874,443.21625519986264,444.24022019980475,444.20007729995996,0.29356170003302395,None,,,,,,,,,,,,,,,,,,,,207,1,short,A,2026-07-13_09h37.28.227,SBL_superimposed_encoding,,2026.1.3,119.19093200916998,2026-07-13 09h37.28.448245 -0400,
2,19,19,0,stimuli/scenes/scene_U2.jpg,Undersea,Negvi,stimuli/items/undersea_animal_2.png,Undersea,animal,sc,p,1,0.24058360001072288,None,0,1,1,1,0,19,19,19,,,,,444.24022019980475,,,,,,,,,,,,,,,,,,,,,,,,,,,,,,,,,,,,,,,,444.2304182997905,444.24022019980475,444.24022019980475,446.216758799972,446.2168027998414,446.22474689991213,446.22474689991213,,,446.46687359991483,p,1,446.4669279998634,446.47458359994926,447.4994218999054,447.45869029988535,0.24058360001072288,None,,,,,,,,,,,,,,,,,,,,207,1,short,A,2026-07-13_09h37.28.227,SBL_superimposed_encoding,,2026.1.3,119.19093200916998,2026-07-13 09h37.28.448245 -0400,
2,20,20,0,stimuli/scenes/scene_J2.jpg,Jungle,Tulon,stimuli/items/undersea_object_18.png,Undersea,object,si,q,1,0.2390330999623984,None,0,1,1,1,0,20,20,20,,,,,447.4994218999054,,,,,,,,,,,,,,,,,,,,,,,,,,,,,,,,,,,,,,,,447.4892053999938,447.4994218999054,447.4994218999054,449.46721409983,449.46725829993375,449.47459469991736,449.47459469991736,,,449.7166708998848,q,1,449.7167303999886,449.72462969995104,450.7415882998612,450.70840359991416,0.2390330999623984,None,,,,,,,,,,,,,,,,,,,,207,1,short,A,2026-07-13_09h37.28.227,SBL_superimposed_encoding,,2026.1.3,119.19093200916998,2026-07-13 09h37.28.448245 -0400,
2,21,21,0,stimuli/scenes/scene_U2.jpg,Undersea,Negvi,stimuli/items/undersea_animal_13.png,Undersea,animal,sc,p,1,0.39657740015536547,None,0,1,1,1,0,21,21,21,,,,,450.7415882998612,,,,,,,,,,,,,,,,,,,,,,,,,,,,,,,,,,,,,,,,450.7359239999205,450.7415882998612,450.7415882998612,452.71682719979435,452.7168722997885,452.724865199998,452.724865199998,,,453.1252909998875,p,1,453.1253500999883,453.1331541999243,454.14922649995424,454.1169196998235,0.39657740015536547,None,,,,,,,,,,,,,,,,,,,,207,1,short,A,2026-07-13_09h37.28.227,SBL_superimposed_encoding,,2026.1.3,119.19093200916998,2026-07-13 09h37.28.448245 -0400,
2,22,22,0,stimuli/scenes/scene_J2.jpg,Jungle,Tulon,stimuli/items/undersea_object_17.png,Undersea,object,si,q,1,0.2846121999900788,None,0,1,1,1,0,22,22,22,,,,,454.14922649995424,,,,,,,,,,,,,,,,,,,,,,,,,,,,,,,,,,,,,,,,454.1378464999143,454.14922649995424,454.14922649995424,456.12545289983973,456.1254982999526,456.13302079983987,456.13302079983987,,,456.4255071999505,q,1,456.4255630997941,456.43293539993465,457.45026999991387,457.41661979979835,0.2846121999900788,None,,,,,,,,,,,,,,,,,,,,207,1,short,A,2026-07-13_09h37.28.227,SBL_superimposed_encoding,,2026.1.3,119.19093200916998,2026-07-13 09h37.28.448245 -0400,
2,23,23,0,stimuli/scenes/scene_J1.jpg,Jungle,Malbow,stimuli/items/undersea_animal_15.png,Undersea,animal,si,q,1,0.2562855000142008,None,0,1,1,1,0,23,23,23,,,,,457.45026999991387,,,,,,,,,,,,,,,,,,,,,,,,,,,,,,,,,,,,,,,,457.44432969996706,457.45026999991387,457.45026999991387,459.4339471999556,459.43399329995736,459.4416007997934,459.4416007997934,,,459.7005313998088,q,1,459.700590999797,459.70804009982385,460.7246276999358,460.6918606997933,0.2562855000142008,None,,,,,,,,,,,,,,,,,,,,207,1,short,A,2026-07-13_09h37.28.227,SBL_superimposed_encoding,,2026.1.3,119.19093200916998,2026-07-13 09h37.28.448245 -0400,
2,24,24,0,stimuli/scenes/scene_U2.jpg,Undersea,Negvi,stimuli/items/jungle_animal_1.png,Jungle,animal,si,q,1,0.2374505999032408,None,0,1,1,1,0,24,24,24,,,,,460.7246276999358,,,,,,,,,,,,,,,,,,,,,,,,,,,,,,,,,,,,,,,,460.7170896998141,460.7246276999358,460.7246276999358,462.7007034998387,462.70080069988035,462.7080820999108,462.7080820999108,,,462.9508498997893,q,1,462.95090939989313,462.9580932999961,463.9752287999727,463.94238169980235,0.2374505999032408,None,,,,,,,,,,,,,,,,,,,,207,1,short,A,2026-07-13_09h37.28.227,SBL_superimposed_encoding,,2026.1.3,119.19093200916998,2026-07-13 09h37.28.448245 -0400,
2,25,25,0,stimuli/scenes/scene_U1.jpg,Undersea,Somar,stimuli/items/undersea_object_20.png,Undersea,object,sc,p,1,0.4979079000186175,None,0,1,1,1,0,25,25,25,,,,,463.9752287999727,,,,,,,,,,,,,,,,,,,,,,,,,,,,,,,,,,,,,,,,463.969422099879,463.9752287999727,463.9752287999727,465.95865329983644,465.958697399823,465.96712059993297,465.96712059993297,,,466.4677396998741,p,1,466.4677981999703,466.47530519985594,467.49114539986476,467.45913659990765,0.4979079000186175,None,,,,,,,,,,,,,,,,,,,,207,1,short,A,2026-07-13_09h37.28.227,SBL_superimposed_encoding,,2026.1.3,119.19093200916998,2026-07-13 09h37.28.448245 -0400,
2,26,26,0,stimuli/scenes/scene_J1.jpg,Jungle,Malbow,stimuli/items/jungle_animal_8.png,Jungle,animal,sc,p,1,0.24656709982082248,None,0,1,1,1,0,26,26,26,,,,,467.49114539986476,,,,,,,,,,,,,,,,,,,,,,,,,,,,,,,,,,,,,,,,467.48115829983726,467.49114539986476,467.49114539986476,469.4756217999384,469.47566559980623,469.4832186999265,469.4832186999265,,,469.7342564999126,p,1,469.7343146998901,469.7416677000001,470.7586028999649,470.7255019999575,0.24656709982082248,None,,,,,,,,,,,,,,,,,,,,207,1,short,A,2026-07-13_09h37.28.227,SBL_superimposed_encoding,,2026.1.3,119.19093200916998,2026-07-13 09h37.28.448245 -0400,
2,27,27,0,stimuli/scenes/scene_U1.jpg,Undersea,Somar,stimuli/items/jungle_animal_10.png,Jungle,animal,si,q,1,0.2434356000740081,None,0,1,1,1,0,27,27,27,,,,,470.7586028999649,,,,,,,,,,,,,,,,,,,,,,,,,,,,,,,,,,,,,,,,470.75354589987546,470.7586028999649,470.7586028999649,472.74260829994455,472.7427033998538,472.7500752999913,472.7500752999913,,,473.0009170998819,q,1,473.00097399996594,473.0082170998212,474.0327657999005,473.99212519987486,0.2434356000740081,None,,,,,,,,,,,,,,,,,,,,207,1,short,A,2026-07-13_09h37.28.227,SBL_superimposed_encoding,,2026.1.3,119.19093200916998,2026-07-13 09h37.28.448245 -0400,
2,28,28,0,stimuli/scenes/scene_J2.jpg,Jungle,Tulon,stimuli/items/jungle_object_12.png,Jungle,object,sc,p,1,0.25636220001615584,None,0,1,1,1,0,28,28,28,,,,,474.0327657999005,,,,,,,,,,,,,,,,,,,,,,,,,,,,,,,,,,,,,,,,474.0226480998099,474.0327657999005,474.0327657999005,476.0092289999593,476.00927259982564,476.016744799912,476.016744799912,,,476.27555159991607,p,1,476.2756101998966,476.2835706998594,477.30031309998594,477.2670124999713,0.25636220001615584,None,,,,,,,,,,,,,,,,,,,,207,1,short,A,2026-07-13_09h37.28.227,SBL_superimposed_encoding,,2026.1.3,119.19093200916998,2026-07-13 09h37.28.448245 -0400,
2,29,29,0,stimuli/scenes/scene_U2.jpg,Undersea,Negvi,stimuli/items/jungle_animal_15.png,Jungle,animal,si,q,1,0.20601320010609925,None,0,1,1,1,0,29,29,29,,,,,477.30031309998594,,,,,,,,,,,,,,,,,,,,,,,,,,,,,,,,,,,,,,,,477.2938255998306,477.30031309998594,477.30031309998594,479.2761035999283,479.27614749991335,479.283802999882,479.283802999882,,,479.492651599925,q,1,479.49270689999685,479.50066819996573,480.5149065000005,480.48375879996456,0.20601320010609925,None,,,,,,,,,,,,,,,,,,,,207,1,short,A,2026-07-13_09h37.28.227,SBL_superimposed_encoding,,2026.1.3,119.19093200916998,2026-07-13 09h37.28.448245 -0400,
2,30,30,0,stimuli/scenes/scene_U1.jpg,Undersea,Somar,stimuli/items/jungle_object_11.png,Jungle,object,si,q,1,0.2446015002205968,None,0,1,1,1,0,30,30,30,,,,,480.5149065000005,,,,,,,,,,,,,,,,,,,,,,,,,,,,,,,,,,,,,,,,480.50499659986235,480.5149065000005,480.5149065000005,482.50102209998295,482.5010650998447,482.5086515999865,482.5086515999865,,,482.7595324998256,q,1,482.75958969979547,482.7667808998376,483.7833351998124,483.75107069988735,0.2446015002205968,None,,,,,,,,,,,,,,,,,,,,207,1,short,A,2026-07-13_09h37.28.227,SBL_superimposed_encoding,,2026.1.3,119.19093200916998,2026-07-13 09h37.28.448245 -0400,
2,31,31,0,stimuli/scenes/scene_J2.jpg,Jungle,Tulon,stimuli/items/jungle_object_5.png,Jungle,object,sc,p,1,0.241947699803859,None,0,1,1,1,0,31,31,31,,,,,483.7833351998124,,,,,,,,,,,,,,,,,,,,,,,,,,,,,,,,,,,,,,,,483.77375369984657,483.7833351998124,483.7833351998124,485.76772619993426,485.7677713998128,485.77553839981556,485.77553839981556,,,486.02567199990153,p,1,486.0257266999688,486.03355719987303,487.04254499985836,487.01725169993006,0.241947699803859,None,,,,,,,,,,,,,,,,,,,,207,1,short,A,2026-07-13_09h37.28.227,SBL_superimposed_encoding,,2026.1.3,119.19093200916998,2026-07-13 09h37.28.448245 -0400,
2,32,32,0,stimuli/scenes/scene_U2.jpg,Undersea,Negvi,stimuli/items/jungle_animal_18.png,Jungle,animal,si,q,1,0.24788639997132123,None,0,1,1,1,0,32,32,32,,,,,487.04254499985836,,,,,,,,,,,,,,,,,,,,,,,,,,,,,,,,,,,,,,,,487.0374363998417,487.04254499985836,487.04254499985836,489.0262075997889,489.0262523998972,489.0338840999175,489.0338840999175,,,489.2845189999789,q,1,489.2845768998377,489.2919801999815,490.3066998999566,490.27618679986335,0.24788639997132123,None,,,,,,,,,,,,,,,,,,,,207,1,short,A,2026-07-13_09h37.28.227,SBL_superimposed_encoding,,2026.1.3,119.19093200916998,2026-07-13 09h37.28.448245 -0400,
2,33,33,0,stimuli/scenes/scene_U1.jpg,Undersea,Somar,stimuli/items/jungle_animal_3.png,Jungle,animal,si,q,1,0.19727910007350147,None,0,1,1,1,0,33,33,33,,,,,490.3066998999566,,,,,,,,,,,,,,,,,,,,,,,,,,,,,,,,,,,,,,,,490.2965742999222,490.3066998999566,490.3066998999566,492.2928113997914,492.2928555998951,492.3003860998433,492.3003860998433,,,492.501319399802,q,1,492.50137579999864,492.5085957997944,493.5257701999508,493.4925117997918,0.19727910007350147,None,,,,,,,,,,,,,,,,,,,,207,1,short,A,2026-07-13_09h37.28.227,SBL_superimposed_encoding,,2026.1.3,119.19093200916998,2026-07-13 09h37.28.448245 -0400,
2,34,34,0,stimuli/scenes/scene_J1.jpg,Jungle,Malbow,stimuli/items/jungle_object_6.png,Jungle,object,sc,p,1,0.2288196999579668,None,0,1,1,1,0,34,34,34,,,,,493.5257701999508,,,,,,,,,,,,,,,,,,,,,,,,,,,,,,,,,,,,,,,,493.5199337999802,493.5257701999508,493.5257701999508,495.50970569998026,495.5097663998604,495.51700229989365,495.51700229989365,,,495.75118889985606,p,1,495.75124739995226,495.7590586999431,496.775101599982,496.74235369986854,0.2288196999579668,None,,,,,,,,,,,,,,,,,,,,207,1,short,A,2026-07-13_09h37.28.227,SBL_superimposed_encoding,,2026.1.3,119.19093200916998,2026-07-13 09h37.28.448245 -0400,
2,35,35,0,stimuli/scenes/scene_U1.jpg,Undersea,Somar,stimuli/items/jungle_object_18.png,Jungle,object,si,p,0,0.6102428999729455,None,0,1,1,1,0,35,35,35,,,,,496.775101599982,,,,,,,,,,,,,,,,,,,,,,,,,,,,,,,,,,,,,,,,496.7652963998262,496.775101599982,496.775101599982,498.75971829984337,498.7597626999486,498.7672486999072,498.7672486999072,,,499.38468209980056,p,0,499.3847419999074,499.3922937999014,500.40844379994087,500.3761722999625,0.6102428999729455,None,,,,,,,,,,,,,,,,,,,,207,1,short,A,2026-07-13_09h37.28.227,SBL_superimposed_encoding,,2026.1.3,119.19093200916998,2026-07-13 09h37.28.448245 -0400,
2,36,36,0,stimuli/scenes/scene_J1.jpg,Jungle,Malbow,stimuli/items/undersea_object_6.png,Undersea,object,si,q,1,0.24909189995378256,None,0,1,1,1,0,36,36,36,,,,,500.40844379994087,,,,,,,,,,,,,,,,,,,,,,,,,,,,,,,,,,,,,,,,500.39981089998037,500.40844379994087,500.40844379994087,502.3848214999307,502.38486609980464,502.3921542998869,502.3921542998869,,,502.642714999849,q,1,502.642771899933,502.65030529978685,503.66649539978243,503.6340346999932,0.24909189995378256,None,,,,,,,,,,,,,,,,,,,,207,1,short,A,2026-07-13_09h37.28.227,SBL_superimposed_encoding,,2026.1.3,119.19093200916998,2026-07-13 09h37.28.448245 -0400,
2,37,37,0,stimuli/scenes/scene_U2.jpg,Undersea,Negvi,stimuli/items/jungle_object_13.png,Jungle,object,si,q,1,0.27854340011253953,None,0,1,1,1,0,37,37,37,,,,,503.66649539978243,,,,,,,,,,,,,,,,,,,,,,,,,,,,,,,,,,,,,,,,503.6568760999944,503.66649539978243,503.66649539978243,505.65105459978804,505.65109909977764,505.6587851999793,505.6587851999793,,,505.94306269986555,q,1,505.9431205999572,505.9506084998138,506.9669778000098,506.93420179979876,0.27854340011253953,None,,,,,,,,,,,,,,,,,,,,207,1,short,A,2026-07-13_09h37.28.227,SBL_superimposed_encoding,,2026.1.3,119.19093200916998,2026-07-13 09h37.28.448245 -0400,
2,38,38,0,stimuli/scenes/scene_J1.jpg,Jungle,Malbow,stimuli/items/jungle_object_20.png,Jungle,object,sc,p,1,0.27458389988169074,None,0,1,1,1,0,38,38,38,,,,,506.9669778000098,,,,,,,,,,,,,,,,,,,,,,,,,,,,,,,,,,,,,,,,506.9571266998537,506.9669778000098,506.9669778000098,508.95096109993756,508.951004399918,508.95878649991937,508.95878649991937,,,509.2345255999826,p,1,509.23458259995095,509.2424662997946,510.26627579983324,510.2258861998562,0.27458389988169074,None,,,,,,,,,,,,,,,,,,,,207,1,short,A,2026-07-13_09h37.28.227,SBL_superimposed_encoding,,2026.1.3,119.19093200916998,2026-07-13 09h37.28.448245 -0400,
2,39,39,0,stimuli/scenes/scene_J2.jpg,Jungle,Tulon,stimuli/items/undersea_animal_11.png,Undersea,animal,si,q,1,0.2868325999006629,None,0,1,1,1,0,39,39,39,,,,,510.26627579983324,,,,,,,,,,,,,,,,,,,,,,,,,,,,,,,,,,,,,,,,510.25501909991726,510.26627579983324,510.26627579983324,512.2347780999262,512.234874199843,512.2425835998729,512.2425835998729,,,512.534579299856,q,1,512.5346367999446,512.5424561998807,513.5588338999078,513.5261685999576,0.2868325999006629,None,,,,,,,,,,,,,,,,,,,,207,1,short,A,2026-07-13_09h37.28.227,SBL_superimposed_encoding,,2026.1.3,119.19093200916998,2026-07-13 09h37.28.448245 -0400,
2,40,40,0,stimuli/scenes/scene_J1.jpg,Jungle,Malbow,stimuli/items/jungle_animal_11.png,Jungle,animal,sc,p,1,0.2831466000061482,None,0,1,1,1,0,40,40,40,,,,,513.5588338999078,,,,,,,,,,,,,,,,,,,,,,,,,,,,,,,,,,,,,,,,513.549045199994,513.5588338999078,513.5588338999078,515.5348944999278,515.5349388998002,515.5425767998677,515.5425767998677,,,515.8268774999306,p,1,515.8269359997939,515.8341840999201,516.850605199812,516.8179157997947,0.2831466000061482,None,,,,,,,,,,,,,,,,,,,,207,1,short,A,2026-07-13_09h37.28.227,SBL_superimposed_encoding,,2026.1.3,119.19093200916998,2026-07-13 09h37.28.448245 -0400,
2,41,41,0,stimuli/scenes/scene_U2.jpg,Undersea,Negvi,stimuli/items/undersea_object_19.png,Undersea,object,sc,q,0,0.40670430008322,None,0,1,1,1,0,41,41,41,,,,,516.850605199812,,,,,,,,,,,,,,,,,,,,,,,,,,,,,,,,,,,,,,,,516.8422538999002,516.850605199812,516.850605199812,518.8350269999355,518.8350715998095,518.8427031999454,518.8427031999454,,,519.25141789997,q,0,519.2514761998318,519.2592960000038,520.2845507999882,520.2426211999264,0.40670430008322,None,,,,,,,,,,,,,,,,,,,,207,1,short,A,2026-07-13_09h37.28.227,SBL_superimposed_encoding,,2026.1.3,119.19093200916998,2026-07-13 09h37.28.448245 -0400,
2,42,42,0,stimuli/scenes/scene_J1.jpg,Jungle,Malbow,stimuli/items/undersea_object_9.png,Undersea,object,si,q,1,0.3022784998174757,None,0,1,1,1,0,42,42,42,,,,,520.2845507999882,,,,,,,,,,,,,,,,,,,,,,,,,,,,,,,,,,,,,,,,520.2787670998368,520.2845507999882,520.2845507999882,522.2520022999961,522.2521165998187,522.2590380997863,522.2590380997863,,,522.5681399998721,q,1,522.5681977998465,522.5758338999003,523.6003319998272,523.5594935999252,0.3022784998174757,None,,,,,,,,,,,,,,,,,,,,207,1,short,A,2026-07-13_09h37.28.227,SBL_superimposed_encoding,,2026.1.3,119.19093200916998,2026-07-13 09h37.28.448245 -0400,
2,43,43,0,stimuli/scenes/scene_J2.jpg,Jungle,Tulon,stimuli/items/undersea_object_10.png,Undersea,object,si,q,1,0.24922310002148151,None,0,1,1,1,0,43,43,43,,,,,523.6003319998272,,,,,,,,,,,,,,,,,,,,,,,,,,,,,,,,,,,,,,,,523.5901776999235,523.6003319998272,523.6003319998272,525.5682498000097,525.5682938999962,525.576056699967,525.576056699967,,,525.8267905998509,q,1,525.8268503998406,525.8342609999236,526.8506943997927,526.8183217998594,0.24922310002148151,None,,,,,,,,,,,,,,,,,,,,207,1,short,A,2026-07-13_09h37.28.227,SBL_superimposed_encoding,,2026.1.3,119.19093200916998,2026-07-13 09h37.28.448245 -0400,
2,44,44,0,stimuli/scenes/scene_U1.jpg,Undersea,Somar,stimuli/items/undersea_object_1.png,Undersea,object,sc,p,1,0.27074400009587407,None,0,1,1,1,0,44,44,44,,,,,526.8506943997927,,,,,,,,,,,,,,,,,,,,,,,,,,,,,,,,,,,,,,,,526.8410156997852,526.8506943997927,526.8506943997927,528.826929199975,528.8269737998489,528.8344965998549,528.8344965998549,,,529.1102267999668,p,1,529.1102837999351,529.1177556999028,530.1342777998652,530.1015122998506,0.27074400009587407,None,,,,,,,,,,,,,,,,,,,,207,1,short,A,2026-07-13_09h37.28.227,SBL_superimposed_encoding,,2026.1.3,119.19093200916998,2026-07-13 09h37.28.448245 -0400,
2,45,45,0,stimuli/scenes/scene_J1.jpg,Jungle,Malbow,stimuli/items/jungle_animal_4.png,Jungle,animal,sc,p,1,0.24307839991524816,None,0,1,1,1,0,45,45,45,,,,,530.1342777998652,,,,,,,,,,,,,,,,,,,,,,,,,,,,,,,,,,,,,,,,530.1260247998871,530.1342777998652,530.1342777998652,532.1186505998485,532.1187513999175,532.1262292999309,532.1262292999309,,,532.3776336999144,p,1,532.3776923997793,532.38427579985,533.3984722997993,533.3681370997801,0.24307839991524816,None,,,,,,,,,,,,,,,,,,,,207,1,short,A,2026-07-13_09h37.28.227,SBL_superimposed_encoding,,2026.1.3,119.19093200916998,2026-07-13 09h37.28.448245 -0400,
2,46,46,0,stimuli/scenes/scene_U1.jpg,Undersea,Somar,stimuli/items/undersea_object_4.png,Undersea,object,sc,p,1,0.25666650012135506,None,0,1,1,1,0,46,46,46,,,,,533.3984722997993,,,,,,,,,,,,,,,,,,,,,,,,,,,,,,,,,,,,,,,,533.3882046998478,533.3984722997993,533.3984722997993,535.3854880998842,535.3856092998758,535.3928944999352,535.3928944999352,,,535.6517634999473,p,1,535.6518201997969,535.6595222998876,536.6758165999781,536.643018099945,0.25666650012135506,None,,,,,,,,,,,,,,,,,,,,207,1,short,A,2026-07-13_09h37.28.227,SBL_superimposed_encoding,,2026.1.3,119.19093200916998,2026-07-13 09h37.28.448245 -0400,
2,47,47,0,stimuli/scenes/scene_J2.jpg,Jungle,Tulon,stimuli/items/jungle_animal_12.png,Jungle,animal,sc,p,1,0.26980589982122183,None,0,1,1,1,0,47,47,47,,,,,536.6758165999781,,,,,,,,,,,,,,,,,,,,,,,,,,,,,,,,,,,,,,,,536.6672819999512,536.6758165999781,536.6758165999781,538.6520742999855,538.6521187999751,538.6596068998333,538.6596068998333,,,538.9355485998094,p,1,538.9356073997915,538.9430010998622,539.9593581999652,539.9265798998531,0.26980589982122183,None,,,,,,,,,,,,,,,,,,,,207,1,short,A,2026-07-13_09h37.28.227,SBL_superimposed_encoding,,2026.1.3,119.19093200916998,2026-07-13 09h37.28.448245 -0400,
2,48,48,0,stimuli/scenes/scene_U1.jpg,Undersea,Somar,stimuli/items/undersea_animal_5.png,Undersea,animal,sc,p,1,0.2739375999663025,None,0,1,1,1,0,48,48,48,,,,,539.9593581999652,,,,,,,,,,,,,,,,,,,,,,,,,,,,,,,,,,,,,,,,539.9503919999115,539.9593581999652,539.9593581999652,541.9437382998876,541.9437827998772,541.9512680999469,541.9512680999469,,,542.2269454000052,p,1,542.2269999999553,542.2345240998548,543.2512137999292,543.2181565999053,0.2739375999663025,None,,,,,,,,,,,,,,,,,,,,207,1,short,A,2026-07-13_09h37.28.227,SBL_superimposed_encoding,,2026.1.3,119.19093200916998,2026-07-13 09h37.28.448245 -0400,
2,49,49,0,stimuli/scenes/scene_J1.jpg,Jungle,Malbow,stimuli/items/undersea_animal_3.png,Undersea,animal,si,q,1,0.27825039997696877,None,0,1,1,1,0,49,49,49,,,,,543.2512137999292,,,,,,,,,,,,,,,,,,,,,,,,,,,,,,,,,,,,,,,,543.2453228000086,543.2512137999292,543.2512137999292,545.2353168998379,545.2353609998245,545.2430726999883,545.2430726999883,,,545.5272366998252,q,1,545.5272936997935,545.5349882999435,546.543587199878,546.5184125998057,0.27825039997696877,None,,,,,,,,,,,,,,,,,,,,207,1,short,A,2026-07-13_09h37.28.227,SBL_superimposed_encoding,,2026.1.3,119.19093200916998,2026-07-13 09h37.28.448245 -0400,
2,50,50,0,stimuli/scenes/scene_U1.jpg,Undersea,Somar,stimuli/items/jungle_animal_17.png,Jungle,animal,si,q,1,0.2829354000277817,None,0,1,1,1,0,50,50,50,,,,,546.543587199878,,,,,,,,,,,,,,,,,,,,,,,,,,,,,,,,,,,,,,,,546.5380608998239,546.543587199878,546.543587199878,548.5273914998397,548.5274336999282,548.5350377999712,548.5350377999712,,,548.8187908998225,q,1,548.8188488997985,548.8266071998514,549.8517338999081,549.8101897998713,0.2829354000277817,None,,,,,,,,,,,548.5350377999712,548.5350377999712,,,,,,,,207,1,short,A,2026-07-13_09h37.28.227,SBL_superimposed_encoding,,2026.1.3,119.19093200916998,2026-07-13 09h37.28.448245 -0400,
2,51,51,0,stimuli/scenes/scene_J2.jpg,Jungle,Tulon,stimuli/items/undersea_animal_1.png,Undersea,animal,si,q,1,0.25457580015063286,None,0,1,1,1,0,51,51,51,,,,,549.8517338999081,,,,,,,,,,,,,,,,,,,,,,,,,,,,,,,,,,,,,,,,549.8453050998505,549.8517338999081,549.8517338999081,551.8190507998224,551.8191466999706,551.8266050999518,551.8266050999518,,,552.0852748998441,q,1,552.0853349999525,552.0932754999958,553.109397099819,553.0772818999831,0.25457580015063286,None,,,,,,,,,,,,,,,,,,,,207,1,short,A,2026-07-13_09h37.28.227,SBL_superimposed_encoding,,2026.1.3,119.19093200916998,2026-07-13 09h37.28.448245 -0400,
2,52,52,0,stimuli/scenes/scene_U2.jpg,Undersea,Negvi,stimuli/items/jungle_object_2.png,Jungle,object,si,q,1,0.3962928999681026,None,0,1,1,1,0,52,52,52,,,,,553.109397099819,,,,,,,,,,,,,,,,,,,,,,,,,,,,,,,,,,,,,,,,553.1012662998401,553.109397099819,553.109397099819,555.0854017999955,555.0854457998648,555.0933404997922,555.0933404997922,,,555.4936788999476,q,1,555.4937358999159,555.5016915998422,556.5176362998318,556.485568099888,0.3962928999681026,None,,,,,,,,,,,,,,,,,,,,207,1,short,A,2026-07-13_09h37.28.227,SBL_superimposed_encoding,,2026.1.3,119.19093200916998,2026-07-13 09h37.28.448245 -0400,
2,53,53,0,stimuli/scenes/scene_J2.jpg,Jungle,Tulon,stimuli/items/jungle_animal_2.png,Jungle,animal,sc,p,1,0.4279184998013079,None,0,1,1,1,0,53,53,53,,,,,556.5176362998318,,,,,,,,,,,,,,,,,,,,,,,,,,,,,,,,,,,,,,,,556.5080277998932,556.5176362998318,556.5176362998318,558.493896199856,558.4939399999566,558.5016762998421,558.5016762998421,,,558.9357391998637,p,1,558.9357979998458,558.9433308998123,559.9679015998263,559.927095099818,0.4279184998013079,None,,,,,,,,,,,,,,,,,,,,207,1,short,A,2026-07-13_09h37.28.227,SBL_superimposed_encoding,,2026.1.3,119.19093200916998,2026-07-13 09h37.28.448245 -0400,
2,54,54,0,stimuli/scenes/scene_J1.jpg,Jungle,Malbow,stimuli/items/undersea_object_13.png,Undersea,object,si,q,1,0.26614670013077557,None,0,1,1,1,0,54,54,54,,,,,559.9679015998263,,,,,,,,,,,,,,,,,,,,,,,,,,,,,,,,,,,,,,,,559.9566812999547,559.9679015998263,559.9679015998263,561.9359004998114,561.9359949999489,561.9433141998015,561.9433141998015,,,562.2105547999963,q,1,562.2106130998582,562.2185075997841,563.2272222999018,563.2022609999403,0.26614670013077557,None,,,,,,,,,,,,,,,,,,,,207,1,short,A,2026-07-13_09h37.28.227,SBL_superimposed_encoding,,2026.1.3,119.19093200916998,2026-07-13 09h37.28.448245 -0400,
2,55,55,0,stimuli/scenes/scene_U2.jpg,Undersea,Negvi,stimuli/items/undersea_object_14.png,Undersea,object,sc,p,1,0.2701922000851482,None,0,1,1,1,0,55,55,55,,,,,563.2272222999018,,,,,,,,,,,,,,,,,,,,,,,,,,,,,,,,,,,,,,,,563.2218868997879,563.2272222999018,563.2272222999018,565.2108453998808,565.2108955997974,565.2189179998823,565.2189179998823,,,565.4944911999628,p,1,565.494546999922,565.5017229998484,566.518066199962,566.4855611999519,0.2701922000851482,None,,,,,,,,,,,565.2189179998823,565.2189179998823,,,,,,,,207,1,short,A,2026-07-13_09h37.28.227,SBL_superimposed_encoding,,2026.1.3,119.19093200916998,2026-07-13 09h37.28.448245 -0400,
2,56,56,0,stimuli/scenes/scene_U1.jpg,Undersea,Somar,stimuli/items/undersea_object_11.png,Undersea,object,sc,p,1,0.27513820002786815,None,0,1,1,1,0,56,56,56,,,,,566.518066199962,,,,,,,,,,,,,,,,,,,,,,,,,,,,,,,,,,,,,,,,566.5084238999989,566.518066199962,566.518066199962,568.5022579999641,568.5023397998884,568.5102379999589,568.5102379999589,,,568.7938716998324,p,1,568.793930699816,568.8015784998424,569.8179715999868,569.7852299998049,0.27513820002786815,None,,,,,,,,,,,,,,,,,,,,207,1,short,A,2026-07-13_09h37.28.227,SBL_superimposed_encoding,,2026.1.3,119.19093200916998,2026-07-13 09h37.28.448245 -0400,
2,57,57,0,stimuli/scenes/scene_U2.jpg,Undersea,Negvi,stimuli/items/undersea_object_7.png,Undersea,object,sc,p,1,0.31955239991657436,None,0,1,1,1,0,57,57,57,,,,,569.8179715999868,,,,,,,,,,,,,,,,,,,,,,,,,,,,,,,,,,,,,,,,569.8085084999911,569.8179715999868,569.8179715999868,571.8022115998901,571.8022583997808,571.8100158998277,571.8100158998277,,,572.135758999968,p,1,572.1358221999835,572.1436180998571,573.168014299823,573.1271329999436,0.31955239991657436,None,,,,,,,,,,,,,,,,,,,,207,1,short,A,2026-07-13_09h37.28.227,SBL_superimposed_encoding,,2026.1.3,119.19093200916998,2026-07-13 09h37.28.448245 -0400,
2,58,58,0,stimuli/scenes/scene_J2.jpg,Jungle,Tulon,stimuli/items/undersea_animal_19.png,Undersea,animal,si,q,1,0.4094813000410795,None,0,1,1,1,0,58,58,58,,,,,573.168014299823,,,,,,,,,,,,,,,,,,,,,,,,,,,,,,,,,,,,,,,,573.156828599982,573.168014299823,573.168014299823,575.1360246997792,575.1361192998011,575.1436582999304,575.1436582999304,,,575.5608070997987,q,1,575.5608659998979,575.5685708997771,576.5848344999831,576.5522876000032,0.4094813000410795,None,,,,,,,,,,,,,,,,,,,,207,1,short,A,2026-07-13_09h37.28.227,SBL_superimposed_encoding,,2026.1.3,119.19093200916998,2026-07-13 09h37.28.448245 -0400,
2,59,59,0,stimuli/scenes/scene_U1.jpg,Undersea,Somar,stimuli/items/undersea_object_5.png,Undersea,object,sc,p,1,0.3447682000696659,None,0,1,1,1,0,59,59,59,,,,,576.5848344999831,,,,,,,,,,,,,,,,,,,,,,,,,,,,,,,,,,,,,,,,576.5744308999274,576.5848344999831,576.5848344999831,578.561151899863,578.5612444998696,578.568529299926,578.568529299926,,,578.9196217998397,p,1,578.9196803998202,578.9271501998883,579.9437184999697,579.9110117999371,0.3447682000696659,None,,,,,,,,,,,,,,,,,,,,207,1,short,A,2026-07-13_09h37.28.227,SBL_superimposed_encoding,,2026.1.3,119.19093200916998,2026-07-13 09h37.28.448245 -0400,
2,60,60,0,stimuli/scenes/scene_J1.jpg,Jungle,Malbow,stimuli/items/jungle_object_4.png,Jungle,object,sc,p,1,0.3861138999927789,None,0,1,1,1,0,60,60,60,,,,,579.9437184999697,,,,,,,,,,,,,,,,,,,,,,,,,,,,,,,,,,,,,,,,579.9371263999492,579.9437184999697,579.9437184999697,581.9279598998837,581.9280556999147,581.9352659999859,581.9352659999859,,,582.3277555999812,p,1,582.3278155999724,582.3355589997955,583.351668999996,583.3189339998644,0.3861138999927789,None,,,,,,,,,,,,,,,,,,,,207,1,short,A,2026-07-13_09h37.28.227,SBL_superimposed_encoding,,2026.1.3,119.19093200916998,2026-07-13 09h37.28.448245 -0400,
2,61,61,0,stimuli/scenes/scene_J2.jpg,Jungle,Tulon,stimuli/items/jungle_object_8.png,Jungle,object,sc,p,1,0.24180279998108745,None,0,1,1,1,0,61,61,61,,,,,583.351668999996,,,,,,,,,,,,,,,,,,,,,,,,,,,,,,,,,,,,,,,,583.3416520999745,583.351668999996,583.351668999996,585.3358754999936,585.3359204998706,585.3438912997954,585.3438912997954,,,585.5863812000025,p,1,585.5864402998704,585.5938258999959,586.6105664998759,586.5774993000086,0.24180279998108745,None,,,,,,,,,,,,,,,,,,,,207,1,short,A,2026-07-13_09h37.28.227,SBL_superimposed_encoding,,2026.1.3,119.19093200916998,2026-07-13 09h37.28.448245 -0400,
2,62,62,0,stimuli/scenes/scene_J1.jpg,Jungle,Malbow,stimuli/items/undersea_object_15.png,Undersea,object,si,q,1,0.27961129997856915,None,0,1,1,1,0,62,62,62,,,,,586.6105664998759,,,,,,,,,,,,,,,,,,,,,,,,,,,,,,,,,,,,,,,,586.602640299825,586.6105664998759,586.6105664998759,588.5945936997887,588.5946883999277,588.6021924999077,588.6021924999077,,,588.8861194998026,q,1,588.8861788997892,588.8936033998616,589.9102514998522,589.8773808998521,0.27961129997856915,None,,,,,,,,,,,,,,,,,,,,207,1,short,A,2026-07-13_09h37.28.227,SBL_superimposed_encoding,,2026.1.3,119.19093200916998,2026-07-13 09h37.28.448245 -0400,
2,63,63,0,stimuli/scenes/scene_J2.jpg,Jungle,Tulon,stimuli/items/undersea_animal_8.png,Undersea,animal,si,q,1,0.2519400999881327,None,0,1,1,1,0,63,63,63,,,,,589.9102514998522,,,,,,,,,,,,,,,,,,,,,,,,,,,,,,,,,,,,,,,,589.901042799931,589.9102514998522,589.9102514998522,591.8866018999834,591.8866971998941,591.8937792999204,591.8937792999204,,,592.1529425999615,q,1,592.1529983999208,592.1606522998773,593.1767617999576,593.1441463998053,0.2519400999881327,None,,,,,,,,,,,,,,,,,,,,207,1,short,A,2026-07-13_09h37.28.227,SBL_superimposed_encoding,,2026.1.3,119.19093200916998,2026-07-13 09h37.28.448245 -0400,
2,64,64,0,stimuli/scenes/scene_U2.jpg,Undersea,Negvi,stimuli/items/undersea_object_8.png,Undersea,object,sc,p,1,0.2884110000450164,None,0,1,1,1,0,64,64,64,,,,,593.1767617999576,,,,,,,,,,,,,,,,,,,,,,,,,,,,,,,,,,,,,,,,593.1668405998498,593.1767617999576,593.1767617999576,595.1612159998622,595.1612596998457,595.1690595999826,595.1690595999826,,,595.4611579999328,p,1,595.4612172998022,595.4689458999783,596.484984099865,596.4523893999867,0.2884110000450164,None,,,,,,,,,,,,,,,,,,,,207,1,short,A,2026-07-13_09h37.28.227,SBL_superimposed_encoding,,2026.1.3,119.19093200916998,2026-07-13 09h37.28.448245 -0400,
2,65,65,0,stimuli/scenes/scene_J2.jpg,Jungle,Tulon,stimuli/items/undersea_animal_17.png,Undersea,animal,si,q,1,0.26830109977163374,None,0,1,1,1,0,65,65,65,,,,,596.484984099865,,,,,,,,,,,,,,,,,,,,,,,,,,,,,,,,,,,,,,,,596.474909799872,596.484984099865,596.484984099865,598.461257299874,598.4613009998575,598.4690325998235,598.4690325998235,,,598.7446408998221,q,1,598.7446963998955,598.752169799991,599.7690076997969,599.7359440999571,0.26830109977163374,None,,,,,,,,,,,,,,,,,,,,207,1,short,A,2026-07-13_09h37.28.227,SBL_superimposed_encoding,,2026.1.3,119.19093200916998,2026-07-13 09h37.28.448245 -0400,
2,66,66,0,stimuli/scenes/scene_U2.jpg,Undersea,Negvi,stimuli/items/undersea_animal_7.png,Undersea,animal,sc,p,1,0.24882999993860722,None,0,1,1,1,0,66,66,66,,,,,599.7690076997969,,,,,,,,,,,,,,,,,,,,,,,,,,,,,,,,,,,,,,,,599.761478099972,599.7690076997969,599.7690076997969,601.7448766999878,601.7449200998526,601.7524532999378,601.7524532999378,,,602.0028720998671,p,1,602.0029290998355,602.0106627999339,603.0339561998844,602.99491449981,0.24882999993860722,None,,,,,,,,,,,,,,,,,,,,207,1,short,A,2026-07-13_09h37.28.227,SBL_superimposed_encoding,,2026.1.3,119.19093200916998,2026-07-13 09h37.28.448245 -0400,
2,67,67,0,stimuli/scenes/scene_J1.jpg,Jungle,Malbow,stimuli/items/undersea_animal_18.png,Undersea,animal,si,q,1,0.3187227000016719,None,0,1,1,1,0,67,67,67,,,,,603.0339561998844,,,,,,,,,,,,,,,,,,,,,,,,,,,,,,,,,,,,,,,,603.0233510998078,603.0339561998844,603.0339561998844,605.0030192998238,605.0030637998134,605.010804399848,605.010804399848,,,605.3364613999147,q,1,605.3365154999774,605.344317499781,606.3603663998656,606.3280301999766,0.3187227000016719,None,,,,,,,,,,,,,,,,,,,,207,1,short,A,2026-07-13_09h37.28.227,SBL_superimposed_encoding,,2026.1.3,119.19093200916998,2026-07-13 09h37.28.448245 -0400,
2,68,68,0,stimuli/scenes/scene_J2.jpg,Jungle,Tulon,stimuli/items/jungle_object_7.png,Jungle,object,sc,p,1,0.24053330020979047,None,0,1,1,1,0,68,68,68,,,,,606.3603663998656,,,,,,,,,,,,,,,,,,,,,,,,,,,,,,,,,,,,,,,,606.3500001998618,606.3603663998656,606.3603663998656,608.3446299999487,608.3446752999444,608.3524749998469,608.3524749998469,,,608.5946229998954,p,1,608.5946807998698,608.6024302998558,609.6187088999432,609.5859826998785,0.24053330020979047,None,,,,,,,,,,,,,,,,,,,,207,1,short,A,2026-07-13_09h37.28.227,SBL_superimposed_encoding,,2026.1.3,119.19093200916998,2026-07-13 09h37.28.448245 -0400,
2,69,69,0,stimuli/scenes/scene_U1.jpg,Undersea,Somar,stimuli/items/jungle_object_19.png,Jungle,object,si,q,1,0.41490010009147227,None,0,1,1,1,0,69,69,69,,,,,609.6187088999432,,,,,,,,,,,,,,,,,,,,,,,,,,,,,,,,,,,,,,,,609.6104634997901,609.6187088999432,609.6187088999432,611.5947149998974,611.5947587999981,611.6022889998276,611.6022889998276,,,612.0198488999158,q,1,612.0199070998933,612.0277501998935,613.0437820998486,613.0111285999883,0.41490010009147227,None,,,,,,,,,,,,,,,,,,,,207,1,short,A,2026-07-13_09h37.28.227,SBL_superimposed_encoding,,2026.1.3,119.19093200916998,2026-07-13 09h37.28.448245 -0400,
2,70,70,0,stimuli/scenes/scene_J2.jpg,Jungle,Tulon,stimuli/items/jungle_animal_14.png,Jungle,animal,sc,p,1,0.2693495999556035,None,0,1,1,1,0,70,70,70,,,,,613.0437820998486,,,,,,,,,,,,,,,,,,,,,,,,,,,,,,,,,,,,,,,,613.033252999885,613.0437820998486,613.0437820998486,615.0203509998973,615.02039589989,615.0276472999249,615.0276472999249,,,615.3033296999056,p,1,615.3033856998663,615.310953799868,616.3271683999337,616.2951054999139,0.2693495999556035,None,,,,,,,,,,,,,,,,,,,,207,1,short,A,2026-07-13_09h37.28.227,SBL_superimposed_encoding,,2026.1.3,119.19093200916998,2026-07-13 09h37.28.448245 -0400,
2,71,71,0,stimuli/scenes/scene_U2.jpg,Undersea,Negvi,stimuli/items/jungle_animal_13.png,Jungle,animal,si,q,1,0.2738457000814378,None,0,1,1,1,0,71,71,71,,,,,616.3271683999337,,,,,,,,,,,,,,,,,,,,,,,,,,,,,,,,,,,,,,,,616.3186076998245,616.3271683999337,616.3271683999337,618.3116103999782,618.3116546999663,618.3193186998833,618.3193186998833,,,618.5951638999395,q,1,618.5952209997922,618.602658999851,619.6356116998941,619.5862527999561,0.2738457000814378,None,,,,,,,,,,,,,,,,,,,,207,1,short,A,2026-07-13_09h37.28.227,SBL_superimposed_encoding,,2026.1.3,119.19093200916998,2026-07-13 09h37.28.448245 -0400,
2,72,72,0,stimuli/scenes/scene_J2.jpg,Jungle,Tulon,stimuli/items/jungle_object_17.png,Jungle,object,sc,p,1,0.31090809986926615,None,0,1,1,1,0,72,72,72,,,,,619.6356116998941,,,,,,,,,,,,,,,,,,,,,,,,,,,,,,,,,,,,,,,,619.6252465997823,619.6356116998941,619.6356116998941,621.6036348999478,621.6037283998448,621.6108865998685,621.6108865998685,,,621.9285325999372,p,1,621.9285896997899,621.9361585997976,622.9526545999106,622.920274599921,0.31090809986926615,None,,,,,,,,,,,,,,,,,,,,207,1,short,A,2026-07-13_09h37.28.227,SBL_superimposed_encoding,,2026.1.3,119.19093200916998,2026-07-13 09h37.28.448245 -0400,
2,73,73,0,stimuli/scenes/scene_U1.jpg,Undersea,Somar,stimuli/items/undersea_animal_6.png,Undersea,animal,sc,p,1,0.30513460002839565,None,0,1,1,1,0,73,73,73,,,,,622.9526545999106,,,,,,,,,,,,,,,,,,,,,,,,,,,,,,,,,,,,,,,,622.9441655999981,622.9526545999106,622.9526545999106,624.936583200004,624.936627499992,624.944507899927,624.944507899927,,,625.2538179999683,p,1,625.2538761999458,625.261031899834,626.2860854999162,626.2446558999363,0.30513460002839565,None,,,,,,,,,,,,,,,,,,,,207,1,short,A,2026-07-13_09h37.28.227,SBL_superimposed_encoding,,2026.1.3,119.19093200916998,2026-07-13 09h37.28.448245 -0400,
2,74,74,0,stimuli/scenes/scene_J1.jpg,Jungle,Malbow,stimuli/items/undersea_animal_14.png,Undersea,animal,si,q,1,0.3557651999872178,None,0,1,1,1,0,74,74,74,,,,,626.2860854999162,,,,,,,,,,,,,,,,,,,,,,,,,,,,,,,,,,,,,,,,626.2788274998311,626.2860854999162,626.2860854999162,628.2620080998167,628.2621013999451,628.2698383999523,628.2698383999523,,,628.6284013998229,q,1,628.6284570998978,628.6360653999727,629.6517466998193,629.6198162999935,0.3557651999872178,None,,,,,,,,,,,,,,,,,,,,207,1,short,A,2026-07-13_09h37.28.227,SBL_superimposed_encoding,,2026.1.3,119.19093200916998,2026-07-13 09h37.28.448245 -0400,
2,75,75,0,stimuli/scenes/scene_U1.jpg,Undersea,Somar,stimuli/items/undersea_animal_12.png,Undersea,animal,sc,p,1,0.2609738998580724,None,0,1,1,1,0,75,75,75,,,,,629.6517466998193,,,,,,,,,,,,,,,,,,,,,,,,,,,,,,,,,,,,,,,,629.641230299836,629.6517466998193,629.6517466998193,631.6365648999345,631.6366105999332,631.6443868998904,631.6443868998904,,,631.9117587998044,p,1,631.9118178999051,631.9194679998327,632.9358444998506,632.9033982998226,0.2609738998580724,None,,,,,,,,,,,,,,,,,,,,207,1,short,A,2026-07-13_09h37.28.227,SBL_superimposed_encoding,,2026.1.3,119.19093200916998,2026-07-13 09h37.28.448245 -0400,
2,76,76,0,stimuli/scenes/scene_U2.jpg,Undersea,Negvi,stimuli/items/undersea_object_16.png,Undersea,object,sc,p,1,0.40188470017164946,None,0,1,1,1,0,76,76,76,,,,,632.9358444998506,,,,,,,,,,,,,,,,,,,,,,,,,,,,,,,,,,,,,,,,632.9267448999453,632.9358444998506,632.9358444998506,634.9199446998537,634.9199884999543,634.9280675998889,634.9280675998889,,,635.3370876999106,p,1,635.3371445999946,635.3445241998415,636.359376499895,636.328911599936,0.40188470017164946,None,,,,,,,,,,,,,,,,,,,,207,1,short,A,2026-07-13_09h37.28.227,SBL_superimposed_encoding,,2026.1.3,119.19093200916998,2026-07-13 09h37.28.448245 -0400,
2,77,77,0,stimuli/scenes/scene_U1.jpg,Undersea,Somar,stimuli/items/jungle_animal_5.png,Jungle,animal,si,q,1,0.272772999946028,None,0,1,1,1,0,77,77,77,,,,,636.359376499895,,,,,,,,,,,,,,,,,,,,,,,,,,,,,,,,,,,,,,,,636.3491505999118,636.359376499895,636.359376499895,638.345241899835,638.3452862999402,638.3529571997933,638.3529571997933,,,638.6288681000005,q,1,638.628923199838,638.6367448999081,639.6605499999132,639.6204102998599,0.272772999946028,None,,,,,,,,,,,,,,,,,,,,207,1,short,A,2026-07-13_09h37.28.227,SBL_superimposed_encoding,,2026.1.3,119.19093200916998,2026-07-13 09h37.28.448245 -0400,
2,78,78,0,stimuli/scenes/scene_J1.jpg,Jungle,Malbow,stimuli/items/undersea_animal_4.png,Undersea,animal,si,q,1,0.3089697000104934,None,0,1,1,1,0,78,78,78,,,,,639.6605499999132,,,,,,,,,,,,,,,,,,,,,,,,,,,,,,,,,,,,,,,,639.6500289998949,639.6605499999132,639.6605499999132,641.6370922999922,641.6371366998646,641.6448175997939,641.6448175997939,,,641.9625292997807,q,1,641.9625868999865,641.9698986997828,642.9838425999042,642.9535096997861,0.3089697000104934,None,,,,,,,,,,,,,,,,,,,,207,1,short,A,2026-07-13_09h37.28.227,SBL_superimposed_encoding,,2026.1.3,119.19093200916998,2026-07-13 09h37.28.448245 -0400,
2,79,79,0,stimuli/scenes/scene_U1.jpg,Undersea,Somar,stimuli/items/undersea_animal_9.png,Undersea,animal,sc,p,1,0.2712797001004219,None,0,1,1,1,0,79,79,79,,,,,642.9838425999042,,,,,,,,,,,,,,,,,,,,,,,,,,,,,,,,,,,,,,,,642.9734608998988,642.9838425999042,642.9838425999042,644.9702915998641,644.9703345999587,644.9781968998723,644.9781968998723,,,645.2540703997947,p,1,645.2541260998696,645.26176699996,646.2534482998308,646.245259599993,0.2712797001004219,None,,,,,,,,,,,,,,,,,,,,207,1,short,A,2026-07-13_09h37.28.227,SBL_superimposed_encoding,,2026.1.3,119.19093200916998,2026-07-13 09h37.28.448245 -0400,
3,0,0,0,stimuli/scenes/scene_U2.jpg,Undersea,Negvi,stimuli/items/undersea_animal_13.png,Undersea,animal,sc,p,1,0.2849504000041634,None,0,2,2,2,0,0,0,0,0,0,0,0,655.4867071998306,,,,,,,,,,,,,,,,,,,,,,,,,,,,,,,,,,,,,,655.4136884999461,655.413905599853,655.4768298999406,655.4867071998306,655.4867071998306,657.4205804998055,657.4206255997997,657.4284716998227,657.4284716998227,,,657.7206146998797,p,1,657.7206728998572,657.7284142998978,658.7451493998524,658.7121200999245,0.2849504000041634,None,646.251022499986,646.2512399998959,646.2514767998364,646.2534482998308,646.2534482998308,646.2534482998308,655.4127485998906,space,9.155928499996662,None,,,,,,,,,,207,1,short,A,2026-07-13_09h37.28.227,SBL_superimposed_encoding,,2026.1.3,119.19093200916998,2026-07-13 09h37.28.448245 -0400,
3,1,1,0,stimuli/scenes/scene_U1.jpg,Undersea,Somar,stimuli/items/jungle_animal_3.png,Jungle,animal,si,q,1,0.2566709001548588,None,0,2,2,2,0,1,1,1,,,,,658.7451493998524,,,,,,,,,,,,,,,,,,,,,,,,,,,,,,,,,,,,,,,,658.7387350997888,658.7451493998524,658.7451493998524,660.7289229999296,660.7289672999177,660.7365460998844,660.7365460998844,,,660.9957889998332,q,1,660.995844699908,661.0034186998382,662.019721099874,661.9873787998222,0.2566709001548588,None,,,,,,,,,,,,,,,,,,,,207,1,short,A,2026-07-13_09h37.28.227,SBL_superimposed_encoding,,2026.1.3,119.19093200916998,2026-07-13 09h37.28.448245 -0400,
3,2,2,0,stimuli/scenes/scene_U2.jpg,Undersea,Negvi,stimuli/items/undersea_object_7.png,Undersea,object,sc,p,1,0.5656595998443663,None,0,2,2,2,0,2,2,2,,,,,662.019721099874,,,,,,,,,,,,,,,,,,,,,,,,,,,,,,,,,,,,,,,,662.0099313999526,662.019721099874,662.019721099874,664.0043124000076,664.0043573000003,664.0117327999324,664.0117327999324,,,664.5793416998349,p,1,664.5794087999966,664.5869761998765,665.6007953998633,665.5706657997798,0.5656595998443663,None,,,,,,,,,,,,,,,,,,,,207,1,short,A,2026-07-13_09h37.28.227,SBL_superimposed_encoding,,2026.1.3,119.19093200916998,2026-07-13 09h37.28.448245 -0400,
3,3,3,0,stimuli/scenes/scene_U1.jpg,Undersea,Somar,stimuli/items/undersea_object_4.png,Undersea,object,sc,p,1,0.2458710998762399,None,0,2,2,2,0,3,3,3,,,,,665.6007953998633,,,,,,,,,,,,,,,,,,,,,,,,,,,,,,,,,,,,,,,,665.5906632998958,665.6007953998633,665.6007953998633,667.5877009998076,667.5877459999174,667.595265999902,667.595265999902,,,667.8463619998656,p,1,667.8464177998248,667.853626199998,668.8620660000015,668.8374994997866,0.2458710998762399,None,,,,,,,,,,,,,,,,,,,,207,1,short,A,2026-07-13_09h37.28.227,SBL_superimposed_encoding,,2026.1.3,119.19093200916998,2026-07-13 09h37.28.448245 -0400,
3,4,4,0,stimuli/scenes/scene_U2.jpg,Undersea,Negvi,stimuli/items/undersea_animal_16.png,Undersea,animal,sc,p,1,0.23572200001217425,None,0,2,2,2,0,4,4,4,,,,,668.8620660000015,,,,,,,,,,,,,,,,,,,,,,,,,,,,,,,,,,,,,,,,668.8560746998992,668.8620660000015,668.8620660000015,670.8460843998473,670.8461258998141,670.8536115000024,670.8536115000024,,,671.0959004999604,p,1,671.0959560999181,671.1037531998008,672.1180705998559,672.0873958999291,0.23572200001217425,None,,,,,,,,,,,670.8536115000024,670.8536115000024,,,,,,,,207,1,short,A,2026-07-13_09h37.28.227,SBL_superimposed_encoding,,2026.1.3,119.19093200916998,2026-07-13 09h37.28.448245 -0400,
3,5,5,0,stimuli/scenes/scene_U1.jpg,Undersea,Somar,stimuli/items/undersea_animal_12.png,Undersea,animal,sc,p,1,0.5381507000420243,None,0,2,2,2,0,5,5,5,,,,,672.1180705998559,,,,,,,,,,,,,,,,,,,,,,,,,,,,,,,,,,,,,,,,672.1080262998585,672.1180705998559,672.1180705998559,674.0962352999486,674.0962801999412,674.1036746997852,674.1036746997852,,,674.6458255997859,p,1,674.6458833999932,674.6537397999782,675.668660099851,675.6372715998441,0.5381507000420243,None,,,,,,,,,,,,,,,,,,,,207,1,short,A,2026-07-13_09h37.28.227,SBL_superimposed_encoding,,2026.1.3,119.19093200916998,2026-07-13 09h37.28.448245 -0400,
3,6,6,0,stimuli/scenes/scene_U2.jpg,Undersea,Negvi,stimuli/items/undersea_animal_20.png,Undersea,animal,sc,p,1,0.2514778000768274,None,0,2,2,2,0,6,6,6,,,,,675.668660099851,,,,,,,,,,,,,,,,,,,,,,,,,,,,,,,,,,,,,,,,675.6581717999652,675.668660099851,675.668660099851,677.6461438999977,677.6461965998169,677.6537779998034,677.6537779998034,,,677.9127080999315,p,1,677.9127659997903,677.9202492998447,678.9373248999473,678.9039852998685,0.2514778000768274,None,,,,,,,,,,,,,,,,,,,,207,1,short,A,2026-07-13_09h37.28.227,SBL_superimposed_encoding,,2026.1.3,119.19093200916998,2026-07-13 09h37.28.448245 -0400,
3,7,7,0,stimuli/scenes/scene_J2.jpg,Jungle,Tulon,stimuli/items/undersea_animal_8.png,Undersea,animal,si,q,1,0.22476990008726716,None,0,2,2,2,0,7,7,7,,,,,678.9373248999473,,,,,,,,,,,,,,,,,,,,,,,,,,,,,,,,,,,,,,,,678.9311827998608,678.9373248999473,678.9373248999473,680.9208809998818,680.920926499879,680.9287886999082,680.9287886999082,,,681.1548824999481,q,1,681.1549395998009,681.1620473999064,682.1769592999481,682.1460911999457,0.22476990008726716,None,,,,,,,,,,,,,,,,,,,,207,1,short,A,2026-07-13_09h37.28.227,SBL_superimposed_encoding,,2026.1.3,119.19093200916998,2026-07-13 09h37.28.448245 -0400,
3,8,8,0,stimuli/scenes/scene_U2.jpg,Undersea,Negvi,stimuli/items/jungle_animal_13.png,Jungle,animal,si,q,1,0.3587078999262303,None,0,2,2,2,0,8,8,8,,,,,682.1769592999481,,,,,,,,,,,,,,,,,,,,,,,,,,,,,,,,,,,,,,,,682.166031899862,682.1769592999481,682.1769592999481,684.1631182997953,684.1631672999356,684.1706641998608,684.1706641998608,,,684.5378764998168,q,1,684.5379348997958,684.545501699904,685.5618427000009,685.5292579999659,0.3587078999262303,None,,,,,,,,,,,,,,,,,,,,207,1,short,A,2026-07-13_09h37.28.227,SBL_superimposed_encoding,,2026.1.3,119.19093200916998,2026-07-13 09h37.28.448245 -0400,
3,9,9,0,stimuli/scenes/scene_J2.jpg,Jungle,Tulon,stimuli/items/jungle_object_8.png,Jungle,object,sc,p,1,0.23170140013098717,None,0,2,2,2,0,9,9,9,,,,,685.5618427000009,,,,,,,,,,,,,,,,,,,,,,,,,,,,,,,,,,,,,,,,685.5510195000097,685.5618427000009,685.5618427000009,687.538108699955,687.5381748999935,687.5455608998891,687.5455608998891,,,687.7794758998789,p,1,687.779533999972,687.7871470998507,688.8040703998413,688.7710284998175,0.23170140013098717,None,,,,,,,,,,,,,,,,,,,,207,1,short,A,2026-07-13_09h37.28.227,SBL_superimposed_encoding,,2026.1.3,119.19093200916998,2026-07-13 09h37.28.448245 -0400,
3,10,10,0,stimuli/scenes/scene_U2.jpg,Undersea,Negvi,stimuli/items/jungle_animal_15.png,Jungle,animal,si,q,1,0.2295752998907119,None,0,2,2,2,0,10,10,10,,,,,688.8040703998413,,,,,,,,,,,,,,,,,,,,,,,,,,,,,,,,,,,,,,,,688.7963141999207,688.8040703998413,688.8040703998413,690.7879925998859,690.7880365999881,690.7955574998632,690.7955574998632,,,691.0294600999914,q,1,691.0295164999552,691.0373008998577,692.0542456998955,692.0211966999341,0.2295752998907119,None,,,,,,,,,,,,,,,,,,,,207,1,short,A,2026-07-13_09h37.28.227,SBL_superimposed_encoding,,2026.1.3,119.19093200916998,2026-07-13 09h37.28.448245 -0400,
3,11,11,0,stimuli/scenes/scene_J1.jpg,Jungle,Malbow,stimuli/items/jungle_object_6.png,Jungle,object,sc,p,1,0.2998836999759078,None,0,2,2,2,0,11,11,11,,,,,692.0542456998955,,,,,,,,,,,,,,,,,,,,,,,,,,,,,,,,,,,,,,,,692.0479988998268,692.0542456998955,692.0542456998955,694.0297779999673,694.0298572999891,694.0373591999523,694.0373591999523,,,694.3383707997855,p,1,694.3384257999714,694.3456814999226,695.354333799798,695.3298517998774,0.2998836999759078,None,,,,,,,,,,,,,,,,,,,,207,1,short,A,2026-07-13_09h37.28.227,SBL_superimposed_encoding,,2026.1.3,119.19093200916998,2026-07-13 09h37.28.448245 -0400,
3,12,12,0,stimuli/scenes/scene_U2.jpg,Undersea,Negvi,stimuli/items/jungle_object_2.png,Jungle,object,si,q,1,0.25544039998203516,None,0,2,2,2,0,12,12,12,,,,,695.354333799798,,,,,,,,,,,,,,,,,,,,,,,,,,,,,,,,,,,,,,,,695.3488415998872,695.354333799798,695.354333799798,697.3384096999653,697.3384508998133,697.3458850998431,697.3458850998431,,,697.6047606999055,q,1,697.6048163999803,697.6125421999022,698.6286434999201,698.5963744998444,0.25544039998203516,None,,,,,,,,,,,697.3458850998431,697.3458850998431,,,,,,,,207,1,short,A,2026-07-13_09h37.28.227,SBL_superimposed_encoding,,2026.1.3,119.19093200916998,2026-07-13 09h37.28.448245 -0400,
3,13,13,0,stimuli/scenes/scene_U1.jpg,Undersea,Somar,stimuli/items/jungle_object_9.png,Jungle,object,si,q,1,0.24467980000190437,None,0,2,2,2,0,13,13,13,,,,,698.6286434999201,,,,,,,,,,,,,,,,,,,,,,,,,,,,,,,,,,,,,,,,698.6195631998125,698.6286434999201,698.6286434999201,700.6134659999516,700.6135101998225,700.6208369999658,700.6208369999658,,,700.8715733999852,q,1,700.871629399946,700.8791786998045,701.9038717998192,701.8630675999448,0.24467980000190437,None,,,,,,,,,,,,,,,,,,,,207,1,short,A,2026-07-13_09h37.28.227,SBL_superimposed_encoding,,2026.1.3,119.19093200916998,2026-07-13 09h37.28.448245 -0400,
3,14,14,0,stimuli/scenes/scene_J2.jpg,Jungle,Tulon,stimuli/items/jungle_object_7.png,Jungle,object,sc,p,1,0.25798840005882084,None,0,2,2,2,0,14,14,14,,,,,701.9038717998192,,,,,,,,,,,,,,,,,,,,,,,,,,,,,,,,,,,,,,,,701.8952128998935,701.9038717998192,701.9038717998192,703.8799599998165,703.8800366998184,703.8875336998608,703.8875336998608,,,704.1464876998216,p,1,704.14654469979,704.1543404997792,705.1681981999427,705.138108999934,0.25798840005882084,None,,,,,,,,,,,,,,,,,,,,207,1,short,A,2026-07-13_09h37.28.227,SBL_superimposed_encoding,,2026.1.3,119.19093200916998,2026-07-13 09h37.28.448245 -0400,
3,15,15,0,stimuli/scenes/scene_U1.jpg,Undersea,Somar,stimuli/items/undersea_object_1.png,Undersea,object,sc,p,1,0.2944147998932749,None,0,2,2,2,0,15,15,15,,,,,705.1681981999427,,,,,,,,,,,,,,,,,,,,,,,,,,,,,,,,,,,,,,,,705.1572363998275,705.1681981999427,705.1681981999427,707.1549849999137,707.1550294999033,707.1626147998031,707.1626147998031,,,707.4635605998337,p,1,707.4636216999497,707.4706588999834,708.4796433998272,708.4544272997882,0.2944147998932749,None,,,,,,,,,,,,,,,,,,,,207,1,short,A,2026-07-13_09h37.28.227,SBL_superimposed_encoding,,2026.1.3,119.19093200916998,2026-07-13 09h37.28.448245 -0400,
3,16,16,0,stimuli/scenes/scene_U2.jpg,Undersea,Negvi,stimuli/items/undersea_object_19.png,Undersea,object,sc,q,0,0.34679679991677403,None,0,2,2,2,0,16,16,16,,,,,708.4796433998272,,,,,,,,,,,,,,,,,,,,,,,,,,,,,,,,,,,,,,,,708.4742011998314,708.4796433998272,708.4796433998272,710.4637600998394,710.4638514998369,710.4710267998744,710.4710267998744,,,710.821504799882,q,0,710.8215602999553,710.8293587998487,711.8378552999347,711.8132416999433,0.34679679991677403,None,,,,,,,,,,,,,,,,,,,,207,1,short,A,2026-07-13_09h37.28.227,SBL_superimposed_encoding,,2026.1.3,119.19093200916998,2026-07-13 09h37.28.448245 -0400,
3,17,17,0,stimuli/scenes/scene_U1.jpg,Undersea,Somar,stimuli/items/undersea_animal_9.png,Undersea,animal,sc,p,1,0.2839415001217276,None,0,2,2,2,0,17,17,17,,,,,711.8378552999347,,,,,,,,,,,,,,,,,,,,,,,,,,,,,,,,,,,,,,,,711.832359699998,711.8378552999347,711.8378552999347,713.8218632999342,713.8219076998066,713.8294264997821,713.8294264997821,,,714.1215849998407,p,1,714.1216405997984,714.1296969999094,715.1546104999725,715.1132615997922,0.2839415001217276,None,,,,,,,,,,,,,,,,,,,,207,1,short,A,2026-07-13_09h37.28.227,SBL_superimposed_encoding,,2026.1.3,119.19093200916998,2026-07-13 09h37.28.448245 -0400,
3,18,18,0,stimuli/scenes/scene_J2.jpg,Jungle,Tulon,stimuli/items/undersea_object_12.png,Undersea,object,si,q,1,0.21592900017276406,None,0,2,2,2,0,18,18,18,,,,,715.1546104999725,,,,,,,,,,,,,,,,,,,,,,,,,,,,,,,,,,,,,,,,715.1465831999667,715.1546104999725,715.1546104999725,717.1219698998611,717.1220768999774,717.129574699793,717.129574699793,,,717.3472037999891,q,1,717.3472591999453,717.354656299809,718.3706563999876,718.3379247998819,0.21592900017276406,None,,,,,,,,,,,,,,,,,,,,207,1,short,A,2026-07-13_09h37.28.227,SBL_superimposed_encoding,,2026.1.3,119.19093200916998,2026-07-13 09h37.28.448245 -0400,
3,19,19,0,stimuli/scenes/scene_U1.jpg,Undersea,Somar,stimuli/items/jungle_animal_19.png,Jungle,animal,si,q,1,0.43901650002226233,None,0,2,2,2,0,19,19,19,,,,,718.3706563999876,,,,,,,,,,,,,,,,,,,,,,,,,,,,,,,,,,,,,,,,718.3598415998276,718.3706563999876,718.3706563999876,720.3553094998933,720.3553527998738,720.3627465998288,720.3627465998288,,,720.8050711997785,q,1,720.8051270998549,720.8127068998292,721.8299339998048,721.7967336999718,0.43901650002226233,None,,,,,,,,,,,,,,,,,,,,207,1,short,A,2026-07-13_09h37.28.227,SBL_superimposed_encoding,,2026.1.3,119.19093200916998,2026-07-13 09h37.28.448245 -0400,
3,20,20,0,stimuli/scenes/scene_J1.jpg,Jungle,Malbow,stimuli/items/undersea_animal_4.png,Undersea,animal,si,q,1,0.23632010002620518,None,0,2,2,2,0,20,20,20,,,,,721.8299339998048,,,,,,,,,,,,,,,,,,,,,,,,,,,,,,,,,,,,,,,,721.8236614000052,721.8299339998048,721.8299339998048,723.8053565998562,723.8054006998427,723.8131756999064,723.8131756999064,,,724.0551033997908,q,1,724.0551611999981,724.062910299981,725.0791761998553,725.046374999918,0.23632010002620518,None,,,,,,,,,,,,,,,,,,,,207,1,short,A,2026-07-13_09h37.28.227,SBL_superimposed_encoding,,2026.1.3,119.19093200916998,2026-07-13 09h37.28.448245 -0400,
3,21,21,0,stimuli/scenes/scene_J2.jpg,Jungle,Tulon,stimuli/items/undersea_animal_11.png,Undersea,animal,si,q,1,0.1943042001221329,None,0,2,2,2,0,21,21,21,,,,,725.0791761998553,,,,,,,,,,,,,,,,,,,,,,,,,,,,,,,,,,,,,,,,725.0688462997787,725.0791761998553,725.0791761998553,727.063605299918,727.063650299795,727.0710553999525,727.0710553999525,,,727.2718690999318,q,1,727.2719253997784,727.2799001999665,728.2965015999507,728.2635576999746,0.1943042001221329,None,,,,,,,,,,,,,,,,,,,,207,1,short,A,2026-07-13_09h37.28.227,SBL_superimposed_encoding,,2026.1.3,119.19093200916998,2026-07-13 09h37.28.448245 -0400,
3,22,22,0,stimuli/scenes/scene_J1.jpg,Jungle,Malbow,stimuli/items/undersea_object_15.png,Undersea,object,si,p,0,0.8330903998576105,None,0,2,2,2,0,22,22,22,,,,,728.2965015999507,,,,,,,,,,,,,,,,,,,,,,,,,,,,,,,,,,,,,,,,728.2888606998604,728.2965015999507,728.2965015999507,730.280868700007,730.280962199904,730.2879102998413,730.2879102998413,,,731.1220249999315,p,0,731.1220833999105,731.1299730997998,732.145980599802,732.1133583998308,0.8330903998576105,None,,,,,,,,,,,,,,,,,,,,207,1,short,A,2026-07-13_09h37.28.227,SBL_superimposed_encoding,,2026.1.3,119.19093200916998,2026-07-13 09h37.28.448245 -0400,
3,23,23,0,stimuli/scenes/scene_J2.jpg,Jungle,Tulon,stimuli/items/undersea_object_10.png,Undersea,object,si,q,1,0.27166280010715127,None,0,2,2,2,0,23,23,23,,,,,732.145980599802,,,,,,,,,,,,,,,,,,,,,,,,,,,,,,,,,,,,,,,,732.1344071999192,732.145980599802,732.145980599802,734.1222142998595,734.1222619998734,734.1300333999097,734.1300333999097,,,734.405809099786,q,1,734.4058666999917,734.4132710997947,735.4293637999799,735.3970234999433,0.27166280010715127,None,,,,,,,,,,,,,,,,,,,,207,1,short,A,2026-07-13_09h37.28.227,SBL_superimposed_encoding,,2026.1.3,119.19093200916998,2026-07-13 09h37.28.448245 -0400,
3,24,24,0,stimuli/scenes/scene_J1.jpg,Jungle,Malbow,stimuli/items/jungle_object_16.png,Jungle,object,sc,q,0,0.4197021999862045,None,0,2,2,2,0,24,24,24,,,,,735.4293637999799,,,,,,,,,,,,,,,,,,,,,,,,,,,,,,,,,,,,,,,,735.4187370999716,735.4293637999799,735.4293637999799,737.4138538998086,737.4138984999154,737.4217438998166,737.4217438998166,,,737.8473457999062,q,0,737.847402599873,737.8546891999431,738.871293499833,738.8385316999629,0.4197021999862045,None,,,,,,,,,,,,,,,,,,,,207,1,short,A,2026-07-13_09h37.28.227,SBL_superimposed_encoding,,2026.1.3,119.19093200916998,2026-07-13 09h37.28.448245 -0400,
3,25,25,0,stimuli/scenes/scene_U2.jpg,Undersea,Negvi,stimuli/items/jungle_animal_7.png,Jungle,animal,si,q,1,0.5625669998116791,None,0,2,2,2,0,25,25,25,,,,,738.871293499833,,,,,,,,,,,,,,,,,,,,,,,,,,,,,,,,,,,,,,,,738.8632516998332,738.871293499833,738.871293499833,740.8554664999247,740.8555111999158,740.863021499943,740.863021499943,,,741.4307033999357,q,1,741.4307609999087,741.4381059999578,742.4534647997934,742.4218982998282,0.5625669998116791,None,,,,,,,,,,,,,,,,,,,,207,1,short,A,2026-07-13_09h37.28.227,SBL_superimposed_encoding,,2026.1.3,119.19093200916998,2026-07-13 09h37.28.448245 -0400,
3,26,26,0,stimuli/scenes/scene_J1.jpg,Jungle,Malbow,stimuli/items/undersea_animal_3.png,Undersea,animal,si,q,1,0.24288349994458258,None,0,2,2,2,0,26,26,26,,,,,742.4534647997934,,,,,,,,,,,,,,,,,,,,,,,,,,,,,,,,,,,,,,,,742.4425863998476,742.4534647997934,742.4534647997934,744.4392393999733,744.4392871998716,744.4467594998423,744.4467594998423,,,744.6971301999874,q,1,744.6971880998462,744.7050683998968,745.7214867000002,745.6885452999268,0.24288349994458258,None,,,,,,,,,,,,,,,,,,,,207,1,short,A,2026-07-13_09h37.28.227,SBL_superimposed_encoding,,2026.1.3,119.19093200916998,2026-07-13 09h37.28.448245 -0400,
3,27,27,0,stimuli/scenes/scene_J2.jpg,Jungle,Tulon,stimuli/items/jungle_animal_9.png,Jungle,animal,sc,p,1,0.23331180005334318,None,0,2,2,2,0,27,27,27,,,,,745.7214867000002,,,,,,,,,,,,,,,,,,,,,,,,,,,,,,,,,,,,,,,,745.7122460999526,745.7214867000002,745.7214867000002,747.6973418998532,747.697392999893,747.7048812999856,747.7048812999856,,,747.9389551999047,p,1,747.9390097998548,747.9467437998392,748.9630538998172,748.9301882998552,0.23331180005334318,None,,,,,,,,,,,,,,,,,,,,207,1,short,A,2026-07-13_09h37.28.227,SBL_superimposed_encoding,,2026.1.3,119.19093200916998,2026-07-13 09h37.28.448245 -0400,
3,28,28,0,stimuli/scenes/scene_J1.jpg,Jungle,Malbow,stimuli/items/jungle_object_10.png,Jungle,object,sc,p,1,0.20627099997363985,None,0,2,2,2,0,28,28,28,,,,,748.9630538998172,,,,,,,,,,,,,,,,,,,,,,,,,,,,,,,,,,,,,,,,748.9529185998254,748.9630538998172,748.9630538998172,750.9393892998341,750.9394325998146,750.9467530997936,750.9467530997936,,,751.155533899786,p,1,751.155590099981,751.1635767999105,752.1801613999996,752.1473178998567,0.20627099997363985,None,,,,,,,,,,,,,,,,,,,,207,1,short,A,2026-07-13_09h37.28.227,SBL_superimposed_encoding,,2026.1.3,119.19093200916998,2026-07-13 09h37.28.448245 -0400,
3,29,29,0,stimuli/scenes/scene_U1.jpg,Undersea,Somar,stimuli/items/jungle_animal_5.png,Jungle,animal,si,q,1,0.27048519998788834,None,0,2,2,2,0,29,29,29,,,,,752.1801613999996,,,,,,,,,,,,,,,,,,,,,,,,,,,,,,,,,,,,,,,,752.1727108999621,752.1801613999996,752.1801613999996,754.1558583998121,754.1559354998171,754.1634557999205,754.1634557999205,,,754.4388538999483,q,1,754.4389112999197,754.4469594999682,755.4630550998263,755.4301853999496,0.27048519998788834,None,,,,,,,,,,,,,,,,,,,,207,1,short,A,2026-07-13_09h37.28.227,SBL_superimposed_encoding,,2026.1.3,119.19093200916998,2026-07-13 09h37.28.448245 -0400,
3,30,30,0,stimuli/scenes/scene_J2.jpg,Jungle,Tulon,stimuli/items/jungle_animal_2.png,Jungle,animal,sc,p,1,0.25019240006804466,None,0,2,2,2,0,30,30,30,,,,,755.4630550998263,,,,,,,,,,,,,,,,,,,,,,,,,,,,,,,,,,,,,,,,755.4537876998074,755.4630550998263,755.4630550998263,757.4389935999643,757.4390387998428,757.4469562999438,757.4469562999438,,,757.6977897998877,p,1,757.6978474999778,757.7050767999608,758.7216380999889,758.6889134999365,0.25019240006804466,None,,,,,,,,,,,,,,,,,,,,207,1,short,A,2026-07-13_09h37.28.227,SBL_superimposed_encoding,,2026.1.3,119.19093200916998,2026-07-13 09h37.28.448245 -0400,
3,31,31,0,stimuli/scenes/scene_U2.jpg,Undersea,Negvi,stimuli/items/undersea_object_16.png,Undersea,object,sc,p,1,0.33607520000077784,None,0,2,2,2,0,31,31,31,,,,,758.7216380999889,,,,,,,,,,,,,,,,,,,,,,,,,,,,,,,,,,,,,,,,758.7129779998213,758.7216380999889,758.7216380999889,760.6979479999281,760.6980287998449,760.7053907997906,760.7053907997906,,,761.0476215998642,p,1,761.0476791998371,761.0550428999122,762.063373999903,762.0387500999495,0.33607520000077784,None,,,,,,,,,,,,,,,,,,,,207,1,short,A,2026-07-13_09h37.28.227,SBL_superimposed_encoding,,2026.1.3,119.19093200916998,2026-07-13 09h37.28.448245 -0400,
3,32,32,0,stimuli/scenes/scene_U1.jpg,Undersea,Somar,stimuli/items/undersea_animal_10.png,Undersea,animal,sc,p,1,0.23451650002971292,None,0,2,2,2,0,32,32,32,,,,,762.063373999903,,,,,,,,,,,,,,,,,,,,,,,,,,,,,,,,,,,,,,,,762.0576335999649,762.063373999903,762.063373999903,764.0476673999801,764.0477085998282,764.0551224998198,764.0551224998198,,,764.2977225999348,p,1,764.2977793999016,764.3052743999287,765.313808699837,765.288834599778,0.23451650002971292,None,,,,,,,,,,,764.0551224998198,764.0551224998198,,,,,,,,207,1,short,A,2026-07-13_09h37.28.227,SBL_superimposed_encoding,,2026.1.3,119.19093200916998,2026-07-13 09h37.28.448245 -0400,
3,33,33,0,stimuli/scenes/scene_U2.jpg,Undersea,Negvi,stimuli/items/undersea_object_14.png,Undersea,object,sc,p,1,0.23251489992253482,None,0,2,2,2,0,33,33,33,,,,,765.313808699837,,,,,,,,,,,,,,,,,,,,,,,,,,,,,,,,,,,,,,,,765.3084435998462,765.313808699837,765.313808699837,767.2980264998041,767.2980938998517,767.3053139999975,767.3053139999975,,,767.5393075998873,p,1,767.5393640999682,767.5471210998949,768.5626089998987,768.5310536997858,0.23251489992253482,None,,,,,,,,,,,,,,,,,,,,207,1,short,A,2026-07-13_09h37.28.227,SBL_superimposed_encoding,,2026.1.3,119.19093200916998,2026-07-13 09h37.28.448245 -0400,
3,34,34,0,stimuli/scenes/scene_U1.jpg,Undersea,Somar,stimuli/items/jungle_animal_10.png,Jungle,animal,si,q,1,0.25426460010930896,None,0,2,2,2,0,34,34,34,,,,,768.5626089998987,,,,,,,,,,,,,,,,,,,,,,,,,,,,,,,,,,,,,,,,768.55237449985,768.5626089998987,768.5626089998987,770.539618199924,770.5396624999121,770.5470776997972,770.5470776997972,,,770.8060043998994,q,1,770.8060616999865,770.8135710998904,771.8301313999109,771.7975383999292,0.25426460010930896,None,,,,,,,,,,,,,,,,,,,,207,1,short,A,2026-07-13_09h37.28.227,SBL_superimposed_encoding,,2026.1.3,119.19093200916998,2026-07-13 09h37.28.448245 -0400,
3,35,35,0,stimuli/scenes/scene_U2.jpg,Undersea,Negvi,stimuli/items/jungle_animal_1.png,Jungle,animal,si,q,1,0.21969960001297295,None,0,2,2,2,0,35,35,35,,,,,771.8301313999109,,,,,,,,,,,,,,,,,,,,,,,,,,,,,,,,,,,,,,,,771.8205552999862,771.8301313999109,771.8301313999109,773.8061769998167,773.806221799925,773.8139083997812,773.8139083997812,,,774.0391961999703,q,1,774.0392515999265,774.0468726998661,775.0701896999963,775.0307430999819,0.21969960001297295,None,,,,,,,,,,,,,,,,,,,,207,1,short,A,2026-07-13_09h37.28.227,SBL_superimposed_encoding,,2026.1.3,119.19093200916998,2026-07-13 09h37.28.448245 -0400,
3,36,36,0,stimuli/scenes/scene_J2.jpg,Jungle,Tulon,stimuli/items/undersea_object_3.png,Undersea,object,si,q,1,0.24242640007287264,None,0,2,2,2,0,36,36,36,,,,,775.0701896999963,,,,,,,,,,,,,,,,,,,,,,,,,,,,,,,,,,,,,,,,775.0585794998333,775.0701896999963,775.0701896999963,777.0475465999916,777.0475931998808,777.0553717999719,777.0553717999719,,,777.2984262998216,q,1,777.2984839999117,777.305653499905,778.3141396997962,778.2891787998378,0.24242640007287264,None,,,,,,,,,,,,,,,,,,,,207,1,short,A,2026-07-13_09h37.28.227,SBL_superimposed_encoding,,2026.1.3,119.19093200916998,2026-07-13 09h37.28.448245 -0400,
3,37,37,0,stimuli/scenes/scene_U2.jpg,Undersea,Negvi,stimuli/items/jungle_object_13.png,Jungle,object,si,q,1,0.24014930007979274,None,0,2,2,2,0,37,37,37,,,,,778.3141396997962,,,,,,,,,,,,,,,,,,,,,,,,,,,,,,,,,,,,,,,,778.3072288997937,778.3141396997962,778.3141396997962,780.2980792999733,780.2981207999401,780.3056330999825,780.3056330999825,,,780.5477846998256,q,1,780.5478394997772,780.5558987997938,781.5719064997975,781.5389566998929,0.24014930007979274,None,,,,,,,,,,,780.3056330999825,780.3056330999825,,,,,,,,207,1,short,A,2026-07-13_09h37.28.227,SBL_superimposed_encoding,,2026.1.3,119.19093200916998,2026-07-13 09h37.28.448245 -0400,
3,38,38,0,stimuli/scenes/scene_U1.jpg,Undersea,Somar,stimuli/items/undersea_object_11.png,Undersea,object,sc,p,1,0.2696136001031846,None,0,2,2,2,0,38,38,38,,,,,781.5719064997975,,,,,,,,,,,,,,,,,,,,,,,,,,,,,,,,,,,,,,,,781.5631989999674,781.5719064997975,781.5719064997975,783.5480421998072,783.5481149998959,783.5559220998548,783.5559220998548,,,783.8314163999166,p,1,783.8314835999627,783.8390006998088,784.8625521999784,784.8229780998081,0.2696136001031846,None,,,,,,,,,,,,,,,,,,,,207,1,short,A,2026-07-13_09h37.28.227,SBL_superimposed_encoding,,2026.1.3,119.19093200916998,2026-07-13 09h37.28.448245 -0400,
3,39,39,0,stimuli/scenes/scene_J1.jpg,Jungle,Malbow,stimuli/items/undersea_object_6.png,Undersea,object,si,q,1,0.27363700000569224,None,0,2,2,2,0,39,39,39,,,,,784.8625521999784,,,,,,,,,,,,,,,,,,,,,,,,,,,,,,,,,,,,,,,,784.8518689000048,784.8625521999784,784.8625521999784,786.8397957999259,786.8398416999262,786.8477122997865,786.8477122997865,,,787.1228395998478,q,1,787.1228988999501,787.130489599891,788.1436530998908,788.11413979996,0.27363700000569224,None,,,,,,,,,,,,,,,,,,,,207,1,short,A,2026-07-13_09h37.28.227,SBL_superimposed_encoding,,2026.1.3,119.19093200916998,2026-07-13 09h37.28.448245 -0400,
3,40,40,0,stimuli/scenes/scene_U1.jpg,Undersea,Somar,stimuli/items/jungle_object_11.png,Jungle,object,si,q,1,0.27873190003447235,None,0,2,2,2,0,40,40,40,,,,,788.1436530998908,,,,,,,,,,,,,,,,,,,,,,,,,,,,,,,,,,,,,,,,788.1336132998113,788.1436530998908,788.1436530998908,790.1311228999402,790.1311692998279,790.1388977000024,790.1388977000024,,,790.4233134000096,q,1,790.4233698998578,790.430867199786,791.4463486999739,791.41445559985,0.27873190003447235,None,,,,,,,,,,,,,,,,,,,,207,1,short,A,2026-07-13_09h37.28.227,SBL_superimposed_encoding,,2026.1.3,119.19093200916998,2026-07-13 09h37.28.448245 -0400,
3,41,41,0,stimuli/scenes/scene_J1.jpg,Jungle,Malbow,stimuli/items/jungle_animal_16.png,Jungle,animal,sc,p,1,0.2904787000734359,None,0,2,2,2,0,41,41,41,,,,,791.4463486999739,,,,,,,,,,,,,,,,,,,,,,,,,,,,,,,,,,,,,,,,791.4355077999644,791.4463486999739,791.4463486999739,793.4316993998364,793.4317973998841,793.439016699791,793.439016699791,,,793.7312424997799,p,1,793.731299799867,793.7391605000012,794.7643672998529,794.723131199833,0.2904787000734359,None,,,,,,,,,,,,,,,,,,,,207,1,short,A,2026-07-13_09h37.28.227,SBL_superimposed_encoding,,2026.1.3,119.19093200916998,2026-07-13 09h37.28.448245 -0400,
3,42,42,0,stimuli/scenes/scene_J2.jpg,Jungle,Tulon,stimuli/items/jungle_animal_12.png,Jungle,animal,sc,p,1,0.3979124000761658,None,0,2,2,2,0,42,42,42,,,,,794.7643672998529,,,,,,,,,,,,,,,,,,,,,,,,,,,,,,,,,,,,,,,,794.7568931998685,794.7643672998529,794.7643672998529,796.7316309998278,796.7317298999988,796.7394909998402,796.7394909998402,,,797.1398900998756,p,1,797.1399541997816,797.1473108998034,798.1636282999534,798.1310923998244,0.3979124000761658,None,,,,,,,,,,,,,,,,,,,,207,1,short,A,2026-07-13_09h37.28.227,SBL_superimposed_encoding,,2026.1.3,119.19093200916998,2026-07-13 09h37.28.448245 -0400,
3,43,43,0,stimuli/scenes/scene_U2.jpg,Undersea,Negvi,stimuli/items/undersea_animal_2.png,Undersea,animal,sc,p,1,0.2618801000062376,None,0,2,2,2,0,43,43,43,,,,,798.1636282999534,,,,,,,,,,,,,,,,,,,,,,,,,,,,,,,,,,,,,,,,798.1544717999641,798.1636282999534,798.1636282999534,800.1480426997878,800.148088599788,800.1557620998938,800.1557620998938,,,800.4233719999902,p,1,800.4234276998322,800.4309176998213,801.4471927999984,801.4149246998131,0.2618801000062376,None,,,,,,,,,,,,,,,,,,,,207,1,short,A,2026-07-13_09h37.28.227,SBL_superimposed_encoding,,2026.1.3,119.19093200916998,2026-07-13 09h37.28.448245 -0400,
3,44,44,0,stimuli/scenes/scene_J1.jpg,Jungle,Malbow,stimuli/items/jungle_animal_6.png,Jungle,animal,sc,p,1,0.24198950012214482,None,0,2,2,2,0,44,44,44,,,,,801.4471927999984,,,,,,,,,,,,,,,,,,,,,,,,,,,,,,,,,,,,,,,,801.4362219998147,801.4471927999984,801.4471927999984,803.4315756999422,803.431619099807,803.4394763999153,803.4394763999153,,,803.6901653998066,p,1,803.6902207999956,803.697797199944,804.7070222999901,804.6816006998997,0.24198950012214482,None,,,,,,,,,,,,,,,,,,,,207,1,short,A,2026-07-13_09h37.28.227,SBL_superimposed_encoding,,2026.1.3,119.19093200916998,2026-07-13 09h37.28.448245 -0400,
3,45,45,0,stimuli/scenes/scene_J2.jpg,Jungle,Tulon,stimuli/items/jungle_animal_14.png,Jungle,animal,sc,p,1,0.29617780004628,None,0,2,2,2,0,45,45,45,,,,,804.7070222999901,,,,,,,,,,,,,,,,,,,,,,,,,,,,,,,,,,,,,,,,804.7017920999788,804.7070222999901,804.7070222999901,806.6903757997788,806.6904187998734,806.6978511000052,806.6978511000052,,,806.9987545998301,p,1,806.998811399797,807.0060425999109,808.0146868999582,807.989560399903,0.29617780004628,None,,,,,,,,,,,806.6978511000052,806.6978511000052,,,,,,,,207,1,short,A,2026-07-13_09h37.28.227,SBL_superimposed_encoding,,2026.1.3,119.19093200916998,2026-07-13 09h37.28.448245 -0400,
3,46,46,0,stimuli/scenes/scene_U2.jpg,Undersea,Negvi,stimuli/items/jungle_object_14.png,Jungle,object,si,q,1,0.25159620004706085,None,0,2,2,2,0,46,46,46,,,,,808.0146868999582,,,,,,,,,,,,,,,,,,,,,,,,,,,,,,,,,,,,,,,,808.0085609999951,808.0146868999582,808.0146868999582,809.9988002998289,809.9988425998017,810.0061554999556,810.0061554999556,,,810.2653847998008,q,1,810.2654426998924,810.2728345999494,811.2888782999944,811.2563215999398,0.25159620004706085,None,,,,,,,,,,,810.0061554999556,810.0061554999556,,,,,,,,207,1,short,A,2026-07-13_09h37.28.227,SBL_superimposed_encoding,,2026.1.3,119.19093200916998,2026-07-13 09h37.28.448245 -0400,
3,47,47,0,stimuli/scenes/scene_J1.jpg,Jungle,Malbow,stimuli/items/jungle_object_4.png,Jungle,object,sc,q,0,0.2244685001205653,None,0,2,2,2,0,47,47,47,,,,,811.2888782999944,,,,,,,,,,,,,,,,,,,,,,,,,,,,,,,,,,,,,,,,811.2781008998863,811.2888782999944,811.2888782999944,813.2737682999577,813.273825999815,813.2810784999747,813.2810784999747,,,813.5072627998888,q,0,813.5073175998405,813.5146681999322,814.5283462998923,814.4983490000013,0.2244685001205653,None,,,,,,,,,,,,,,,,,,,,207,1,short,A,2026-07-13_09h37.28.227,SBL_superimposed_encoding,,2026.1.3,119.19093200916998,2026-07-13 09h37.28.448245 -0400,
3,48,48,0,stimuli/scenes/scene_U2.jpg,Undersea,Negvi,stimuli/items/jungle_animal_18.png,Jungle,animal,si,q,1,0.2783557998482138,None,0,2,2,2,0,48,48,48,,,,,814.5283462998923,,,,,,,,,,,,,,,,,,,,,,,,,,,,,,,,,,,,,,,,814.5182022999506,814.5283462998923,814.5283462998923,816.5154289999045,816.5154739997815,816.5232385999989,816.5232385999989,,,816.8072777998168,q,1,816.8073332000058,816.8147158999927,817.8295135998633,817.7983488999307,0.2783557998482138,None,,,,,,,,,,,,,,,,,,,,207,1,short,A,2026-07-13_09h37.28.227,SBL_superimposed_encoding,,2026.1.3,119.19093200916998,2026-07-13 09h37.28.448245 -0400,
3,49,49,0,stimuli/scenes/scene_J1.jpg,Jungle,Malbow,stimuli/items/undersea_animal_14.png,Undersea,animal,si,q,1,0.24270159984007478,None,0,2,2,2,0,49,49,49,,,,,817.8295135998633,,,,,,,,,,,,,,,,,,,,,,,,,,,,,,,,,,,,,,,,817.8190926997922,817.8295135998633,817.8295135998633,819.8154335999861,819.8154772999696,819.822904399829,819.822904399829,,,820.0741190998815,q,1,820.0741741999518,820.0813478999771,821.0987648000009,821.0652798998635,0.24270159984007478,None,,,,,,,,,,,,,,,,,,,,207,1,short,A,2026-07-13_09h37.28.227,SBL_superimposed_encoding,,2026.1.3,119.19093200916998,2026-07-13 09h37.28.448245 -0400,
3,50,50,0,stimuli/scenes/scene_J2.jpg,Jungle,Tulon,stimuli/items/undersea_object_17.png,Undersea,object,si,q,1,0.43232770008035004,None,0,2,2,2,0,50,50,50,,,,,821.0987648000009,,,,,,,,,,,,,,,,,,,,,,,,,,,,,,,,,,,,,,,,821.0932574998587,821.0987648000009,821.0987648000009,823.0822346999776,823.0822791999672,823.0896921998356,823.0896921998356,,,823.5238768998533,q,1,823.523938999977,823.5312240999192,824.5477661998011,824.51494179992,0.43232770008035004,None,,,,,,,,,,,,,,,,,,,,207,1,short,A,2026-07-13_09h37.28.227,SBL_superimposed_encoding,,2026.1.3,119.19093200916998,2026-07-13 09h37.28.448245 -0400,
3,51,51,0,stimuli/scenes/scene_J1.jpg,Jungle,Malbow,stimuli/items/jungle_animal_4.png,Jungle,animal,sc,p,1,0.24574930011294782,None,0,2,2,2,0,51,51,51,,,,,824.5477661998011,,,,,,,,,,,,,,,,,,,,,,,,,,,,,,,,,,,,,,,,824.5384504999965,824.5477661998011,824.5477661998011,826.5323476998601,826.5323915998451,826.5396098999772,826.5396098999772,,,826.7902290998027,p,1,826.7903051998001,826.7982086997945,827.8145961998962,827.7821368000004,0.24574930011294782,None,,,,,,,,,,,,,,,,,,,,207,1,short,A,2026-07-13_09h37.28.227,SBL_superimposed_encoding,,2026.1.3,119.19093200916998,2026-07-13 09h37.28.448245 -0400,
3,52,52,0,stimuli/scenes/scene_J2.jpg,Jungle,Tulon,stimuli/items/jungle_animal_20.png,Jungle,animal,sc,p,1,0.3634376998525113,None,0,2,2,2,0,52,52,52,,,,,827.8145961998962,,,,,,,,,,,,,,,,,,,,,,,,,,,,,,,,,,,,,,,,827.8069772999734,827.8145961998962,827.8145961998962,829.7906525998842,829.790697199991,829.7982807999942,829.7982807999942,,,830.1652728999034,p,1,830.1653289999813,830.1729249998461,831.1894343998283,831.1567842999939,0.3634376998525113,None,,,,,,,,,,,,,,,,,,,,207,1,short,A,2026-07-13_09h37.28.227,SBL_superimposed_encoding,,2026.1.3,119.19093200916998,2026-07-13 09h37.28.448245 -0400,
3,53,53,0,stimuli/scenes/scene_J1.jpg,Jungle,Malbow,stimuli/items/undersea_object_2.png,Undersea,object,si,q,1,0.4517437999602407,None,0,2,2,2,0,53,53,53,,,,,831.1894343998283,,,,,,,,,,,,,,,,,,,,,,,,,,,,,,,,,,,,,,,,831.1806667000055,831.1894343998283,831.1894343998283,833.1735643998254,833.1736093999352,833.1814743999857,833.1814743999857,,,833.6404763997998,q,1,833.6405346998945,833.6480606999248,834.6650572000071,834.6320879999548,0.4517437999602407,None,,,,,,,,,,,,,,,,,,,,207,1,short,A,2026-07-13_09h37.28.227,SBL_superimposed_encoding,,2026.1.3,119.19093200916998,2026-07-13 09h37.28.448245 -0400,
3,54,54,0,stimuli/scenes/scene_U2.jpg,Undersea,Negvi,stimuli/items/undersea_animal_7.png,Undersea,animal,sc,p,1,0.23355080001056194,None,0,2,2,2,0,54,54,54,,,,,834.6650572000071,,,,,,,,,,,,,,,,,,,,,,,,,,,,,,,,,,,,,,,,834.6585442998912,834.6650572000071,834.6650572000071,836.6407834999263,836.6408455998171,836.6484104997944,836.6484104997944,,,836.882603299804,p,1,836.8826587998774,836.8898549999576,837.9048608997837,837.8738711997867,0.23355080001056194,None,,,,,,,,,,,,,,,,,,,,207,1,short,A,2026-07-13_09h37.28.227,SBL_superimposed_encoding,,2026.1.3,119.19093200916998,2026-07-13 09h37.28.448245 -0400,
3,55,55,0,stimuli/scenes/scene_J1.jpg,Jungle,Malbow,stimuli/items/undersea_animal_15.png,Undersea,animal,si,q,1,0.26301730005070567,None,0,2,2,2,0,55,55,55,,,,,837.9048608997837,,,,,,,,,,,,,,,,,,,,,,,,,,,,,,,,,,,,,,,,837.8942447998561,837.9048608997837,837.9048608997837,839.8909669998102,839.891011599917,839.8984243997838,839.8984243997838,,,840.1655441999901,q,1,840.1656039999798,840.1731494998094,841.1892690998502,841.1567614998203,0.26301730005070567,None,,,,,,,,,,,,,,,,,,,,207,1,short,A,2026-07-13_09h37.28.227,SBL_superimposed_encoding,,2026.1.3,119.19093200916998,2026-07-13 09h37.28.448245 -0400,
3,56,56,0,stimuli/scenes/scene_U1.jpg,Undersea,Somar,stimuli/items/jungle_object_19.png,Jungle,object,si,q,1,0.22816070006228983,None,0,2,2,2,0,56,56,56,,,,,841.1892690998502,,,,,,,,,,,,,,,,,,,,,,,,,,,,,,,,,,,,,,,,841.1800187998451,841.1892690998502,841.1892690998502,843.1737276997883,843.1737744999118,843.1815516999923,843.1815516999923,,,843.4157456997782,q,1,843.4158039998729,843.4237627999391,844.4396695999894,844.4073062997777,0.22816070006228983,None,,,,,,,,,,,,,,,,,,,,207,1,short,A,2026-07-13_09h37.28.227,SBL_superimposed_encoding,,2026.1.3,119.19093200916998,2026-07-13 09h37.28.448245 -0400,
3,57,57,0,stimuli/scenes/scene_J1.jpg,Jungle,Malbow,stimuli/items/undersea_animal_18.png,Undersea,animal,si,q,1,0.25003309990279377,None,0,2,2,2,0,57,57,57,,,,,844.4396695999894,,,,,,,,,,,,,,,,,,,,,,,,,,,,,,,,,,,,,,,,844.4291799999774,844.4396695999894,844.4396695999894,846.4160207000095,846.4161002999172,846.4235146997962,846.4235146997962,,,846.6743560999166,q,1,846.6744132000022,846.6816395998467,847.6953441998921,847.6656792999711,0.25003309990279377,None,,,,,,,,,,,,,,,,,,,,207,1,short,A,2026-07-13_09h37.28.227,SBL_superimposed_encoding,,2026.1.3,119.19093200916998,2026-07-13 09h37.28.448245 -0400,
3,58,58,0,stimuli/scenes/scene_U1.jpg,Undersea,Somar,stimuli/items/jungle_object_18.png,Jungle,object,si,q,1,0.23174020019359887,None,0,2,2,2,0,58,58,58,,,,,847.6953441998921,,,,,,,,,,,,,,,,,,,,,,,,,,,,,,,,,,,,,,,,847.6852286998183,847.6953441998921,847.6953441998921,849.6827139998786,849.6827874998562,849.6899726998527,849.6899726998527,,,849.9241309999488,q,1,849.9241856997833,849.9318949999288,850.9567381998058,850.9159895998891,0.23174020019359887,None,,,,,,,,,,,,,,,,,,,,207,1,short,A,2026-07-13_09h37.28.227,SBL_superimposed_encoding,,2026.1.3,119.19093200916998,2026-07-13 09h37.28.448245 -0400,
3,59,59,0,stimuli/scenes/scene_J2.jpg,Jungle,Tulon,stimuli/items/jungle_object_12.png,Jungle,object,sc,p,1,0.2215871000662446,None,0,2,2,2,0,59,59,59,,,,,850.9567381998058,,,,,,,,,,,,,,,,,,,,,,,,,,,,,,,,,,,,,,,,850.9473894999828,850.9567381998058,850.9567381998058,852.92457799986,852.924672299996,852.9316337998025,852.9316337998025,,,853.1578639999498,p,1,853.157919399906,853.1649295999669,854.1815721997991,854.14889699989,0.2215871000662446,None,,,,,,,,,,,,,,,,,,,,207,1,short,A,2026-07-13_09h37.28.227,SBL_superimposed_encoding,,2026.1.3,119.19093200916998,2026-07-13 09h37.28.448245 -0400,
3,60,60,0,stimuli/scenes/scene_U1.jpg,Undersea,Somar,stimuli/items/undersea_object_5.png,Undersea,object,sc,p,1,0.27581449993886054,None,0,2,2,2,0,60,60,60,,,,,854.1815721997991,,,,,,,,,,,,,,,,,,,,,,,,,,,,,,,,,,,,,,,,854.1720804998185,854.1815721997991,854.1815721997991,856.1660906998441,856.1661835999694,856.1735963998362,856.1735963998362,,,856.4574007999618,p,1,856.4574577999301,856.4654208999127,857.4809645998757,857.4489107998088,0.27581449993886054,None,,,,,,,,,,,,,,,,,,,,207,1,short,A,2026-07-13_09h37.28.227,SBL_superimposed_encoding,,2026.1.3,119.19093200916998,2026-07-13 09h37.28.448245 -0400,
3,61,61,0,stimuli/scenes/scene_J2.jpg,Jungle,Tulon,stimuli/items/undersea_animal_1.png,Undersea,animal,si,q,1,0.23197339987382293,None,0,2,2,2,0,61,61,61,,,,,857.4809645998757,,,,,,,,,,,,,,,,,,,,,,,,,,,,,,,,,,,,,,,,857.4694657998625,857.4809645998757,857.4809645998757,859.4577428000048,859.457787899999,859.4652946998831,859.4652946998831,,,859.6993863999378,q,1,859.6994447999168,859.7069686998148,860.721400299808,860.6909230998717,0.23197339987382293,None,,,,,,,,,,,,,,,,,,,,207,1,short,A,2026-07-13_09h37.28.227,SBL_superimposed_encoding,,2026.1.3,119.19093200916998,2026-07-13 09h37.28.448245 -0400,
3,62,62,0,stimuli/scenes/scene_U1.jpg,Undersea,Somar,stimuli/items/jungle_animal_17.png,Jungle,animal,si,q,1,0.31852860003709793,None,0,2,2,2,0,62,62,62,,,,,860.721400299808,,,,,,,,,,,,,,,,,,,,,,,,,,,,,,,,,,,,,,,,860.7100387997925,860.721400299808,860.721400299808,862.6997588998638,862.6998194998596,862.7069446998648,862.7069446998648,,,863.0329694999382,q,1,863.0330264999066,863.040417799959,864.0643163998611,864.0240938998759,0.31852860003709793,None,,,,,,,,,,,,,,,,,,,,207,1,short,A,2026-07-13_09h37.28.227,SBL_superimposed_encoding,,2026.1.3,119.19093200916998,2026-07-13 09h37.28.448245 -0400,
3,63,63,0,stimuli/scenes/scene_J1.jpg,Jungle,Malbow,stimuli/items/jungle_animal_8.png,Jungle,animal,sc,p,1,0.24061739980243146,None,0,2,2,2,0,63,63,63,,,,,864.0643163998611,,,,,,,,,,,,,,,,,,,,,,,,,,,,,,,,,,,,,,,,864.0535865998827,864.0643163998611,864.0643163998611,866.0409610997885,866.0410067997873,866.049055099953,866.049055099953,,,866.2910874998197,p,1,866.2911461999174,866.2990567998495,867.3129377998412,867.2823092998005,0.24061739980243146,None,,,,,,,,,,,,,,,,,,,,207,1,short,A,2026-07-13_09h37.28.227,SBL_superimposed_encoding,,2026.1.3,119.19093200916998,2026-07-13 09h37.28.448245 -0400,
3,64,64,0,stimuli/scenes/scene_U1.jpg,Undersea,Somar,stimuli/items/undersea_animal_5.png,Undersea,animal,sc,p,1,0.24603809998370707,None,0,2,2,2,0,64,64,64,,,,,867.3129377998412,,,,,,,,,,,,,,,,,,,,,,,,,,,,,,,,,,,,,,,,867.302727199858,867.3129377998412,867.3129377998412,869.2999322998803,869.3000283997972,869.3072829998564,869.3072829998564,,,869.558033999987,p,1,869.5580899999477,869.5658102999441,870.5823333999142,870.5493846999016,0.24603809998370707,None,,,,,,,,,,,,,,,,,,,,207,1,short,A,2026-07-13_09h37.28.227,SBL_superimposed_encoding,,2026.1.3,119.19093200916998,2026-07-13 09h37.28.448245 -0400,
3,65,65,0,stimuli/scenes/scene_J2.jpg,Jungle,Tulon,stimuli/items/jungle_object_5.png,Jungle,object,sc,p,1,0.25907470006495714,None,0,2,2,2,0,65,65,65,,,,,870.5823333999142,,,,,,,,,,,,,,,,,,,,,,,,,,,,,,,,,,,,,,,,870.5765184999909,870.5823333999142,870.5823333999142,872.5664012997877,872.566445000004,872.57416129997,872.57416129997,,,872.841441199882,p,1,872.8414988999721,872.8490412998945,873.8640040999744,873.8324894998223,0.25907470006495714,None,,,,,,,,,,,,,,,,,,,,207,1,short,A,2026-07-13_09h37.28.227,SBL_superimposed_encoding,,2026.1.3,119.19093200916998,2026-07-13 09h37.28.448245 -0400,
3,66,66,0,stimuli/scenes/scene_U1.jpg,Undersea,Somar,stimuli/items/undersea_animal_6.png,Undersea,animal,sc,p,1,0.23998429998755455,None,0,2,2,2,0,66,66,66,,,,,873.8640040999744,,,,,,,,,,,,,,,,,,,,,,,,,,,,,,,,,,,,,,,,873.8528205999173,873.8640040999744,873.8640040999744,875.849759799894,875.8498037999962,875.8574530999176,875.8574530999176,,,876.099461699836,p,1,876.0995175999124,876.1074258999433,877.1235097998288,877.0911718998104,0.23998429998755455,None,,,,,,,,,,,,,,,,,,,,207,1,short,A,2026-07-13_09h37.28.227,SBL_superimposed_encoding,,2026.1.3,119.19093200916998,2026-07-13 09h37.28.448245 -0400,
3,67,67,0,stimuli/scenes/scene_J2.jpg,Jungle,Tulon,stimuli/items/undersea_object_18.png,Undersea,object,si,q,1,0.197922799969092,None,0,2,2,2,0,67,67,67,,,,,877.1235097998288,,,,,,,,,,,,,,,,,,,,,,,,,,,,,,,,,,,,,,,,877.1119836999569,877.1235097998288,877.1235097998288,879.1082818999421,879.1083270998206,879.1157570998184,879.1157570998184,,,879.3163496998604,q,1,879.3164060998242,879.3238974998239,880.3405562997796,880.307596199913,0.197922799969092,None,,,,,,,,,,,,,,,,,,,,207,1,short,A,2026-07-13_09h37.28.227,SBL_superimposed_encoding,,2026.1.3,119.19093200916998,2026-07-13 09h37.28.448245 -0400,
3,68,68,0,stimuli/scenes/scene_U2.jpg,Undersea,Negvi,stimuli/items/undersea_object_8.png,Undersea,object,sc,p,1,0.2533973001409322,None,0,2,2,2,0,68,68,68,,,,,880.3405562997796,,,,,,,,,,,,,,,,,,,,,,,,,,,,,,,,,,,,,,,,880.3315166998655,880.3405562997796,880.3405562997796,882.316688099876,882.3167330999859,882.3241743999533,882.3241743999533,,,882.5832342999056,p,1,882.583290599985,882.5907593998127,883.6136843999848,883.574461299926,0.2533973001409322,None,,,,,,,,,,,,,,,,,,,,207,1,short,A,2026-07-13_09h37.28.227,SBL_superimposed_encoding,,2026.1.3,119.19093200916998,2026-07-13 09h37.28.448245 -0400,
3,69,69,0,stimuli/scenes/scene_J1.jpg,Jungle,Malbow,stimuli/items/undersea_object_13.png,Undersea,object,si,q,1,0.26681650010868907,None,0,2,2,2,0,69,69,69,,,,,883.6136843999848,,,,,,,,,,,,,,,,,,,,,,,,,,,,,,,,,,,,,,,,883.6032604998909,883.6136843999848,883.6136843999848,885.5834012997802,885.5834453999996,885.59087179997,885.59087179997,,,885.8586575998925,q,1,885.858711599838,885.8658847999759,886.8823483998422,886.8496065000072,0.26681650010868907,None,,,,,,,,,,,,,,,,,,,,207,1,short,A,2026-07-13_09h37.28.227,SBL_superimposed_encoding,,2026.1.3,119.19093200916998,2026-07-13 09h37.28.448245 -0400,
3,70,70,0,stimuli/scenes/scene_U1.jpg,Undersea,Somar,stimuli/items/jungle_object_3.png,Jungle,object,si,q,1,0.2478092999663204,None,0,2,2,2,0,70,70,70,,,,,886.8823483998422,,,,,,,,,,,,,,,,,,,,,,,,,,,,,,,,,,,,,,,,886.8749817998614,886.8823483998422,886.8823483998422,888.8665254998486,888.8666212998796,888.8741460999008,888.8741460999008,,,889.1250863999594,q,1,889.125142699806,889.1325184998568,890.1487387998495,890.1164028998464,0.2478092999663204,None,,,,,,,,,,,,,,,,,,,,207,1,short,A,2026-07-13_09h37.28.227,SBL_superimposed_encoding,,2026.1.3,119.19093200916998,2026-07-13 09h37.28.448245 -0400,
3,71,71,0,stimuli/scenes/scene_J1.jpg,Jungle,Malbow,stimuli/items/jungle_animal_11.png,Jungle,animal,sc,p,1,0.29268230008892715,None,0,2,2,2,0,71,71,71,,,,,890.1487387998495,,,,,,,,,,,,,,,,,,,,,,,,,,,,,,,,,,,,,,,,890.1380341998301,890.1487387998495,890.1487387998495,892.1333875998389,892.1334312998224,892.1409681998193,892.1409681998193,,,892.4412626998965,p,1,892.441321299877,892.4490774997976,893.4741302998737,893.4331741998903,0.29268230008892715,None,,,,,,,,,,,,,,,,,,,,207,1,short,A,2026-07-13_09h37.28.227,SBL_superimposed_encoding,,2026.1.3,119.19093200916998,2026-07-13 09h37.28.448245 -0400,
3,72,72,0,stimuli/scenes/scene_J2.jpg,Jungle,Tulon,stimuli/items/undersea_animal_19.png,Undersea,animal,si,q,1,0.2321387999691069,None,0,2,2,2,0,72,72,72,,,,,893.4741302998737,,,,,,,,,,,,,,,,,,,,,,,,,,,,,,,,,,,,,,,,893.4651707999874,893.4741302998737,893.4741302998737,895.4417103999294,895.441787699936,895.4493109998293,895.4493109998293,,,895.6832768998574,q,1,895.6833325999323,895.6913946999703,896.7074927999638,896.67504059989,0.2321387999691069,None,,,,,,,,,,,,,,,,,,,,207,1,short,A,2026-07-13_09h37.28.227,SBL_superimposed_encoding,,2026.1.3,119.19093200916998,2026-07-13 09h37.28.448245 -0400,
3,73,73,0,stimuli/scenes/scene_J1.jpg,Jungle,Malbow,stimuli/items/undersea_object_9.png,Undersea,object,si,q,1,0.27049640007317066,None,0,2,2,2,0,73,73,73,,,,,896.7074927999638,,,,,,,,,,,,,,,,,,,,,,,,,,,,,,,,,,,,,,,,896.6976708997972,896.7074927999638,896.7074927999638,898.6833818999585,898.6834260998294,898.6913439999335,898.6913439999335,,,898.9668463999406,q,1,898.9669007000048,898.9746506998781,899.982895999914,899.9582670999225,0.27049640007317066,None,,,,,,,,,,,,,,,,,,,,207,1,short,A,2026-07-13_09h37.28.227,SBL_superimposed_encoding,,2026.1.3,119.19093200916998,2026-07-13 09h37.28.448245 -0400,
3,74,74,0,stimuli/scenes/scene_U1.jpg,Undersea,Somar,stimuli/items/undersea_object_20.png,Undersea,object,sc,p,1,0.26718299998901784,None,0,2,2,2,0,74,74,74,,,,,899.982895999914,,,,,,,,,,,,,,,,,,,,,,,,,,,,,,,,,,,,,,,,899.977388399886,899.982895999914,899.982895999914,901.967001099838,901.9670941999648,901.9744562997948,901.9744562997948,,,902.2423260000069,p,1,902.2423828998581,902.2496585999615,903.2659134999849,903.2334029998165,0.26718299998901784,None,,,,,,,,,,,,,,,,,,,,207,1,short,A,2026-07-13_09h37.28.227,SBL_superimposed_encoding,,2026.1.3,119.19093200916998,2026-07-13 09h37.28.448245 -0400,
3,75,75,0,stimuli/scenes/scene_J2.jpg,Jungle,Tulon,stimuli/items/undersea_animal_17.png,Undersea,animal,si,q,1,0.2157970000989735,None,0,2,2,2,0,75,75,75,,,,,903.2659134999849,,,,,,,,,,,,,,,,,,,,,,,,,,,,,,,,,,,,,,,,903.2566686999053,903.2659134999849,903.2659134999849,905.2502903998829,905.2503847999033,905.2579441999551,905.2579441999551,,,905.4751894997898,q,1,905.4752477998845,905.4828064998146,906.4991805998143,906.4663788999896,0.2157970000989735,None,,,,,,,,,,,,,,,,,,,,207,1,short,A,2026-07-13_09h37.28.227,SBL_superimposed_encoding,,2026.1.3,119.19093200916998,2026-07-13 09h37.28.448245 -0400,
3,76,76,0,stimuli/scenes/scene_J1.jpg,Jungle,Malbow,stimuli/items/jungle_object_20.png,Jungle,object,sc,p,1,0.2385070000309497,None,0,2,2,2,0,76,76,76,,,,,906.4991805998143,,,,,,,,,,,,,,,,,,,,,,,,,,,,,,,,,,,,,,,,906.4883785999846,906.4991805998143,906.4991805998143,908.4753807999659,908.4754339999054,908.4829626998398,908.4829626998398,,,908.7254899998661,p,1,908.725546099944,908.732920399867,909.7494144998491,909.7165939998813,0.2385070000309497,None,,,,,,,,,,,,,,,,,,,,207,1,short,A,2026-07-13_09h37.28.227,SBL_superimposed_encoding,,2026.1.3,119.19093200916998,2026-07-13 09h37.28.448245 -0400,
3,77,77,0,stimuli/scenes/scene_U2.jpg,Undersea,Negvi,stimuli/items/jungle_object_1.png,Jungle,object,si,q,1,0.2685046000406146,None,0,2,2,2,0,77,77,77,,,,,909.7494144998491,,,,,,,,,,,,,,,,,,,,,,,,,,,,,,,,,,,,,,,,909.7420170998666,909.7494144998491,909.7494144998491,911.7257026999723,911.725814400008,911.7331364999991,911.7331364999991,,,912.0090270999353,q,1,912.0090816000011,912.0166643999983,913.0332420999184,913.0001764998306,0.2685046000406146,None,,,,,,,,,,,,,,,,,,,,207,1,short,A,2026-07-13_09h37.28.227,SBL_superimposed_encoding,,2026.1.3,119.19093200916998,2026-07-13 09h37.28.448245 -0400,
3,78,78,0,stimuli/scenes/scene_J2.jpg,Jungle,Tulon,stimuli/items/jungle_object_17.png,Jungle,object,sc,p,1,0.22482079989276826,None,0,2,2,2,0,78,78,78,,,,,913.0332420999184,,,,,,,,,,,,,,,,,,,,,,,,,,,,,,,,,,,,,,,,913.0264992997982,913.0332420999184,913.0332420999184,915.0172722998541,915.0173668998759,915.0247056998778,915.0247056998778,,,915.2503249999136,p,1,915.2503821998835,915.2578749998938,916.2665043999441,916.2415628999006,0.22482079989276826,None,,,,,,,,,,,,,,,,,,,,207,1,short,A,2026-07-13_09h37.28.227,SBL_superimposed_encoding,,2026.1.3,119.19093200916998,2026-07-13 09h37.28.448245 -0400,
3,79,79,0,stimuli/scenes/scene_U2.jpg,Undersea,Negvi,stimuli/items/jungle_object_15.png,Jungle,object,si,q,1,0.2555515000130981,None,0,2,2,2,0,79,79,79,,,,,916.2665043999441,,,,,,,,,,,,,,,,,,,,,,,,,,,,,,,,,,,,,,,,916.2601690997835,916.2665043999441,916.2665043999441,918.2506826999597,918.2507725998294,918.2582806998398,918.2582806998398,,,918.5169053999707,q,1,918.516962699825,918.5250200999435,919.5249439999461,919.5084627999458,0.2555515000130981,None,,,,,,,,,,,,,,,,,,,,207,1,short,A,2026-07-13_09h37.28.227,SBL_superimposed_encoding,,2026.1.3,119.19093200916998,2026-07-13 09h37.28.448245 -0400,
,,,,,,,,,,,,,,,,,,,,,,,,,,,,,,,,,,,,,,,,,,,,,,,,,,,,,,,,,,,,,,,,,,,,,,,,,,,,,,,,,,,,,919.5148608000018,919.515075000003,,,,,,,,,,,919.5221932998393,919.5249439999461,920.5082806998398,926.2757122998592,space,5.765063699800521,None,207,1,short,A,2026-07-13_09h37.28.227,SBL_superimposed_encoding,,2026.1.3,119.19093200916998,2026-07-13 09h37.28.448245 -0400,
