run,thisN,thisTrialN,thisRepN,scene_stimulus,scene_cat,scene_label,item_stimulus,item_cat,item_type,congruency,key_resp_congruency.keys,key_resp_congruency.corr,key_resp_congruency.rt,key_resp_congruency.duration,runs.thisRepN,runs.thisTrialN,runs.thisN,runs.thisIndex,trials.thisRepN,trials.thisTrialN,trials.thisN,trials.thisIndex,between_run_inst.thisRepN,between_run_inst.thisTrialN,between_run_inst.thisN,between_run_inst.thisIndex,thisRow.t,notes,piloting,get_relatedness_keys.started,get_relatedness_keys.stopped,instructions_screen.started,text_instructions.started,key_welcome.started,instructions_screen.stopped,key_welcome.keys,key_welcome.rt,key_welcome.duration,instruction_keys.started,text_keys.started,key_resp_keysInst.started,instruction_keys.stopped,key_resp_keysInst.keys,key_resp_keysInst.rt,key_resp_keysInst.duration,scene_names_reminder.started,text_reminder.started,image1.started,image2.started,image3.started,image4.started,textbox1.started,textbox2.started,textbox3.started,textbox4.started,key_reminder.started,scene_names_reminder.stopped,key_reminder.keys,key_reminder.rt,key_reminder.duration,blank2000.started,text_2.started,text_2.stopped,blank2000.stopped,get_run_stim_list.started,get_run_stim_list.stopped,scene_item_presentation.started,image_scene.started,image_item.started,scene_item_presentation.stopped,congruency_response.started,text_congruency.started,key_resp_congruency.started,congruency_response.stopped,trials.key_resp_congruency.keys,trials.key_resp_congruency.corr,trials.key_resp_congruency.rt,trials.key_resp_congruency.duration,blank1000.started,text.started,text.stopped,blank1000.stopped,text_congruency.stopped,key_resp_congruency.stopped,is_last_run.started,is_last_run.stopped,between_run_pause.started,text_run_pause.started,text_relatedness_pause.started,key_resp_next_run.started,between_run_pause.stopped,between_run_inst.key_resp_next_run.keys,between_run_inst.key_resp_next_run.rt,between_run_inst.key_resp_next_run.duration,image_scene.stopped,image_item.stopped,end_screen.started,text_end.started,key_end.started,end_screen.stopped,key_end.keys,key_end.rt,key_end.duration,participant,session,delay,group,date,expName,expVersion,psychopyVersion,frameRate,expStart,
,,,,,,,,,,,,,,,,,,,,,,,,,,,,,False,0.002504299976862967,0.0028298000106588006,,,,,,,,,,,,,,,,,,,,,,,,,,,,,,,,,,,,,,,,,,,,,,,,,,,,,,,,,,,,,,,,,,,,,,,,,208,1,short,A,2026-07-13_09h49.27.087,SBL_superimposed_encoding,,2026.1.3,119.58346692606703,2026-07-13 09h49.27.283603 -0400,
,,,,,,,,,,,,,,,,,,,,,,,,,,,,,,,,0.0028662000549957156,0.00940380000974983,1.0010679999832064,6.6765357999829575,space,5.6586833000183105,None,,,,,,,,,,,,,,,,,,,,,,,,,,,,,,,,,,,,,,,,,,,,,,,,,,,,,,,,,,,,,,,,,,208,1,short,A,2026-07-13_09h49.27.087,SBL_superimposed_encoding,,2026.1.3,119.58346692606703,2026-07-13 09h49.27.283603 -0400,
,,,,,,,,,,,,,,,,,,,,,,,,,,,,,,,,,,,,,,,6.703282600035891,6.705890699988231,6.705890699988231,30.98522969998885,space,24.274034600006416,None,,,,,,,,,,,,,,,,,,,,,,,,,,,,,,,,,,,,,,,,,,,,,,,,,,,,,,,,,,,208,1,short,A,2026-07-13_09h49.27.087,SBL_superimposed_encoding,,2026.1.3,119.58346692606703,2026-07-13 09h49.27.283603 -0400,
,,,,,,,,,,,,,,,,,,,,,,,,,,,,,,,,,,,,,,,,,,,,,,31.129014800069854,31.206744600087404,31.206744600087404,31.206744600087404,31.206744600087404,31.206744600087404,31.206744600087404,31.206744600087404,31.206744600087404,31.206744600087404,32.97665060008876,119.89500420005061,space,86.91493070009165,None,,,,,,,,,,,,,,,,,,,,,,,,,,,,,,,,,,,,,,,,,,,,208,1,short,A,2026-07-13_09h49.27.087,SBL_superimposed_encoding,,2026.1.3,119.58346692606703,2026-07-13 09h49.27.283603 -0400,
,,,,,,,,,,,,,,,,,,,,,,,,,,,,,,,,,,,,,,,,,,,,,,,,,,,,,,,,,,,,,119.8950521000661,119.9027810000116,121.96823390002828,121.88641540007666,,,,,,,,,,,,,,,,,,,,,,,,,,,,,,,,,,,,,,,,208,1,short,A,2026-07-13_09h49.27.087,SBL_superimposed_encoding,,2026.1.3,119.58346692606703,2026-07-13 09h49.27.283603 -0400,
1,0,0,0,stimuli/scenes/scene_U1.jpg,Undersea,Somar,stimuli/items/undersea_animal_14.png,Undersea,animal,sc,p,1,0.9399224000517279,None,0,0,0,0,0,0,0,0,,,,,121.96823390002828,,,,,,,,,,,,,,,,,,,,,,,,,,,,,,,,,,,,,,121.90012670005672,121.90036349999718,121.9555762000382,121.96823390002828,121.96823390002828,123.90356300002895,123.90694500005338,123.91120059997775,123.91120059997775,124.85373089998029,p,1,0.9399224000517279,None,124.85379050008487,124.86120010004379,125.88503140001558,125.84496290003881,,,,,,,,,,,,,,,,,,,,,,208,1,short,A,2026-07-13_09h49.27.087,SBL_superimposed_encoding,,2026.1.3,119.58346692606703,2026-07-13 09h49.27.283603 -0400,
1,1,1,0,stimuli/scenes/scene_J1.jpg,Jungle,Malbow,stimuli/items/undersea_object_14.png,Undersea,object,si,q,1,0.6145774000324309,None,0,0,0,0,0,1,1,1,,,,,125.88503140001558,,,,,,,,,,,,,,,,,,,,,,,,,,,,,,,,,,,,,,,,125.8743299000198,125.88503140001558,125.88503140001558,127.86187110003084,127.8619672000641,127.86944030004088,127.86944030004088,128.4868637000909,q,1,0.6145774000324309,None,128.48692390008364,128.4944021999836,129.51000140001997,129.47839190007653,,,,,,,,,,,,,,,,,,,,,,208,1,short,A,2026-07-13_09h49.27.087,SBL_superimposed_encoding,,2026.1.3,119.58346692606703,2026-07-13 09h49.27.283603 -0400,
1,2,2,0,stimuli/scenes/scene_U1.jpg,Undersea,Somar,stimuli/items/undersea_object_9.png,Undersea,object,sc,p,1,0.5725202999310568,None,0,0,0,0,0,2,2,2,,,,,129.51000140001997,,,,,,,,,,,,,,,,,,,,,,,,,,,,,,,,,,,,,,,,129.49981900001876,129.51000140001997,129.51000140001997,131.4871364000719,131.48723410000093,131.49451119999867,131.49451119999867,132.070341499988,p,1,0.5725202999310568,None,132.07040010008495,132.07778980000876,133.1004984000465,133.06152910005767,,,,,,,,,,,,,,,,,,,,,,208,1,short,A,2026-07-13_09h49.27.087,SBL_superimposed_encoding,,2026.1.3,119.58346692606703,2026-07-13 09h49.27.283603 -0400,
1,3,3,0,stimuli/scenes/scene_U2.jpg,Undersea,Negvi,stimuli/items/jungle_animal_10.png,Jungle,animal,si,q,1,0.43708159995730966,None,0,0,0,0,0,3,3,3,,,,,133.1004984000465,,,,,,,,,,,,,,,,,,,,,,,,,,,,,,,,,,,,,,,,133.09020199999213,133.1004984000465,133.1004984000465,135.07863170001656,135.07867680001073,135.0860304000089,135.0860304000089,135.52893220004626,q,1,0.43708159995730966,None,135.52899090002757,135.5362080000341,136.55264950008132,136.51985170005355,,,,,,,,,,,,,,,,,,,,,,208,1,short,A,2026-07-13_09h49.27.087,SBL_superimposed_encoding,,2026.1.3,119.58346692606703,2026-07-13 09h49.27.283603 -0400,
1,4,4,0,stimuli/scenes/scene_J1.jpg,Jungle,Malbow,stimuli/items/jungle_animal_20.png,Jungle,animal,sc,p,1,0.27448160003405064,None,0,0,0,0,0,4,4,4,,,,,136.55264950008132,,,,,,,,,,,,,,,,,,,,,,,,,,,,,,,,,,,,,,,,136.5443379000062,136.55264950008132,136.55264950008132,138.5369751000544,138.53702869999688,138.54466720006894,138.54466720006894,138.82028490002267,p,1,0.27448160003405064,None,138.82034530001692,138.82811860006768,139.84414469997864,139.81191390007734,,,,,,,,,,,,,,,,,,,,,,208,1,short,A,2026-07-13_09h49.27.087,SBL_superimposed_encoding,,2026.1.3,119.58346692606703,2026-07-13 09h49.27.283603 -0400,
1,5,5,0,stimuli/scenes/scene_U2.jpg,Undersea,Negvi,stimuli/items/undersea_animal_1.png,Undersea,animal,sc,p,1,0.22291110001970083,None,0,0,0,0,0,5,5,5,,,,,139.84414469997864,,,,,,,,,,,,,,,,,,,,,,,,,,,,,,,,,,,,,,,,139.8336738999933,139.84414469997864,139.84414469997864,141.82044979999773,141.82054710004013,141.82821330009028,141.82821330009028,142.0541398000205,p,1,0.22291110001970083,None,142.05419739999343,142.06133739999495,143.07612490002066,143.0451871000696,,,,,,,,,,,,,,,,,,,,,,208,1,short,A,2026-07-13_09h49.27.087,SBL_superimposed_encoding,,2026.1.3,119.58346692606703,2026-07-13 09h49.27.283603 -0400,
1,6,6,0,stimuli/scenes/scene_U1.jpg,Undersea,Somar,stimuli/items/undersea_object_3.png,Undersea,object,sc,p,1,0.2620337000116706,None,0,0,0,0,0,6,6,6,,,,,143.07612490002066,,,,,,,,,,,,,,,,,,,,,,,,,,,,,,,,,,,,,,,,143.06618990004063,143.07612490002066,143.07612490002066,145.0621709000552,145.06221520004328,145.06958050001413,145.06958050001413,145.33717100007925,p,1,0.2620337000116706,None,145.33723110007122,145.3445932000177,146.3610585000133,146.32858830003534,,,,,,,,,,,,,,,,,,,,,,208,1,short,A,2026-07-13_09h49.27.087,SBL_superimposed_encoding,,2026.1.3,119.58346692606703,2026-07-13 09h49.27.283603 -0400,
1,7,7,0,stimuli/scenes/scene_U2.jpg,Undersea,Negvi,stimuli/items/jungle_animal_3.png,Jungle,animal,si,q,1,0.2755672000348568,None,0,0,0,0,0,7,7,7,,,,,146.3610585000133,,,,,,,,,,,,,,,,,,,,,,,,,,,,,,,,,,,,,,,,146.3525682000909,146.3610585000133,146.3610585000133,148.34552059997804,148.34561630000826,148.35290290007833,148.35290290007833,148.6367982000811,q,1,0.2755672000348568,None,148.63685650005937,148.6447023000801,149.6694471000228,149.62847360002343,,,,,,,,,,,,,,,,,,,,,,208,1,short,A,2026-07-13_09h49.27.087,SBL_superimposed_encoding,,2026.1.3,119.58346692606703,2026-07-13 09h49.27.283603 -0400,
1,8,8,0,stimuli/scenes/scene_J2.jpg,Jungle,Tulon,stimuli/items/jungle_animal_11.png,Jungle,animal,sc,p,1,0.2458047999534756,None,0,0,0,0,0,8,8,8,,,,,149.6694471000228,,,,,,,,,,,,,,,,,,,,,,,,,,,,,,,,,,,,,,,,149.6597757000709,149.6694471000228,149.6694471000228,151.63697810005397,151.63702080002986,151.64522629999556,151.64522629999556,151.89591550000478,p,1,0.2458047999534756,None,151.8959743999876,151.9029489000095,152.91862770006992,152.88694790005684,,,,,,,,,,,,,,,,,,,,,,208,1,short,A,2026-07-13_09h49.27.087,SBL_superimposed_encoding,,2026.1.3,119.58346692606703,2026-07-13 09h49.27.283603 -0400,
1,9,9,0,stimuli/scenes/scene_U2.jpg,Undersea,Negvi,stimuli/items/jungle_object_19.png,Jungle,object,si,q,1,0.48350530001334846,None,0,0,0,0,0,9,9,9,,,,,152.91862770006992,,,,,,,,,,,,,,,,,,,,,,,,,,,,,,,,,,,,,,,,152.90744069998618,152.91862770006992,152.91862770006992,154.90381940000225,154.90387120004743,154.91147970000748,154.91147970000748,155.39578260004055,q,1,0.48350530001334846,None,155.39584260003176,155.40320800000336,156.42757770000026,156.38720210001338,,,,,,,,,,,,,,,,,,,,,,208,1,short,A,2026-07-13_09h49.27.087,SBL_superimposed_encoding,,2026.1.3,119.58346692606703,2026-07-13 09h49.27.283603 -0400,
1,10,10,0,stimuli/scenes/scene_U1.jpg,Undersea,Somar,stimuli/items/jungle_animal_19.png,Jungle,animal,si,q,1,0.44026299996767193,None,0,0,0,0,0,10,10,10,,,,,156.42757770000026,,,,,,,,,,,,,,,,,,,,,,,,,,,,,,,,,,,,,,,,156.41747490002308,156.42757770000026,156.42757770000026,158.40385790006258,158.40390300005674,158.41156879998744,158.41156879998744,158.85357380006462,q,1,0.44026299996767193,None,158.85363400005735,158.86175879999064,159.87807700003032,159.8453085999936,,,,,,,,,,,,,,,,,,,,,,208,1,short,A,2026-07-13_09h49.27.087,SBL_superimposed_encoding,,2026.1.3,119.58346692606703,2026-07-13 09h49.27.283603 -0400,
1,11,11,0,stimuli/scenes/scene_J2.jpg,Jungle,Tulon,stimuli/items/jungle_object_16.png,Jungle,object,sc,q,0,0.3816683000186458,None,0,0,0,0,0,11,11,11,,,,,159.87807700003032,,,,,,,,,,,,,,,,,,,,,,,,,,,,,,,,,,,,,,,,159.8698356000241,159.87807700003032,159.87807700003032,161.8539463999914,161.85398930008523,161.8616785000777,161.8616785000777,162.2456109999912,q,0,0.3816683000186458,None,162.24566860008053,162.2532165000448,163.26942550006788,163.23691420000978,,,,,,,,,,,,,,,,,,,,,,208,1,short,A,2026-07-13_09h49.27.087,SBL_superimposed_encoding,,2026.1.3,119.58346692606703,2026-07-13 09h49.27.283603 -0400,
1,12,12,0,stimuli/scenes/scene_U1.jpg,Undersea,Somar,stimuli/items/undersea_animal_19.png,Undersea,animal,sc,p,1,0.2701373000163585,None,0,0,0,0,0,12,12,12,,,,,163.26942550006788,,,,,,,,,,,,,,,,,,,,,,,,,,,,,,,,,,,,,,,,163.2588201999897,163.26942550006788,163.26942550006788,165.24579870002344,165.24585090007167,165.25340450007934,165.25340450007934,165.52907020004932,p,1,0.2701373000163585,None,165.52912800002377,165.5365327000618,166.5534609000897,166.52058780007064,,,,,,,,,,,,,,,,,,,,,,208,1,short,A,2026-07-13_09h49.27.087,SBL_superimposed_encoding,,2026.1.3,119.58346692606703,2026-07-13 09h49.27.283603 -0400,
1,13,13,0,stimuli/scenes/scene_J2.jpg,Jungle,Tulon,stimuli/items/jungle_animal_12.png,Jungle,animal,sc,q,0,0.8027252999600023,None,0,0,0,0,0,13,13,13,,,,,166.5534609000897,,,,,,,,,,,,,,,,,,,,,,,,,,,,,,,,,,,,,,,,166.5459977000719,166.5534609000897,166.5534609000897,168.53742619999684,168.5375213000225,168.54518120002467,168.54518120002467,169.35410780005623,q,0,0.8027252999600023,None,169.3541687000543,169.36173090001103,170.38593240000773,170.34584500000346,,,,,,,,,,,,,,,,,,,,,,208,1,short,A,2026-07-13_09h49.27.087,SBL_superimposed_encoding,,2026.1.3,119.58346692606703,2026-07-13 09h49.27.283603 -0400,
1,14,14,0,stimuli/scenes/scene_U2.jpg,Undersea,Negvi,stimuli/items/undersea_object_15.png,Undersea,object,sc,p,1,0.7050307999597862,None,0,0,0,0,0,14,14,14,,,,,170.38593240000773,,,,,,,,,,,,,,,,,,,,,,,,,,,,,,,,,,,,,,,,170.37453929998446,170.38593240000773,170.38593240000773,172.3622320999857,172.36227570008487,172.37008979998063,172.37008979998063,173.0789824000094,p,1,0.7050307999597862,None,173.07904490001965,173.08675190003123,174.10172070004046,174.07030440005474,,,,,,,,,,,,,,,,,,,,,,208,1,short,A,2026-07-13_09h49.27.087,SBL_superimposed_encoding,,2026.1.3,119.58346692606703,2026-07-13 09h49.27.283603 -0400,
1,15,15,0,stimuli/scenes/scene_U1.jpg,Undersea,Somar,stimuli/items/undersea_animal_4.png,Undersea,animal,sc,q,0,0.6365690000820905,None,0,0,0,0,0,15,15,15,,,,,174.10172070004046,,,,,,,,,,,,,,,,,,,,,,,,,,,,,,,,,,,,,,,,174.09137759997975,174.10172070004046,174.10172070004046,176.07933049998246,176.0793974000262,176.08680280006956,176.08680280006956,176.72909320006147,q,0,0.6365690000820905,None,176.7291542000603,176.73678330006078,177.7614796999842,177.7207792000845,,,,,,,,,,,,,,,,,,,,,,208,1,short,A,2026-07-13_09h49.27.087,SBL_superimposed_encoding,,2026.1.3,119.58346692606703,2026-07-13 09h49.27.283603 -0400,
1,16,16,0,stimuli/scenes/scene_J1.jpg,Jungle,Malbow,stimuli/items/jungle_object_4.png,Jungle,object,sc,p,1,0.7389699999475852,None,0,0,0,0,0,16,16,16,,,,,177.7614796999842,,,,,,,,,,,,,,,,,,,,,,,,,,,,,,,,,,,,,,,,177.752128800028,177.7614796999842,177.7614796999842,179.73738509998657,179.73744190006983,179.74495860002935,179.74495860002935,180.48744470009115,p,1,0.7389699999475852,None,180.48750729998574,180.4951194000896,181.50952219997998,181.47874090005644,,,,,,,,,,,,,,,,,,,,,,208,1,short,A,2026-07-13_09h49.27.087,SBL_superimposed_encoding,,2026.1.3,119.58346692606703,2026-07-13 09h49.27.283603 -0400,
1,17,17,0,stimuli/scenes/scene_U1.jpg,Undersea,Somar,stimuli/items/undersea_object_18.png,Undersea,object,sc,q,0,0.6113235000520945,None,0,0,0,0,0,17,17,17,,,,,181.50952219997998,,,,,,,,,,,,,,,,,,,,,,,,,,,,,,,,,,,,,,,,181.49922060000245,181.50952219997998,181.50952219997998,183.49638760008384,183.4964857000159,183.50375600007828,183.50375600007828,184.12096970004495,q,0,0.6113235000520945,None,184.1210301000392,184.12870400003158,185.1451747000683,185.11266440001782,,,,,,,,,,,,,,,,,,,,,,208,1,short,A,2026-07-13_09h49.27.087,SBL_superimposed_encoding,,2026.1.3,119.58346692606703,2026-07-13 09h49.27.283603 -0400,
1,18,18,0,stimuli/scenes/scene_U2.jpg,Undersea,Negvi,stimuli/items/undersea_object_10.png,Undersea,object,sc,p,1,0.29872920003253967,None,0,0,0,0,0,18,18,18,,,,,185.1451747000683,,,,,,,,,,,,,,,,,,,,,,,,,,,,,,,,,,,,,,,,185.137959600077,185.1451747000683,185.1451747000683,187.1211136999773,187.1211577000795,187.12871640000958,187.12871640000958,187.42916030006018,p,1,0.29872920003253967,None,187.42921910004225,187.437265100074,188.45338489999995,188.4207180000376,,,,,,,,,,,,,,,,,,,,,,208,1,short,A,2026-07-13_09h49.27.087,SBL_superimposed_encoding,,2026.1.3,119.58346692606703,2026-07-13 09h49.27.283603 -0400,
1,19,19,0,stimuli/scenes/scene_U1.jpg,Undersea,Somar,stimuli/items/jungle_object_3.png,Jungle,object,si,q,1,0.25459619995672256,None,0,0,0,0,0,19,19,19,,,,,188.45338489999995,,,,,,,,,,,,,,,,,,,,,,,,,,,,,,,,,,,,,,,,188.44518739997875,188.45338489999995,188.45338489999995,190.42968870000914,190.4297416000627,190.43714930000715,190.43714930000715,190.6959350000834,q,1,0.25459619995672256,None,190.69599370006472,190.70416470000055,191.728497800068,191.6876802999759,,,,,,,,,,,,,,,,,,,,,,208,1,short,A,2026-07-13_09h49.27.087,SBL_superimposed_encoding,,2026.1.3,119.58346692606703,2026-07-13 09h49.27.283603 -0400,
1,20,20,0,stimuli/scenes/scene_J2.jpg,Jungle,Tulon,stimuli/items/jungle_object_8.png,Jungle,object,sc,p,1,0.2989209000952542,None,0,0,0,0,0,20,20,20,,,,,191.728497800068,,,,,,,,,,,,,,,,,,,,,,,,,,,,,,,,,,,,,,,,191.71954620000906,191.728497800068,191.728497800068,193.69611989997793,193.69616430008318,193.70415780006442,193.70415780006442,194.00492570002098,p,1,0.2989209000952542,None,194.0049846000038,194.01197710004635,195.02755009999964,194.9956687000813,,,,,,,,,,,,,,,,,,,,,,208,1,short,A,2026-07-13_09h49.27.087,SBL_superimposed_encoding,,2026.1.3,119.58346692606703,2026-07-13 09h49.27.283603 -0400,
1,21,21,0,stimuli/scenes/scene_U2.jpg,Undersea,Negvi,stimuli/items/jungle_object_13.png,Jungle,object,si,q,1,0.21504229994025081,None,0,0,0,0,0,21,21,21,,,,,195.02755009999964,,,,,,,,,,,,,,,,,,,,,,,,,,,,,,,,,,,,,,,,195.01610490004532,195.02755009999964,195.02755009999964,197.01257610006724,197.01262220006902,197.02026730007492,197.02026730007492,197.23757370002568,q,1,0.21504229994025081,None,197.23763570003211,197.2452343000332,198.26191430003382,198.22942500002682,,,,,,,,,,,,,,,,,,,,,,208,1,short,A,2026-07-13_09h49.27.087,SBL_superimposed_encoding,,2026.1.3,119.58346692606703,2026-07-13 09h49.27.283603 -0400,
1,22,22,0,stimuli/scenes/scene_U1.jpg,Undersea,Somar,stimuli/items/jungle_object_1.png,Jungle,object,si,q,1,0.3183419000124559,None,0,0,0,0,0,22,22,22,,,,,198.26191430003382,,,,,,,,,,,,,,,,,,,,,,,,,,,,,,,,,,,,,,,,198.25310169998556,198.26191430003382,198.26191430003382,200.23799470008817,200.2380383000709,200.24560810008552,200.24560810008552,200.57117730006576,q,1,0.3183419000124559,None,200.57123740005773,200.57899190008175,201.59560460003559,201.56251339998562,,,,,,,,,,,,,,,,,,,,,,208,1,short,A,2026-07-13_09h49.27.087,SBL_superimposed_encoding,,2026.1.3,119.58346692606703,2026-07-13 09h49.27.283603 -0400,
1,23,23,0,stimuli/scenes/scene_J2.jpg,Jungle,Tulon,stimuli/items/undersea_object_11.png,Undersea,object,si,q,1,0.2331124999327585,None,0,0,0,0,0,23,23,23,,,,,201.59560460003559,,,,,,,,,,,,,,,,,,,,,,,,,,,,,,,,,,,,,,,,201.58764580008574,201.59560460003559,201.59560460003559,203.57131979998667,203.57136459997855,203.57882659998722,203.57882659998722,203.81285970006138,q,1,0.2331124999327585,None,203.81292030005716,203.8205782000441,204.83671870001126,204.80422330007423,,,,,,,,,,,,,,,,,,,,,,208,1,short,A,2026-07-13_09h49.27.087,SBL_superimposed_encoding,,2026.1.3,119.58346692606703,2026-07-13 09h49.27.283603 -0400,
1,24,24,0,stimuli/scenes/scene_U1.jpg,Undersea,Somar,stimuli/items/jungle_animal_13.png,Jungle,animal,si,q,1,0.2544456000905484,None,0,0,0,0,0,24,24,24,,,,,204.83671870001126,,,,,,,,,,,,,,,,,,,,,,,,,,,,,,,,,,,,,,,,204.8259856000077,204.83671870001126,204.83671870001126,206.81322690006346,206.81331660004798,206.8207446000306,206.8207446000306,207.07994399999734,q,1,0.2544456000905484,None,207.08000299998093,207.0874164000852,208.10393950005528,208.0712838000618,,,,,,,,,,,,,,,,,,,,,,208,1,short,A,2026-07-13_09h49.27.087,SBL_superimposed_encoding,,2026.1.3,119.58346692606703,2026-07-13 09h49.27.283603 -0400,
1,25,25,0,stimuli/scenes/scene_J2.jpg,Jungle,Tulon,stimuli/items/jungle_animal_4.png,Jungle,animal,sc,p,1,0.2761673000641167,None,0,0,0,0,0,25,25,25,,,,,208.10393950005528,,,,,,,,,,,,,,,,,,,,,,,,,,,,,,,,,,,,,,,,208.09533220005687,208.10393950005528,208.10393950005528,210.08818890003022,210.08823210000992,210.09562210005242,210.09562210005242,210.37951370002702,p,1,0.2761673000641167,None,210.37957260000985,210.38752850005403,211.40358659997582,211.37100340006873,,,,,,,,,,,,,,,,,,,,,,208,1,short,A,2026-07-13_09h49.27.087,SBL_superimposed_encoding,,2026.1.3,119.58346692606703,2026-07-13 09h49.27.283603 -0400,
1,26,26,0,stimuli/scenes/scene_U2.jpg,Undersea,Negvi,stimuli/items/jungle_animal_17.png,Jungle,animal,si,q,1,0.4556403000606224,None,0,0,0,0,0,26,26,26,,,,,211.40358659997582,,,,,,,,,,,,,,,,,,,,,,,,,,,,,,,,,,,,,,,,211.3957393000601,211.40358659997582,211.40358659997582,213.37968950008508,213.3797360000899,213.38752970006317,213.38752970006317,213.84614540007897,q,1,0.4556403000606224,None,213.8462048000656,213.8539260000689,214.87873820005916,214.83789670001715,,,,,,,,,,,,,,,,,,,,,,208,1,short,A,2026-07-13_09h49.27.087,SBL_superimposed_encoding,,2026.1.3,119.58346692606703,2026-07-13 09h49.27.283603 -0400,
1,27,27,0,stimuli/scenes/scene_J1.jpg,Jungle,Malbow,stimuli/items/undersea_animal_12.png,Undersea,animal,si,q,1,0.8454969000304118,None,0,0,0,0,0,27,27,27,,,,,214.87873820005916,,,,,,,,,,,,,,,,,,,,,,,,,,,,,,,,,,,,,,,,214.86870370001998,214.87873820005916,214.87873820005916,216.846563900006,216.84660849999636,216.85427740006708,216.85427740006708,217.70473880006466,q,1,0.8454969000304118,None,217.70479970006272,217.712331000017,218.72899229999166,218.69641189998947,,,,,,,,,,,,,,,,,,,,,,208,1,short,A,2026-07-13_09h49.27.087,SBL_superimposed_encoding,,2026.1.3,119.58346692606703,2026-07-13 09h49.27.283603 -0400,
1,28,28,0,stimuli/scenes/scene_U1.jpg,Undersea,Somar,stimuli/items/undersea_object_17.png,Undersea,object,sc,None,0,,,0,0,0,0,0,28,28,28,,,,,218.72899229999166,,,,,,,,,,,,,,,,,,,,,,,,,,,,,,,,,,,,,,,,218.72139199997764,218.72899229999166,218.72899229999166,220.705063899979,220.70516000001226,220.71249770000577,220.71249770000577,221.6964688000735,None,0,,,221.69652110000607,221.70418000000063,222.72872040001675,222.6877158000134,221.70418000000063,221.70418000000063,,,,,,,,,,,,,,,,,,,,208,1,short,A,2026-07-13_09h49.27.087,SBL_superimposed_encoding,,2026.1.3,119.58346692606703,2026-07-13 09h49.27.283603 -0400,
1,29,29,0,stimuli/scenes/scene_J2.jpg,Jungle,Tulon,stimuli/items/undersea_animal_6.png,Undersea,animal,si,q,1,0.23530629999004304,None,0,0,0,0,0,29,29,29,,,,,222.72872040001675,,,,,,,,,,,,,,,,,,,,,,,,,,,,,,,,,,,,,,,,222.71666400006507,222.72872040001675,222.72872040001675,224.70527430006769,224.70532000006642,224.71258669998497,224.71258669998497,224.9550340999849,q,1,0.23530629999004304,None,224.95509400009178,224.96236250002403,225.9793292999966,225.9464338000398,,,,,,,,,,,,,,,,,,,,,,208,1,short,A,2026-07-13_09h49.27.087,SBL_superimposed_encoding,,2026.1.3,119.58346692606703,2026-07-13 09h49.27.283603 -0400,
1,30,30,0,stimuli/scenes/scene_U2.jpg,Undersea,Negvi,stimuli/items/jungle_animal_5.png,Jungle,animal,si,q,1,0.6407668999163434,None,0,0,0,0,0,30,30,30,,,,,225.9793292999966,,,,,,,,,,,,,,,,,,,,,,,,,,,,,,,,,,,,,,,,225.97228790004738,225.9793292999966,225.9793292999966,227.96294770005625,227.96299200004432,227.97112570004538,227.97112570004538,228.61311999999452,q,1,0.6407668999163434,None,228.61318200000096,228.62098180002067,229.64545150008053,229.60484250006266,,,,,,,,,,,,,,,,,,,,,,208,1,short,A,2026-07-13_09h49.27.087,SBL_superimposed_encoding,,2026.1.3,119.58346692606703,2026-07-13 09h49.27.283603 -0400,
1,31,31,0,stimuli/scenes/scene_J1.jpg,Jungle,Malbow,stimuli/items/jungle_animal_16.png,Jungle,animal,sc,q,0,0.6383055000333115,None,0,0,0,0,0,31,31,31,,,,,229.64545150008053,,,,,,,,,,,,,,,,,,,,,,,,,,,,,,,,,,,,,,,,229.63565389998257,229.64545150008053,229.64545150008053,231.61341690004338,231.61346040002536,231.62109230004717,231.62109230004717,232.26364390004892,q,0,0.6383055000333115,None,232.26370460004546,232.27103170007467,233.28694100002758,233.2549888000358,,,,,,,,,,,,,,,,,,,,,,208,1,short,A,2026-07-13_09h49.27.087,SBL_superimposed_encoding,,2026.1.3,119.58346692606703,2026-07-13 09h49.27.283603 -0400,
1,32,32,0,stimuli/scenes/scene_J2.jpg,Jungle,Tulon,stimuli/items/undersea_animal_16.png,Undersea,animal,si,q,1,0.21284699998795986,None,0,0,0,0,0,32,32,32,,,,,233.28694100002758,,,,,,,,,,,,,,,,,,,,,,,,,,,,,,,,,,,,,,,,233.27693589997943,233.28694100002758,233.28694100002758,235.2719501000829,235.27199470007326,235.27921790000983,235.27921790000983,235.49678859999403,q,1,0.21284699998795986,None,235.4968481999822,235.50443680002354,236.52066070004366,236.4883571000537,,,,,,,,,,,,,,,,,,,,,,208,1,short,A,2026-07-13_09h49.27.087,SBL_superimposed_encoding,,2026.1.3,119.58346692606703,2026-07-13 09h49.27.283603 -0400,
1,33,33,0,stimuli/scenes/scene_U2.jpg,Undersea,Negvi,stimuli/items/jungle_object_9.png,Jungle,object,si,q,1,0.2110407999716699,None,0,0,0,0,0,33,33,33,,,,,236.52066070004366,,,,,,,,,,,,,,,,,,,,,,,,,,,,,,,,,,,,,,,,236.5111603999976,236.52066070004366,236.52066070004366,238.50524289999157,238.5053267000476,238.51290159998462,238.51290159998462,238.7304646000266,q,1,0.2110407999716699,None,238.73052290000487,238.73780750005972,239.75417289999314,239.7215280000819,,,,,,,,,,,,,,,,,,,,,,208,1,short,A,2026-07-13_09h49.27.087,SBL_superimposed_encoding,,2026.1.3,119.58346692606703,2026-07-13 09h49.27.283603 -0400,
1,34,34,0,stimuli/scenes/scene_J2.jpg,Jungle,Tulon,stimuli/items/jungle_object_7.png,Jungle,object,sc,p,1,0.24932909989729524,None,0,0,0,0,0,34,34,34,,,,,239.75417289999314,,,,,,,,,,,,,,,,,,,,,,,,,,,,,,,,,,,,,,,,239.74505640007555,239.75417289999314,239.75417289999314,241.73060940008145,241.73068130004685,241.73805829999037,241.73805829999037,241.9883661000058,p,1,0.24932909989729524,None,241.98842750000767,241.99624870007392,243.02081850008108,242.97998250008095,,,,,,,,,,,,,,,,,,,,,,208,1,short,A,2026-07-13_09h49.27.087,SBL_superimposed_encoding,,2026.1.3,119.58346692606703,2026-07-13 09h49.27.283603 -0400,
1,35,35,0,stimuli/scenes/scene_J1.jpg,Jungle,Malbow,stimuli/items/jungle_animal_8.png,Jungle,animal,sc,p,1,0.6075501999584958,None,0,0,0,0,0,35,35,35,,,,,243.02081850008108,,,,,,,,,,,,,,,,,,,,,,,,,,,,,,,,,,,,,,,,243.00930260005407,243.02081850008108,243.02081850008108,244.98878330003936,244.9888298000442,244.99619560001884,244.99619560001884,245.60508590005338,p,1,0.6075501999584958,None,245.60514630004764,245.6129350999836,246.6294809000101,246.59657699998934,,,,,,,,,,,,,,,,,,,,,,208,1,short,A,2026-07-13_09h49.27.087,SBL_superimposed_encoding,,2026.1.3,119.58346692606703,2026-07-13 09h49.27.283603 -0400,
1,36,36,0,stimuli/scenes/scene_J2.jpg,Jungle,Tulon,stimuli/items/undersea_animal_5.png,Undersea,animal,si,q,1,0.23841290001291782,None,0,0,0,0,0,36,36,36,,,,,246.6294809000101,,,,,,,,,,,,,,,,,,,,,,,,,,,,,,,,,,,,,,,,246.62111150007695,246.6294809000101,246.6294809000101,248.60521509998944,248.6052587000886,248.613213500008,248.613213500008,248.8554406000767,q,1,0.23841290001291782,None,248.85549810004886,248.86310650000814,249.87902049999684,249.84687460004352,,,,,,,,,,,,,,,,,,,,,,208,1,short,A,2026-07-13_09h49.27.087,SBL_superimposed_encoding,,2026.1.3,119.58346692606703,2026-07-13 09h49.27.283603 -0400,
1,37,37,0,stimuli/scenes/scene_J1.jpg,Jungle,Malbow,stimuli/items/undersea_animal_9.png,Undersea,animal,si,q,1,0.2601239000214264,None,0,0,0,0,0,37,37,37,,,,,249.87902049999684,,,,,,,,,,,,,,,,,,,,,,,,,,,,,,,,,,,,,,,,249.869586899993,249.87902049999684,249.87902049999684,251.86377970001195,251.8638229999924,251.87134120007977,251.87134120007977,252.13887220004108,q,1,0.2601239000214264,None,252.13893050001934,252.1465519000776,253.16290740005206,253.13019759999588,,,,,,,,,,,,,,,,,,,,,,208,1,short,A,2026-07-13_09h49.27.087,SBL_superimposed_encoding,,2026.1.3,119.58346692606703,2026-07-13 09h49.27.283603 -0400,
1,38,38,0,stimuli/scenes/scene_U1.jpg,Undersea,Somar,stimuli/items/undersea_animal_8.png,Undersea,animal,sc,p,1,0.257362800068222,None,0,0,0,0,0,38,38,38,,,,,253.16290740005206,,,,,,,,,,,,,,,,,,,,,,,,,,,,,,,,,,,,,,,,253.15503770008218,253.16290740005206,253.16290740005206,255.14685560006183,255.14689980004914,255.15455790003762,255.15455790003762,255.4136284000706,p,1,0.257362800068222,None,255.41368720005266,255.42164399998728,256.438139099977,256.40525040007196,,,,,,,,,,,,,,,,,,,,,,208,1,short,A,2026-07-13_09h49.27.087,SBL_superimposed_encoding,,2026.1.3,119.58346692606703,2026-07-13 09h49.27.283603 -0400,
1,39,39,0,stimuli/scenes/scene_U2.jpg,Undersea,Negvi,stimuli/items/undersea_animal_11.png,Undersea,animal,sc,q,0,0.7334903000155464,None,0,0,0,0,0,39,39,39,,,,,256.438139099977,,,,,,,,,,,,,,,,,,,,,,,,,,,,,,,,,,,,,,,,256.431249700021,256.438139099977,256.438139099977,258.41426680004224,258.41435470001306,258.42161229997873,258.42161229997873,259.15588840004057,q,0,0.7334903000155464,None,259.1559512000531,259.16317830001935,260.1798808000749,260.1469344000798,,,,,,,,,,,,,,,,,,,,,,208,1,short,A,2026-07-13_09h49.27.087,SBL_superimposed_encoding,,2026.1.3,119.58346692606703,2026-07-13 09h49.27.283603 -0400,
1,40,40,0,stimuli/scenes/scene_J1.jpg,Jungle,Malbow,stimuli/items/jungle_animal_9.png,Jungle,animal,sc,p,1,0.2635541999479756,None,0,0,0,0,0,40,40,40,,,,,260.1798808000749,,,,,,,,,,,,,,,,,,,,,,,,,,,,,,,,,,,,,,,,260.17272660008166,260.1798808000749,260.1798808000749,262.164056800073,262.1641611000523,262.171677300008,262.171677300008,262.4390703000827,p,1,0.2635541999479756,None,262.4391297000693,262.4466262999922,263.46190420002677,263.43018280004617,,,,,,,,,,,,,,,,,,,,,,208,1,short,A,2026-07-13_09h49.27.087,SBL_superimposed_encoding,,2026.1.3,119.58346692606703,2026-07-13 09h49.27.283603 -0400,
1,41,41,0,stimuli/scenes/scene_U2.jpg,Undersea,Negvi,stimuli/items/undersea_animal_3.png,Undersea,animal,sc,q,0,0.4203793000197038,None,0,0,0,0,0,41,41,41,,,,,263.46190420002677,,,,,,,,,,,,,,,,,,,,,,,,,,,,,,,,,,,,,,,,263.4515492999926,263.46190420002677,263.46190420002677,265.4472134000389,265.44730790005997,265.4549606000073,265.4549606000073,265.880477800034,q,0,0.4203793000197038,None,265.8805368000176,265.88834629999474,266.9039812000701,266.8718208000064,,,,,,,,,,,,,,,,,,,,,,208,1,short,A,2026-07-13_09h49.27.087,SBL_superimposed_encoding,,2026.1.3,119.58346692606703,2026-07-13 09h49.27.283603 -0400,
1,42,42,0,stimuli/scenes/scene_J1.jpg,Jungle,Malbow,stimuli/items/jungle_animal_6.png,Jungle,animal,sc,p,1,0.2355785999679938,None,0,0,0,0,0,42,42,42,,,,,266.9039812000701,,,,,,,,,,,,,,,,,,,,,,,,,,,,,,,,,,,,,,,,266.8937273999909,266.9039812000701,266.9039812000701,268.8807689000387,268.8808130000252,268.8882871000096,268.8882871000096,269.130470000091,p,1,0.2355785999679938,None,269.1305295000784,269.13834499998484,270.1537510000635,270.1219871999929,,,,,,,,,,,,,,,,,,,,,,208,1,short,A,2026-07-13_09h49.27.087,SBL_superimposed_encoding,,2026.1.3,119.58346692606703,2026-07-13 09h49.27.283603 -0400,
1,43,43,0,stimuli/scenes/scene_U2.jpg,Undersea,Negvi,stimuli/items/undersea_animal_15.png,Undersea,animal,sc,q,0,0.20900059991981834,None,0,0,0,0,0,43,43,43,,,,,270.1537510000635,,,,,,,,,,,,,,,,,,,,,,,,,,,,,,,,,,,,,,,,270.1428762000287,270.1537510000635,270.1537510000635,272.1389053000603,272.1389488000423,272.14686770003755,272.14686770003755,272.36449639999773,q,0,0.20900059991981834,None,272.36455529998057,272.37191170000006,273.39605009998195,273.3554685000563,,,,,,,,,,,,,,,,,,,,,,208,1,short,A,2026-07-13_09h49.27.087,SBL_superimposed_encoding,,2026.1.3,119.58346692606703,2026-07-13 09h49.27.283603 -0400,
1,44,44,0,stimuli/scenes/scene_J2.jpg,Jungle,Tulon,stimuli/items/undersea_object_20.png,Undersea,object,si,q,1,0.2554294998990372,None,0,0,0,0,0,44,44,44,,,,,273.39605009998195,,,,,,,,,,,,,,,,,,,,,,,,,,,,,,,,,,,,,,,,273.3850653000409,273.39605009998195,273.39605009998195,275.37269230000675,275.37273649999406,275.3802041000454,275.3802041000454,275.6388572000433,q,1,0.2554294998990372,None,275.6389164000284,275.6472179000266,276.66258070000913,276.6302979000611,,,,,,,,,,,,,,,,,,,,,,208,1,short,A,2026-07-13_09h49.27.087,SBL_superimposed_encoding,,2026.1.3,119.58346692606703,2026-07-13 09h49.27.283603 -0400,
1,45,45,0,stimuli/scenes/scene_U2.jpg,Undersea,Negvi,stimuli/items/jungle_animal_7.png,Jungle,animal,si,q,1,0.17293390003032982,None,0,0,0,0,0,45,45,45,,,,,276.66258070000913,,,,,,,,,,,,,,,,,,,,,,,,,,,,,,,,,,,,,,,,276.6527389000403,276.66258070000913,276.66258070000913,278.6393891000189,278.63949289999437,278.6468251000624,278.6468251000624,278.8224643000867,q,1,0.17293390003032982,None,278.82252450007945,278.8299187000375,279.8462414999958,279.8137029000791,,,,,,,,,,,,,,,,,,,,,,208,1,short,A,2026-07-13_09h49.27.087,SBL_superimposed_encoding,,2026.1.3,119.58346692606703,2026-07-13 09h49.27.283603 -0400,
1,46,46,0,stimuli/scenes/scene_J2.jpg,Jungle,Tulon,stimuli/items/undersea_object_19.png,Undersea,object,si,q,1,0.2291518000420183,None,0,0,0,0,0,46,46,46,,,,,279.8462414999958,,,,,,,,,,,,,,,,,,,,,,,,,,,,,,,,,,,,,,,,279.837169000064,279.8462414999958,279.8462414999958,281.83084690000396,281.83089089998975,281.8387129000621,281.8387129000621,282.07267640007194,q,1,0.2291518000420183,None,282.0727360000601,282.08025190001354,283.0967899999814,283.06403210002463,,,,,,,,,,,,,,,,,,,,,,208,1,short,A,2026-07-13_09h49.27.087,SBL_superimposed_encoding,,2026.1.3,119.58346692606703,2026-07-13 09h49.27.283603 -0400,
1,47,47,0,stimuli/scenes/scene_U1.jpg,Undersea,Somar,stimuli/items/undersea_animal_18.png,Undersea,animal,sc,p,1,0.22656649991404265,None,0,0,0,0,0,47,47,47,,,,,283.0967899999814,,,,,,,,,,,,,,,,,,,,,,,,,,,,,,,,,,,,,,,,283.0893975000363,283.0967899999814,283.0967899999814,285.0812476000283,285.0813329999801,285.088485000073,285.088485000073,285.3226248000283,p,1,0.22656649991404265,None,285.3226858000271,285.3301350000547,286.3466400000034,286.3139963999856,,,,,,,,,,,,,,,,,,,,,,208,1,short,A,2026-07-13_09h49.27.087,SBL_superimposed_encoding,,2026.1.3,119.58346692606703,2026-07-13 09h49.27.283603 -0400,
1,48,48,0,stimuli/scenes/scene_J2.jpg,Jungle,Tulon,stimuli/items/jungle_animal_14.png,Jungle,animal,sc,p,1,0.24094399996101856,None,0,0,0,0,0,48,48,48,,,,,286.3466400000034,,,,,,,,,,,,,,,,,,,,,,,,,,,,,,,,,,,,,,,,286.3364672000753,286.3466400000034,286.3466400000034,288.33121980004944,288.331293300027,288.3388418999966,288.3388418999966,288.58085000002757,p,1,0.24094399996101856,None,288.58090749999974,288.58861540001817,289.60402279999107,289.57202540000435,,,,,,,,,,,,,,,,,,,,,,208,1,short,A,2026-07-13_09h49.27.087,SBL_superimposed_encoding,,2026.1.3,119.58346692606703,2026-07-13 09h49.27.283603 -0400,
1,49,49,0,stimuli/scenes/scene_U1.jpg,Undersea,Somar,stimuli/items/jungle_object_18.png,Jungle,object,si,q,1,0.18241760006640106,None,0,0,0,0,0,49,49,49,,,,,289.60402279999107,,,,,,,,,,,,,,,,,,,,,,,,,,,,,,,,,,,,,,,,289.59261430008337,289.60402279999107,289.60402279999107,291.5892582000233,291.58930260001216,291.5968928000657,291.5968928000657,291.7809149000095,q,1,0.18241760006640106,None,291.7809746999992,291.78867969999555,292.8048415000085,292.7722750999965,,,,,,,,,,,,,,,,,,,,,,208,1,short,A,2026-07-13_09h49.27.087,SBL_superimposed_encoding,,2026.1.3,119.58346692606703,2026-07-13 09h49.27.283603 -0400,
1,50,50,0,stimuli/scenes/scene_J2.jpg,Jungle,Tulon,stimuli/items/undersea_animal_13.png,Undersea,animal,si,q,1,0.25470139994286,None,0,0,0,0,0,50,50,50,,,,,292.8048415000085,,,,,,,,,,,,,,,,,,,,,,,,,,,,,,,,,,,,,,,,292.79343489999883,292.8048415000085,292.8048415000085,294.78122510004323,294.78131430002395,294.7884682000149,294.7884682000149,295.0480457000667,q,1,0.25470139994286,None,295.04810700006783,295.05523100006394,296.0798489000881,296.0387994000921,,,,,,,,,,,,,,,,,,,,,,208,1,short,A,2026-07-13_09h49.27.087,SBL_superimposed_encoding,,2026.1.3,119.58346692606703,2026-07-13 09h49.27.283603 -0400,
1,51,51,0,stimuli/scenes/scene_J1.jpg,Jungle,Malbow,stimuli/items/undersea_animal_2.png,Undersea,animal,si,q,1,0.1953810000559315,None,0,0,0,0,0,51,51,51,,,,,296.0798489000881,,,,,,,,,,,,,,,,,,,,,,,,,,,,,,,,,,,,,,,,296.06785920006223,296.0798489000881,296.0798489000881,298.0564349000342,298.0565305000637,298.06373510009144,298.06373510009144,298.26474340003915,q,1,0.1953810000559315,None,298.2648025000235,298.27197110001,299.2880170000717,299.25570770003833,,,,,,,,,,,,,,,,,,,,,,208,1,short,A,2026-07-13_09h49.27.087,SBL_superimposed_encoding,,2026.1.3,119.58346692606703,2026-07-13 09h49.27.283603 -0400,
1,52,52,0,stimuli/scenes/scene_U1.jpg,Undersea,Somar,stimuli/items/undersea_object_6.png,Undersea,object,sc,None,0,,,0,0,0,0,0,52,52,52,,,,,299.2880170000717,,,,,,,,,,,,,,,,,,,,,,,,,,,,,,,,,,,,,,,,299.2795645000879,299.2880170000717,299.2880170000717,301.27297599997837,301.27307049999945,301.2804365999764,301.2804365999764,302.2644789000042,None,0,,,302.2645293000387,302.2724428999936,303.28854129998945,303.25599410000723,302.2724428999936,302.2724428999936,,,,,,,,,,,,,,,,,,,,208,1,short,A,2026-07-13_09h49.27.087,SBL_superimposed_encoding,,2026.1.3,119.58346692606703,2026-07-13 09h49.27.283603 -0400,
1,53,53,0,stimuli/scenes/scene_U2.jpg,Undersea,Negvi,stimuli/items/jungle_object_11.png,Jungle,object,si,q,1,0.27522110007703304,None,0,0,0,0,0,53,53,53,,,,,303.28854129998945,,,,,,,,,,,,,,,,,,,,,,,,,,,,,,,,,,,,,,,,303.2809698000783,303.28854129998945,303.28854129998945,305.2728011000436,305.2728460000362,305.2804932000581,305.2804932000581,305.56496320001315,q,1,0.27522110007703304,None,305.5650215999922,305.5719824000262,306.58699400001206,306.55575200007297,,,,,,,,,,,,,,,,,,,,,,208,1,short,A,2026-07-13_09h49.27.087,SBL_superimposed_encoding,,2026.1.3,119.58346692606703,2026-07-13 09h49.27.283603 -0400,
1,54,54,0,stimuli/scenes/scene_U1.jpg,Undersea,Somar,stimuli/items/jungle_animal_1.png,Jungle,animal,si,q,1,0.20693550002761185,None,0,0,0,0,0,54,54,54,,,,,306.58699400001206,,,,,,,,,,,,,,,,,,,,,,,,,,,,,,,,,,,,,,,,306.5766518000746,306.58699400001206,306.58699400001206,308.5730455000885,308.5731424000114,308.58082060003653,308.58082060003653,308.78940960008185,q,1,0.20693550002761185,None,308.7894705000799,308.7972131000133,309.82100970007014,309.7808937000809,,,,,,,,,,,,,,,,,,,,,,208,1,short,A,2026-07-13_09h49.27.087,SBL_superimposed_encoding,,2026.1.3,119.58346692606703,2026-07-13 09h49.27.283603 -0400,
1,55,55,0,stimuli/scenes/scene_J1.jpg,Jungle,Malbow,stimuli/items/jungle_object_5.png,Jungle,object,sc,p,1,0.5105838000308722,None,0,0,0,0,0,55,55,55,,,,,309.82100970007014,,,,,,,,,,,,,,,,,,,,,,,,,,,,,,,,,,,,,,,,309.8096000000369,309.82100970007014,309.82100970007014,311.78970369999297,311.78974849998485,311.79733850003686,311.79733850003686,312.3147279000841,p,1,0.5105838000308722,None,312.31478810007684,312.32247560005635,313.33773060003296,313.30629560002126,,,,,,,,,,,,,,,,,,,,,,208,1,short,A,2026-07-13_09h49.27.087,SBL_superimposed_encoding,,2026.1.3,119.58346692606703,2026-07-13 09h49.27.283603 -0400,
1,56,56,0,stimuli/scenes/scene_U1.jpg,Undersea,Somar,stimuli/items/jungle_object_14.png,Jungle,object,si,q,1,0.2410710999974981,None,0,0,0,0,0,56,56,56,,,,,313.33773060003296,,,,,,,,,,,,,,,,,,,,,,,,,,,,,,,,,,,,,,,,313.3270691999933,313.33773060003296,313.33773060003296,315.3227844000794,315.32282900006976,315.33074710005894,315.33074710005894,315.573020300013,q,1,0.2410710999974981,None,315.57308070000727,315.58062730007805,316.6033063000068,316.5643985000206,,,,,,,,,,,,,,,,,,,,,,208,1,short,A,2026-07-13_09h49.27.087,SBL_superimposed_encoding,,2026.1.3,119.58346692606703,2026-07-13 09h49.27.283603 -0400,
1,57,57,0,stimuli/scenes/scene_U2.jpg,Undersea,Negvi,stimuli/items/undersea_object_12.png,Undersea,object,sc,p,1,0.3269297999795526,None,0,0,0,0,0,57,57,57,,,,,316.6033063000068,,,,,,,,,,,,,,,,,,,,,,,,,,,,,,,,,,,,,,,,316.593023500056,316.6033063000068,316.6033063000068,318.58125340007246,318.5812970000552,318.5889935999876,318.5889935999876,318.92302690004,p,1,0.3269297999795526,None,318.92308780003805,318.93072260008194,319.9470155000454,319.9143406000221,,,,,,,,,,,,,,,,,,,,,,208,1,short,A,2026-07-13_09h49.27.087,SBL_superimposed_encoding,,2026.1.3,119.58346692606703,2026-07-13 09h49.27.283603 -0400,
1,58,58,0,stimuli/scenes/scene_U1.jpg,Undersea,Somar,stimuli/items/jungle_animal_15.png,Jungle,animal,si,q,1,0.1848558000056073,None,0,0,0,0,0,58,58,58,,,,,319.9470155000454,,,,,,,,,,,,,,,,,,,,,,,,,,,,,,,,,,,,,,,,319.93795809999574,319.9470155000454,319.9470155000454,321.92326349997893,321.9233074000804,321.93068630003836,321.93068630003836,322.12329510005657,q,1,0.1848558000056073,None,322.1233519000234,322.13089520006906,323.15453990001697,323.1145714999875,,,,,,,,,,,,,,,,,,,,,,208,1,short,A,2026-07-13_09h49.27.087,SBL_superimposed_encoding,,2026.1.3,119.58346692606703,2026-07-13 09h49.27.283603 -0400,
1,59,59,0,stimuli/scenes/scene_J1.jpg,Jungle,Malbow,stimuli/items/jungle_object_6.png,Jungle,object,sc,p,1,0.19176469999365509,None,0,0,0,0,0,59,59,59,,,,,323.15453990001697,,,,,,,,,,,,,,,,,,,,,,,,,,,,,,,,,,,,,,,,323.14371610002127,323.15453990001697,323.15453990001697,325.13158809999004,325.13163209997583,325.13915920001455,325.13915920001455,325.33968480001204,p,1,0.19176469999365509,None,325.33974429999944,325.34750710008666,326.36376259999815,326.33146760007367,,,,,,,,,,,,,,,,,,,,,,208,1,short,A,2026-07-13_09h49.27.087,SBL_superimposed_encoding,,2026.1.3,119.58346692606703,2026-07-13 09h49.27.283603 -0400,
1,60,60,0,stimuli/scenes/scene_U1.jpg,Undersea,Somar,stimuli/items/jungle_animal_18.png,Jungle,animal,si,q,1,0.20721489994321018,None,0,0,0,0,0,60,60,60,,,,,326.36376259999815,,,,,,,,,,,,,,,,,,,,,,,,,,,,,,,,,,,,,,,,326.3534860999789,326.36376259999815,326.36376259999815,328.3482325000223,328.34827600000426,328.35593409999274,328.35593409999274,328.5650855000131,q,1,0.20721489994321018,None,328.5651423999807,328.5724149000598,329.5886387000792,329.55631500005256,,,,,,,,,,,,,,,,,,,,,,208,1,short,A,2026-07-13_09h49.27.087,SBL_superimposed_encoding,,2026.1.3,119.58346692606703,2026-07-13 09h49.27.283603 -0400,
1,61,61,0,stimuli/scenes/scene_U2.jpg,Undersea,Negvi,stimuli/items/undersea_object_13.png,Undersea,object,sc,q,0,0.26304899994283915,None,0,0,0,0,0,61,61,61,,,,,329.5886387000792,,,,,,,,,,,,,,,,,,,,,,,,,,,,,,,,,,,,,,,,329.5782334000105,329.5886387000792,329.5886387000792,331.57297470001504,331.5730191000039,331.5806912999833,331.5806912999833,331.84831300005317,q,0,0.26304899994283915,None,331.8483729000436,331.8561615999788,332.8722860000562,332.8395069000544,,,,,,,,,,,,,,,,,,,,,,208,1,short,A,2026-07-13_09h49.27.087,SBL_superimposed_encoding,,2026.1.3,119.58346692606703,2026-07-13 09h49.27.283603 -0400,
1,62,62,0,stimuli/scenes/scene_J1.jpg,Jungle,Malbow,stimuli/items/jungle_object_17.png,Jungle,object,sc,p,1,0.22748889995273203,None,0,0,0,0,0,62,62,62,,,,,332.8722860000562,,,,,,,,,,,,,,,,,,,,,,,,,,,,,,,,,,,,,,,,332.8660810000729,332.8722860000562,332.8722860000562,334.8567549000727,334.85679870005697,334.8641127999872,334.8641127999872,335.0983409000328,p,1,0.22748889995273203,None,335.09840020001866,335.10618040000554,336.1213452999946,336.0894130000379,,,,,,,,,,,,,,,,,,,,,,208,1,short,A,2026-07-13_09h49.27.087,SBL_superimposed_encoding,,2026.1.3,119.58346692606703,2026-07-13 09h49.27.283603 -0400,
1,63,63,0,stimuli/scenes/scene_U2.jpg,Undersea,Negvi,stimuli/items/undersea_animal_17.png,Undersea,animal,sc,p,1,0.2253698999993503,None,0,0,0,0,0,63,63,63,,,,,336.1213452999946,,,,,,,,,,,,,,,,,,,,,,,,,,,,,,,,,,,,,,,,336.1104816000443,336.1213452999946,336.1213452999946,338.10683439997956,338.10688670002855,338.11445420002565,338.11445420002565,338.348601100035,p,1,0.2253698999993503,None,338.3486609000247,338.3560126000084,339.3810718000168,339.33983609999996,,,,,,,,,,,,,,,,,,,,,,208,1,short,A,2026-07-13_09h49.27.087,SBL_superimposed_encoding,,2026.1.3,119.58346692606703,2026-07-13 09h49.27.283603 -0400,
1,64,64,0,stimuli/scenes/scene_J2.jpg,Jungle,Tulon,stimuli/items/jungle_object_10.png,Jungle,object,sc,p,1,0.655584599939175,None,0,0,0,0,0,64,64,64,,,,,339.3810718000168,,,,,,,,,,,,,,,,,,,,,,,,,,,,,,,,,,,,,,,,339.37360380007885,339.3810718000168,339.3810718000168,341.35657260008156,341.3566160000628,341.3643887999933,341.3643887999933,342.02349769999273,p,1,0.655584599939175,None,342.0235567999771,342.0313178000506,343.0477526000468,343.0148941000225,,,,,,,,,,,,,,,,,,,,,,208,1,short,A,2026-07-13_09h49.27.087,SBL_superimposed_encoding,,2026.1.3,119.58346692606703,2026-07-13 09h49.27.283603 -0400,
1,65,65,0,stimuli/scenes/scene_J1.jpg,Jungle,Malbow,stimuli/items/jungle_object_20.png,Jungle,object,sc,p,1,0.22818700002972037,None,0,0,0,0,0,65,65,65,,,,,343.0477526000468,,,,,,,,,,,,,,,,,,,,,,,,,,,,,,,,,,,,,,,,343.039566499996,343.0477526000468,343.0477526000468,345.03205380006693,345.03214969998226,345.03951780009083,345.03951780009083,345.2733500000322,p,1,0.22818700002972037,None,345.2734086000128,345.2811723999912,346.29780960001517,346.26469400001224,,,,,,,,,,,,,,,,,,,,,,208,1,short,A,2026-07-13_09h49.27.087,SBL_superimposed_encoding,,2026.1.3,119.58346692606703,2026-07-13 09h49.27.283603 -0400,
1,66,66,0,stimuli/scenes/scene_J2.jpg,Jungle,Tulon,stimuli/items/jungle_object_12.png,Jungle,object,sc,p,1,0.20975880010519177,None,0,0,0,0,0,66,66,66,,,,,346.29780960001517,,,,,,,,,,,,,,,,,,,,,,,,,,,,,,,,,,,,,,,,346.2899282000726,346.29780960001517,346.29780960001517,348.2817613000516,348.28180690004956,348.2893248000182,348.2893248000182,348.5069745000219,p,1,0.20975880010519177,None,348.5070321999956,348.51431260001846,349.5306656000903,349.49829820008017,,,,,,,,,,,,,,,,,,,,,,208,1,short,A,2026-07-13_09h49.27.087,SBL_superimposed_encoding,,2026.1.3,119.58346692606703,2026-07-13 09h49.27.283603 -0400,
1,67,67,0,stimuli/scenes/scene_J1.jpg,Jungle,Malbow,stimuli/items/undersea_animal_7.png,Undersea,animal,si,q,1,0.8639883999712765,None,0,0,0,0,0,67,67,67,,,,,349.5306656000903,,,,,,,,,,,,,,,,,,,,,,,,,,,,,,,,,,,,,,,,349.52136710006744,349.5306656000903,349.5306656000903,351.5151870000409,351.51523210003506,351.52314790000673,351.52314790000673,352.39021560002584,q,1,0.8639883999712765,None,352.3902741000056,352.3979032000061,353.4145045999903,353.38164610008243,,,,,,,,,,,,,,,,,,,,,,208,1,short,A,2026-07-13_09h49.27.087,SBL_superimposed_encoding,,2026.1.3,119.58346692606703,2026-07-13 09h49.27.283603 -0400,
1,68,68,0,stimuli/scenes/scene_U2.jpg,Undersea,Negvi,stimuli/items/jungle_object_2.png,Jungle,object,si,q,1,0.6386585000436753,None,0,0,0,0,0,68,68,68,,,,,353.4145045999903,,,,,,,,,,,,,,,,,,,,,,,,,,,,,,,,,,,,,,,,353.4078738000244,353.4145045999903,353.4145045999903,355.3903577000601,355.3904031000566,355.39778330002446,355.39778330002446,356.0403033000184,q,1,0.6386585000436753,None,356.0403626000043,356.0482152000768,357.0640514000552,357.0316860000603,,,,,,,,,,,,,,,,,,,,,,208,1,short,A,2026-07-13_09h49.27.087,SBL_superimposed_encoding,,2026.1.3,119.58346692606703,2026-07-13 09h49.27.283603 -0400,
1,69,69,0,stimuli/scenes/scene_J1.jpg,Jungle,Malbow,stimuli/items/undersea_animal_10.png,Undersea,animal,si,None,0,,,0,0,0,0,0,69,69,69,,,,,357.0640514000552,,,,,,,,,,,,,,,,,,,,,,,,,,,,,,,,,,,,,,,,357.05449980008416,357.0640514000552,357.0640514000552,359.04874340002425,359.04878820001613,359.05637920007575,359.05637920007575,360.0404289000435,None,0,,,360.0404773000628,360.04818070004694,361.06415680004284,361.03167960001156,360.04818070004694,360.04818070004694,,,,,,,,,,,,,,,,,,,,208,1,short,A,2026-07-13_09h49.27.087,SBL_superimposed_encoding,,2026.1.3,119.58346692606703,2026-07-13 09h49.27.283603 -0400,
1,70,70,0,stimuli/scenes/scene_U1.jpg,Undersea,Somar,stimuli/items/jungle_object_15.png,Jungle,object,si,q,1,0.22716369992122054,None,0,0,0,0,0,70,70,70,,,,,361.06415680004284,,,,,,,,,,,,,,,,,,,,,,,,,,,,,,,,,,,,,,,,361.0550290000392,361.06415680004284,361.06415680004284,363.04869189998135,363.0487360000843,363.0561739000259,363.0561739000259,363.2905949000269,q,1,0.22716369992122054,None,363.2906523999991,363.29816720006056,364.31418079999276,364.28196090005804,,,,,,,,,,,,,,,,,,,,,,208,1,short,A,2026-07-13_09h49.27.087,SBL_superimposed_encoding,,2026.1.3,119.58346692606703,2026-07-13 09h49.27.283603 -0400,
1,71,71,0,stimuli/scenes/scene_J1.jpg,Jungle,Malbow,stimuli/items/undersea_object_7.png,Undersea,object,si,q,1,0.7371804000576958,None,0,0,0,0,0,71,71,71,,,,,364.31418079999276,,,,,,,,,,,,,,,,,,,,,,,,,,,,,,,,,,,,,,,,364.30575930001214,364.31418079999276,364.31418079999276,366.2988408000674,366.2988859000616,366.3065907000564,366.3065907000564,367.0488219000399,q,1,0.7371804000576958,None,367.0488802000182,367.0566737999907,368.081526700058,368.03988440008834,,,,,,,,,,,,,,,,,,,,,,208,1,short,A,2026-07-13_09h49.27.087,SBL_superimposed_encoding,,2026.1.3,119.58346692606703,2026-07-13 09h49.27.283603 -0400,
1,72,72,0,stimuli/scenes/scene_J2.jpg,Jungle,Tulon,stimuli/items/undersea_object_5.png,Undersea,object,si,q,1,0.26714130002073944,None,0,0,0,0,0,72,72,72,,,,,368.081526700058,,,,,,,,,,,,,,,,,,,,,,,,,,,,,,,,,,,,,,,,368.073474099976,368.081526700058,368.081526700058,370.0491354999831,370.04924199997913,370.0566665000515,370.0566665000515,370.3320564000169,q,1,0.26714130002073944,None,370.3321139999898,370.339703500038,371.35633430001326,371.32348020002246,,,,,,,,,,,,,,,,,,,,,,208,1,short,A,2026-07-13_09h49.27.087,SBL_superimposed_encoding,,2026.1.3,119.58346692606703,2026-07-13 09h49.27.283603 -0400,
1,73,73,0,stimuli/scenes/scene_J1.jpg,Jungle,Malbow,stimuli/items/undersea_object_4.png,Undersea,object,si,q,1,0.2637068999465555,None,0,0,0,0,0,73,73,73,,,,,371.35633430001326,,,,,,,,,,,,,,,,,,,,,,,,,,,,,,,,,,,,,,,,371.3471779000247,371.35633430001326,371.35633430001326,373.33235120004974,373.3323966000462,373.33986559999175,373.33986559999175,373.60721889999695,q,1,0.2637068999465555,None,373.6072739000665,373.61478800000623,374.6316816000035,374.59830399998464,,,,,,,,,,,,,,,,,,,,,,208,1,short,A,2026-07-13_09h49.27.087,SBL_superimposed_encoding,,2026.1.3,119.58346692606703,2026-07-13 09h49.27.283603 -0400,
1,74,74,0,stimuli/scenes/scene_J2.jpg,Jungle,Tulon,stimuli/items/undersea_animal_20.png,Undersea,animal,si,q,1,0.31671809998806566,None,0,0,0,0,0,74,74,74,,,,,374.6316816000035,,,,,,,,,,,,,,,,,,,,,,,,,,,,,,,,,,,,,,,,374.62458669999614,374.6316816000035,374.6316816000035,376.6073893000139,376.6074894000776,376.61519240005873,376.61519240005873,376.93296470004134,q,1,0.31671809998806566,None,376.933024500031,376.94003230007365,377.95657450007275,377.92394890007563,,,,,,,,,,,,,,,,,,,,,,208,1,short,A,2026-07-13_09h49.27.087,SBL_superimposed_encoding,,2026.1.3,119.58346692606703,2026-07-13 09h49.27.283603 -0400,
1,75,75,0,stimuli/scenes/scene_U2.jpg,Undersea,Negvi,stimuli/items/undersea_object_2.png,Undersea,object,sc,q,0,0.47172509995289147,None,0,0,0,0,0,75,75,75,,,,,377.95657450007275,,,,,,,,,,,,,,,,,,,,,,,,,,,,,,,,,,,,,,,,377.9510600999929,377.95657450007275,377.95657450007275,379.94069100008346,379.9407370000845,379.9482906999765,379.9482906999765,380.42392480000854,q,0,0.47172509995289147,None,380.4239922000561,380.4314565000823,381.44807250006124,381.41546570009086,,,,,,,,,,,,,,,,,,,,,,208,1,short,A,2026-07-13_09h49.27.087,SBL_superimposed_encoding,,2026.1.3,119.58346692606703,2026-07-13 09h49.27.283603 -0400,
1,76,76,0,stimuli/scenes/scene_J2.jpg,Jungle,Tulon,stimuli/items/undersea_object_1.png,Undersea,object,si,q,1,0.23616600001696497,None,0,0,0,0,0,76,76,76,,,,,381.44807250006124,,,,,,,,,,,,,,,,,,,,,,,,,,,,,,,,,,,,,,,,381.43850789999124,381.44807250006124,381.44807250006124,383.4241854000138,383.4242833000608,383.4316726999823,383.4316726999823,383.67392660002224,q,1,0.23616600001696497,None,383.6739832999883,383.68142450007144,384.7065031999955,384.6655541000655,,,,,,,,,,,,,,,,,,,,,,208,1,short,A,2026-07-13_09h49.27.087,SBL_superimposed_encoding,,2026.1.3,119.58346692606703,2026-07-13 09h49.27.283603 -0400,
1,77,77,0,stimuli/scenes/scene_J1.jpg,Jungle,Malbow,stimuli/items/undersea_object_16.png,Undersea,object,si,q,1,0.28229879995342344,None,0,0,0,0,0,77,77,77,,,,,384.7065031999955,,,,,,,,,,,,,,,,,,,,,,,,,,,,,,,,,,,,,,,,384.69768069998827,384.7065031999955,384.7065031999955,386.67421450000256,386.67431080003735,386.6815540000098,386.6815540000098,386.96578690002207,q,1,0.28229879995342344,None,386.965842399979,386.9733983000042,387.98993210005574,387.95738150004763,,,,,,,,,,,,,,,,,,,,,,208,1,short,A,2026-07-13_09h49.27.087,SBL_superimposed_encoding,,2026.1.3,119.58346692606703,2026-07-13 09h49.27.283603 -0400,
1,78,78,0,stimuli/scenes/scene_J2.jpg,Jungle,Tulon,stimuli/items/jungle_animal_2.png,Jungle,animal,sc,p,1,0.19785090000368655,None,0,0,0,0,0,78,78,78,,,,,387.98993210005574,,,,,,,,,,,,,,,,,,,,,,,,,,,,,,,,,,,,,,,,387.9813470999943,387.98993210005574,387.98993210005574,389.97397280007135,389.9740149000427,389.98179490002804,389.98179490002804,390.1831598000135,p,1,0.19785090000368655,None,390.1832161999773,390.19008770002984,391.2061594000552,391.1734093000414,,,,,,,,,,,,,,,,,,,,,,208,1,short,A,2026-07-13_09h49.27.087,SBL_superimposed_encoding,,2026.1.3,119.58346692606703,2026-07-13 09h49.27.283603 -0400,
1,79,79,0,stimuli/scenes/scene_J1.jpg,Jungle,Malbow,stimuli/items/undersea_object_8.png,Undersea,object,si,q,1,0.26101499993819743,None,0,0,0,0,0,79,79,79,,,,,391.2061594000552,,,,,,,,,,,,,,,,,,,,,,,,,,,,,,,,,,,,,,,,391.1962569000898,391.2061594000552,391.2061594000552,393.19068610004615,393.19072960002813,393.198880800046,393.198880800046,393.46609920007177,q,1,0.26101499993819743,None,393.466155000031,393.47338570002466,394.4766891000327,394.457565800054,,,,,,,,,,,,,,,,,,,,,,208,1,short,A,2026-07-13_09h49.27.087,SBL_superimposed_encoding,,2026.1.3,119.58346692606703,2026-07-13 09h49.27.283603 -0400,
2,0,0,0,stimuli/scenes/scene_U2.jpg,Undersea,Negvi,stimuli/items/undersea_animal_3.png,Undersea,animal,sc,p,1,0.7495632000500336,None,0,1,1,1,0,0,0,0,0,0,0,0,425.3820182000054,,,,,,,,,,,,,,,,,,,,,,,,,,,,,,,,,,,,,,425.33382719999645,425.33405090007,425.37234350002836,425.3820182000054,425.3820182000054,427.3410999000771,427.3411449000705,427.34932340006344,427.34932340006344,428.0997026000405,p,1,0.7495632000500336,None,428.09976270003244,428.1073883000063,429.1237911999924,429.0909192999825,,,394.46330370008945,394.46351889998186,394.47327550000045,394.4766891000327,394.4766891000327,394.4766891000327,425.33290200005285,space,30.85526090010535,None,,,,,,,,,,208,1,short,A,2026-07-13_09h49.27.087,SBL_superimposed_encoding,,2026.1.3,119.58346692606703,2026-07-13 09h49.27.283603 -0400,
2,1,1,0,stimuli/scenes/scene_U1.jpg,Undersea,Somar,stimuli/items/undersea_animal_14.png,Undersea,animal,sc,p,1,0.49639520002529025,None,0,1,1,1,0,1,1,1,,,,,429.1237911999924,,,,,,,,,,,,,,,,,,,,,,,,,,,,,,,,,,,,,,,,429.11580280005,429.1237911999924,429.1237911999924,431.09993580006994,431.100029900088,431.1074524000287,431.1074524000287,431.60812990006525,p,1,0.49639520002529025,None,431.608188000042,431.6155707000289,432.6302648000419,432.5996788000921,,,,,,,,,,,,,,,,,,,,,,208,1,short,A,2026-07-13_09h49.27.087,SBL_superimposed_encoding,,2026.1.3,119.58346692606703,2026-07-13 09h49.27.283603 -0400,
2,2,2,0,stimuli/scenes/scene_U2.jpg,Undersea,Negvi,stimuli/items/undersea_animal_15.png,Undersea,animal,sc,q,0,0.3071671000216156,None,0,1,1,1,0,2,2,2,,,,,432.6302648000419,,,,,,,,,,,,,,,,,,,,,,,,,,,,,,,,,,,,,,,,432.6196474999888,432.6302648000419,432.6302648000419,434.6166047999868,434.6166993000079,434.6241498000454,434.6241498000454,434.93295769998804,q,0,0.3071671000216156,None,434.93301200005226,434.9409308000468,435.9645325000165,435.9246529000811,,,,,,,,,,,,,,,,,,,,,,208,1,short,A,2026-07-13_09h49.27.087,SBL_superimposed_encoding,,2026.1.3,119.58346692606703,2026-07-13 09h49.27.283603 -0400,
2,3,3,0,stimuli/scenes/scene_J1.jpg,Jungle,Malbow,stimuli/items/jungle_object_20.png,Jungle,object,sc,p,1,0.6947701000608504,None,0,1,1,1,0,3,3,3,,,,,435.9645325000165,,,,,,,,,,,,,,,,,,,,,,,,,,,,,,,,,,,,,,,,435.9533860000083,435.9645325000165,435.9645325000165,437.94162840000354,437.94167229998857,437.9492516000755,437.9492516000755,438.6499973000027,p,1,0.6947701000608504,None,438.6500540000852,438.6578771000495,439.6661942000501,439.64110380003694,,,,,,,,,,,,,,,,,,,,,,208,1,short,A,2026-07-13_09h49.27.087,SBL_superimposed_encoding,,2026.1.3,119.58346692606703,2026-07-13 09h49.27.283603 -0400,
2,4,4,0,stimuli/scenes/scene_U2.jpg,Undersea,Negvi,stimuli/items/undersea_animal_17.png,Undersea,animal,sc,p,1,0.3460932000307366,None,0,1,1,1,0,4,4,4,,,,,439.6661942000501,,,,,,,,,,,,,,,,,,,,,,,,,,,,,,,,,,,,,,,,439.66080240008887,439.6661942000501,439.6661942000501,441.65040190005675,441.65044300002046,441.6576992000919,441.6576992000919,442.0084212999791,p,1,0.3460932000307366,None,442.0084779000608,442.0159534000559,443.03253080009017,442.99976859998424,,,,,,,,,,,,,441.6576992000919,441.6576992000919,,,,,,,,208,1,short,A,2026-07-13_09h49.27.087,SBL_superimposed_encoding,,2026.1.3,119.58346692606703,2026-07-13 09h49.27.283603 -0400,
2,5,5,0,stimuli/scenes/scene_U1.jpg,Undersea,Somar,stimuli/items/jungle_animal_18.png,Jungle,animal,si,q,1,0.28301740007009357,None,0,1,1,1,0,5,5,5,,,,,443.03253080009017,,,,,,,,,,,,,,,,,,,,,,,,,,,,,,,,,,,,,,,,443.02550800004974,443.03253080009017,443.03253080009017,445.008539600065,445.0085838000523,445.01618010003585,445.01618010003585,445.30035480007064,q,1,0.28301740007009357,None,445.3004136000527,445.30756099999417,446.3236866000807,446.29179010004736,,,,,,,,,,,,,,,,,,,,,,208,1,short,A,2026-07-13_09h49.27.087,SBL_superimposed_encoding,,2026.1.3,119.58346692606703,2026-07-13 09h49.27.283603 -0400,
2,6,6,0,stimuli/scenes/scene_J1.jpg,Jungle,Malbow,stimuli/items/jungle_object_4.png,Jungle,object,sc,p,1,0.6477931999834254,None,0,1,1,1,0,6,6,6,,,,,446.3236866000807,,,,,,,,,,,,,,,,,,,,,,,,,,,,,,,,,,,,,,,,446.3134015999967,446.3236866000807,446.3236866000807,448.3084465999855,448.30854160001036,448.3160507000284,448.3160507000284,448.9668374999892,p,1,0.6477931999834254,None,448.96689510007855,448.9741146999877,449.98846800008323,449.95797440002207,,,,,,,,,,,,,,,,,,,,,,208,1,short,A,2026-07-13_09h49.27.087,SBL_superimposed_encoding,,2026.1.3,119.58346692606703,2026-07-13 09h49.27.283603 -0400,
2,7,7,0,stimuli/scenes/scene_U1.jpg,Undersea,Somar,stimuli/items/jungle_animal_1.png,Jungle,animal,si,q,1,0.26099950005300343,None,0,1,1,1,0,7,7,7,,,,,449.98846800008323,,,,,,,,,,,,,,,,,,,,,,,,,,,,,,,,,,,,,,,,449.9780163000105,449.98846800008323,449.98846800008323,451.97523370001,451.9753304000478,451.9828680000501,451.9828680000501,452.2501284000464,q,1,0.26099950005300343,None,452.2501858000178,452.2577479000902,453.2737985000713,453.2414093000116,,,,,,,,,,,,,,,,,,,,,,208,1,short,A,2026-07-13_09h49.27.087,SBL_superimposed_encoding,,2026.1.3,119.58346692606703,2026-07-13 09h49.27.283603 -0400,
2,8,8,0,stimuli/scenes/scene_J1.jpg,Jungle,Malbow,stimuli/items/undersea_object_7.png,Undersea,object,si,q,1,0.25779309996869415,None,0,1,1,1,0,8,8,8,,,,,453.2737985000713,,,,,,,,,,,,,,,,,,,,,,,,,,,,,,,,,,,,,,,,453.2632952000713,453.2737985000713,453.2737985000713,455.25853550003376,455.2585802000249,455.26619460002985,455.26619460002985,455.52502960001584,q,1,0.25779309996869415,None,455.52508960000705,455.532941600075,456.5482387000229,456.5165494000539,,,,,,,,,,,,,,,,,,,,,,208,1,short,A,2026-07-13_09h49.27.087,SBL_superimposed_encoding,,2026.1.3,119.58346692606703,2026-07-13 09h49.27.283603 -0400,
2,9,9,0,stimuli/scenes/scene_U1.jpg,Undersea,Somar,stimuli/items/jungle_object_3.png,Jungle,object,si,q,1,0.2144879000261426,None,0,1,1,1,0,9,9,9,,,,,456.5482387000229,,,,,,,,,,,,,,,,,,,,,,,,,,,,,,,,,,,,,,,,456.53817080007866,456.5482387000229,456.5482387000229,458.53345970006194,458.53355460008606,458.54109130008146,458.54109130008146,458.7585677000461,q,1,0.2144879000261426,None,458.75862550002057,458.766354600084,459.78244390001055,459.750122700003,,,,,,,,,,,,,,,,,,,,,,208,1,short,A,2026-07-13_09h49.27.087,SBL_superimposed_encoding,,2026.1.3,119.58346692606703,2026-07-13 09h49.27.283603 -0400,
2,10,10,0,stimuli/scenes/scene_U2.jpg,Undersea,Negvi,stimuli/items/undersea_animal_1.png,Undersea,animal,sc,q,0,0.24444340006448328,None,0,1,1,1,0,10,10,10,,,,,459.78244390001055,,,,,,,,,,,,,,,,,,,,,,,,,,,,,,,,,,,,,,,,459.77358769997954,459.78244390001055,459.78244390001055,461.766902100062,461.7669453000417,461.7746245000744,461.7746245000744,462.0250688000815,q,0,0.24444340006448328,None,462.025127000059,462.0327364000259,463.04647770000156,463.01643030007835,,,,,,,,,,,,,,,,,,,,,,208,1,short,A,2026-07-13_09h49.27.087,SBL_superimposed_encoding,,2026.1.3,119.58346692606703,2026-07-13 09h49.27.283603 -0400,
2,11,11,0,stimuli/scenes/scene_U1.jpg,Undersea,Somar,stimuli/items/undersea_animal_4.png,Undersea,animal,sc,q,0,0.21808819996658713,None,0,1,1,1,0,11,11,11,,,,,463.04647770000156,,,,,,,,,,,,,,,,,,,,,,,,,,,,,,,,,,,,,,,,463.0353257000679,463.04647770000156,463.04647770000156,465.02525980002247,465.025353700039,465.03293680003844,465.03293680003844,465.2582348000724,q,0,0.21808819996658713,None,465.25829210004304,465.26632890000474,466.2825464999769,466.2501084000105,,,,,,,,,,,,,,,,,,,,,,208,1,short,A,2026-07-13_09h49.27.087,SBL_superimposed_encoding,,2026.1.3,119.58346692606703,2026-07-13 09h49.27.283603 -0400,
2,12,12,0,stimuli/scenes/scene_J1.jpg,Jungle,Malbow,stimuli/items/undersea_object_16.png,Undersea,object,si,q,1,0.24952529999427497,None,0,1,1,1,0,12,12,12,,,,,466.2825464999769,,,,,,,,,,,,,,,,,,,,,,,,,,,,,,,,,,,,,,,,466.2728799000615,466.2825464999769,466.2825464999769,468.2586123000365,468.258656400023,468.26622980006505,468.26622980006505,468.51702820009086,q,1,0.24952529999427497,None,468.51708390004933,468.5249366000062,469.5389247999992,469.5084696999984,,,,,,,,,,,,,,,,,,,,,,208,1,short,A,2026-07-13_09h49.27.087,SBL_superimposed_encoding,,2026.1.3,119.58346692606703,2026-07-13 09h49.27.283603 -0400,
2,13,13,0,stimuli/scenes/scene_U1.jpg,Undersea,Somar,stimuli/items/jungle_object_14.png,Jungle,object,si,q,1,0.294043599977158,None,0,1,1,1,0,13,13,13,,,,,469.5389247999992,,,,,,,,,,,,,,,,,,,,,,,,,,,,,,,,,,,,,,,,469.5283872000873,469.5389247999992,469.5389247999992,471.5253666000208,471.5254096999997,471.53305630001705,471.53305630001705,471.83389670006,q,1,0.294043599977158,None,471.83395450003445,471.8413666000124,472.8583838000195,472.82531640003435,,,,,,,,,,,,,,,,,,,,,,208,1,short,A,2026-07-13_09h49.27.087,SBL_superimposed_encoding,,2026.1.3,119.58346692606703,2026-07-13 09h49.27.283603 -0400,
2,14,14,0,stimuli/scenes/scene_J2.jpg,Jungle,Tulon,stimuli/items/undersea_object_1.png,Undersea,object,si,q,1,0.19404329999815673,None,0,1,1,1,0,14,14,14,,,,,472.8583838000195,,,,,,,,,,,,,,,,,,,,,,,,,,,,,,,,,,,,,,,,472.85266119998414,472.8583838000195,472.8583838000195,474.84176490001846,474.84180990001187,474.8496533000143,474.8496533000143,475.0502878000261,q,1,0.19404329999815673,None,475.05035400006454,475.0580290000653,476.0741916000843,476.0417853000108,,,,,,,,,,,,,,,,,,,,,,208,1,short,A,2026-07-13_09h49.27.087,SBL_superimposed_encoding,,2026.1.3,119.58346692606703,2026-07-13 09h49.27.283603 -0400,
2,15,15,0,stimuli/scenes/scene_U1.jpg,Undersea,Somar,stimuli/items/undersea_animal_8.png,Undersea,animal,sc,q,0,0.5693459999747574,None,0,1,1,1,0,15,15,15,,,,,476.0741916000843,,,,,,,,,,,,,,,,,,,,,,,,,,,,,,,,,,,,,,,,476.06257619999815,476.0741916000843,476.0741916000843,478.0507215000689,478.05076560005546,478.05805760005023,478.05805760005023,478.63395699998364,q,0,0.5693459999747574,None,478.63401650008745,478.6413803000469,479.6644869000884,479.6248740000883,,,,,,,,,,,,,,,,,,,,,,208,1,short,A,2026-07-13_09h49.27.087,SBL_superimposed_encoding,,2026.1.3,119.58346692606703,2026-07-13 09h49.27.283603 -0400,
2,16,16,0,stimuli/scenes/scene_J1.jpg,Jungle,Malbow,stimuli/items/jungle_animal_6.png,Jungle,animal,sc,p,1,0.27325510000810027,None,0,1,1,1,0,16,16,16,,,,,479.6644869000884,,,,,,,,,,,,,,,,,,,,,,,,,,,,,,,,,,,,,,,,479.6537150000222,479.6644869000884,479.6644869000884,481.6422817000421,481.64236950001214,481.64991260005627,481.64991260005627,481.925749200047,p,1,0.27325510000810027,None,481.9258050000062,481.93319180002436,482.9494733000174,482.9168338000309,,,,,,,,,,,,,,,,,,,,,,208,1,short,A,2026-07-13_09h49.27.087,SBL_superimposed_encoding,,2026.1.3,119.58346692606703,2026-07-13 09h49.27.283603 -0400,
2,17,17,0,stimuli/scenes/scene_J2.jpg,Jungle,Tulon,stimuli/items/undersea_animal_20.png,Undersea,animal,si,q,1,0.2461407999508083,None,0,1,1,1,0,17,17,17,,,,,482.9494733000174,,,,,,,,,,,,,,,,,,,,,,,,,,,,,,,,,,,,,,,,482.9397672000341,482.9494733000174,482.9494733000174,484.9341166000813,484.93421300000045,484.94169460004196,484.94169460004196,485.1919940999942,q,1,0.2461407999508083,None,485.1920508000767,485.1999080000678,486.2161429000553,486.1836899999762,,,,,,,,,,,,,,,,,,,,,,208,1,short,A,2026-07-13_09h49.27.087,SBL_superimposed_encoding,,2026.1.3,119.58346692606703,2026-07-13 09h49.27.283603 -0400,
2,18,18,0,stimuli/scenes/scene_J1.jpg,Jungle,Malbow,stimuli/items/undersea_animal_7.png,Undersea,animal,si,q,1,0.21964060002937913,None,0,1,1,1,0,18,18,18,,,,,486.2161429000553,,,,,,,,,,,,,,,,,,,,,,,,,,,,,,,,,,,,,,,,486.2060007000109,486.2161429000553,486.2161429000553,488.19243170006666,488.1925122999819,488.1999294999987,488.1999294999987,488.4252599000465,q,1,0.21964060002937913,None,488.4253168000141,488.4334194000112,489.45001939998474,489.41692930005956,,,,,,,,,,,,,,,,,,,,,,208,1,short,A,2026-07-13_09h49.27.087,SBL_superimposed_encoding,,2026.1.3,119.58346692606703,2026-07-13 09h49.27.283603 -0400,
2,19,19,0,stimuli/scenes/scene_U2.jpg,Undersea,Negvi,stimuli/items/jungle_animal_10.png,Jungle,animal,si,q,1,0.2336645000614226,None,0,1,1,1,0,19,19,19,,,,,489.45001939998474,,,,,,,,,,,,,,,,,,,,,,,,,,,,,,,,,,,,,,,,489.4443700000411,489.45001939998474,489.45001939998474,491.42568880005274,491.42573999997694,491.43350200005807,491.43350200005807,491.66794070007745,q,1,0.2336645000614226,None,491.6679980000481,491.67506210005376,492.691169800004,492.6589478000533,,,,,,,,,,,,,,,,,,,,,,208,1,short,A,2026-07-13_09h49.27.087,SBL_superimposed_encoding,,2026.1.3,119.58346692606703,2026-07-13 09h49.27.283603 -0400,
2,20,20,0,stimuli/scenes/scene_J1.jpg,Jungle,Malbow,stimuli/items/jungle_animal_8.png,Jungle,animal,sc,p,1,0.24831860000267625,None,0,1,1,1,0,20,20,20,,,,,492.691169800004,,,,,,,,,,,,,,,,,,,,,,,,,,,,,,,,,,,,,,,,492.68137270002626,492.691169800004,492.691169800004,494.67541790008545,494.6754613000667,494.68358020007145,494.68358020007145,494.93401610001456,p,1,0.24831860000267625,None,494.9340725999791,494.9416942000389,495.9578772999812,495.9252684999956,,,,,,,,,,,,,,,,,,,,,,208,1,short,A,2026-07-13_09h49.27.087,SBL_superimposed_encoding,,2026.1.3,119.58346692606703,2026-07-13 09h49.27.283603 -0400,
2,21,21,0,stimuli/scenes/scene_U2.jpg,Undersea,Negvi,stimuli/items/undersea_object_12.png,Undersea,object,sc,q,0,0.6932424999540672,None,0,1,1,1,0,21,21,21,,,,,495.9578772999812,,,,,,,,,,,,,,,,,,,,,,,,,,,,,,,,,,,,,,,,495.9482033000095,495.9578772999812,495.9578772999812,497.9424997000024,497.94259210000746,497.95018030004576,497.95018030004576,498.651074500056,q,0,0.6932424999540672,None,498.65113300003577,498.65852799999993,499.67563810001593,499.6419966000831,,,,,,,,,,,,,,,,,,,,,,208,1,short,A,2026-07-13_09h49.27.087,SBL_superimposed_encoding,,2026.1.3,119.58346692606703,2026-07-13 09h49.27.283603 -0400,
2,22,22,0,stimuli/scenes/scene_J2.jpg,Jungle,Tulon,stimuli/items/undersea_animal_6.png,Undersea,animal,si,q,1,0.4966527000069618,None,0,1,1,1,0,22,22,22,,,,,499.67563810001593,,,,,,,,,,,,,,,,,,,,,,,,,,,,,,,,,,,,,,,,499.6704158000648,499.67563810001593,499.67563810001593,501.6591589000309,501.6592575000832,501.6669310000725,501.6669310000725,502.16747450002003,q,1,0.4966527000069618,None,502.16753189999145,502.17524140002206,503.1913348999806,503.15888140001334,,,,,,,,,,,,,,,,,,,,,,208,1,short,A,2026-07-13_09h49.27.087,SBL_superimposed_encoding,,2026.1.3,119.58346692606703,2026-07-13 09h49.27.283603 -0400,
2,23,23,0,stimuli/scenes/scene_U2.jpg,Undersea,Negvi,stimuli/items/jungle_animal_17.png,Jungle,animal,si,q,1,0.28386119997594506,None,0,1,1,1,0,23,23,23,,,,,503.1913348999806,,,,,,,,,,,,,,,,,,,,,,,,,,,,,,,,,,,,,,,,503.1802389000077,503.1913348999806,503.1913348999806,505.16793940006755,505.1680343000917,505.175214100047,505.175214100047,505.4676439000759,q,1,0.28386119997594506,None,505.46770000003744,505.47533629997633,506.4994467999786,506.4590535000898,,,,,,,,,,,,,,,,,,,,,,208,1,short,A,2026-07-13_09h49.27.087,SBL_superimposed_encoding,,2026.1.3,119.58346692606703,2026-07-13 09h49.27.283603 -0400,
2,24,24,0,stimuli/scenes/scene_J1.jpg,Jungle,Malbow,stimuli/items/jungle_object_17.png,Jungle,object,sc,p,1,0.20064459997229278,None,0,1,1,1,0,24,24,24,,,,,506.4994467999786,,,,,,,,,,,,,,,,,,,,,,,,,,,,,,,,,,,,,,,,506.48851190006826,506.4994467999786,506.4994467999786,508.4680951000191,508.4681902000448,508.47526380000636,508.47526380000636,508.68401199998334,p,1,0.20064459997229278,None,508.6840675000567,508.6921269000741,509.70730200002436,509.6756687000161,,,,,,,,,,,,,,,,,,,,,,208,1,short,A,2026-07-13_09h49.27.087,SBL_superimposed_encoding,,2026.1.3,119.58346692606703,2026-07-13 09h49.27.283603 -0400,
2,25,25,0,stimuli/scenes/scene_U2.jpg,Undersea,Negvi,stimuli/items/undersea_object_13.png,Undersea,object,sc,q,0,0.26334459998179227,None,0,1,1,1,0,25,25,25,,,,,509.70730200002436,,,,,,,,,,,,,,,,,,,,,,,,,,,,,,,,,,,,,,,,509.69640160002746,509.70730200002436,509.70730200002436,511.6845234000357,511.6846194000682,511.69214820000343,511.69214820000343,511.9593523000367,q,0,0.26334459998179227,None,511.95941090001725,511.9672813999932,512.9914968999801,512.9506208000239,,,,,,,,,,,,,,,,,,,,,,208,1,short,A,2026-07-13_09h49.27.087,SBL_superimposed_encoding,,2026.1.3,119.58346692606703,2026-07-13 09h49.27.283603 -0400,
2,26,26,0,stimuli/scenes/scene_J2.jpg,Jungle,Tulon,stimuli/items/jungle_animal_12.png,Jungle,animal,sc,p,1,0.35569360002409667,None,0,1,1,1,0,26,26,26,,,,,512.9914968999801,,,,,,,,,,,,,,,,,,,,,,,,,,,,,,,,,,,,,,,,512.9811520000221,512.9914968999801,512.9914968999801,514.9678557000589,514.9678992000408,514.9754350000294,514.9754350000294,515.3342851999914,p,1,0.35569360002409667,None,515.3343429000815,515.3420857000165,516.3596570000518,516.3257036000723,,,,,,,,,,,,,,,,,,,,,,208,1,short,A,2026-07-13_09h49.27.087,SBL_superimposed_encoding,,2026.1.3,119.58346692606703,2026-07-13 09h49.27.283603 -0400,
2,27,27,0,stimuli/scenes/scene_U1.jpg,Undersea,Somar,stimuli/items/undersea_object_9.png,Undersea,object,sc,p,1,0.2535007999977097,None,0,1,1,1,0,27,27,27,,,,,516.3596570000518,,,,,,,,,,,,,,,,,,,,,,,,,,,,,,,,,,,,,,,,516.3540439000353,516.3596570000518,516.3596570000518,518.3345760999946,518.3346793000819,518.3421291999985,518.3421291999985,518.6010104999878,p,1,0.2535007999977097,None,518.6010682000779,518.6086402999936,519.6253841000143,519.5924205000047,,,,,,,,,,,,,,,,,,,,,,208,1,short,A,2026-07-13_09h49.27.087,SBL_superimposed_encoding,,2026.1.3,119.58346692606703,2026-07-13 09h49.27.283603 -0400,
2,28,28,0,stimuli/scenes/scene_J2.jpg,Jungle,Tulon,stimuli/items/jungle_object_12.png,Jungle,object,sc,p,1,0.21931810001842678,None,0,1,1,1,0,28,28,28,,,,,519.6253841000143,,,,,,,,,,,,,,,,,,,,,,,,,,,,,,,,,,,,,,,,519.6178516000509,519.6253841000143,519.6253841000143,521.6012835000874,521.6013758999761,521.6086721000029,521.6086721000029,521.8347869000863,p,1,0.21931810001842678,None,521.8348420000402,521.8420712000225,522.8590622000629,522.8259368999861,,,,,,,,,,,,,,,,,,,,,,208,1,short,A,2026-07-13_09h49.27.087,SBL_superimposed_encoding,,2026.1.3,119.58346692606703,2026-07-13 09h49.27.283603 -0400,
2,29,29,0,stimuli/scenes/scene_J1.jpg,Jungle,Malbow,stimuli/items/jungle_object_6.png,Jungle,object,sc,p,1,0.22445059998426586,None,0,1,1,1,0,29,29,29,,,,,522.8590622000629,,,,,,,,,,,,,,,,,,,,,,,,,,,,,,,,,,,,,,,,522.852982499986,522.8590622000629,522.8590622000629,524.8425533000845,524.8426021999912,524.8506905999966,524.8506905999966,525.0763574000448,p,1,0.22445059998426586,None,525.0764179000398,525.0836300000083,526.1000867000548,526.0676600000588,,,,,,,,,,,,,,,,,,,,,,208,1,short,A,2026-07-13_09h49.27.087,SBL_superimposed_encoding,,2026.1.3,119.58346692606703,2026-07-13 09h49.27.283603 -0400,
2,30,30,0,stimuli/scenes/scene_J2.jpg,Jungle,Tulon,stimuli/items/undersea_animal_16.png,Undersea,animal,si,q,1,0.7268478999612853,None,0,1,1,1,0,30,30,30,,,,,526.1000867000548,,,,,,,,,,,,,,,,,,,,,,,,,,,,,,,,,,,,,,,,526.0900037999963,526.1000867000548,526.1000867000548,528.0847094000783,528.0847527000587,528.0921780000208,528.0921780000208,528.8268790000584,q,1,0.7268478999612853,None,528.8269357000245,528.8339711000444,529.8565723000793,529.8176223000046,,,,,,,,,,,,,,,,,,,,,,208,1,short,A,2026-07-13_09h49.27.087,SBL_superimposed_encoding,,2026.1.3,119.58346692606703,2026-07-13 09h49.27.283603 -0400,
2,31,31,0,stimuli/scenes/scene_U2.jpg,Undersea,Negvi,stimuli/items/undersea_animal_11.png,Undersea,animal,sc,q,0,0.6092141999397427,None,0,1,1,1,0,31,31,31,,,,,529.8565723000793,,,,,,,,,,,,,,,,,,,,,,,,,,,,,,,,,,,,,,,,529.8451340000611,529.8565723000793,529.8565723000793,531.8348024000879,531.8348451000638,531.8423182000406,531.8423182000406,532.4599581999937,q,0,0.6092141999397427,None,532.4600174999796,532.467190299998,533.4834884000011,533.4507776000537,,,,,,,,,,,,,,,,,,,,,,208,1,short,A,2026-07-13_09h49.27.087,SBL_superimposed_encoding,,2026.1.3,119.58346692606703,2026-07-13 09h49.27.283603 -0400,
2,32,32,0,stimuli/scenes/scene_J2.jpg,Jungle,Tulon,stimuli/items/undersea_object_11.png,Undersea,object,si,q,1,0.33630089997313917,None,0,1,1,1,0,32,32,32,,,,,533.4834884000011,,,,,,,,,,,,,,,,,,,,,,,,,,,,,,,,,,,,,,,,533.4725583000109,533.4834884000011,533.4834884000011,535.4677093999926,535.4677538999822,535.4757242000196,535.4757242000196,535.8178743000608,q,1,0.33630089997313917,None,535.8179414999904,535.8254522000207,536.8420698000118,536.8095631999895,,,,,,,,,,,,,,,,,,,,,,208,1,short,A,2026-07-13_09h49.27.087,SBL_superimposed_encoding,,2026.1.3,119.58346692606703,2026-07-13 09h49.27.283603 -0400,
2,33,33,0,stimuli/scenes/scene_J1.jpg,Jungle,Malbow,stimuli/items/undersea_animal_10.png,Undersea,animal,si,q,1,0.1934238999383524,None,0,1,1,1,0,33,33,33,,,,,536.8420698000118,,,,,,,,,,,,,,,,,,,,,,,,,,,,,,,,,,,,,,,,536.832516000024,536.8420698000118,536.8420698000118,538.8265784999821,538.8266775000375,538.8339537000284,538.8339537000284,539.0346897999989,q,1,0.1934238999383524,None,539.0347466000821,539.0423832000233,540.0587333000731,540.0264686000301,,,,,,,,,,,,,,,,,,,,,,208,1,short,A,2026-07-13_09h49.27.087,SBL_superimposed_encoding,,2026.1.3,119.58346692606703,2026-07-13 09h49.27.283603 -0400,
2,34,34,0,stimuli/scenes/scene_J2.jpg,Jungle,Tulon,stimuli/items/jungle_animal_11.png,Jungle,animal,sc,p,1,0.21644760004710406,None,0,1,1,1,0,34,34,34,,,,,540.0587333000731,,,,,,,,,,,,,,,,,,,,,,,,,,,,,,,,,,,,,,,,540.0495072000194,540.0587333000731,540.0587333000731,542.0348149000201,542.0348586000036,542.0426311000483,542.0426311000483,542.2598485000199,p,1,0.21644760004710406,None,542.2599090000149,542.2673247000203,543.2921384000219,543.2512906000484,,,,,,,,,,,,,,,,,,,,,,208,1,short,A,2026-07-13_09h49.27.087,SBL_superimposed_encoding,,2026.1.3,119.58346692606703,2026-07-13 09h49.27.283603 -0400,
2,35,35,0,stimuli/scenes/scene_U1.jpg,Undersea,Somar,stimuli/items/undersea_animal_19.png,Undersea,animal,sc,p,1,0.24003290000837296,None,0,1,1,1,0,35,35,35,,,,,543.2921384000219,,,,,,,,,,,,,,,,,,,,,,,,,,,,,,,,,,,,,,,,543.28283869999,543.2921384000219,543.2921384000219,545.2600968000479,545.2601908000652,545.2677342999959,545.2677342999959,545.5097761000507,p,1,0.24003290000837296,None,545.5098339000251,545.5173420000356,546.533766000066,546.501735100057,,,,,,,,,,,,,,,,,,,,,,208,1,short,A,2026-07-13_09h49.27.087,SBL_superimposed_encoding,,2026.1.3,119.58346692606703,2026-07-13 09h49.27.283603 -0400,
2,36,36,0,stimuli/scenes/scene_J2.jpg,Jungle,Tulon,stimuli/items/jungle_object_8.png,Jungle,object,sc,p,1,0.7502664999337867,None,0,1,1,1,0,36,36,36,,,,,546.533766000066,,,,,,,,,,,,,,,,,,,,,,,,,,,,,,,,,,,,,,,,546.5235728999833,546.533766000066,546.533766000066,548.5101427000482,548.5102603000123,548.5175522000063,548.5175522000063,549.2685349000385,p,1,0.7502664999337867,None,549.2685939000221,549.2758150000591,550.2914522000356,550.2595212000888,,,,,,,,,,,,,,,,,,,,,,208,1,short,A,2026-07-13_09h49.27.087,SBL_superimposed_encoding,,2026.1.3,119.58346692606703,2026-07-13 09h49.27.283603 -0400,
2,37,37,0,stimuli/scenes/scene_U1.jpg,Undersea,Somar,stimuli/items/undersea_animal_18.png,Undersea,animal,sc,p,1,0.23090829991269857,None,0,1,1,1,0,37,37,37,,,,,550.2914522000356,,,,,,,,,,,,,,,,,,,,,,,,,,,,,,,,,,,,,,,,550.2802422000095,550.2914522000356,550.2914522000356,552.2766546000494,552.2766981000314,552.284114100039,552.284114100039,552.5180768000428,p,1,0.23090829991269857,None,552.518133000005,552.5259881999809,553.5428252000129,553.5097518999828,,,,,,,,,,,,,,,,,,,,,,208,1,short,A,2026-07-13_09h49.27.087,SBL_superimposed_encoding,,2026.1.3,119.58346692606703,2026-07-13 09h49.27.283603 -0400,
2,38,38,0,stimuli/scenes/scene_J1.jpg,Jungle,Malbow,stimuli/items/jungle_object_5.png,Jungle,object,sc,q,0,0.22158629994373769,None,0,1,1,1,0,38,38,38,,,,,553.5428252000129,,,,,,,,,,,,,,,,,,,,,,,,,,,,,,,,,,,,,,,,553.5365687999874,553.5428252000129,553.5428252000129,555.5185064000543,555.5186264000367,555.525795100024,555.525795100024,555.7517797000473,q,0,0.22158629994373769,None,555.7518379000248,555.759124299977,556.7756726000225,556.7432871999918,,,,,,,,,,,,,,,,,,,,,,208,1,short,A,2026-07-13_09h49.27.087,SBL_superimposed_encoding,,2026.1.3,119.58346692606703,2026-07-13 09h49.27.283603 -0400,
2,39,39,0,stimuli/scenes/scene_J2.jpg,Jungle,Tulon,stimuli/items/jungle_object_16.png,Jungle,object,sc,q,0,0.2443651999346912,None,0,1,1,1,0,39,39,39,,,,,556.7756726000225,,,,,,,,,,,,,,,,,,,,,,,,,,,,,,,,,,,,,,,,556.7659106000792,556.7756726000225,556.7756726000225,558.7601218000054,558.7602202000562,558.767626099987,558.767626099987,559.0183787000133,q,0,0.2443651999346912,None,559.0184344000882,559.0259001000086,560.0420934000285,560.0097477000672,,,,,,,,,,,,,,,,,,,,,,208,1,short,A,2026-07-13_09h49.27.087,SBL_superimposed_encoding,,2026.1.3,119.58346692606703,2026-07-13 09h49.27.283603 -0400,
2,40,40,0,stimuli/scenes/scene_U1.jpg,Undersea,Somar,stimuli/items/jungle_animal_19.png,Jungle,animal,si,q,1,0.21701599995139986,None,0,1,1,1,0,40,40,40,,,,,560.0420934000285,,,,,,,,,,,,,,,,,,,,,,,,,,,,,,,,,,,,,,,,560.0312490999931,560.0420934000285,560.0420934000285,562.0188465000829,562.018942900002,562.026114200009,562.026114200009,562.2439466000069,q,1,0.21701599995139986,None,562.2440072000027,562.2512086000061,563.2669977000915,563.2347905000206,,,,,,,,,,,,,,,,,,,,,,208,1,short,A,2026-07-13_09h49.27.087,SBL_superimposed_encoding,,2026.1.3,119.58346692606703,2026-07-13 09h49.27.283603 -0400,
2,41,41,0,stimuli/scenes/scene_J2.jpg,Jungle,Tulon,stimuli/items/jungle_animal_14.png,Jungle,animal,sc,p,1,0.21648089995142072,None,0,1,1,1,0,41,41,41,,,,,563.2669977000915,,,,,,,,,,,,,,,,,,,,,,,,,,,,,,,,,,,,,,,,563.2559455999872,563.2669977000915,563.2669977000915,565.2518521000165,565.251895399997,565.2594682000345,565.2594682000345,565.4768716000253,p,1,0.21648089995142072,None,565.4769286999945,565.4843799000373,566.4931452000747,566.4686420999933,,,,,,,,,,,,,,,,,,,,,,208,1,short,A,2026-07-13_09h49.27.087,SBL_superimposed_encoding,,2026.1.3,119.58346692606703,2026-07-13 09h49.27.283603 -0400,
2,42,42,0,stimuli/scenes/scene_U1.jpg,Undersea,Somar,stimuli/items/undersea_object_3.png,Undersea,object,sc,p,1,0.223147299955599,None,0,1,1,1,0,42,42,42,,,,,566.4931452000747,,,,,,,,,,,,,,,,,,,,,,,,,,,,,,,,,,,,,,,,566.4876211000374,566.4931452000747,566.4931452000747,568.4770943000913,568.4771965000546,568.4847595000174,568.4847595000174,568.7102851000382,p,1,0.223147299955599,None,568.7103432000149,568.7179250000045,569.734206299996,569.7013757000677,,,,,,,,,,,,,,,,,,,,,,208,1,short,A,2026-07-13_09h49.27.087,SBL_superimposed_encoding,,2026.1.3,119.58346692606703,2026-07-13 09h49.27.283603 -0400,
2,43,43,0,stimuli/scenes/scene_J2.jpg,Jungle,Tulon,stimuli/items/jungle_object_10.png,Jungle,object,sc,p,1,0.3500106999417767,None,0,1,1,1,0,43,43,43,,,,,569.734206299996,,,,,,,,,,,,,,,,,,,,,,,,,,,,,,,,,,,,,,,,569.7251798000652,569.734206299996,569.734206299996,571.7104527000338,571.7104955000104,571.7181393000064,571.7181393000064,572.0689242000226,p,1,0.3500106999417767,None,572.0689799999818,572.0763001000741,573.0905261000153,573.0597975000273,,,,,,,,,,,,,,,,,,,,,,208,1,short,A,2026-07-13_09h49.27.087,SBL_superimposed_encoding,,2026.1.3,119.58346692606703,2026-07-13 09h49.27.283603 -0400,
2,44,44,0,stimuli/scenes/scene_U1.jpg,Undersea,Somar,stimuli/items/undersea_object_17.png,Undersea,object,sc,q,0,0.6788199000293389,None,0,1,1,1,0,44,44,44,,,,,573.0905261000153,,,,,,,,,,,,,,,,,,,,,,,,,,,,,,,,,,,,,,,,573.0791846000357,573.0905261000153,573.0905261000153,575.077175399987,575.0772192000877,575.0847438999917,575.0847438999917,575.768843100057,q,0,0.6788199000293389,None,575.7689008000307,575.7764695000369,576.792624499998,576.7600988000631,,,,,,,,,,,,,,,,,,,,,,208,1,short,A,2026-07-13_09h49.27.087,SBL_superimposed_encoding,,2026.1.3,119.58346692606703,2026-07-13 09h49.27.283603 -0400,
2,45,45,0,stimuli/scenes/scene_J2.jpg,Jungle,Tulon,stimuli/items/undersea_animal_13.png,Undersea,animal,si,q,1,0.22662920004222542,None,0,1,1,1,0,45,45,45,,,,,576.792624499998,,,,,,,,,,,,,,,,,,,,,,,,,,,,,,,,,,,,,,,,576.7832551000174,576.792624499998,576.792624499998,578.7771772000706,578.7772743999958,578.78484019998,578.78484019998,579.0187822000589,q,1,0.22662920004222542,None,579.0188387000235,579.0266049000202,580.0508202000055,580.0103814000031,,,,,,,,,,,,,,,,,,,,,,208,1,short,A,2026-07-13_09h49.27.087,SBL_superimposed_encoding,,2026.1.3,119.58346692606703,2026-07-13 09h49.27.283603 -0400,
2,46,46,0,stimuli/scenes/scene_J1.jpg,Jungle,Malbow,stimuli/items/undersea_animal_2.png,Undersea,animal,si,q,1,0.23285949998535216,None,0,1,1,1,0,46,46,46,,,,,580.0508202000055,,,,,,,,,,,,,,,,,,,,,,,,,,,,,,,,,,,,,,,,580.0385868999874,580.0508202000055,580.0508202000055,582.0190667000134,582.0191829000833,582.0264295000816,582.0264295000816,582.2603307000827,q,1,0.23285949998535216,None,582.2603851000313,582.2680811000755,583.276518000057,583.2515801000409,,,,,,,,,,,,,,,,,,,,,,208,1,short,A,2026-07-13_09h49.27.087,SBL_superimposed_encoding,,2026.1.3,119.58346692606703,2026-07-13 09h49.27.283603 -0400,
2,47,47,0,stimuli/scenes/scene_U1.jpg,Undersea,Somar,stimuli/items/undersea_object_18.png,Undersea,object,sc,q,0,0.20728019997477531,None,0,1,1,1,0,47,47,47,,,,,583.276518000057,,,,,,,,,,,,,,,,,,,,,,,,,,,,,,,,,,,,,,,,583.2705148999812,583.276518000057,583.276518000057,585.260549700004,585.2605938999914,585.2680854999926,585.2680854999926,585.4769696000731,q,0,0.20728019997477531,None,585.4770269000437,585.4845672000665,586.5010765000479,586.4686083000852,,,,,,,,,,,,,,,,,,,,,,208,1,short,A,2026-07-13_09h49.27.087,SBL_superimposed_encoding,,2026.1.3,119.58346692606703,2026-07-13 09h49.27.283603 -0400,
2,48,48,0,stimuli/scenes/scene_J1.jpg,Jungle,Malbow,stimuli/items/jungle_animal_9.png,Jungle,animal,sc,p,1,0.20659840002190322,None,0,1,1,1,0,48,48,48,,,,,586.5010765000479,,,,,,,,,,,,,,,,,,,,,,,,,,,,,,,,,,,,,,,,586.4916746000526,586.5010765000479,586.5010765000479,588.4772715000436,588.4773775000358,588.4845910000149,588.4845910000149,588.6939996000146,p,1,0.20659840002190322,None,588.694055100088,588.7014288000064,589.7178904000903,589.6856977000134,,,,,,,,,,,,,,,,,,,,,,208,1,short,A,2026-07-13_09h49.27.087,SBL_superimposed_encoding,,2026.1.3,119.58346692606703,2026-07-13 09h49.27.283603 -0400,
2,49,49,0,stimuli/scenes/scene_U2.jpg,Undersea,Negvi,stimuli/items/undersea_object_10.png,Undersea,object,sc,q,0,0.326042199973017,None,0,1,1,1,0,49,49,49,,,,,589.7178904000903,,,,,,,,,,,,,,,,,,,,,,,,,,,,,,,,,,,,,,,,589.7104632999981,589.7178904000903,589.7178904000903,591.7022629000712,591.702346200007,591.709880999988,591.709880999988,592.0438649000134,q,0,0.326042199973017,None,592.0439212999772,592.0514718000777,593.0677932000253,593.0355817000382,,,,,,,,,,,,,,,,,,,,,,208,1,short,A,2026-07-13_09h49.27.087,SBL_superimposed_encoding,,2026.1.3,119.58346692606703,2026-07-13 09h49.27.283603 -0400,
2,50,50,0,stimuli/scenes/scene_J1.jpg,Jungle,Malbow,stimuli/items/undersea_object_8.png,Undersea,object,si,q,1,0.2164899999042973,None,0,1,1,1,0,50,50,50,,,,,593.0677932000253,,,,,,,,,,,,,,,,,,,,,,,,,,,,,,,,,,,,,,,,593.0576947000809,593.0677932000253,593.0677932000253,595.0440876000794,595.0441810000921,595.0513119000243,595.0513119000243,595.2688868000405,q,1,0.2164899999042973,None,595.2689473000355,595.2768941000104,596.2907832000637,596.2601757000666,,,,,,,,,,,,,,,,,,,,,,208,1,short,A,2026-07-13_09h49.27.087,SBL_superimposed_encoding,,2026.1.3,119.58346692606703,2026-07-13 09h49.27.283603 -0400,
2,51,51,0,stimuli/scenes/scene_U1.jpg,Undersea,Somar,stimuli/items/jungle_animal_15.png,Jungle,animal,si,q,1,0.24725219991523772,None,0,1,1,1,0,51,51,51,,,,,596.2907832000637,,,,,,,,,,,,,,,,,,,,,,,,,,,,,,,,,,,,,,,,596.2801969000138,596.2907832000637,596.2907832000637,598.2774635000387,598.277557500056,598.2847229000181,598.2847229000181,598.5357464000117,q,1,0.24725219991523772,None,598.5358030999778,598.5432875000406,599.5593787999824,599.5271286000498,,,,,,,,,,,,,,,,,,,,,,208,1,short,A,2026-07-13_09h49.27.087,SBL_superimposed_encoding,,2026.1.3,119.58346692606703,2026-07-13 09h49.27.283603 -0400,
2,52,52,0,stimuli/scenes/scene_J1.jpg,Jungle,Malbow,stimuli/items/undersea_animal_12.png,Undersea,animal,si,q,1,0.21220750000793487,None,0,1,1,1,0,52,52,52,,,,,599.5593787999824,,,,,,,,,,,,,,,,,,,,,,,,,,,,,,,,,,,,,,,,599.5486666000215,599.5593787999824,599.5593787999824,601.5441319000674,601.5442313000094,601.5517089000205,601.5517089000205,601.769084700034,q,1,0.21220750000793487,None,601.7691403999925,601.7763560999883,602.7908774000825,602.7606345000677,,,,,,,,,,,,,,,,,,,,,,208,1,short,A,2026-07-13_09h49.27.087,SBL_superimposed_encoding,,2026.1.3,119.58346692606703,2026-07-13 09h49.27.283603 -0400,
2,53,53,0,stimuli/scenes/scene_U1.jpg,Undersea,Somar,stimuli/items/jungle_object_15.png,Jungle,object,si,q,1,0.20330769999418408,None,0,1,1,1,0,53,53,53,,,,,602.7908774000825,,,,,,,,,,,,,,,,,,,,,,,,,,,,,,,,,,,,,,,,602.7804858000018,602.7908774000825,602.7908774000825,604.7692666000221,604.7693497000728,604.7766422000714,604.7766422000714,604.9857491999865,q,1,0.20330769999418408,None,604.9858040000545,604.9933915000875,606.0095334000653,605.9772317000898,,,,,,,,,,,,,,,,,,,,,,208,1,short,A,2026-07-13_09h49.27.087,SBL_superimposed_encoding,,2026.1.3,119.58346692606703,2026-07-13 09h49.27.283603 -0400,
2,54,54,0,stimuli/scenes/scene_J1.jpg,Jungle,Malbow,stimuli/items/undersea_object_4.png,Undersea,object,si,q,1,0.6818649000488222,None,0,1,1,1,0,54,54,54,,,,,606.0095334000653,,,,,,,,,,,,,,,,,,,,,,,,,,,,,,,,,,,,,,,,605.999635300017,606.0095334000653,606.0095334000653,607.9859717000509,607.9860149000306,607.9935620999895,607.9935620999895,608.6771404000465,q,1,0.6818649000488222,None,608.6771972000133,608.685267199995,609.7015268000541,609.6690933000064,,,,,,,,,,,,,,,,,,,,,,208,1,short,A,2026-07-13_09h49.27.087,SBL_superimposed_encoding,,2026.1.3,119.58346692606703,2026-07-13 09h49.27.283603 -0400,
2,55,55,0,stimuli/scenes/scene_U2.jpg,Undersea,Negvi,stimuli/items/jungle_animal_5.png,Jungle,animal,si,q,1,0.22273230005521327,None,0,1,1,1,0,55,55,55,,,,,609.7015268000541,,,,,,,,,,,,,,,,,,,,,,,,,,,,,,,,,,,,,,,,609.6936544000637,609.7015268000541,609.7015268000541,611.6775227000471,611.6775652000215,611.6853078000713,611.6853078000713,611.9108253000304,q,1,0.22273230005521327,None,611.9108799999813,611.9186414000578,612.9346735000145,612.9021135000512,,,,,,,,,,,,,,,,,,,,,,208,1,short,A,2026-07-13_09h49.27.087,SBL_superimposed_encoding,,2026.1.3,119.58346692606703,2026-07-13 09h49.27.283603 -0400,
2,56,56,0,stimuli/scenes/scene_J1.jpg,Jungle,Malbow,stimuli/items/undersea_animal_9.png,Undersea,animal,si,q,1,0.19717300008051097,None,0,1,1,1,0,56,56,56,,,,,612.9346735000145,,,,,,,,,,,,,,,,,,,,,,,,,,,,,,,,,,,,,,,,612.9238398000598,612.9346735000145,612.9346735000145,614.9194030000363,614.9194982000627,614.926822300069,614.926822300069,615.127633200027,q,1,0.19717300008051097,None,615.127689099987,615.1352860000916,616.1570825000526,616.1190809999825,,,,,,,,,,,,,,,,,,,,,,208,1,short,A,2026-07-13_09h49.27.087,SBL_superimposed_encoding,,2026.1.3,119.58346692606703,2026-07-13 09h49.27.283603 -0400,
2,57,57,0,stimuli/scenes/scene_U1.jpg,Undersea,Somar,stimuli/items/jungle_object_18.png,Jungle,object,si,q,1,0.22781099996063858,None,0,1,1,1,0,57,57,57,,,,,616.1570825000526,,,,,,,,,,,,,,,,,,,,,,,,,,,,,,,,,,,,,,,,616.1469453000464,616.1570825000526,616.1570825000526,618.1357341000112,618.1357781999977,618.1439142000163,618.1439142000163,618.3775622000685,q,1,0.22781099996063858,None,618.3776167000178,618.3852242000867,619.4015285000205,619.3692799999844,,,,,,,,,,,,,,,,,,,,,,208,1,short,A,2026-07-13_09h49.27.087,SBL_superimposed_encoding,,2026.1.3,119.58346692606703,2026-07-13 09h49.27.283603 -0400,
2,58,58,0,stimuli/scenes/scene_J1.jpg,Jungle,Malbow,stimuli/items/jungle_animal_20.png,Jungle,animal,sc,p,1,0.2025399999693036,None,0,1,1,1,0,58,58,58,,,,,619.4015285000205,,,,,,,,,,,,,,,,,,,,,,,,,,,,,,,,,,,,,,,,619.3919758000411,619.4015285000205,619.4015285000205,621.3777584000491,621.3778020000318,621.3853018999798,621.3853018999798,621.5944632000756,p,1,0.2025399999693036,None,621.5945188000333,621.6019923000131,622.6265877999831,622.5859040999785,,,,,,,,,,,,,,,,,,,,,,208,1,short,A,2026-07-13_09h49.27.087,SBL_superimposed_encoding,,2026.1.3,119.58346692606703,2026-07-13 09h49.27.283603 -0400,
2,59,59,0,stimuli/scenes/scene_J2.jpg,Jungle,Tulon,stimuli/items/jungle_animal_2.png,Jungle,animal,sc,p,1,0.19351160002406687,None,0,1,1,1,0,59,59,59,,,,,622.6265877999831,,,,,,,,,,,,,,,,,,,,,,,,,,,,,,,,,,,,,,,,622.616763100028,622.6265877999831,622.6265877999831,624.6031108000316,624.603206400061,624.6102253000718,624.6102253000718,624.8108862000518,p,1,0.19351160002406687,None,624.8109433000209,624.8187879000325,625.8352455000859,625.8026908000465,,,,,,,,,,,,,,,,,,,,,,208,1,short,A,2026-07-13_09h49.27.087,SBL_superimposed_encoding,,2026.1.3,119.58346692606703,2026-07-13 09h49.27.283603 -0400,
2,60,60,0,stimuli/scenes/scene_U2.jpg,Undersea,Negvi,stimuli/items/jungle_object_2.png,Jungle,object,si,q,1,0.4250852999975905,None,0,1,1,1,0,60,60,60,,,,,625.8352455000859,,,,,,,,,,,,,,,,,,,,,,,,,,,,,,,,,,,,,,,,625.8271745999809,625.8352455000859,625.8352455000859,627.8111742000328,627.8112180000171,627.8187263000291,627.8187263000291,628.2444889000617,q,1,0.4250852999975905,None,628.2445464000339,628.2524346000282,629.2682192000793,629.2360593000194,,,,,,,,,,,,,,,,,,,,,,208,1,short,A,2026-07-13_09h49.27.087,SBL_superimposed_encoding,,2026.1.3,119.58346692606703,2026-07-13 09h49.27.283603 -0400,
2,61,61,0,stimuli/scenes/scene_J2.jpg,Jungle,Tulon,stimuli/items/undersea_object_19.png,Undersea,object,si,q,1,0.23118370003066957,None,0,1,1,1,0,61,61,61,,,,,629.2682192000793,,,,,,,,,,,,,,,,,,,,,,,,,,,,,,,,,,,,,,,,629.2569977000821,629.2682192000793,629.2682192000793,631.2527532000095,631.2527959999861,631.2603816000046,631.2603816000046,631.494211900048,q,1,0.23118370003066957,None,631.4942683000118,631.5020938999951,632.5166089000413,632.485952100018,,,,,,,,,,,,,,,,,,,,,,208,1,short,A,2026-07-13_09h49.27.087,SBL_superimposed_encoding,,2026.1.3,119.58346692606703,2026-07-13 09h49.27.283603 -0400,
2,62,62,0,stimuli/scenes/scene_U2.jpg,Undersea,Negvi,stimuli/items/jungle_object_13.png,Jungle,object,si,q,1,0.2693074999842793,None,0,1,1,1,0,62,62,62,,,,,632.5166089000413,,,,,,,,,,,,,,,,,,,,,,,,,,,,,,,,,,,,,,,,632.505200900021,632.5166089000413,632.5166089000413,634.4945167000405,634.4946101000533,634.5019847999793,634.5019847999793,634.7781615999993,q,1,0.2693074999842793,None,634.7782284000423,634.7853429000825,635.8017412000336,635.7693890000228,,,,,,,,,,,,,,,,,,,,,,208,1,short,A,2026-07-13_09h49.27.087,SBL_superimposed_encoding,,2026.1.3,119.58346692606703,2026-07-13 09h49.27.283603 -0400,
2,63,63,0,stimuli/scenes/scene_J2.jpg,Jungle,Tulon,stimuli/items/jungle_animal_4.png,Jungle,animal,sc,p,1,0.2090854000998661,None,0,1,1,1,0,63,63,63,,,,,635.8017412000336,,,,,,,,,,,,,,,,,,,,,,,,,,,,,,,,,,,,,,,,635.7918305000057,635.8017412000336,635.8017412000336,637.7864241000498,637.7865073999856,637.7939321000595,637.7939321000595,638.011357499985,p,1,0.2090854000998661,None,638.0114145000698,638.0190892000683,639.042713599978,639.0025339000858,,,,,,,,,,,,,,,,,,,,,,208,1,short,A,2026-07-13_09h49.27.087,SBL_superimposed_encoding,,2026.1.3,119.58346692606703,2026-07-13 09h49.27.283603 -0400,
2,64,64,0,stimuli/scenes/scene_U1.jpg,Undersea,Somar,stimuli/items/undersea_object_6.png,Undersea,object,sc,p,1,0.4407970999600366,None,0,1,1,1,0,64,64,64,,,,,639.042713599978,,,,,,,,,,,,,,,,,,,,,,,,,,,,,,,,,,,,,,,,639.0310793999815,639.042713599978,639.042713599978,641.0116136000725,641.0116569000529,641.0189558999846,641.0189558999846,641.4613311000867,p,1,0.4407970999600366,None,641.4613885000581,641.4691360000288,642.4855616000714,642.4527547000907,,,,,,,,,,,,,,,,,,,,,,208,1,short,A,2026-07-13_09h49.27.087,SBL_superimposed_encoding,,2026.1.3,119.58346692606703,2026-07-13 09h49.27.283603 -0400,
2,65,65,0,stimuli/scenes/scene_U2.jpg,Undersea,Negvi,stimuli/items/undersea_object_15.png,Undersea,object,sc,q,0,0.606538400053978,None,0,1,1,1,0,65,65,65,,,,,642.4855616000714,,,,,,,,,,,,,,,,,,,,,,,,,,,,,,,,,,,,,,,,642.4779557000147,642.4855616000714,642.4855616000714,644.461652200087,644.4616964000743,644.4691704000579,644.4691704000579,645.0777163000312,q,0,0.606538400053978,None,645.077773099998,645.0859151000623,646.102570099989,646.0693666000152,,,,,,,,,,,,,,,,,,,,,,208,1,short,A,2026-07-13_09h49.27.087,SBL_superimposed_encoding,,2026.1.3,119.58346692606703,2026-07-13 09h49.27.283603 -0400,
2,66,66,0,stimuli/scenes/scene_J1.jpg,Jungle,Malbow,stimuli/items/jungle_animal_16.png,Jungle,animal,sc,p,1,0.2380291000008583,None,0,1,1,1,0,66,66,66,,,,,646.102570099989,,,,,,,,,,,,,,,,,,,,,,,,,,,,,,,,,,,,,,,,646.0964414000046,646.102570099989,646.102570099989,648.0781904000323,648.078291199985,648.0858175000176,648.0858175000176,648.3282007999951,p,1,0.2380291000008583,None,648.3282573000761,648.3357536999974,649.3518741000444,649.3198444000445,,,,,,,,,,,,,,,,,,,,,,208,1,short,A,2026-07-13_09h49.27.087,SBL_superimposed_encoding,,2026.1.3,119.58346692606703,2026-07-13 09h49.27.283603 -0400,
2,67,67,0,stimuli/scenes/scene_U2.jpg,Undersea,Negvi,stimuli/items/jungle_animal_3.png,Jungle,animal,si,q,1,0.547341600060463,None,0,1,1,1,0,67,67,67,,,,,649.3518741000444,,,,,,,,,,,,,,,,,,,,,,,,,,,,,,,,,,,,,,,,649.3421809000429,649.3518741000444,649.3518741000444,651.3364586000098,651.3365033000009,651.3441470999969,651.3441470999969,651.8948686000658,q,1,0.547341600060463,None,651.8949260000372,651.9023118000478,652.9187256000005,652.8859816000331,,,,,,,,,,,,,,,,,,,,,,208,1,short,A,2026-07-13_09h49.27.087,SBL_superimposed_encoding,,2026.1.3,119.58346692606703,2026-07-13 09h49.27.283603 -0400,
2,68,68,0,stimuli/scenes/scene_U1.jpg,Undersea,Somar,stimuli/items/jungle_object_1.png,Jungle,object,si,q,1,0.2697156999493018,None,0,1,1,1,0,68,68,68,,,,,652.9187256000005,,,,,,,,,,,,,,,,,,,,,,,,,,,,,,,,,,,,,,,,652.9097119000508,652.9187256000005,652.9187256000005,654.895102599985,654.8952509000665,654.9023218000075,654.9023218000075,655.1783777000383,q,1,0.2697156999493018,None,655.1784337999998,655.1859952000668,656.2021816000342,656.1697547000367,,,,,,,,,,,,,,,,,,,,,,208,1,short,A,2026-07-13_09h49.27.087,SBL_superimposed_encoding,,2026.1.3,119.58346692606703,2026-07-13 09h49.27.283603 -0400,
2,69,69,0,stimuli/scenes/scene_U2.jpg,Undersea,Negvi,stimuli/items/jungle_object_11.png,Jungle,object,si,q,1,0.22547179996035993,None,0,1,1,1,0,69,69,69,,,,,656.2021816000342,,,,,,,,,,,,,,,,,,,,,,,,,,,,,,,,,,,,,,,,656.194441700005,656.2021816000342,656.2021816000342,658.186350199976,658.1863949000835,658.194381600013,658.194381600013,658.4280249000294,q,1,0.22547179996035993,None,658.4280810999917,658.4359298000345,659.4508553000633,659.4199532000348,,,,,,,,,,,,,,,,,,,,,,208,1,short,A,2026-07-13_09h49.27.087,SBL_superimposed_encoding,,2026.1.3,119.58346692606703,2026-07-13 09h49.27.283603 -0400,
2,70,70,0,stimuli/scenes/scene_U1.jpg,Undersea,Somar,stimuli/items/jungle_animal_13.png,Jungle,animal,si,q,1,0.2954152000602335,None,0,1,1,1,0,70,70,70,,,,,659.4508553000633,,,,,,,,,,,,,,,,,,,,,,,,,,,,,,,,,,,,,,,,659.4404998000246,659.4508553000633,659.4508553000633,661.4282452000771,661.4283063000767,661.4362361000385,661.4362361000385,661.7367629000219,q,1,0.2954152000602335,None,661.7368195999879,661.7445639000507,662.7583676000359,662.7283699000254,,,,,,,,,,,,,,,,,,,,,,208,1,short,A,2026-07-13_09h49.27.087,SBL_superimposed_encoding,,2026.1.3,119.58346692606703,2026-07-13 09h49.27.283603 -0400,
2,71,71,0,stimuli/scenes/scene_U2.jpg,Undersea,Negvi,stimuli/items/jungle_object_19.png,Jungle,object,si,q,1,0.27468469995073974,None,0,1,1,1,0,71,71,71,,,,,662.7583676000359,,,,,,,,,,,,,,,,,,,,,,,,,,,,,,,,,,,,,,,,662.748017600039,662.7583676000359,662.7583676000359,664.7450991000514,664.745193800074,664.7525366999907,664.7525366999907,665.028206899995,q,1,0.27468469995073974,None,665.028263400076,665.0359718999825,666.0530038999859,666.0199127000524,,,,,,,,,,,,,,,,,,,,,,208,1,short,A,2026-07-13_09h49.27.087,SBL_superimposed_encoding,,2026.1.3,119.58346692606703,2026-07-13 09h49.27.283603 -0400,
2,72,72,0,stimuli/scenes/scene_J2.jpg,Jungle,Tulon,stimuli/items/undersea_object_20.png,Undersea,object,si,q,1,0.25591459998395294,None,0,1,1,1,0,72,72,72,,,,,666.0530038999859,,,,,,,,,,,,,,,,,,,,,,,,,,,,,,,,,,,,,,,,666.0472936000442,666.0530038999859,666.0530038999859,668.0285179000348,668.0285611000145,668.035977600026,668.035977600026,668.2952073999913,q,1,0.25591459998395294,None,668.2952655000845,668.3026389000006,669.3256342000095,669.2866393000586,,,,,,,,,,,,,,,,,,,,,,208,1,short,A,2026-07-13_09h49.27.087,SBL_superimposed_encoding,,2026.1.3,119.58346692606703,2026-07-13 09h49.27.283603 -0400,
2,73,73,0,stimuli/scenes/scene_J1.jpg,Jungle,Malbow,stimuli/items/undersea_object_14.png,Undersea,object,si,q,1,0.22894800000358373,None,0,1,1,1,0,73,73,73,,,,,669.3256342000095,,,,,,,,,,,,,,,,,,,,,,,,,,,,,,,,,,,,,,,,669.3135150000453,669.3256342000095,669.3256342000095,671.3025876000756,671.3026312000584,671.3110918999882,671.3110918999882,671.545052899979,q,1,0.22894800000358373,None,671.5451074000448,671.5527368000476,672.5682606999762,672.5363195000682,,,,,,,,,,,,,,,,,,,,,,208,1,short,A,2026-07-13_09h49.27.087,SBL_superimposed_encoding,,2026.1.3,119.58346692606703,2026-07-13 09h49.27.283603 -0400,
2,74,74,0,stimuli/scenes/scene_U2.jpg,Undersea,Negvi,stimuli/items/jungle_object_9.png,Jungle,object,si,q,1,0.24235970003064722,None,0,1,1,1,0,74,74,74,,,,,672.5682606999762,,,,,,,,,,,,,,,,,,,,,,,,,,,,,,,,,,,,,,,,672.5576589000411,672.5682606999762,672.5682606999762,674.5534845000366,674.5535290000262,674.5610908999806,674.5610908999806,674.8121026000008,q,1,0.24235970003064722,None,674.8121583000757,674.8195822000271,675.8352822000161,675.8034539000364,,,,,,,,,,,,,,,,,,,,,,208,1,short,A,2026-07-13_09h49.27.087,SBL_superimposed_encoding,,2026.1.3,119.58346692606703,2026-07-13 09h49.27.283603 -0400,
2,75,75,0,stimuli/scenes/scene_J2.jpg,Jungle,Tulon,stimuli/items/undersea_animal_5.png,Undersea,animal,si,q,1,0.2397728000069037,None,0,1,1,1,0,75,75,75,,,,,675.8352822000161,,,,,,,,,,,,,,,,,,,,,,,,,,,,,,,,,,,,,,,,675.8239193999907,675.8352822000161,675.8352822000161,677.8202201999957,677.8203200000571,677.8279696999816,677.8279696999816,678.0701149000088,q,1,0.2397728000069037,None,678.0701712000882,678.0778835000237,679.0935875000432,679.0615165000781,,,,,,,,,,,,,,,,,,,,,,208,1,short,A,2026-07-13_09h49.27.087,SBL_superimposed_encoding,,2026.1.3,119.58346692606703,2026-07-13 09h49.27.283603 -0400,
2,76,76,0,stimuli/scenes/scene_U2.jpg,Undersea,Negvi,stimuli/items/undersea_object_2.png,Undersea,object,sc,p,1,0.03759989992249757,None,0,1,1,1,0,76,76,76,,,,,679.0935875000432,,,,,,,,,,,,,,,,,,,,,,,,,,,,,,,,,,,,,,,,679.0823695000727,679.0935875000432,679.0935875000432,681.0786314000143,681.0787238000194,681.086354500032,681.086354500032,681.1282502000686,p,1,0.03759989992249757,None,681.128305900027,681.1361582999816,682.1607765000081,682.1200509000337,,,,,,,,,,,,,,,,,,,,,,208,1,short,A,2026-07-13_09h49.27.087,SBL_superimposed_encoding,,2026.1.3,119.58346692606703,2026-07-13 09h49.27.283603 -0400,
2,77,77,0,stimuli/scenes/scene_J2.jpg,Jungle,Tulon,stimuli/items/undersea_object_5.png,Undersea,object,si,q,1,0.21939710003789514,None,0,1,1,1,0,77,77,77,,,,,682.1607765000081,,,,,,,,,,,,,,,,,,,,,,,,,,,,,,,,,,,,,,,,682.1503912000917,682.1607765000081,682.1607765000081,684.1286484000739,684.1287251000758,684.1362128000474,684.1362128000474,684.3621136000147,q,1,0.21939710003789514,None,684.3621698999777,684.3697620000457,685.3858359000878,685.3534824000672,,,,,,,,,,,,,,,,,,,,,,208,1,short,A,2026-07-13_09h49.27.087,SBL_superimposed_encoding,,2026.1.3,119.58346692606703,2026-07-13 09h49.27.283603 -0400,
2,78,78,0,stimuli/scenes/scene_U2.jpg,Undersea,Negvi,stimuli/items/jungle_animal_7.png,Jungle,animal,si,q,1,0.3694464999716729,None,0,1,1,1,0,78,78,78,,,,,685.3858359000878,,,,,,,,,,,,,,,,,,,,,,,,,,,,,,,,,,,,,,,,685.3759876000695,685.3858359000878,685.3858359000878,687.3701823999872,687.3702263000887,687.3781876000576,687.3781876000576,687.7538804999785,q,1,0.3694464999716729,None,687.7539386000717,687.7616437000688,688.7775970000075,688.7451863000169,,,,,,,,,,,,,,,,,,,,,,208,1,short,A,2026-07-13_09h49.27.087,SBL_superimposed_encoding,,2026.1.3,119.58346692606703,2026-07-13 09h49.27.283603 -0400,
2,79,79,0,stimuli/scenes/scene_J2.jpg,Jungle,Tulon,stimuli/items/jungle_object_7.png,Jungle,object,sc,q,0,0.35425760003272444,None,0,1,1,1,0,79,79,79,,,,,688.7775970000075,,,,,,,,,,,,,,,,,,,,,,,,,,,,,,,,,,,,,,,,688.766966400086,688.7775970000075,688.7775970000075,690.7623243000126,690.7623679999961,690.7696443999885,690.7696443999885,691.1288126000436,q,0,0.35425760003272444,None,691.1288695000112,691.1363836000673,692.1282088999869,692.1199759000447,,,,,,,,,,,,,,,,,,,,,,208,1,short,A,2026-07-13_09h49.27.087,SBL_superimposed_encoding,,2026.1.3,119.58346692606703,2026-07-13 09h49.27.283603 -0400,
3,0,0,0,stimuli/scenes/scene_U1.jpg,Undersea,Somar,stimuli/items/jungle_animal_1.png,Jungle,animal,si,q,1,0.43008740001823753,None,0,2,2,2,0,0,0,0,0,0,0,0,700.9187181000598,,,,,,,,,,,,,,,,,,,,,,,,,,,,,,,,,,,,,,700.8546760000754,700.8548990000272,700.9056223999942,700.9187181000598,700.9187181000598,702.8624273000751,702.8625310000498,702.8697868000017,702.8697868000017,703.3040843000636,q,1,0.43008740001823753,None,703.3041433000471,703.3119052000111,704.3354372000322,704.2954161000671,,,692.1257168999873,692.1259305999847,692.126142000081,692.1282088999869,692.1282088999869,692.1282088999869,700.8537601000862,space,8.723785900045186,None,,,,,,,,,,208,1,short,A,2026-07-13_09h49.27.087,SBL_superimposed_encoding,,2026.1.3,119.58346692606703,2026-07-13 09h49.27.283603 -0400,
3,1,1,0,stimuli/scenes/scene_J1.jpg,Jungle,Malbow,stimuli/items/undersea_object_4.png,Undersea,object,si,q,1,0.258655900019221,None,0,2,2,2,0,1,1,1,,,,,704.3354372000322,,,,,,,,,,,,,,,,,,,,,,,,,,,,,,,,,,,,,,,,704.3245993000455,704.3354372000322,704.3354372000322,706.3123782000039,706.3124698000029,706.3203450000146,706.3203450000146,706.5877435000148,q,1,0.258655900019221,None,706.5878006999847,706.5949879999971,707.6036036000587,707.5786302000051,,,,,,,,,,,,,,,,,,,,,,208,1,short,A,2026-07-13_09h49.27.087,SBL_superimposed_encoding,,2026.1.3,119.58346692606703,2026-07-13 09h49.27.283603 -0400,
3,2,2,0,stimuli/scenes/scene_U1.jpg,Undersea,Somar,stimuli/items/jungle_animal_13.png,Jungle,animal,si,q,1,0.47266789991408587,None,0,2,2,2,0,2,2,2,,,,,707.6036036000587,,,,,,,,,,,,,,,,,,,,,,,,,,,,,,,,,,,,,,,,707.5979178000707,707.6036036000587,707.6036036000587,709.5873042000458,709.587347600027,709.5951885000104,709.5951885000104,710.0712474000175,q,1,0.47266789991408587,None,710.0713066000026,710.0786505000433,711.1034212000668,711.0618414999917,,,,,,,,,,,,,709.5951885000104,709.5951885000104,,,,,,,,208,1,short,A,2026-07-13_09h49.27.087,SBL_superimposed_encoding,,2026.1.3,119.58346692606703,2026-07-13 09h49.27.283603 -0400,
3,3,3,0,stimuli/scenes/scene_J2.jpg,Jungle,Tulon,stimuli/items/undersea_object_5.png,Undersea,object,si,q,1,0.24513119994662702,None,0,2,2,2,0,3,3,3,,,,,711.1034212000668,,,,,,,,,,,,,,,,,,,,,,,,,,,,,,,,,,,,,,,,711.0964793000603,711.1034212000668,711.1034212000668,713.0791200000094,713.0791723000584,713.0868551000021,713.0868551000021,713.3373561000917,q,1,0.24513119994662702,None,713.3374133000616,713.3449505000608,714.3695846999763,714.3287323000841,,,,,,,,,,,,,,,,,,,,,,208,1,short,A,2026-07-13_09h49.27.087,SBL_superimposed_encoding,,2026.1.3,119.58346692606703,2026-07-13 09h49.27.283603 -0400,
3,4,4,0,stimuli/scenes/scene_U2.jpg,Undersea,Negvi,stimuli/items/undersea_object_15.png,Undersea,object,sc,q,0,0.41863079997710884,None,0,2,2,2,0,4,4,4,,,,,714.3695846999763,,,,,,,,,,,,,,,,,,,,,,,,,,,,,,,,,,,,,,,,714.359017000068,714.3695846999763,714.3695846999763,716.3459434000542,716.3459881000454,716.3534162000287,716.3534162000287,716.7793902000412,q,0,0.41863079997710884,None,716.779448700021,716.7868308000034,717.8111784000648,717.7702841000864,,,,,,,,,,,,,,,,,,,,,,208,1,short,A,2026-07-13_09h49.27.087,SBL_superimposed_encoding,,2026.1.3,119.58346692606703,2026-07-13 09h49.27.283603 -0400,
3,5,5,0,stimuli/scenes/scene_J1.jpg,Jungle,Malbow,stimuli/items/jungle_object_17.png,Jungle,object,sc,p,1,0.2088998999679461,None,0,2,2,2,0,5,5,5,,,,,717.8111784000648,,,,,,,,,,,,,,,,,,,,,,,,,,,,,,,,,,,,,,,,717.8008294000756,717.8111784000648,717.8111784000648,719.7873334999895,719.7873762000818,719.7950342000695,719.7950342000695,720.0126526000677,p,1,0.2088998999679461,None,720.0127079000231,720.0201858000364,721.0351857000496,721.0039714000886,,,,,,,,,,,,,,,,,,,,,,208,1,short,A,2026-07-13_09h49.27.087,SBL_superimposed_encoding,,2026.1.3,119.58346692606703,2026-07-13 09h49.27.283603 -0400,
3,6,6,0,stimuli/scenes/scene_U2.jpg,Undersea,Negvi,stimuli/items/jungle_animal_3.png,Jungle,animal,si,q,1,0.2548855000641197,None,0,2,2,2,0,6,6,6,,,,,721.0351857000496,,,,,,,,,,,,,,,,,,,,,,,,,,,,,,,,,,,,,,,,721.0247130000498,721.0351857000496,721.0351857000496,723.0208288000431,723.0208725000266,723.0285813000519,723.0285813000519,723.2876617000438,q,1,0.2548855000641197,None,723.2877179000061,723.2952630000655,724.3112574000843,724.279003100004,,,,,,,,,,,,,,,,,,,,,,208,1,short,A,2026-07-13_09h49.27.087,SBL_superimposed_encoding,,2026.1.3,119.58346692606703,2026-07-13 09h49.27.283603 -0400,
3,7,7,0,stimuli/scenes/scene_J1.jpg,Jungle,Malbow,stimuli/items/undersea_object_14.png,Undersea,object,si,q,1,0.22765830007847399,None,0,2,2,2,0,7,7,7,,,,,724.3112574000843,,,,,,,,,,,,,,,,,,,,,,,,,,,,,,,,,,,,,,,,724.3006090000272,724.3112574000843,724.3112574000843,726.2959432000061,726.2959870999912,726.3034581000684,726.3034581000684,726.5377854000544,q,1,0.22765830007847399,None,726.5378413000144,726.5452733000275,727.5598935000598,727.5291152000427,,,,,,,,,,,,,,,,,,,,,,208,1,short,A,2026-07-13_09h49.27.087,SBL_superimposed_encoding,,2026.1.3,119.58346692606703,2026-07-13 09h49.27.283603 -0400,
3,8,8,0,stimuli/scenes/scene_U2.jpg,Undersea,Negvi,stimuli/items/jungle_object_2.png,Jungle,object,si,q,1,0.24128690001089126,None,0,2,2,2,0,8,8,8,,,,,727.5598935000598,,,,,,,,,,,,,,,,,,,,,,,,,,,,,,,,,,,,,,,,727.5493270000443,727.5598935000598,727.5598935000598,729.5458438000642,729.5458879000507,729.5539545000065,729.5539545000065,729.7960073000286,q,1,0.24128690001089126,None,729.796065100003,729.8036719000665,730.8281204000814,730.7874985000817,,,,,,,,,,,,,,,,,,,,,,208,1,short,A,2026-07-13_09h49.27.087,SBL_superimposed_encoding,,2026.1.3,119.58346692606703,2026-07-13 09h49.27.283603 -0400,
3,9,9,0,stimuli/scenes/scene_J2.jpg,Jungle,Tulon,stimuli/items/jungle_animal_12.png,Jungle,animal,sc,q,0,0.3755537999095395,None,0,2,2,2,0,9,9,9,,,,,730.8281204000814,,,,,,,,,,,,,,,,,,,,,,,,,,,,,,,,,,,,,,,,730.8174259000225,730.8281204000814,730.8281204000814,732.8044846000848,732.8045268000569,732.8119076000294,732.8119076000294,733.195862099994,q,0,0.3755537999095395,None,733.1959215999814,733.2034496000269,734.2199767000275,734.1875674000476,,,,,,,,,,,,,,,,,,,,,,208,1,short,A,2026-07-13_09h49.27.087,SBL_superimposed_encoding,,2026.1.3,119.58346692606703,2026-07-13 09h49.27.283603 -0400,
3,10,10,0,stimuli/scenes/scene_J1.jpg,Jungle,Malbow,stimuli/items/jungle_animal_6.png,Jungle,animal,sc,p,1,0.20684750005602837,None,0,2,2,2,0,10,10,10,,,,,734.2199767000275,,,,,,,,,,,,,,,,,,,,,,,,,,,,,,,,,,,,,,,,734.2093797000125,734.2199767000275,734.2199767000275,736.2042295000283,736.2042739000171,736.2123864000896,736.2123864000896,736.4208241000306,p,1,0.20684750005602837,None,736.4208795999875,736.428613300086,737.4450303000631,737.4123085000319,,,,,,,,,,,,,,,,,,,,,,208,1,short,A,2026-07-13_09h49.27.087,SBL_superimposed_encoding,,2026.1.3,119.58346692606703,2026-07-13 09h49.27.283603 -0400,
3,11,11,0,stimuli/scenes/scene_J2.jpg,Jungle,Tulon,stimuli/items/jungle_animal_11.png,Jungle,animal,sc,p,1,0.20679079997353256,None,0,2,2,2,0,11,11,11,,,,,737.4450303000631,,,,,,,,,,,,,,,,,,,,,,,,,,,,,,,,,,,,,,,,737.4350589000387,737.4450303000631,737.4450303000631,739.4211408999981,739.4212245000526,739.4288128000917,739.4288128000917,739.6375829000026,p,1,0.20679079997353256,None,739.6376479000319,739.6456026000669,740.66209420003,740.6294766999781,,,,,,,,,,,,,,,,,,,,,,208,1,short,A,2026-07-13_09h49.27.087,SBL_superimposed_encoding,,2026.1.3,119.58346692606703,2026-07-13 09h49.27.283603 -0400,
3,12,12,0,stimuli/scenes/scene_U2.jpg,Undersea,Negvi,stimuli/items/undersea_animal_17.png,Undersea,animal,sc,p,1,0.19056039990391582,None,0,2,2,2,0,12,12,12,,,,,740.66209420003,,,,,,,,,,,,,,,,,,,,,,,,,,,,,,,,,,,,,,,,740.6532417000271,740.66209420003,740.66209420003,742.6381456999807,742.6382460000459,742.6457043000264,742.6457043000264,742.8378909000894,p,1,0.19056039990391582,None,742.8379456000403,742.8454716000706,743.861728799995,743.8293263000669,,,,,,,,,,,,,,,,,,,,,,208,1,short,A,2026-07-13_09h49.27.087,SBL_superimposed_encoding,,2026.1.3,119.58346692606703,2026-07-13 09h49.27.283603 -0400,
3,13,13,0,stimuli/scenes/scene_J2.jpg,Jungle,Tulon,stimuli/items/undersea_animal_6.png,Undersea,animal,si,q,1,0.23844149999786168,None,0,2,2,2,0,13,13,13,,,,,743.861728799995,,,,,,,,,,,,,,,,,,,,,,,,,,,,,,,,,,,,,,,,743.8507609000662,743.861728799995,743.861728799995,745.8382001999998,745.8382946000202,745.8457092000172,745.8457092000172,746.0883103000233,q,1,0.23844149999786168,None,746.0883676999947,746.0955040000845,747.1124699000502,747.0795942000113,,,,,,,,,,,,,,,,,,,,,,208,1,short,A,2026-07-13_09h49.27.087,SBL_superimposed_encoding,,2026.1.3,119.58346692606703,2026-07-13 09h49.27.283603 -0400,
3,14,14,0,stimuli/scenes/scene_J1.jpg,Jungle,Malbow,stimuli/items/undersea_object_8.png,Undersea,object,si,q,1,0.2599284000461921,None,0,2,2,2,0,14,14,14,,,,,747.1124699000502,,,,,,,,,,,,,,,,,,,,,,,,,,,,,,,,,,,,,,,,747.1061391000403,747.1124699000502,747.1124699000502,749.0962966000661,749.096341000055,749.1038520000875,749.1038520000875,749.371196800028,q,1,0.2599284000461921,None,749.3712538999971,749.3789320000215,750.3952283000108,750.3627319000661,,,,,,,,,,,,,,,,,,,,,,208,1,short,A,2026-07-13_09h49.27.087,SBL_superimposed_encoding,,2026.1.3,119.58346692606703,2026-07-13 09h49.27.283603 -0400,
3,15,15,0,stimuli/scenes/scene_J2.jpg,Jungle,Tulon,stimuli/items/undersea_object_11.png,Undersea,object,si,q,1,0.2159385000122711,None,0,2,2,2,0,15,15,15,,,,,750.3952283000108,,,,,,,,,,,,,,,,,,,,,,,,,,,,,,,,,,,,,,,,750.3856495000655,750.3952283000108,750.3952283000108,752.3713300999952,752.3713724000845,752.3791951000458,752.3791951000458,752.5965364000294,q,1,0.2159385000122711,None,752.5965918999864,752.6039285000879,753.6206764000235,753.587593800039,,,,,,,,,,,,,,,,,,,,,,208,1,short,A,2026-07-13_09h49.27.087,SBL_superimposed_encoding,,2026.1.3,119.58346692606703,2026-07-13 09h49.27.283603 -0400,
3,16,16,0,stimuli/scenes/scene_U1.jpg,Undersea,Somar,stimuli/items/jungle_object_3.png,Jungle,object,si,q,1,0.2785848999628797,None,0,2,2,2,0,16,16,16,,,,,753.6206764000235,,,,,,,,,,,,,,,,,,,,,,,,,,,,,,,,,,,,,,,,753.6124457999831,753.6206764000235,753.6206764000235,755.6043906999985,755.6044339999789,755.6126800000202,755.6126800000202,755.8968672000337,q,1,0.2785848999628797,None,755.8969238999998,755.9038688000292,756.9199836000334,756.8879419000586,,,,,,,,,,,,,,,,,,,,,,208,1,short,A,2026-07-13_09h49.27.087,SBL_superimposed_encoding,,2026.1.3,119.58346692606703,2026-07-13 09h49.27.283603 -0400,
3,17,17,0,stimuli/scenes/scene_J2.jpg,Jungle,Tulon,stimuli/items/undersea_animal_20.png,Undersea,animal,si,q,1,0.25866590009536594,None,0,2,2,2,0,17,17,17,,,,,756.9199836000334,,,,,,,,,,,,,,,,,,,,,,,,,,,,,,,,,,,,,,,,756.9096574999858,756.9199836000334,756.9199836000334,758.9048367000651,758.9048804000486,758.9125855000457,758.9125855000457,759.1720460000215,q,1,0.25866590009536594,None,759.1721032999922,759.1790396000724,760.2030450000893,760.1625616999809,,,,,,,,,,,,,,,,,,,,,,208,1,short,A,2026-07-13_09h49.27.087,SBL_superimposed_encoding,,2026.1.3,119.58346692606703,2026-07-13 09h49.27.283603 -0400,
3,18,18,0,stimuli/scenes/scene_J1.jpg,Jungle,Malbow,stimuli/items/undersea_animal_7.png,Undersea,animal,si,q,1,0.24841530004050583,None,0,2,2,2,0,18,18,18,,,,,760.2030450000893,,,,,,,,,,,,,,,,,,,,,,,,,,,,,,,,,,,,,,,,760.1911832999904,760.2030450000893,760.2030450000893,762.1798140000319,762.1798580000177,762.18760439998,762.18760439998,762.4381884000031,q,1,0.24841530004050583,None,762.4382447000826,762.4458819000283,763.4622073000064,763.4295345999999,,,,,,,,,,,,,,,,,,,,,,208,1,short,A,2026-07-13_09h49.27.087,SBL_superimposed_encoding,,2026.1.3,119.58346692606703,2026-07-13 09h49.27.283603 -0400,
3,19,19,0,stimuli/scenes/scene_J2.jpg,Jungle,Tulon,stimuli/items/jungle_object_16.png,Jungle,object,sc,q,0,0.22897359996568412,None,0,2,2,2,0,19,19,19,,,,,763.4622073000064,,,,,,,,,,,,,,,,,,,,,,,,,,,,,,,,,,,,,,,,763.4527619000291,763.4622073000064,763.4622073000064,765.4464604000095,765.4465030999854,765.4542926000431,765.4542926000431,765.6880718000466,q,0,0.22897359996568412,None,765.6881267999997,765.6961331000784,766.7126085000345,766.6795262000524,,,,,,,,,,,,,,,,,,,,,,208,1,short,A,2026-07-13_09h49.27.087,SBL_superimposed_encoding,,2026.1.3,119.58346692606703,2026-07-13 09h49.27.283603 -0400,
3,20,20,0,stimuli/scenes/scene_U2.jpg,Undersea,Negvi,stimuli/items/undersea_animal_11.png,Undersea,animal,sc,q,0,0.2920897000003606,None,0,2,2,2,0,20,20,20,,,,,766.7126085000345,,,,,,,,,,,,,,,,,,,,,,,,,,,,,,,,,,,,,,,,766.7054402000504,766.7126085000345,766.7126085000345,768.696426599985,768.6964691000758,768.7041486999951,768.7041486999951,768.9970189000014,q,0,0.2920897000003606,None,768.9970781999873,769.0041686000768,770.0204260000028,769.9878696000669,,,,,,,,,,,,,,,,,,,,,,208,1,short,A,2026-07-13_09h49.27.087,SBL_superimposed_encoding,,2026.1.3,119.58346692606703,2026-07-13 09h49.27.283603 -0400,
3,21,21,0,stimuli/scenes/scene_J2.jpg,Jungle,Tulon,stimuli/items/jungle_object_10.png,Jungle,object,sc,p,1,0.23041840002406389,None,0,2,2,2,0,21,21,21,,,,,770.0204260000028,,,,,,,,,,,,,,,,,,,,,,,,,,,,,,,,,,,,,,,,770.0103444000706,770.0204260000028,770.0204260000028,772.0049709000159,772.0050149000017,772.0127559000393,772.0127559000393,772.2468677000143,p,1,0.23041840002406389,None,772.2469231000869,772.2542411000468,773.2705806000158,773.237938300008,,,,,,,,,,,,,,,,,,,,,,208,1,short,A,2026-07-13_09h49.27.087,SBL_superimposed_encoding,,2026.1.3,119.58346692606703,2026-07-13 09h49.27.283603 -0400,
3,22,22,0,stimuli/scenes/scene_U2.jpg,Undersea,Negvi,stimuli/items/undersea_object_2.png,Undersea,object,sc,q,0,0.5809384000021964,None,0,2,2,2,0,22,22,22,,,,,773.2705806000158,,,,,,,,,,,,,,,,,,,,,,,,,,,,,,,,,,,,,,,,773.2612296000589,773.2705806000158,773.2705806000158,775.2547292000381,775.254773600027,775.2624103000853,775.2624103000853,775.8463488999987,q,0,0.5809384000021964,None,775.8464091999922,775.8542832999956,776.8787061000476,776.838439000072,,,,,,,,,,,,,,,,,,,,,,208,1,short,A,2026-07-13_09h49.27.087,SBL_superimposed_encoding,,2026.1.3,119.58346692606703,2026-07-13 09h49.27.283603 -0400,
3,23,23,0,stimuli/scenes/scene_J1.jpg,Jungle,Malbow,stimuli/items/jungle_animal_9.png,Jungle,animal,sc,p,1,0.2530852999771014,None,0,2,2,2,0,23,23,23,,,,,776.8787061000476,,,,,,,,,,,,,,,,,,,,,,,,,,,,,,,,,,,,,,,,776.8690559000243,776.8787061000476,776.8787061000476,778.8467710000696,778.8468142000493,778.8542065999936,778.8542065999936,779.1134901000187,p,1,0.2530852999771014,None,779.1135474999901,779.1210891000228,780.1431444000918,780.1049400999909,,,,,,,,,,,,,,,,,,,,,,208,1,short,A,2026-07-13_09h49.27.087,SBL_superimposed_encoding,,2026.1.3,119.58346692606703,2026-07-13 09h49.27.283603 -0400,
3,24,24,0,stimuli/scenes/scene_J2.jpg,Jungle,Tulon,stimuli/items/jungle_animal_14.png,Jungle,animal,sc,p,1,0.33861049998085946,None,0,2,2,2,0,24,24,24,,,,,780.1431444000918,,,,,,,,,,,,,,,,,,,,,,,,,,,,,,,,,,,,,,,,780.1315763000166,780.1431444000918,780.1431444000918,782.12205060001,782.1221492000623,782.1294499000069,782.1294499000069,782.47188070009,p,1,0.33861049998085946,None,782.4719351000385,782.4792316000676,783.4959780999925,783.4634150000056,,,,,,,,,,,,,,,,,,,,,,208,1,short,A,2026-07-13_09h49.27.087,SBL_superimposed_encoding,,2026.1.3,119.58346692606703,2026-07-13 09h49.27.283603 -0400,
3,25,25,0,stimuli/scenes/scene_U1.jpg,Undersea,Somar,stimuli/items/undersea_object_6.png,Undersea,object,sc,p,1,0.48373089998494834,None,0,2,2,2,0,25,25,25,,,,,783.4959780999925,,,,,,,,,,,,,,,,,,,,,,,,,,,,,,,,,,,,,,,,783.4882671000669,783.4959780999925,783.4959780999925,785.4801592000294,785.4802615999943,785.4876601999858,785.4876601999858,785.9800100000575,p,1,0.48373089998494834,None,785.9800687000388,785.9877939000726,787.0040270000463,786.9712939000456,,,,,,,,,,,,,,,,,,,,,,208,1,short,A,2026-07-13_09h49.27.087,SBL_superimposed_encoding,,2026.1.3,119.58346692606703,2026-07-13 09h49.27.283603 -0400,
3,26,26,0,stimuli/scenes/scene_U2.jpg,Undersea,Negvi,stimuli/items/undersea_object_10.png,Undersea,object,sc,p,1,0.19081170007120818,None,0,2,2,2,0,26,26,26,,,,,787.0040270000463,,,,,,,,,,,,,,,,,,,,,,,,,,,,,,,,,,,,,,,,786.9952202000422,787.0040270000463,787.0040270000463,788.9884420000017,788.9885378000326,788.9965084000723,788.9965084000723,789.1884423000738,p,1,0.19081170007120818,None,789.188500200049,789.1963410000317,790.2112601000117,790.1802536000032,,,,,,,,,,,,,,,,,,,,,,208,1,short,A,2026-07-13_09h49.27.087,SBL_superimposed_encoding,,2026.1.3,119.58346692606703,2026-07-13 09h49.27.283603 -0400,
3,27,27,0,stimuli/scenes/scene_U1.jpg,Undersea,Somar,stimuli/items/undersea_animal_18.png,Undersea,animal,sc,p,1,0.1589121000142768,None,0,2,2,2,0,27,27,27,,,,,790.2112601000117,,,,,,,,,,,,,,,,,,,,,,,,,,,,,,,,,,,,,,,,790.2007334000664,790.2112601000117,790.2112601000117,792.1888854000717,792.188928800053,792.1963023000862,792.1963023000862,792.3641251000809,p,1,0.1589121000142768,None,792.364180100034,792.3711209000321,793.3958863000153,793.3546726000495,,,,,,,,,,,,,,,,,,,,,,208,1,short,A,2026-07-13_09h49.27.087,SBL_superimposed_encoding,,2026.1.3,119.58346692606703,2026-07-13 09h49.27.283603 -0400,
3,28,28,0,stimuli/scenes/scene_J2.jpg,Jungle,Tulon,stimuli/items/undersea_object_1.png,Undersea,object,si,q,1,0.6874569000210613,None,0,2,2,2,0,28,28,28,,,,,793.3958863000153,,,,,,,,,,,,,,,,,,,,,,,,,,,,,,,,,,,,,,,,793.3857377000386,793.3958863000153,793.3958863000153,795.3719649000559,795.3720078000333,795.379811800085,795.379811800085,796.0720753000351,q,1,0.6874569000210613,None,796.0721332000103,796.079571200069,797.0951151000336,797.0635046000825,,,,,,,,,,,,,,,,,,,,,,208,1,short,A,2026-07-13_09h49.27.087,SBL_superimposed_encoding,,2026.1.3,119.58346692606703,2026-07-13 09h49.27.283603 -0400,
3,29,29,0,stimuli/scenes/scene_U2.jpg,Undersea,Negvi,stimuli/items/jungle_object_9.png,Jungle,object,si,q,1,0.3078892999328673,None,0,2,2,2,0,29,29,29,,,,,797.0951151000336,,,,,,,,,,,,,,,,,,,,,,,,,,,,,,,,,,,,,,,,797.0837159000803,797.0951151000336,797.0951151000336,799.0805453000357,799.0806403000606,799.0879556,799.0879556,799.3969020000659,q,1,0.3078892999328673,None,799.3969596000388,799.4043265000219,800.4202379999915,800.3883211000357,,,,,,,,,,,,,,,,,,,,,,208,1,short,A,2026-07-13_09h49.27.087,SBL_superimposed_encoding,,2026.1.3,119.58346692606703,2026-07-13 09h49.27.283603 -0400,
3,30,30,0,stimuli/scenes/scene_J2.jpg,Jungle,Tulon,stimuli/items/undersea_object_20.png,Undersea,object,si,q,1,0.2551238000160083,None,0,2,2,2,0,30,30,30,,,,,800.4202379999915,,,,,,,,,,,,,,,,,,,,,,,,,,,,,,,,,,,,,,,,800.4082998000085,800.4202379999915,800.4202379999915,802.3971845000051,802.3972280999878,802.4045945000835,802.4045945000835,802.6639300000388,q,1,0.2551238000160083,None,802.6639859999996,802.6717108000303,803.688333600061,803.6556169000687,,,,,,,,,,,,,,,,,,,,,,208,1,short,A,2026-07-13_09h49.27.087,SBL_superimposed_encoding,,2026.1.3,119.58346692606703,2026-07-13 09h49.27.283603 -0400,
3,31,31,0,stimuli/scenes/scene_J1.jpg,Jungle,Malbow,stimuli/items/undersea_object_7.png,Undersea,object,si,q,1,0.25945590005721897,None,0,2,2,2,0,31,31,31,,,,,803.688333600061,,,,,,,,,,,,,,,,,,,,,,,,,,,,,,,,,,,,,,,,803.6819301000796,803.688333600061,803.688333600061,805.6722384000896,805.672333399998,805.6797548000468,805.6797548000468,805.9474171000766,q,1,0.25945590005721897,None,805.9474732000381,805.9548515999923,806.970353199984,806.9383811000735,,,,,,,,,,,,,,,,,,,,,,208,1,short,A,2026-07-13_09h49.27.087,SBL_superimposed_encoding,,2026.1.3,119.58346692606703,2026-07-13 09h49.27.283603 -0400,
3,32,32,0,stimuli/scenes/scene_U2.jpg,Undersea,Negvi,stimuli/items/jungle_animal_10.png,Jungle,animal,si,q,1,0.28914230002555996,None,0,2,2,2,0,32,32,32,,,,,806.970353199984,,,,,,,,,,,,,,,,,,,,,,,,,,,,,,,,,,,,,,,,806.9597670000512,806.970353199984,806.970353199984,808.9554024999961,808.9554462999804,808.9628474999918,808.9628474999918,809.2557770999847,q,1,0.28914230002555996,None,809.2558352000779,809.2630988000892,810.2794956000289,810.2472753000911,,,,,,,,,,,,,,,,,,,,,,208,1,short,A,2026-07-13_09h49.27.087,SBL_superimposed_encoding,,2026.1.3,119.58346692606703,2026-07-13 09h49.27.283603 -0400,
3,33,33,0,stimuli/scenes/scene_U1.jpg,Undersea,Somar,stimuli/items/undersea_object_18.png,Undersea,object,sc,q,0,0.24378040002193302,None,0,2,2,2,0,33,33,33,,,,,810.2794956000289,,,,,,,,,,,,,,,,,,,,,,,,,,,,,,,,,,,,,,,,810.2706520999782,810.2794956000289,810.2794956000289,812.2639324000338,812.2639756000135,812.2720410000766,812.2720410000766,812.5226345000556,q,0,0.24378040002193302,None,812.5226903000148,812.5299385000253,813.5458370000124,813.5133864000672,,,,,,,,,,,,,,,,,,,,,,208,1,short,A,2026-07-13_09h49.27.087,SBL_superimposed_encoding,,2026.1.3,119.58346692606703,2026-07-13 09h49.27.283603 -0400,
3,34,34,0,stimuli/scenes/scene_J1.jpg,Jungle,Malbow,stimuli/items/jungle_animal_20.png,Jungle,animal,sc,p,1,0.28968729998450726,None,0,2,2,2,0,34,34,34,,,,,813.5458370000124,,,,,,,,,,,,,,,,,,,,,,,,,,,,,,,,,,,,,,,,813.5355323000113,813.5458370000124,813.5458370000124,815.5306728000287,815.5307159000076,815.5382919000695,815.5382919000695,815.830716400058,p,1,0.28968729998450726,None,815.8307738000294,815.8381753000431,816.8551004000474,816.8224449000554,,,,,,,,,,,,,,,,,,,,,,208,1,short,A,2026-07-13_09h49.27.087,SBL_superimposed_encoding,,2026.1.3,119.58346692606703,2026-07-13 09h49.27.283603 -0400,
3,35,35,0,stimuli/scenes/scene_J2.jpg,Jungle,Tulon,stimuli/items/undersea_object_19.png,Undersea,object,si,q,1,0.23719379992689937,None,0,2,2,2,0,35,35,35,,,,,816.8551004000474,,,,,,,,,,,,,,,,,,,,,,,,,,,,,,,,,,,,,,,,816.8489554000553,816.8551004000474,816.8551004000474,818.8308270000853,818.8308708000695,818.8384805000387,818.8384805000387,819.0808113000821,q,1,0.23719379992689937,None,819.0808690000558,819.0885781000834,820.1023491000524,820.0719633999979,,,,,,,,,,,,,,,,,,,,,,208,1,short,A,2026-07-13_09h49.27.087,SBL_superimposed_encoding,,2026.1.3,119.58346692606703,2026-07-13 09h49.27.283603 -0400,
3,36,36,0,stimuli/scenes/scene_U1.jpg,Undersea,Somar,stimuli/items/jungle_object_14.png,Jungle,object,si,q,1,0.2351399000035599,None,0,2,2,2,0,36,36,36,,,,,820.1023491000524,,,,,,,,,,,,,,,,,,,,,,,,,,,,,,,,,,,,,,,,820.0906167000066,820.1023491000524,820.1023491000524,822.0810363000492,822.0811295000603,822.0885105000343,822.0885105000343,822.3306385000469,q,1,0.2351399000035599,None,822.3306945000077,822.3383681999985,823.354680599994,823.3220448000357,,,,,,,,,,,,,,,,,,,,,,208,1,short,A,2026-07-13_09h49.27.087,SBL_superimposed_encoding,,2026.1.3,119.58346692606703,2026-07-13 09h49.27.283603 -0400,
3,37,37,0,stimuli/scenes/scene_U2.jpg,Undersea,Negvi,stimuli/items/jungle_animal_5.png,Jungle,animal,si,q,1,0.3768622000934556,None,0,2,2,2,0,37,37,37,,,,,823.354680599994,,,,,,,,,,,,,,,,,,,,,,,,,,,,,,,,,,,,,,,,823.3464282000205,823.354680599994,823.354680599994,825.3307434000308,825.3307968000881,825.3384364000522,825.3384364000522,825.7226526000304,q,1,0.3768622000934556,None,825.7227082999889,825.7303225999931,826.7440845000092,826.7136083000805,,,,,,,,,,,,,,,,,,,,,,208,1,short,A,2026-07-13_09h49.27.087,SBL_superimposed_encoding,,2026.1.3,119.58346692606703,2026-07-13 09h49.27.283603 -0400,
3,38,38,0,stimuli/scenes/scene_U1.jpg,Undersea,Somar,stimuli/items/jungle_object_18.png,Jungle,object,si,q,1,0.3053213000530377,None,0,2,2,2,0,38,38,38,,,,,826.7440845000092,,,,,,,,,,,,,,,,,,,,,,,,,,,,,,,,,,,,,,,,826.7337849000469,826.7440845000092,826.7440845000092,828.7311377000296,828.7312133000232,828.7383192999987,828.7383192999987,829.0473716000561,q,1,0.3053213000530377,None,829.0474280000199,829.0553617000114,830.0791863000486,830.0393300000578,,,,,,,,,,,,,,,,,,,,,,208,1,short,A,2026-07-13_09h49.27.087,SBL_superimposed_encoding,,2026.1.3,119.58346692606703,2026-07-13 09h49.27.283603 -0400,
3,39,39,0,stimuli/scenes/scene_J2.jpg,Jungle,Tulon,stimuli/items/undersea_animal_13.png,Undersea,animal,si,q,1,0.7006002999842167,None,0,2,2,2,0,39,39,39,,,,,830.0791863000486,,,,,,,,,,,,,,,,,,,,,,,,,,,,,,,,,,,,,,,,830.0674035000848,830.0791863000486,830.0791863000486,832.0475903999759,832.0476344000781,832.0552534000017,832.0552534000017,832.7644290000899,q,1,0.7006002999842167,None,832.764486100059,832.771973200026,833.7876826000866,833.755788700073,,,,,,,,,,,,,,,,,,,,,,208,1,short,A,2026-07-13_09h49.27.087,SBL_superimposed_encoding,,2026.1.3,119.58346692606703,2026-07-13 09h49.27.283603 -0400,
3,40,40,0,stimuli/scenes/scene_U1.jpg,Undersea,Somar,stimuli/items/undersea_object_17.png,Undersea,object,sc,q,0,0.28720100002828985,None,0,2,2,2,0,40,40,40,,,,,833.7876826000866,,,,,,,,,,,,,,,,,,,,,,,,,,,,,,,,,,,,,,,,833.7763802000554,833.7876826000866,833.7876826000866,835.7728002000367,835.7729035000084,835.7800932000391,835.7800932000391,836.0725153000094,q,0,0.28720100002828985,None,836.0725736999884,836.0803193000611,837.0968292000471,837.0641305000754,,,,,,,,,,,,,,,,,,,,,,208,1,short,A,2026-07-13_09h49.27.087,SBL_superimposed_encoding,,2026.1.3,119.58346692606703,2026-07-13 09h49.27.283603 -0400,
3,41,41,0,stimuli/scenes/scene_J1.jpg,Jungle,Malbow,stimuli/items/undersea_animal_9.png,Undersea,animal,si,q,1,0.291001099976711,None,0,2,2,2,0,41,41,41,,,,,837.0968292000471,,,,,,,,,,,,,,,,,,,,,,,,,,,,,,,,,,,,,,,,837.0911432000576,837.0968292000471,837.0968292000471,839.0811526000034,839.0812729999889,839.0887333999854,839.0887333999854,839.3808444000315,q,1,0.291001099976711,None,839.3809016000014,839.3886129000457,840.3972980000544,840.3722788000014,,,,,,,,,,,,,,,,,,,,,,208,1,short,A,2026-07-13_09h49.27.087,SBL_superimposed_encoding,,2026.1.3,119.58346692606703,2026-07-13 09h49.27.283603 -0400,
3,42,42,0,stimuli/scenes/scene_U1.jpg,Undersea,Somar,stimuli/items/undersea_animal_4.png,Undersea,animal,sc,q,0,0.23894629999995232,None,0,2,2,2,0,42,42,42,,,,,840.3972980000544,,,,,,,,,,,,,,,,,,,,,,,,,,,,,,,,,,,,,,,,840.3923200999852,840.3972980000544,840.3972980000544,842.3809788000071,842.3810215999838,842.3891309000319,842.3891309000319,842.6312565000262,q,0,0.23894629999995232,None,842.63131289999,842.6392010999843,843.6632031999761,843.6227564000292,,,,,,,,,,,,,,,,,,,,,,208,1,short,A,2026-07-13_09h49.27.087,SBL_superimposed_encoding,,2026.1.3,119.58346692606703,2026-07-13 09h49.27.283603 -0400,
3,43,43,0,stimuli/scenes/scene_J2.jpg,Jungle,Tulon,stimuli/items/jungle_animal_2.png,Jungle,animal,sc,p,1,0.32395570003427565,None,0,2,2,2,0,43,43,43,,,,,843.6632031999761,,,,,,,,,,,,,,,,,,,,,,,,,,,,,,,,,,,,,,,,843.6530051000882,843.6632031999761,843.6632031999761,845.639750399976,845.639798499993,845.6472117999801,845.6472117999801,845.9730710000731,p,1,0.32395570003427565,None,845.9731408000225,845.9802145999856,846.9970079000341,846.964364000014,,,,,,,,,,,,,,,,,,,,,,208,1,short,A,2026-07-13_09h49.27.087,SBL_superimposed_encoding,,2026.1.3,119.58346692606703,2026-07-13 09h49.27.283603 -0400,
3,44,44,0,stimuli/scenes/scene_U2.jpg,Undersea,Negvi,stimuli/items/jungle_animal_17.png,Jungle,animal,si,q,1,0.3106599999591708,None,0,2,2,2,0,44,44,44,,,,,846.9970079000341,,,,,,,,,,,,,,,,,,,,,,,,,,,,,,,,,,,,,,,,846.9882040000521,846.9970079000341,846.9970079000341,848.9813151999842,848.9813590000849,848.9887478000019,848.9887478000019,849.3060895000817,q,1,0.3106599999591708,None,849.306146100047,849.3138625000138,850.3300892000552,850.2973184000002,,,,,,,,,,,,,,,,,,,,,,208,1,short,A,2026-07-13_09h49.27.087,SBL_superimposed_encoding,,2026.1.3,119.58346692606703,2026-07-13 09h49.27.283603 -0400,
3,45,45,0,stimuli/scenes/scene_J2.jpg,Jungle,Tulon,stimuli/items/jungle_animal_4.png,Jungle,animal,sc,p,1,0.2661386999534443,None,0,2,2,2,0,45,45,45,,,,,850.3300892000552,,,,,,,,,,,,,,,,,,,,,,,,,,,,,,,,,,,,,,,,850.3198158000596,850.3300892000552,850.3300892000552,852.3062691000523,852.3063644000795,852.3138110000873,852.3138110000873,852.5809556000168,p,1,0.2661386999534443,None,852.5810108000878,852.5887520000106,853.6120406000409,853.572520100046,,,,,,,,,,,,,,,,,,,,,,208,1,short,A,2026-07-13_09h49.27.087,SBL_superimposed_encoding,,2026.1.3,119.58346692606703,2026-07-13 09h49.27.283603 -0400,
3,46,46,0,stimuli/scenes/scene_J1.jpg,Jungle,Malbow,stimuli/items/jungle_object_4.png,Jungle,object,sc,p,1,0.9582572000799701,None,0,2,2,2,0,46,46,46,,,,,853.6120406000409,,,,,,,,,,,,,,,,,,,,,,,,,,,,,,,,,,,,,,,,853.6001098999986,853.6120406000409,853.6120406000409,855.5812497000443,855.5813451000722,855.589217800065,855.589217800065,856.5482200999977,p,1,0.9582572000799701,None,856.5482799999882,856.5556602000725,857.5720980999758,857.5396048000548,,,,,,,,,,,,,,,,,,,,,,208,1,short,A,2026-07-13_09h49.27.087,SBL_superimposed_encoding,,2026.1.3,119.58346692606703,2026-07-13 09h49.27.283603 -0400,
3,47,47,0,stimuli/scenes/scene_U1.jpg,Undersea,Somar,stimuli/items/undersea_animal_19.png,Undersea,animal,sc,p,1,0.29535039991606027,None,0,2,2,2,0,47,47,47,,,,,857.5720980999758,,,,,,,,,,,,,,,,,,,,,,,,,,,,,,,,,,,,,,,,857.5648342000786,857.5720980999758,857.5720980999758,859.5562123000855,859.5562558000674,859.5642155000241,859.5642155000241,859.8648005999858,p,1,0.29535039991606027,None,859.8648568000644,859.8724771999987,860.8864903000649,860.8561047000112,,,,,,,,,,,,,,,,,,,,,,208,1,short,A,2026-07-13_09h49.27.087,SBL_superimposed_encoding,,2026.1.3,119.58346692606703,2026-07-13 09h49.27.283603 -0400,
3,48,48,0,stimuli/scenes/scene_U2.jpg,Undersea,Negvi,stimuli/items/jungle_object_11.png,Jungle,object,si,q,1,0.3227290000068024,None,0,2,2,2,0,48,48,48,,,,,860.8864903000649,,,,,,,,,,,,,,,,,,,,,,,,,,,,,,,,,,,,,,,,860.8760156000499,860.8864903000649,860.8864903000649,862.8733459999785,862.8734534999821,862.8804946000455,862.8804946000455,863.2063075000187,q,1,0.3227290000068024,None,863.2063643999863,863.2142339000711,864.2301802000729,864.1976805999875,,,,,,,,,,,,,,,,,,,,,,208,1,short,A,2026-07-13_09h49.27.087,SBL_superimposed_encoding,,2026.1.3,119.58346692606703,2026-07-13 09h49.27.283603 -0400,
3,49,49,0,stimuli/scenes/scene_U1.jpg,Undersea,Somar,stimuli/items/undersea_animal_14.png,Undersea,animal,sc,p,1,0.5973778000334278,None,0,2,2,2,0,49,49,49,,,,,864.2301802000729,,,,,,,,,,,,,,,,,,,,,,,,,,,,,,,,,,,,,,,,864.2198801999912,864.2301802000729,864.2301802000729,866.2145421000896,866.2145859000739,866.2220816999907,866.2220816999907,866.8229044000618,p,1,0.5973778000334278,None,866.8229620000347,866.8306739000836,867.8546905000694,867.8144461000338,,,,,,,,,,,,,,,,,,,,,,208,1,short,A,2026-07-13_09h49.27.087,SBL_superimposed_encoding,,2026.1.3,119.58346692606703,2026-07-13 09h49.27.283603 -0400,
3,50,50,0,stimuli/scenes/scene_J1.jpg,Jungle,Malbow,stimuli/items/undersea_animal_12.png,Undersea,animal,si,q,1,0.2690003999741748,None,0,2,2,2,0,50,50,50,,,,,867.8546905000694,,,,,,,,,,,,,,,,,,,,,,,,,,,,,,,,,,,,,,,,867.8439190000063,867.8546905000694,867.8546905000694,869.8232585000806,869.8233560000081,869.8308588999789,869.8308588999789,870.1065691000549,q,1,0.2690003999741748,None,870.1066267000278,870.1141078000655,871.130302799982,871.0977824000875,,,,,,,,,,,,,,,,,,,,,,208,1,short,A,2026-07-13_09h49.27.087,SBL_superimposed_encoding,,2026.1.3,119.58346692606703,2026-07-13 09h49.27.283603 -0400,
3,51,51,0,stimuli/scenes/scene_U2.jpg,Undersea,Negvi,stimuli/items/jungle_object_13.png,Jungle,object,si,q,1,0.44935070001520216,None,0,2,2,2,0,51,51,51,,,,,871.130302799982,,,,,,,,,,,,,,,,,,,,,,,,,,,,,,,,,,,,,,,,871.1211801000172,871.130302799982,871.130302799982,873.1148774999892,873.1149215999758,873.1225985999918,873.1225985999918,873.5730261000572,q,1,0.44935070001520216,None,873.5730844000354,873.5810796000296,874.6053697000025,874.5646042000735,,,,,,,,,,,,,,,,,,,,,,208,1,short,A,2026-07-13_09h49.27.087,SBL_superimposed_encoding,,2026.1.3,119.58346692606703,2026-07-13 09h49.27.283603 -0400,
3,52,52,0,stimuli/scenes/scene_J2.jpg,Jungle,Tulon,stimuli/items/jungle_object_12.png,Jungle,object,sc,p,1,0.49517010001000017,None,0,2,2,2,0,52,52,52,,,,,874.6053697000025,,,,,,,,,,,,,,,,,,,,,,,,,,,,,,,,,,,,,,,,874.5943607999943,874.6053697000025,874.6053697000025,876.573364000069,876.5734069000464,876.5807338000741,876.5807338000741,877.0817004999844,p,1,0.49517010001000017,None,877.0817595000844,877.0889529000269,878.105653900071,878.072720300057,,,,,,,,,,,,,,,,,,,,,,208,1,short,A,2026-07-13_09h49.27.087,SBL_superimposed_encoding,,2026.1.3,119.58346692606703,2026-07-13 09h49.27.283603 -0400,
3,53,53,0,stimuli/scenes/scene_U1.jpg,Undersea,Somar,stimuli/items/undersea_object_3.png,Undersea,object,sc,q,0,0.31392630003392696,None,0,2,2,2,0,53,53,53,,,,,878.105653900071,,,,,,,,,,,,,,,,,,,,,,,,,,,,,,,,,,,,,,,,878.0974637999898,878.105653900071,878.105653900071,880.0819275000831,880.0819710000651,880.0896075000055,880.0896075000055,880.4071349999867,q,0,0.31392630003392696,None,880.407191400067,880.414391700062,881.4306539000245,881.3980271000182,,,,,,,,,,,,,,,,,,,,,,208,1,short,A,2026-07-13_09h49.27.087,SBL_superimposed_encoding,,2026.1.3,119.58346692606703,2026-07-13 09h49.27.283603 -0400,
3,54,54,0,stimuli/scenes/scene_J1.jpg,Jungle,Malbow,stimuli/items/jungle_object_6.png,Jungle,object,sc,p,1,0.27679839998017997,None,0,2,2,2,0,54,54,54,,,,,881.4306539000245,,,,,,,,,,,,,,,,,,,,,,,,,,,,,,,,,,,,,,,,881.4225542000495,881.4306539000245,881.4306539000245,883.415012500016,883.4150558999972,883.4228198999772,883.4228198999772,883.7064872999908,p,1,0.27679839998017997,None,883.7065526000224,883.7144891000353,884.7289240000537,884.6984340000199,,,,,,,,,,,,,,,,,,,,,,208,1,short,A,2026-07-13_09h49.27.087,SBL_superimposed_encoding,,2026.1.3,119.58346692606703,2026-07-13 09h49.27.283603 -0400,
3,55,55,0,stimuli/scenes/scene_U1.jpg,Undersea,Somar,stimuli/items/jungle_animal_15.png,Jungle,animal,si,q,1,0.40899110003374517,None,0,2,2,2,0,55,55,55,,,,,884.7289240000537,,,,,,,,,,,,,,,,,,,,,,,,,,,,,,,,,,,,,,,,884.7183196999831,884.7289240000537,884.7289240000537,886.7068774000509,886.7069742000895,886.7141553000547,886.7141553000547,887.1316746000666,q,1,0.40899110003374517,None,887.1317329000449,887.1393544999883,888.1558293000562,888.1228990000673,,,,,,,,,,,,,,,,,,,,,,208,1,short,A,2026-07-13_09h49.27.087,SBL_superimposed_encoding,,2026.1.3,119.58346692606703,2026-07-13 09h49.27.283603 -0400,
3,56,56,0,stimuli/scenes/scene_J1.jpg,Jungle,Malbow,stimuli/items/undersea_animal_10.png,Undersea,animal,si,q,1,0.6956911999732256,None,0,2,2,2,0,56,56,56,,,,,888.1558293000562,,,,,,,,,,,,,,,,,,,,,,,,,,,,,,,,,,,,,,,,888.1475467000855,888.1558293000562,888.1558293000562,890.1318208000157,890.1318657000083,890.1394450999796,890.1394450999796,890.8401024000486,q,1,0.6956911999732256,None,890.84015980002,890.8477106000064,891.8705478999764,891.8318393999944,,,,,,,,,,,,,,,,,,,,,,208,1,short,A,2026-07-13_09h49.27.087,SBL_superimposed_encoding,,2026.1.3,119.58346692606703,2026-07-13 09h49.27.283603 -0400,
3,57,57,0,stimuli/scenes/scene_J2.jpg,Jungle,Tulon,stimuli/items/undersea_animal_16.png,Undersea,animal,si,q,1,0.8273653000360355,None,0,2,2,2,0,57,57,57,,,,,891.8705478999764,,,,,,,,,,,,,,,,,,,,,,,,,,,,,,,,,,,,,,,,891.8588750000345,891.8705478999764,891.8705478999764,893.8403029000619,893.8403481000569,893.8478413000703,893.8478413000703,894.6818647000473,q,1,0.8273653000360355,None,894.6819242000347,894.6896227999823,895.705824200064,895.6734391000355,,,,,,,,,,,,,,,,,,,,,,208,1,short,A,2026-07-13_09h49.27.087,SBL_superimposed_encoding,,2026.1.3,119.58346692606703,2026-07-13 09h49.27.283603 -0400,
3,58,58,0,stimuli/scenes/scene_J1.jpg,Jungle,Malbow,stimuli/items/undersea_object_16.png,Undersea,object,si,q,1,0.4741552999475971,None,0,2,2,2,0,58,58,58,,,,,895.705824200064,,,,,,,,,,,,,,,,,,,,,,,,,,,,,,,,,,,,,,,,895.6951747999992,895.705824200064,895.705824200064,897.6820251999889,897.6821207000175,897.6895473999903,897.6895473999903,898.1651336000068,q,1,0.4741552999475971,None,898.1651918999851,898.1729154000059,899.1896190000698,899.1565299000358,,,,,,,,,,,,,,,,,,,,,,208,1,short,A,2026-07-13_09h49.27.087,SBL_superimposed_encoding,,2026.1.3,119.58346692606703,2026-07-13 09h49.27.283603 -0400,
3,59,59,0,stimuli/scenes/scene_U2.jpg,Undersea,Negvi,stimuli/items/undersea_object_12.png,Undersea,object,sc,q,0,0.4787851999280974,None,0,2,2,2,0,59,59,59,,,,,899.1896190000698,,,,,,,,,,,,,,,,,,,,,,,,,,,,,,,,,,,,,,,,899.1836429000832,899.1896190000698,899.1896190000698,901.1652635000646,901.1653066000436,901.1730071000056,901.1730071000056,901.6568772000028,q,0,0.4787851999280974,None,901.6569342000876,901.6646049000556,902.6808594000759,902.6481260000728,,,,,,,,,,,,,,,,,,,,,,208,1,short,A,2026-07-13_09h49.27.087,SBL_superimposed_encoding,,2026.1.3,119.58346692606703,2026-07-13 09h49.27.283603 -0400,
3,60,60,0,stimuli/scenes/scene_J2.jpg,Jungle,Tulon,stimuli/items/jungle_object_8.png,Jungle,object,sc,q,0,0.6509547999594361,None,0,2,2,2,0,60,60,60,,,,,902.6808594000759,,,,,,,,,,,,,,,,,,,,,,,,,,,,,,,,,,,,,,,,902.6705116999801,902.6808594000759,902.6808594000759,904.657185500022,904.6572791000362,904.6647219000151,904.6647219000151,905.323712100042,q,0,0.6509547999594361,None,905.3237694000127,905.3313900000649,906.347655300051,906.3151336000301,,,,,,,,,,,,,,,,,,,,,,208,1,short,A,2026-07-13_09h49.27.087,SBL_superimposed_encoding,,2026.1.3,119.58346692606703,2026-07-13 09h49.27.283603 -0400,
3,61,61,0,stimuli/scenes/scene_U1.jpg,Undersea,Somar,stimuli/items/jungle_object_1.png,Jungle,object,si,q,1,0.296720499987714,None,0,2,2,2,0,61,61,61,,,,,906.347655300051,,,,,,,,,,,,,,,,,,,,,,,,,,,,,,,,,,,,,,,,906.3387173999799,906.347655300051,906.347655300051,908.3239387000212,908.3239835000131,908.3312846000772,908.3312846000772,908.6321128000272,q,1,0.296720499987714,None,908.6321694999933,908.6400096000871,909.6560098000336,909.6234053000808,,,,,,,,,,,,,,,,,,,,,,208,1,short,A,2026-07-13_09h49.27.087,SBL_superimposed_encoding,,2026.1.3,119.58346692606703,2026-07-13 09h49.27.283603 -0400,
3,62,62,0,stimuli/scenes/scene_J2.jpg,Jungle,Tulon,stimuli/items/jungle_object_7.png,Jungle,object,sc,p,1,0.28339609992690384,None,0,2,2,2,0,62,62,62,,,,,909.6560098000336,,,,,,,,,,,,,,,,,,,,,,,,,,,,,,,,,,,,,,,,909.6463388000848,909.6560098000336,909.6560098000336,911.6324199000373,911.6325180000858,911.6397558000172,911.6397558000172,911.9238960000221,p,1,0.28339609992690384,None,911.9239523999859,911.9314194000326,912.9399173000129,912.9150663000764,,,,,,,,,,,,,,,,,,,,,,208,1,short,A,2026-07-13_09h49.27.087,SBL_superimposed_encoding,,2026.1.3,119.58346692606703,2026-07-13 09h49.27.283603 -0400,
3,63,63,0,stimuli/scenes/scene_U1.jpg,Undersea,Somar,stimuli/items/jungle_object_15.png,Jungle,object,si,q,1,0.3364462999161333,None,0,2,2,2,0,63,63,63,,,,,912.9399173000129,,,,,,,,,,,,,,,,,,,,,,,,,,,,,,,,,,,,,,,,912.9332426000619,912.9399173000129,912.9399173000129,914.9243130000541,914.9243551000254,914.9315284000477,914.9315284000477,915.2738270000555,q,1,0.3364462999161333,None,915.2738850000314,915.281645399984,916.2977381000528,916.2654154000338,,,,,,,,,,,,,914.9315284000477,914.9315284000477,,,,,,,,208,1,short,A,2026-07-13_09h49.27.087,SBL_superimposed_encoding,,2026.1.3,119.58346692606703,2026-07-13 09h49.27.283603 -0400,
3,64,64,0,stimuli/scenes/scene_U2.jpg,Undersea,Negvi,stimuli/items/undersea_animal_1.png,Undersea,animal,sc,q,0,0.234363800031133,None,0,2,2,2,0,64,64,64,,,,,916.2977381000528,,,,,,,,,,,,,,,,,,,,,,,,,,,,,,,,,,,,,,,,916.2892066000495,916.2977381000528,916.2977381000528,918.274168599979,918.2742612999864,918.2815278000198,918.2815278000198,918.5238125000615,q,0,0.234363800031133,None,918.5238673000131,918.5316466999939,919.5401650000131,919.515419100062,,,,,,,,,,,,,,,,,,,,,,208,1,short,A,2026-07-13_09h49.27.087,SBL_superimposed_encoding,,2026.1.3,119.58346692606703,2026-07-13 09h49.27.283603 -0400,
3,65,65,0,stimuli/scenes/scene_U1.jpg,Undersea,Somar,stimuli/items/undersea_animal_8.png,Undersea,animal,sc,p,1,0.5039187999209389,None,0,2,2,2,0,65,65,65,,,,,919.5401650000131,,,,,,,,,,,,,,,,,,,,,,,,,,,,,,,,,,,,,,,,919.5347563000396,919.5401650000131,919.5401650000131,921.5241233999841,921.5242176000029,921.5315713000018,921.5315713000018,922.0402067999821,p,1,0.5039187999209389,None,922.0402657000814,922.0483053000644,923.0637204999803,923.031934000086,,,,,,,,,,,,,,,,,,,,,,208,1,short,A,2026-07-13_09h49.27.087,SBL_superimposed_encoding,,2026.1.3,119.58346692606703,2026-07-13 09h49.27.283603 -0400,
3,66,66,0,stimuli/scenes/scene_U2.jpg,Undersea,Negvi,stimuli/items/jungle_animal_7.png,Jungle,animal,si,q,1,0.3475998999783769,None,0,2,2,2,0,66,66,66,,,,,923.0637204999803,,,,,,,,,,,,,,,,,,,,,,,,,,,,,,,,,,,,,,,,923.0534211000195,923.0637204999803,923.0637204999803,925.0409680000739,925.041062299977,925.048179400037,925.048179400037,925.3991648000665,q,1,0.3475998999783769,None,925.3992232000455,925.4069519999903,926.4233898000093,926.3905028000008,,,,,,,,,,,,,,,,,,,,,,208,1,short,A,2026-07-13_09h49.27.087,SBL_superimposed_encoding,,2026.1.3,119.58346692606703,2026-07-13 09h49.27.283603 -0400,
3,67,67,0,stimuli/scenes/scene_J1.jpg,Jungle,Malbow,stimuli/items/undersea_animal_2.png,Undersea,animal,si,q,1,0.5009513000259176,None,0,2,2,2,0,67,67,67,,,,,926.4233898000093,,,,,,,,,,,,,,,,,,,,,,,,,,,,,,,,,,,,,,,,926.4164401000598,926.4233898000093,926.4233898000093,928.4076528000878,928.4076965000713,928.4149743000744,928.4149743000744,928.9239614000544,q,1,0.5009513000259176,None,928.9240195000311,928.9318107999861,929.9463853000198,929.9157782000257,,,,,,,,,,,,,,,,,,,,,,208,1,short,A,2026-07-13_09h49.27.087,SBL_superimposed_encoding,,2026.1.3,119.58346692606703,2026-07-13 09h49.27.283603 -0400,
3,68,68,0,stimuli/scenes/scene_U1.jpg,Undersea,Somar,stimuli/items/jungle_animal_18.png,Jungle,animal,si,q,1,0.7670004999963567,None,0,2,2,2,0,68,68,68,,,,,929.9463853000198,,,,,,,,,,,,,,,,,,,,,,,,,,,,,,,,,,,,,,,,929.935980200069,929.9463853000198,929.9463853000198,931.9322745000245,931.9323189000133,931.9401804000372,931.9401804000372,932.7157116000308,q,1,0.7670004999963567,None,932.7157688000007,932.7231605000561,933.7389722000808,933.70734860003,,,,,,,,,,,,,,,,,,,,,,208,1,short,A,2026-07-13_09h49.27.087,SBL_superimposed_encoding,,2026.1.3,119.58346692606703,2026-07-13 09h49.27.283603 -0400,
3,69,69,0,stimuli/scenes/scene_J1.jpg,Jungle,Malbow,stimuli/items/jungle_object_5.png,Jungle,object,sc,p,1,0.7925532000372186,None,0,2,2,2,0,69,69,69,,,,,933.7389722000808,,,,,,,,,,,,,,,,,,,,,,,,,,,,,,,,,,,,,,,,933.728050100035,933.7389722000808,933.7389722000808,935.7157975999871,935.7158417000901,935.7234706000891,935.7234706000891,936.5243158000521,p,1,0.7925532000372186,None,936.5243757000426,936.5318231000565,937.5482289000647,937.5157982000383,,,,,,,,,,,,,,,,,,,,,,208,1,short,A,2026-07-13_09h49.27.087,SBL_superimposed_encoding,,2026.1.3,119.58346692606703,2026-07-13 09h49.27.283603 -0400,
3,70,70,0,stimuli/scenes/scene_U2.jpg,Undersea,Negvi,stimuli/items/undersea_animal_3.png,Undersea,animal,sc,None,0,,,0,2,2,2,0,70,70,70,,,,,937.5482289000647,,,,,,,,,,,,,,,,,,,,,,,,,,,,,,,,,,,,,,,,937.5407889999915,937.5482289000647,937.5482289000647,939.5323992000194,939.5324432000052,939.5402179000666,939.5402179000666,940.523895499995,None,0,,,940.5239444000181,940.5319403000176,941.5479397000745,941.515906900051,940.5319403000176,940.5319403000176,,,,,,,,,,,,,,,,,,,,208,1,short,A,2026-07-13_09h49.27.087,SBL_superimposed_encoding,,2026.1.3,119.58346692606703,2026-07-13 09h49.27.283603 -0400,
3,71,71,0,stimuli/scenes/scene_U1.jpg,Undersea,Somar,stimuli/items/jungle_animal_19.png,Jungle,animal,si,q,1,0.3115610000677407,None,0,2,2,2,0,71,71,71,,,,,941.5479397000745,,,,,,,,,,,,,,,,,,,,,,,,,,,,,,,,,,,,,,,,941.5380789000774,941.5479397000745,941.5479397000745,943.5245371999918,943.5246325000189,943.532162400079,943.532162400079,943.8492421000265,q,1,0.3115610000677407,None,943.8492967999773,943.8567357000429,944.8731462000869,944.8407477000728,,,,,,,,,,,,,,,,,,,,,,208,1,short,A,2026-07-13_09h49.27.087,SBL_superimposed_encoding,,2026.1.3,119.58346692606703,2026-07-13 09h49.27.283603 -0400,
3,72,72,0,stimuli/scenes/scene_J1.jpg,Jungle,Malbow,stimuli/items/jungle_animal_8.png,Jungle,animal,sc,p,1,0.26693090004846454,None,0,2,2,2,0,72,72,72,,,,,944.8731462000869,,,,,,,,,,,,,,,,,,,,,,,,,,,,,,,,,,,,,,,,944.8633641999913,944.8731462000869,944.8731462000869,946.8494347999804,946.849477800075,946.8571958000539,946.8571958000539,947.1326686000684,p,1,0.26693090004846454,None,947.1327267000452,947.1404678000836,948.1540742000798,948.1241622000234,,,,,,,,,,,,,,,,,,,,,,208,1,short,A,2026-07-13_09h49.27.087,SBL_superimposed_encoding,,2026.1.3,119.58346692606703,2026-07-13 09h49.27.283603 -0400,
3,73,73,0,stimuli/scenes/scene_U2.jpg,Undersea,Negvi,stimuli/items/undersea_animal_15.png,Undersea,animal,sc,q,0,0.28660889994353056,None,0,2,2,2,0,73,73,73,,,,,948.1540742000798,,,,,,,,,,,,,,,,,,,,,,,,,,,,,,,,,,,,,,,,948.1436171000823,948.1540742000798,948.1540742000798,950.1411365000531,950.141231500078,950.1488045000006,950.1488045000006,950.4410993000492,q,0,0.28660889994353056,None,950.4411572000245,950.4486337000271,951.4646681000013,951.4325812000316,,,,,,,,,,,,,,,,,,,,,,208,1,short,A,2026-07-13_09h49.27.087,SBL_superimposed_encoding,,2026.1.3,119.58346692606703,2026-07-13 09h49.27.283603 -0400,
3,74,74,0,stimuli/scenes/scene_J1.jpg,Jungle,Malbow,stimuli/items/jungle_animal_16.png,Jungle,animal,sc,p,1,0.29111650004051626,None,0,2,2,2,0,74,74,74,,,,,951.4646681000013,,,,,,,,,,,,,,,,,,,,,,,,,,,,,,,,,,,,,,,,951.4536808000412,951.4646681000013,951.4646681000013,953.4494369000895,953.4494812000776,953.4569708000636,953.4569708000636,953.7492197999964,p,1,0.29111650004051626,None,953.7492762000766,953.7570409000618,954.7716118000681,954.7409456000896,,,,,,,,,,,,,,,,,,,,,,208,1,short,A,2026-07-13_09h49.27.087,SBL_superimposed_encoding,,2026.1.3,119.58346692606703,2026-07-13 09h49.27.283603 -0400,
3,75,75,0,stimuli/scenes/scene_U2.jpg,Undersea,Negvi,stimuli/items/jungle_object_19.png,Jungle,object,si,q,1,0.4702613999834284,None,0,2,2,2,0,75,75,75,,,,,954.7716118000681,,,,,,,,,,,,,,,,,,,,,,,,,,,,,,,,,,,,,,,,954.7610933000688,954.7716118000681,954.7716118000681,956.7577974000014,956.7578416999895,956.7653694000328,956.7653694000328,957.2411341000115,q,1,0.4702613999834284,None,957.241194400005,957.2488016000716,958.2650232000742,958.2324423000682,,,,,,,,,,,,,,,,,,,,,,208,1,short,A,2026-07-13_09h49.27.087,SBL_superimposed_encoding,,2026.1.3,119.58346692606703,2026-07-13 09h49.27.283603 -0400,
3,76,76,0,stimuli/scenes/scene_J1.jpg,Jungle,Malbow,stimuli/items/jungle_object_20.png,Jungle,object,sc,p,1,0.24189980002120137,None,0,2,2,2,0,76,76,76,,,,,958.2650232000742,,,,,,,,,,,,,,,,,,,,,,,,,,,,,,,,,,,,,,,,958.2553394000279,958.2650232000742,958.2650232000742,960.2497468000511,960.2497897000285,960.2572262000758,960.2572262000758,960.499914700049,p,1,0.24189980002120137,None,960.4999720000196,960.5071195000783,961.523235599976,961.4910359000787,,,,,,,,,,,,,,,,,,,,,,208,1,short,A,2026-07-13_09h49.27.087,SBL_superimposed_encoding,,2026.1.3,119.58346692606703,2026-07-13 09h49.27.283603 -0400,
3,77,77,0,stimuli/scenes/scene_U2.jpg,Undersea,Negvi,stimuli/items/undersea_object_13.png,Undersea,object,sc,q,0,0.2888382999226451,None,0,2,2,2,0,77,77,77,,,,,961.523235599976,,,,,,,,,,,,,,,,,,,,,,,,,,,,,,,,,,,,,,,,961.512786700041,961.523235599976,961.523235599976,963.5000730000902,963.5001675999956,963.5072039000224,963.5072039000224,963.7998807000695,q,0,0.2888382999226451,None,963.7999362000264,963.807573899976,964.8316497000633,964.7908344999887,,,,,,,,,,,,,,,,,,,,,,208,1,short,A,2026-07-13_09h49.27.087,SBL_superimposed_encoding,,2026.1.3,119.58346692606703,2026-07-13 09h49.27.283603 -0400,
3,78,78,0,stimuli/scenes/scene_J2.jpg,Jungle,Tulon,stimuli/items/undersea_animal_5.png,Undersea,animal,si,q,1,0.43636459996923804,None,0,2,2,2,0,78,78,78,,,,,964.8316497000633,,,,,,,,,,,,,,,,,,,,,,,,,,,,,,,,,,,,,,,,964.8197017000057,964.8316497000633,964.8316497000633,966.8082120000618,966.8083066000836,966.8156624999829,966.8156624999829,967.2582055000821,q,1,0.43636459996923804,None,967.2582630000543,967.2657614999916,968.282243099995,968.2494143000804,,,,,,,,,,,,,,,,,,,,,,208,1,short,A,2026-07-13_09h49.27.087,SBL_superimposed_encoding,,2026.1.3,119.58346692606703,2026-07-13 09h49.27.283603 -0400,
3,79,79,0,stimuli/scenes/scene_U1.jpg,Undersea,Somar,stimuli/items/undersea_object_9.png,Undersea,object,sc,p,1,0.22467110003344715,None,0,2,2,2,0,79,79,79,,,,,968.282243099995,,,,,,,,,,,,,,,,,,,,,,,,,,,,,,,,,,,,,,,,968.2739965000656,968.282243099995,968.282243099995,970.2661249000812,970.2661680000601,970.2743552000029,970.2743552000029,970.4999287000392,p,1,0.22467110003344715,None,970.4999849000014,970.5074272999773,971.5072307999944,971.4913299999898,,,,,,,,,,,,,,,,,,,,,,208,1,short,A,2026-07-13_09h49.27.087,SBL_superimposed_encoding,,2026.1.3,119.58346692606703,2026-07-13 09h49.27.283603 -0400,
,,,,,,,,,,,,,,,,,,,,,,,,,,,,,,,,,,,,,,,,,,,,,,,,,,,,,,,,,,,,,,,,,,,,,,,,,,,,,,,,,,,,,971.4971389999846,971.4973587000277,,,,,,,,,,,971.5044087000424,971.5072307999944,972.4906773000257,979.7333412000444,space,7.241023299982771,None,208,1,short,A,2026-07-13_09h49.27.087,SBL_superimposed_encoding,,2026.1.3,119.58346692606703,2026-07-13 09h49.27.283603 -0400,
