9.3491 	WARNING 	Requested an unavailable screen number - using first available.
9.3511 	WARNING 	User requested fullscreen with size [1920 1080], but screen is actually [2560, 1440]. Using actual size
9.5508 	EXP 	Created window1 = Window(allowGUI=False, allowStencil=False, autoLog=True, backendConf=UNKNOWN, backgroundFit=<method-wrapper '__getattribute__' of attributeSetter object at 0x000002404311D150>, backgroundImage=<method-wrapper '__getattribute__' of attributeSetter object at 0x000002404311D0F0>, bitsMode=UNKNOWN, blendMode='avg', bpc=(8, 8, 8), color=array([-1., -1., -1.]), colorSpace='rgb', depthBits=8, fullscr=True, gamma=None, gammaErrorPolicy='raise', infoMsg=UNKNOWN, lms=UNKNOWN, monitor=<psychopy.monitors.calibTools.Monitor object at 0x0000024043426CB0>, multiSample=False, name='window1', numSamples=2, pos=[np.float64(0.0), np.float64(0.0)], screen=1, size=array([2560, 1440]), stencilBits=0, stereo=False, title='PsychoPy', units='height', useFBO=True, useRetina=False, viewOri=0.0, viewPos=None, viewScale=None, waitBlanking=True, winType='pyglet')
9.5508 	EXP 	window1: backgroundImage = ''
9.5509 	EXP 	window1: backgroundFit = 'none'
9.9867 	EXP 	window1: Attempting to measure frame rate of screen (1) ...
9.9867 	EXP 	window1: recordFrameIntervals = False
10.1372 	EXP 	window1: recordFrameIntervals = True
10.9706 	EXP 	window1: recordFrameIntervals = False
10.9706 	EXP 	Screen (1) actual frame rate measured at 120.93Hz
13.9929 	EXP 	arithmetic_task: status = STARTED
14.0564 	EXP 	Created text_instruction = TextStim(__class__=<class 'psychopy.visual.text.TextStim'>, alignHoriz=method-wrapper(...), alignText='center', alignVert=method-wrapper(...), anchorHoriz='center', anchorVert='center', antialias=True, autoDraw=False, autoLog=True, bold=False, color=array([1., 1., 1.]), colorSpace='rgb', contrast=1.0, depth=0.0, draggable=False, flipHoriz=False, flipVert=False, font='Arial', fontFiles=[], height=np.float64(0.05), italic=False, languageStyle='LTR', name='text_instruction', opacity=1, ori=0.0, pos=array([0., 0.]), rgb=UNKNOWN, text=str(...), units='height', win=Window(...), wrapWidth=1)
14.0588 	EXP 	Created text_equation = TextStim(__class__=<class 'psychopy.visual.text.TextStim'>, alignHoriz=method-wrapper(...), alignText='center', alignVert=method-wrapper(...), anchorHoriz='center', anchorVert='center', antialias=True, autoDraw=False, autoLog=True, bold=False, color=array([1., 1., 1.]), colorSpace='rgb', contrast=1.0, depth=0.0, draggable=False, flipHoriz=False, flipVert=False, font='Open Sans', fontFiles=[], height=0.1, italic=False, languageStyle='LTR', name='text_equation', opacity=1, ori=0.0, pos=array([0. , 0.2]), rgb=UNKNOWN, text='', units='height', win=Window(...), wrapWidth=1)
14.0596 	EXP 	Created text_opt1 = TextStim(__class__=<class 'psychopy.visual.text.TextStim'>, alignHoriz=method-wrapper(...), alignText='center', alignVert=method-wrapper(...), anchorHoriz='center', anchorVert='center', antialias=True, autoDraw=False, autoLog=True, bold=False, color=array([1., 1., 1.]), colorSpace='rgb', contrast=1.0, depth=-1.0, draggable=False, flipHoriz=False, flipVert=False, font='Arial', fontFiles=[], height=0.05, italic=False, languageStyle='LTR', name='text_opt1', opacity=1, ori=0.0, pos=array([0., 0.]), rgb=UNKNOWN, text='', units='height', win=Window(...), wrapWidth=1)
14.0602 	EXP 	Created text_opt2 = TextStim(__class__=<class 'psychopy.visual.text.TextStim'>, alignHoriz=method-wrapper(...), alignText='center', alignVert=method-wrapper(...), anchorHoriz='center', anchorVert='center', antialias=True, autoDraw=False, autoLog=True, bold=False, color=array([1., 1., 1.]), colorSpace='rgb', contrast=1.0, depth=-2.0, draggable=False, flipHoriz=False, flipVert=False, font='Arial', fontFiles=[], height=0.05, italic=False, languageStyle='LTR', name='text_opt2', opacity=1, ori=0.0, pos=array([ 0. , -0.1]), rgb=UNKNOWN, text='', units='height', win=Window(...), wrapWidth=1)
14.0609 	EXP 	Created text_opt3 = TextStim(__class__=<class 'psychopy.visual.text.TextStim'>, alignHoriz=method-wrapper(...), alignText='center', alignVert=method-wrapper(...), anchorHoriz='center', anchorVert='center', antialias=True, autoDraw=False, autoLog=True, bold=False, color=array([1., 1., 1.]), colorSpace='rgb', contrast=1.0, depth=-3.0, draggable=False, flipHoriz=False, flipVert=False, font='Arial', fontFiles=[], height=0.05, italic=False, languageStyle='LTR', name='text_opt3', opacity=1, ori=0.0, pos=array([ 0. , -0.2]), rgb=UNKNOWN, text='', units='height', win=Window(...), wrapWidth=1)
14.0636 	EXP 	Created text_2 = TextStim(__class__=<class 'psychopy.visual.text.TextStim'>, alignHoriz=method-wrapper(...), alignText='center', alignVert=method-wrapper(...), anchorHoriz='center', anchorVert='center', antialias=True, autoDraw=False, autoLog=True, bold=False, color=array([1., 1., 1.]), colorSpace='rgb', contrast=1.0, depth=0.0, draggable=False, flipHoriz=False, flipVert=False, font='Arial', fontFiles=[], height=np.float64(0.05), italic=False, languageStyle='LTR', name='text_2', opacity=1, ori=0.0, pos=array([0., 0.]), rgb=UNKNOWN, text='+', units='height', win=Window(...), wrapWidth=1)
14.0643 	EXP 	Created text_feedback = TextStim(__class__=<class 'psychopy.visual.text.TextStim'>, alignHoriz=method-wrapper(...), alignText='center', alignVert=method-wrapper(...), anchorHoriz='center', anchorVert='center', antialias=True, autoDraw=False, autoLog=True, bold=False, color=array([1., 1., 1.]), colorSpace='rgb', contrast=1.0, depth=0.0, draggable=False, flipHoriz=False, flipVert=False, font='Arial', fontFiles=[], height=0.05, italic=False, languageStyle='LTR', name='text_feedback', opacity=1, ori=0.0, pos=array([0., 0.]), rgb=UNKNOWN, text='', units='height', win=Window(...), wrapWidth=1)
14.0706 	EXP 	Created text = TextStim(__class__=<class 'psychopy.visual.text.TextStim'>, alignHoriz=method-wrapper(...), alignText='center', alignVert=method-wrapper(...), anchorHoriz='center', anchorVert='center', antialias=True, autoDraw=False, autoLog=True, bold=False, color=array([1., 1., 1.]), colorSpace='rgb', contrast=1.0, depth=0.0, draggable=False, flipHoriz=False, flipVert=False, font='Arial', fontFiles=[], height=np.float64(0.05), italic=False, languageStyle='LTR', name='text', opacity=1, ori=0.0, pos=array([0., 0.]), rgb=UNKNOWN, text=str(...), units='height', win=Window(...), wrapWidth=1)
14.0829 	EXP 	Created text_q1 = TextStim(__class__=<class 'psychopy.visual.text.TextStim'>, alignHoriz=method-wrapper(...), alignText='center', alignVert=method-wrapper(...), anchorHoriz='center', anchorVert='center', antialias=True, autoDraw=False, autoLog=True, bold=False, color=array([1., 1., 1.]), colorSpace='rgb', contrast=1.0, depth=0.0, draggable=False, flipHoriz=False, flipVert=False, font='Arial', fontFiles=[], height=np.float64(0.05), italic=False, languageStyle='LTR', name='text_q1', opacity=1, ori=0.0, pos=array([0., 0.]), rgb=UNKNOWN, text=str(...), units='height', win=Window(...), wrapWidth=1)
14.0926 	EXP 	Created text_endscreen = TextStim(__class__=<class 'psychopy.visual.text.TextStim'>, alignHoriz=method-wrapper(...), alignText='center', alignVert=method-wrapper(...), anchorHoriz='center', anchorVert='center', antialias=True, autoDraw=False, autoLog=True, bold=False, color=array([1., 1., 1.]), colorSpace='rgb', contrast=1.0, depth=0.0, draggable=False, flipHoriz=False, flipVert=False, font='Open Sans', fontFiles=[], height=np.float64(0.05), italic=False, languageStyle='LTR', name='text_endscreen', opacity=1, ori=0.0, pos=array([0., 0.]), rgb=UNKNOWN, text=str(...), units='height', win=Window(...), wrapWidth=1)
0.0114 	EXP 	text_instruction: autoDraw = True
8.5989 	EXP 	Device response: <KeyPress from None: t=8.582289799989667, value=space, duration=None>
8.6163 	EXP 	Imported math_cond_file.csv as conditions, 50 conditions, 5 params
8.6167 	EXP 	New trial (rep=0, index=0): <Trial 0 (0 in rep 0) data={'math_eq': '42 - 9', 'CorrAns': np.int64(33), 'dstr1': np.int64(31), 'dstr2': np.int64(23), 'CorrAns_key': np.int64(2), 'thisN': 0, 'thisTrialN': 0, 'thisRepN': 0}>
8.6418 	DATA 	Keypress: space
8.6433 	EXP 	text_instruction: autoDraw = False
8.6433 	EXP 	text_equation: height = np.float64(0.1)
8.6433 	EXP 	text_equation: height = np.float64(0.1)
8.6433 	EXP 	text_equation: height = np.float64(0.1)
8.6433 	EXP 	text_equation: text = '42 - 9'
8.6433 	EXP 	text_opt1: height = np.float64(0.05)
8.6433 	EXP 	text_opt1: height = np.float64(0.05)
8.6433 	EXP 	text_opt1: height = np.float64(0.05)
8.6433 	EXP 	text_opt1: text = '1. 31'
8.6433 	EXP 	text_opt2: height = np.float64(0.05)
8.6433 	EXP 	text_opt2: height = np.float64(0.05)
8.6433 	EXP 	text_opt2: height = np.float64(0.05)
8.6433 	EXP 	text_opt2: text = '2. 33'
8.6433 	EXP 	text_opt3: height = np.float64(0.05)
8.6433 	EXP 	text_opt3: height = np.float64(0.05)
8.6433 	EXP 	text_opt3: height = np.float64(0.05)
8.6433 	EXP 	text_opt3: text = '3. 23'
8.6433 	EXP 	text_equation: autoDraw = True
8.6433 	EXP 	text_opt1: autoDraw = True
8.6433 	EXP 	text_opt2: autoDraw = True
8.6433 	EXP 	text_opt3: autoDraw = True
8.7451 	EXP 	Device response: <KeyPress from None: t=8.582289799989667, value=space, duration=0.15934569999808446>
18.6279 	EXP 	text_equation: autoDraw = False
18.6279 	EXP 	text_opt1: autoDraw = False
18.6279 	EXP 	text_opt2: autoDraw = False
18.6279 	EXP 	text_opt3: autoDraw = False
18.6279 	EXP 	text_2: autoDraw = True
19.1954 	EXP 	Device response: <KeyPress from None: t=19.190064700029325, value=2, duration=None>
19.1957 	DATA 	Keypress: 2
19.3704 	EXP 	Device response: <KeyPress from None: t=19.190064700029325, value=2, duration=0.17574259999673814>
20.6198 	EXP 	text_2: autoDraw = False
20.6198 	EXP 	text_2: autoDraw = False
20.6198 	EXP 	text_feedback: height = np.float64(0.05)
20.6198 	EXP 	text_feedback: height = np.float64(0.05)
20.6198 	EXP 	text_feedback: height = np.float64(0.05)
20.6198 	EXP 	text_feedback: text = 'Incorrect!'
20.6198 	EXP 	text_feedback: autoDraw = True
23.6073 	EXP 	New trial (rep=0, index=1): <Trial 1 (1 in rep 0) data={'math_eq': '11 * 3', 'CorrAns': np.int64(33), 'dstr1': np.int64(31), 'dstr2': np.int64(38), 'CorrAns_key': np.int64(1), 'thisN': 1, 'thisTrialN': 1, 'thisRepN': 0}>
23.6197 	EXP 	text_feedback: autoDraw = False
23.6197 	EXP 	text_feedback: autoDraw = False
23.6197 	EXP 	text_equation: height = np.float64(0.1)
23.6197 	EXP 	text_equation: height = np.float64(0.1)
23.6197 	EXP 	text_equation: height = np.float64(0.1)
23.6197 	EXP 	text_equation: text = '11 * 3'
23.6197 	EXP 	text_opt1: height = np.float64(0.05)
23.6197 	EXP 	text_opt1: height = np.float64(0.05)
23.6197 	EXP 	text_opt1: height = np.float64(0.05)
23.6197 	EXP 	text_opt1: text = '1. 33'
23.6197 	EXP 	text_opt2: height = np.float64(0.05)
23.6197 	EXP 	text_opt2: height = np.float64(0.05)
23.6197 	EXP 	text_opt2: height = np.float64(0.05)
23.6197 	EXP 	text_opt2: text = '2. 31'
23.6197 	EXP 	text_opt3: height = np.float64(0.05)
23.6197 	EXP 	text_opt3: height = np.float64(0.05)
23.6197 	EXP 	text_opt3: height = np.float64(0.05)
23.6197 	EXP 	text_opt3: text = '3. 38'
23.6197 	EXP 	text_equation: autoDraw = True
23.6197 	EXP 	text_opt1: autoDraw = True
23.6197 	EXP 	text_opt2: autoDraw = True
23.6197 	EXP 	text_opt3: autoDraw = True
25.2122 	EXP 	Device response: <KeyPress from None: t=25.20652519998839, value=1, duration=None>
25.2132 	DATA 	Keypress: 1
25.2199 	EXP 	text_equation: autoDraw = False
25.2199 	EXP 	text_opt1: autoDraw = False
25.2199 	EXP 	text_opt2: autoDraw = False
25.2199 	EXP 	text_opt3: autoDraw = False
25.2199 	EXP 	text_2: autoDraw = True
25.4035 	EXP 	Device response: <KeyPress from None: t=25.20652519998839, value=1, duration=0.19190090004121885>
27.2119 	EXP 	text_2: autoDraw = False
27.2119 	EXP 	text_2: autoDraw = False
27.2119 	EXP 	text_feedback: height = np.float64(0.05)
27.2119 	EXP 	text_feedback: height = np.float64(0.05)
27.2119 	EXP 	text_feedback: height = np.float64(0.05)
27.2119 	EXP 	text_feedback: text = 'Correct!'
27.2119 	EXP 	text_feedback: autoDraw = True
30.1990 	EXP 	New trial (rep=0, index=2): <Trial 2 (2 in rep 0) data={'math_eq': '118 / 2', 'CorrAns': np.int64(59), 'dstr1': np.int64(63), 'dstr2': np.int64(57), 'CorrAns_key': np.int64(2), 'thisN': 2, 'thisTrialN': 2, 'thisRepN': 0}>
30.2121 	EXP 	text_feedback: autoDraw = False
30.2121 	EXP 	text_feedback: autoDraw = False
30.2121 	EXP 	text_equation: height = np.float64(0.1)
30.2121 	EXP 	text_equation: height = np.float64(0.1)
30.2121 	EXP 	text_equation: height = np.float64(0.1)
30.2121 	EXP 	text_equation: text = '118 / 2'
30.2121 	EXP 	text_opt1: height = np.float64(0.05)
30.2121 	EXP 	text_opt1: height = np.float64(0.05)
30.2121 	EXP 	text_opt1: height = np.float64(0.05)
30.2121 	EXP 	text_opt1: text = '1. 63'
30.2121 	EXP 	text_opt2: height = np.float64(0.05)
30.2121 	EXP 	text_opt2: height = np.float64(0.05)
30.2121 	EXP 	text_opt2: height = np.float64(0.05)
30.2121 	EXP 	text_opt2: text = '2. 59'
30.2121 	EXP 	text_opt3: height = np.float64(0.05)
30.2121 	EXP 	text_opt3: height = np.float64(0.05)
30.2121 	EXP 	text_opt3: height = np.float64(0.05)
30.2121 	EXP 	text_opt3: text = '3. 57'
30.2121 	EXP 	text_equation: autoDraw = True
30.2121 	EXP 	text_opt1: autoDraw = True
30.2121 	EXP 	text_opt2: autoDraw = True
30.2121 	EXP 	text_opt3: autoDraw = True
33.1123 	EXP 	Device response: <KeyPress from None: t=33.110390899993945, value=2, duration=None>
33.1134 	DATA 	Keypress: 2
33.1201 	EXP 	text_equation: autoDraw = False
33.1201 	EXP 	text_opt1: autoDraw = False
33.1201 	EXP 	text_opt2: autoDraw = False
33.1201 	EXP 	text_opt3: autoDraw = False
33.1201 	EXP 	text_2: autoDraw = True
33.2704 	EXP 	Device response: <KeyPress from None: t=33.110390899993945, value=2, duration=0.1595719000324607>
35.1121 	EXP 	text_2: autoDraw = False
35.1121 	EXP 	text_2: autoDraw = False
35.1121 	EXP 	text_feedback: text = 'Correct!'
35.1121 	EXP 	text_feedback: autoDraw = True
38.0991 	EXP 	New trial (rep=0, index=3): <Trial 3 (3 in rep 0) data={'math_eq': '36 - 13', 'CorrAns': np.int64(23), 'dstr1': np.int64(28), 'dstr2': np.int64(22), 'CorrAns_key': np.int64(2), 'thisN': 3, 'thisTrialN': 3, 'thisRepN': 0}>
38.1087 	EXP 	text_feedback: autoDraw = False
38.1087 	EXP 	text_feedback: autoDraw = False
38.1087 	EXP 	text_equation: height = np.float64(0.1)
38.1087 	EXP 	text_equation: height = np.float64(0.1)
38.1087 	EXP 	text_equation: height = np.float64(0.1)
38.1087 	EXP 	text_equation: text = '36 - 13'
38.1087 	EXP 	text_opt1: height = np.float64(0.05)
38.1087 	EXP 	text_opt1: height = np.float64(0.05)
38.1087 	EXP 	text_opt1: height = np.float64(0.05)
38.1087 	EXP 	text_opt1: text = '1. 28'
38.1087 	EXP 	text_opt2: height = np.float64(0.05)
38.1087 	EXP 	text_opt2: height = np.float64(0.05)
38.1087 	EXP 	text_opt2: height = np.float64(0.05)
38.1087 	EXP 	text_opt2: text = '2. 23'
38.1087 	EXP 	text_opt3: height = np.float64(0.05)
38.1087 	EXP 	text_opt3: height = np.float64(0.05)
38.1087 	EXP 	text_opt3: height = np.float64(0.05)
38.1087 	EXP 	text_opt3: text = '3. 22'
38.1087 	EXP 	text_equation: autoDraw = True
38.1087 	EXP 	text_opt1: autoDraw = True
38.1087 	EXP 	text_opt2: autoDraw = True
38.1087 	EXP 	text_opt3: autoDraw = True
40.8543 	EXP 	Device response: <KeyPress from None: t=40.85377570003038, value=2, duration=None>
40.8551 	DATA 	Keypress: 2
40.8700 	EXP 	text_equation: autoDraw = False
40.8700 	EXP 	text_opt1: autoDraw = False
40.8700 	EXP 	text_opt2: autoDraw = False
40.8700 	EXP 	text_opt3: autoDraw = False
40.8700 	EXP 	text_2: autoDraw = True
41.0370 	EXP 	Device response: <KeyPress from None: t=40.85377570003038, value=2, duration=0.1762307999888435>
42.8616 	EXP 	text_2: autoDraw = False
42.8616 	EXP 	text_2: autoDraw = False
42.8616 	EXP 	text_feedback: text = 'Correct!'
42.8616 	EXP 	text_feedback: autoDraw = True
45.8490 	EXP 	New trial (rep=0, index=4): <Trial 4 (4 in rep 0) data={'math_eq': '38 - 12', 'CorrAns': np.int64(26), 'dstr1': np.int64(23), 'dstr2': np.int64(36), 'CorrAns_key': np.int64(2), 'thisN': 4, 'thisTrialN': 4, 'thisRepN': 0}>
45.8572 	EXP 	text_feedback: autoDraw = False
45.8572 	EXP 	text_feedback: autoDraw = False
45.8572 	EXP 	text_equation: height = np.float64(0.1)
45.8572 	EXP 	text_equation: height = np.float64(0.1)
45.8572 	EXP 	text_equation: height = np.float64(0.1)
45.8572 	EXP 	text_equation: text = '38 - 12'
45.8572 	EXP 	text_opt1: height = np.float64(0.05)
45.8572 	EXP 	text_opt1: height = np.float64(0.05)
45.8572 	EXP 	text_opt1: height = np.float64(0.05)
45.8572 	EXP 	text_opt1: text = '1. 23'
45.8572 	EXP 	text_opt2: height = np.float64(0.05)
45.8572 	EXP 	text_opt2: height = np.float64(0.05)
45.8572 	EXP 	text_opt2: height = np.float64(0.05)
45.8572 	EXP 	text_opt2: text = '2. 26'
45.8572 	EXP 	text_opt3: height = np.float64(0.05)
45.8572 	EXP 	text_opt3: height = np.float64(0.05)
45.8572 	EXP 	text_opt3: height = np.float64(0.05)
45.8572 	EXP 	text_opt3: text = '3. 36'
45.8572 	EXP 	text_equation: autoDraw = True
45.8572 	EXP 	text_opt1: autoDraw = True
45.8572 	EXP 	text_opt2: autoDraw = True
45.8572 	EXP 	text_opt3: autoDraw = True
47.6291 	EXP 	Device response: <KeyPress from None: t=47.62176220002584, value=2, duration=None>
47.6301 	DATA 	Keypress: 2
47.6367 	EXP 	text_equation: autoDraw = False
47.6367 	EXP 	text_opt1: autoDraw = False
47.6367 	EXP 	text_opt2: autoDraw = False
47.6367 	EXP 	text_opt3: autoDraw = False
47.6367 	EXP 	text_2: autoDraw = True
47.8207 	EXP 	Device response: <KeyPress from None: t=47.62176220002584, value=2, duration=0.1927107999799773>
49.6287 	EXP 	text_2: autoDraw = False
49.6287 	EXP 	text_2: autoDraw = False
49.6287 	EXP 	text_feedback: text = 'Correct!'
49.6287 	EXP 	text_feedback: autoDraw = True
52.6160 	EXP 	New trial (rep=0, index=5): <Trial 5 (5 in rep 0) data={'math_eq': '38 + 26', 'CorrAns': np.int64(64), 'dstr1': np.int64(54), 'dstr2': np.int64(62), 'CorrAns_key': np.int64(1), 'thisN': 5, 'thisTrialN': 5, 'thisRepN': 0}>
52.6261 	EXP 	text_feedback: autoDraw = False
52.6261 	EXP 	text_feedback: autoDraw = False
52.6261 	EXP 	text_equation: height = np.float64(0.1)
52.6261 	EXP 	text_equation: height = np.float64(0.1)
52.6261 	EXP 	text_equation: height = np.float64(0.1)
52.6261 	EXP 	text_equation: text = '38 + 26'
52.6261 	EXP 	text_opt1: height = np.float64(0.05)
52.6261 	EXP 	text_opt1: height = np.float64(0.05)
52.6261 	EXP 	text_opt1: height = np.float64(0.05)
52.6261 	EXP 	text_opt1: text = '1. 64'
52.6261 	EXP 	text_opt2: height = np.float64(0.05)
52.6261 	EXP 	text_opt2: height = np.float64(0.05)
52.6261 	EXP 	text_opt2: height = np.float64(0.05)
52.6261 	EXP 	text_opt2: text = '2. 54'
52.6261 	EXP 	text_opt3: height = np.float64(0.05)
52.6261 	EXP 	text_opt3: height = np.float64(0.05)
52.6261 	EXP 	text_opt3: height = np.float64(0.05)
52.6261 	EXP 	text_opt3: text = '3. 62'
52.6261 	EXP 	text_equation: autoDraw = True
52.6261 	EXP 	text_opt1: autoDraw = True
52.6261 	EXP 	text_opt2: autoDraw = True
52.6261 	EXP 	text_opt3: autoDraw = True
55.5789 	EXP 	Device response: <KeyPress from None: t=55.5743132000207, value=1, duration=None>
55.5799 	DATA 	Keypress: 1
55.5870 	EXP 	text_equation: autoDraw = False
55.5870 	EXP 	text_opt1: autoDraw = False
55.5870 	EXP 	text_opt2: autoDraw = False
55.5870 	EXP 	text_opt3: autoDraw = False
55.5870 	EXP 	text_2: autoDraw = True
55.7205 	EXP 	Device response: <KeyPress from None: t=55.5743132000207, value=1, duration=0.14415459998417646>
57.5787 	EXP 	text_2: autoDraw = False
57.5787 	EXP 	text_2: autoDraw = False
57.5787 	EXP 	text_feedback: text = 'Correct!'
57.5787 	EXP 	text_feedback: autoDraw = True
60.5665 	EXP 	New trial (rep=0, index=6): <Trial 6 (6 in rep 0) data={'math_eq': '108 / 2', 'CorrAns': np.int64(54), 'dstr1': np.int64(56), 'dstr2': np.int64(64), 'CorrAns_key': np.int64(2), 'thisN': 6, 'thisTrialN': 6, 'thisRepN': 0}>
60.5752 	EXP 	text_feedback: autoDraw = False
60.5752 	EXP 	text_feedback: autoDraw = False
60.5752 	EXP 	text_equation: height = np.float64(0.1)
60.5752 	EXP 	text_equation: height = np.float64(0.1)
60.5752 	EXP 	text_equation: height = np.float64(0.1)
60.5752 	EXP 	text_equation: text = '108 / 2'
60.5752 	EXP 	text_opt1: height = np.float64(0.05)
60.5752 	EXP 	text_opt1: height = np.float64(0.05)
60.5752 	EXP 	text_opt1: height = np.float64(0.05)
60.5752 	EXP 	text_opt1: text = '1. 56'
60.5752 	EXP 	text_opt2: text = '2. 54'
60.5752 	EXP 	text_opt3: height = np.float64(0.05)
60.5752 	EXP 	text_opt3: height = np.float64(0.05)
60.5752 	EXP 	text_opt3: height = np.float64(0.05)
60.5752 	EXP 	text_opt3: text = '3. 64'
60.5752 	EXP 	text_equation: autoDraw = True
60.5752 	EXP 	text_opt1: autoDraw = True
60.5752 	EXP 	text_opt2: autoDraw = True
60.5752 	EXP 	text_opt3: autoDraw = True
63.1959 	EXP 	Device response: <KeyPress from None: t=63.190391700016335, value=2, duration=None>
63.1969 	DATA 	Keypress: 2
63.2038 	EXP 	text_equation: autoDraw = False
63.2038 	EXP 	text_opt1: autoDraw = False
63.2038 	EXP 	text_opt2: autoDraw = False
63.2038 	EXP 	text_opt3: autoDraw = False
63.2038 	EXP 	text_2: autoDraw = True
63.3378 	EXP 	Device response: <KeyPress from None: t=63.190391700016335, value=2, duration=0.14406560000497848>
65.1955 	EXP 	text_2: autoDraw = False
65.1955 	EXP 	text_2: autoDraw = False
65.1955 	EXP 	text_feedback: text = 'Correct!'
65.1955 	EXP 	text_feedback: autoDraw = True
68.1831 	EXP 	New trial (rep=0, index=7): <Trial 7 (7 in rep 0) data={'math_eq': '15 * 2', 'CorrAns': np.int64(30), 'dstr1': np.int64(27), 'dstr2': np.int64(26), 'CorrAns_key': np.int64(2), 'thisN': 7, 'thisTrialN': 7, 'thisRepN': 0}>
68.1934 	EXP 	text_feedback: autoDraw = False
68.1934 	EXP 	text_feedback: autoDraw = False
68.1934 	EXP 	text_equation: height = np.float64(0.1)
68.1934 	EXP 	text_equation: height = np.float64(0.1)
68.1934 	EXP 	text_equation: height = np.float64(0.1)
68.1934 	EXP 	text_equation: text = '15 * 2'
68.1934 	EXP 	text_opt1: height = np.float64(0.05)
68.1934 	EXP 	text_opt1: height = np.float64(0.05)
68.1934 	EXP 	text_opt1: height = np.float64(0.05)
68.1934 	EXP 	text_opt1: text = '1. 27'
68.1934 	EXP 	text_opt2: height = np.float64(0.05)
68.1934 	EXP 	text_opt2: height = np.float64(0.05)
68.1934 	EXP 	text_opt2: height = np.float64(0.05)
68.1934 	EXP 	text_opt2: text = '2. 30'
68.1934 	EXP 	text_opt3: height = np.float64(0.05)
68.1934 	EXP 	text_opt3: height = np.float64(0.05)
68.1934 	EXP 	text_opt3: height = np.float64(0.05)
68.1934 	EXP 	text_opt3: text = '3. 26'
68.1934 	EXP 	text_equation: autoDraw = True
68.1934 	EXP 	text_opt1: autoDraw = True
68.1934 	EXP 	text_opt2: autoDraw = True
68.1934 	EXP 	text_opt3: autoDraw = True
69.5961 	EXP 	Device response: <KeyPress from None: t=69.5896841000067, value=2, duration=None>
69.5972 	DATA 	Keypress: 2
69.6040 	EXP 	text_equation: autoDraw = False
69.6040 	EXP 	text_opt1: autoDraw = False
69.6040 	EXP 	text_opt2: autoDraw = False
69.6040 	EXP 	text_opt3: autoDraw = False
69.6040 	EXP 	text_2: autoDraw = True
69.7546 	EXP 	Device response: <KeyPress from None: t=69.5896841000067, value=2, duration=0.1607178000267595>
71.5958 	EXP 	text_2: autoDraw = False
71.5958 	EXP 	text_2: autoDraw = False
71.5958 	EXP 	text_feedback: text = 'Correct!'
71.5958 	EXP 	text_feedback: autoDraw = True
74.5827 	EXP 	New trial (rep=0, index=8): <Trial 8 (8 in rep 0) data={'math_eq': '30 - 14', 'CorrAns': np.int64(16), 'dstr1': np.int64(17), 'dstr2': np.int64(18), 'CorrAns_key': np.int64(2), 'thisN': 8, 'thisTrialN': 8, 'thisRepN': 0}>
74.5914 	EXP 	text_feedback: autoDraw = False
74.5914 	EXP 	text_feedback: autoDraw = False
74.5914 	EXP 	text_equation: height = np.float64(0.1)
74.5914 	EXP 	text_equation: height = np.float64(0.1)
74.5914 	EXP 	text_equation: height = np.float64(0.1)
74.5914 	EXP 	text_equation: text = '30 - 14'
74.5914 	EXP 	text_opt1: height = np.float64(0.05)
74.5914 	EXP 	text_opt1: height = np.float64(0.05)
74.5914 	EXP 	text_opt1: height = np.float64(0.05)
74.5914 	EXP 	text_opt1: text = '1. 17'
74.5914 	EXP 	text_opt2: height = np.float64(0.05)
74.5914 	EXP 	text_opt2: height = np.float64(0.05)
74.5914 	EXP 	text_opt2: height = np.float64(0.05)
74.5914 	EXP 	text_opt2: text = '2. 16'
74.5914 	EXP 	text_opt3: height = np.float64(0.05)
74.5914 	EXP 	text_opt3: height = np.float64(0.05)
74.5914 	EXP 	text_opt3: height = np.float64(0.05)
74.5914 	EXP 	text_opt3: text = '3. 18'
74.5914 	EXP 	text_equation: autoDraw = True
74.5914 	EXP 	text_opt1: autoDraw = True
74.5914 	EXP 	text_opt2: autoDraw = True
74.5914 	EXP 	text_opt3: autoDraw = True
75.9296 	EXP 	Device response: <KeyPress from None: t=75.92568169999868, value=2, duration=None>
75.9307 	DATA 	Keypress: 2
75.9375 	EXP 	text_equation: autoDraw = False
75.9375 	EXP 	text_opt1: autoDraw = False
75.9375 	EXP 	text_opt2: autoDraw = False
75.9375 	EXP 	text_opt3: autoDraw = False
75.9375 	EXP 	text_2: autoDraw = True
76.0875 	EXP 	Device response: <KeyPress from None: t=75.92568169999868, value=2, duration=0.16066009999485686>
77.9289 	EXP 	text_2: autoDraw = False
77.9289 	EXP 	text_2: autoDraw = False
77.9289 	EXP 	text_feedback: text = 'Correct!'
77.9289 	EXP 	text_feedback: autoDraw = True
80.9161 	EXP 	New trial (rep=0, index=9): <Trial 9 (9 in rep 0) data={'math_eq': '13 * 2', 'CorrAns': np.int64(26), 'dstr1': np.int64(24), 'dstr2': np.int64(23), 'CorrAns_key': np.int64(3), 'thisN': 9, 'thisTrialN': 9, 'thisRepN': 0}>
80.9248 	EXP 	text_feedback: autoDraw = False
80.9248 	EXP 	text_feedback: autoDraw = False
80.9248 	EXP 	text_equation: height = np.float64(0.1)
80.9248 	EXP 	text_equation: height = np.float64(0.1)
80.9248 	EXP 	text_equation: height = np.float64(0.1)
80.9248 	EXP 	text_equation: text = '13 * 2'
80.9248 	EXP 	text_opt1: height = np.float64(0.05)
80.9248 	EXP 	text_opt1: height = np.float64(0.05)
80.9248 	EXP 	text_opt1: height = np.float64(0.05)
80.9248 	EXP 	text_opt1: text = '1. 24'
80.9248 	EXP 	text_opt2: height = np.float64(0.05)
80.9248 	EXP 	text_opt2: height = np.float64(0.05)
80.9248 	EXP 	text_opt2: height = np.float64(0.05)
80.9248 	EXP 	text_opt2: text = '2. 23'
80.9248 	EXP 	text_opt3: height = np.float64(0.05)
80.9248 	EXP 	text_opt3: height = np.float64(0.05)
80.9248 	EXP 	text_opt3: height = np.float64(0.05)
80.9248 	EXP 	text_opt3: text = '3. 26'
80.9248 	EXP 	text_equation: autoDraw = True
80.9248 	EXP 	text_opt1: autoDraw = True
80.9248 	EXP 	text_opt2: autoDraw = True
80.9248 	EXP 	text_opt3: autoDraw = True
82.8384 	EXP 	Device response: <KeyPress from None: t=82.83796829998028, value=3, duration=None>
82.8392 	DATA 	Keypress: 3
82.8541 	EXP 	text_equation: autoDraw = False
82.8541 	EXP 	text_opt1: autoDraw = False
82.8541 	EXP 	text_opt2: autoDraw = False
82.8541 	EXP 	text_opt3: autoDraw = False
82.8541 	EXP 	text_2: autoDraw = True
83.0048 	EXP 	Device response: <KeyPress from None: t=82.83796829998028, value=3, duration=0.1596564000356011>
84.8457 	EXP 	text_2: autoDraw = False
84.8457 	EXP 	text_2: autoDraw = False
84.8457 	EXP 	text_feedback: text = 'Correct!'
84.8457 	EXP 	text_feedback: autoDraw = True
87.8301 	EXP 	New trial (rep=0, index=0): <Trial 0 (0 in rep 0) data={'thisN': 0, 'thisTrialN': 0, 'thisRepN': 0}>
87.8377 	EXP 	text_feedback: autoDraw = False
87.8377 	EXP 	text_feedback: autoDraw = False
87.8377 	EXP 	text: autoDraw = True
97.8251 	EXP 	New trial (rep=0, index=10): <Trial 10 (10 in rep 0) data={'math_eq': '31 + 10', 'CorrAns': np.int64(41), 'dstr1': np.int64(39), 'dstr2': np.int64(32), 'CorrAns_key': np.int64(3), 'thisN': 10, 'thisTrialN': 10, 'thisRepN': 0}>
97.8343 	EXP 	text: autoDraw = False
97.8343 	EXP 	text: autoDraw = False
97.8343 	EXP 	text_equation: height = np.float64(0.1)
97.8343 	EXP 	text_equation: height = np.float64(0.1)
97.8343 	EXP 	text_equation: height = np.float64(0.1)
97.8343 	EXP 	text_equation: text = '31 + 10'
97.8343 	EXP 	text_opt1: height = np.float64(0.05)
97.8343 	EXP 	text_opt1: height = np.float64(0.05)
97.8343 	EXP 	text_opt1: height = np.float64(0.05)
97.8343 	EXP 	text_opt1: text = '1. 39'
97.8343 	EXP 	text_opt2: height = np.float64(0.05)
97.8343 	EXP 	text_opt2: height = np.float64(0.05)
97.8343 	EXP 	text_opt2: height = np.float64(0.05)
97.8343 	EXP 	text_opt2: text = '2. 32'
97.8343 	EXP 	text_opt3: height = np.float64(0.05)
97.8343 	EXP 	text_opt3: height = np.float64(0.05)
97.8343 	EXP 	text_opt3: height = np.float64(0.05)
97.8343 	EXP 	text_opt3: text = '3. 41'
97.8343 	EXP 	text_equation: autoDraw = True
97.8343 	EXP 	text_opt1: autoDraw = True
97.8343 	EXP 	text_opt2: autoDraw = True
97.8343 	EXP 	text_opt3: autoDraw = True
101.5465 	EXP 	Device response: <KeyPress from None: t=101.54195079999045, value=3, duration=None>
101.5475 	DATA 	Keypress: 3
101.5541 	EXP 	text_equation: autoDraw = False
101.5541 	EXP 	text_opt1: autoDraw = False
101.5541 	EXP 	text_opt2: autoDraw = False
101.5541 	EXP 	text_opt3: autoDraw = False
101.5541 	EXP 	text_2: autoDraw = True
101.7049 	EXP 	Device response: <KeyPress from None: t=101.54195079999045, value=3, duration=0.15996200003428385>
103.5463 	EXP 	text_2: autoDraw = False
103.5463 	EXP 	text_2: autoDraw = False
103.5463 	EXP 	text_feedback: text = 'Correct!'
103.5463 	EXP 	text_feedback: autoDraw = True
106.5336 	EXP 	New trial (rep=0, index=11): <Trial 11 (11 in rep 0) data={'math_eq': '27 - 14', 'CorrAns': np.int64(13), 'dstr1': np.int64(10), 'dstr2': np.int64(23), 'CorrAns_key': np.int64(1), 'thisN': 11, 'thisTrialN': 11, 'thisRepN': 0}>
106.5441 	EXP 	text_feedback: autoDraw = False
106.5441 	EXP 	text_feedback: autoDraw = False
106.5441 	EXP 	text_equation: height = np.float64(0.1)
106.5441 	EXP 	text_equation: height = np.float64(0.1)
106.5441 	EXP 	text_equation: height = np.float64(0.1)
106.5441 	EXP 	text_equation: text = '27 - 14'
106.5441 	EXP 	text_opt1: height = np.float64(0.05)
106.5441 	EXP 	text_opt1: height = np.float64(0.05)
106.5441 	EXP 	text_opt1: height = np.float64(0.05)
106.5441 	EXP 	text_opt1: text = '1. 13'
106.5441 	EXP 	text_opt2: height = np.float64(0.05)
106.5441 	EXP 	text_opt2: height = np.float64(0.05)
106.5441 	EXP 	text_opt2: height = np.float64(0.05)
106.5441 	EXP 	text_opt2: text = '2. 10'
106.5441 	EXP 	text_opt3: height = np.float64(0.05)
106.5441 	EXP 	text_opt3: height = np.float64(0.05)
106.5441 	EXP 	text_opt3: height = np.float64(0.05)
106.5441 	EXP 	text_opt3: text = '3. 23'
106.5441 	EXP 	text_equation: autoDraw = True
106.5441 	EXP 	text_opt1: autoDraw = True
106.5441 	EXP 	text_opt2: autoDraw = True
106.5441 	EXP 	text_opt3: autoDraw = True
109.6220 	EXP 	Device response: <KeyPress from None: t=109.62157950003166, value=1, duration=None>
109.6228 	DATA 	Keypress: 1
109.6377 	EXP 	text_equation: autoDraw = False
109.6377 	EXP 	text_opt1: autoDraw = False
109.6377 	EXP 	text_opt2: autoDraw = False
109.6377 	EXP 	text_opt3: autoDraw = False
109.6377 	EXP 	text_2: autoDraw = True
109.7549 	EXP 	Device response: <KeyPress from None: t=109.62157950003166, value=1, duration=0.12864189996616915>
111.6294 	EXP 	text_2: autoDraw = False
111.6294 	EXP 	text_2: autoDraw = False
111.6294 	EXP 	text_feedback: text = 'Correct!'
111.6294 	EXP 	text_feedback: autoDraw = True
114.6167 	EXP 	New trial (rep=0, index=12): <Trial 12 (12 in rep 0) data={'math_eq': '27 + 18', 'CorrAns': np.int64(45), 'dstr1': np.int64(47), 'dstr2': np.int64(52), 'CorrAns_key': np.int64(1), 'thisN': 12, 'thisTrialN': 12, 'thisRepN': 0}>
114.6258 	EXP 	text_feedback: autoDraw = False
114.6258 	EXP 	text_feedback: autoDraw = False
114.6258 	EXP 	text_equation: height = np.float64(0.1)
114.6258 	EXP 	text_equation: height = np.float64(0.1)
114.6258 	EXP 	text_equation: height = np.float64(0.1)
114.6258 	EXP 	text_equation: text = '27 + 18'
114.6258 	EXP 	text_opt1: height = np.float64(0.05)
114.6258 	EXP 	text_opt1: height = np.float64(0.05)
114.6258 	EXP 	text_opt1: height = np.float64(0.05)
114.6258 	EXP 	text_opt1: text = '1. 45'
114.6258 	EXP 	text_opt2: height = np.float64(0.05)
114.6258 	EXP 	text_opt2: height = np.float64(0.05)
114.6258 	EXP 	text_opt2: height = np.float64(0.05)
114.6258 	EXP 	text_opt2: text = '2. 47'
114.6258 	EXP 	text_opt3: height = np.float64(0.05)
114.6258 	EXP 	text_opt3: height = np.float64(0.05)
114.6258 	EXP 	text_opt3: height = np.float64(0.05)
114.6258 	EXP 	text_opt3: text = '3. 52'
114.6258 	EXP 	text_equation: autoDraw = True
114.6258 	EXP 	text_opt1: autoDraw = True
114.6258 	EXP 	text_opt2: autoDraw = True
114.6258 	EXP 	text_opt3: autoDraw = True
116.4226 	DATA 	Keypress: 1
116.4303 	EXP 	Device response: <KeyPress from None: t=116.4220190999913, value=1, duration=None>
116.4376 	EXP 	text_equation: autoDraw = False
116.4376 	EXP 	text_opt1: autoDraw = False
116.4376 	EXP 	text_opt2: autoDraw = False
116.4376 	EXP 	text_opt3: autoDraw = False
116.4376 	EXP 	text_2: autoDraw = True
116.5716 	EXP 	Device response: <KeyPress from None: t=116.4220190999913, value=1, duration=0.14446979999775067>
118.4295 	EXP 	text_2: autoDraw = False
118.4295 	EXP 	text_2: autoDraw = False
118.4295 	EXP 	text_feedback: text = 'Correct!'
118.4295 	EXP 	text_feedback: autoDraw = True
121.4170 	EXP 	New trial (rep=0, index=13): <Trial 13 (13 in rep 0) data={'math_eq': '37 + 18', 'CorrAns': np.int64(55), 'dstr1': np.int64(47), 'dstr2': np.int64(45), 'CorrAns_key': np.int64(2), 'thisN': 13, 'thisTrialN': 13, 'thisRepN': 0}>
121.4262 	EXP 	text_feedback: autoDraw = False
121.4262 	EXP 	text_feedback: autoDraw = False
121.4262 	EXP 	text_equation: height = np.float64(0.1)
121.4262 	EXP 	text_equation: height = np.float64(0.1)
121.4262 	EXP 	text_equation: height = np.float64(0.1)
121.4262 	EXP 	text_equation: text = '37 + 18'
121.4262 	EXP 	text_opt1: height = np.float64(0.05)
121.4262 	EXP 	text_opt1: height = np.float64(0.05)
121.4262 	EXP 	text_opt1: height = np.float64(0.05)
121.4262 	EXP 	text_opt1: text = '1. 47'
121.4262 	EXP 	text_opt2: height = np.float64(0.05)
121.4262 	EXP 	text_opt2: height = np.float64(0.05)
121.4262 	EXP 	text_opt2: height = np.float64(0.05)
121.4262 	EXP 	text_opt2: text = '2. 55'
121.4262 	EXP 	text_opt3: height = np.float64(0.05)
121.4262 	EXP 	text_opt3: height = np.float64(0.05)
121.4262 	EXP 	text_opt3: height = np.float64(0.05)
121.4262 	EXP 	text_opt3: text = '3. 45'
121.4262 	EXP 	text_equation: autoDraw = True
121.4262 	EXP 	text_opt1: autoDraw = True
121.4262 	EXP 	text_opt2: autoDraw = True
121.4262 	EXP 	text_opt3: autoDraw = True
123.4310 	DATA 	Keypress: 2
123.4384 	EXP 	Device response: <KeyPress from None: t=123.4304284999962, value=2, duration=None>
123.4466 	EXP 	text_equation: autoDraw = False
123.4466 	EXP 	text_opt1: autoDraw = False
123.4466 	EXP 	text_opt2: autoDraw = False
123.4466 	EXP 	text_opt3: autoDraw = False
123.4466 	EXP 	text_2: autoDraw = True
123.5631 	EXP 	Device response: <KeyPress from None: t=123.4304284999962, value=2, duration=0.1271726000122726>
125.4381 	EXP 	text_2: autoDraw = False
125.4381 	EXP 	text_2: autoDraw = False
125.4381 	EXP 	text_feedback: text = 'Correct!'
125.4381 	EXP 	text_feedback: autoDraw = True
128.4251 	EXP 	New trial (rep=0, index=14): <Trial 14 (14 in rep 0) data={'math_eq': '112 / 2', 'CorrAns': np.int64(56), 'dstr1': np.int64(52), 'dstr2': np.int64(46), 'CorrAns_key': np.int64(1), 'thisN': 14, 'thisTrialN': 14, 'thisRepN': 0}>
128.4335 	EXP 	text_feedback: autoDraw = False
128.4335 	EXP 	text_feedback: autoDraw = False
128.4335 	EXP 	text_equation: height = np.float64(0.1)
128.4335 	EXP 	text_equation: height = np.float64(0.1)
128.4335 	EXP 	text_equation: height = np.float64(0.1)
128.4335 	EXP 	text_equation: text = '112 / 2'
128.4335 	EXP 	text_opt1: height = np.float64(0.05)
128.4335 	EXP 	text_opt1: height = np.float64(0.05)
128.4335 	EXP 	text_opt1: height = np.float64(0.05)
128.4335 	EXP 	text_opt1: text = '1. 56'
128.4335 	EXP 	text_opt2: height = np.float64(0.05)
128.4335 	EXP 	text_opt2: height = np.float64(0.05)
128.4335 	EXP 	text_opt2: height = np.float64(0.05)
128.4335 	EXP 	text_opt2: text = '2. 52'
128.4335 	EXP 	text_opt3: height = np.float64(0.05)
128.4335 	EXP 	text_opt3: height = np.float64(0.05)
128.4335 	EXP 	text_opt3: height = np.float64(0.05)
128.4335 	EXP 	text_opt3: text = '3. 46'
128.4335 	EXP 	text_equation: autoDraw = True
128.4335 	EXP 	text_opt1: autoDraw = True
128.4335 	EXP 	text_opt2: autoDraw = True
128.4335 	EXP 	text_opt3: autoDraw = True
132.1221 	EXP 	Device response: <KeyPress from None: t=132.1185963000171, value=3, duration=None>
132.1231 	DATA 	Keypress: 3
132.1295 	EXP 	text_equation: autoDraw = False
132.1295 	EXP 	text_opt1: autoDraw = False
132.1295 	EXP 	text_opt2: autoDraw = False
132.1295 	EXP 	text_opt3: autoDraw = False
132.1295 	EXP 	text_2: autoDraw = True
132.2635 	EXP 	Device response: <KeyPress from None: t=132.1185963000171, value=3, duration=0.14325159997679293>
134.1217 	EXP 	text_2: autoDraw = False
134.1217 	EXP 	text_2: autoDraw = False
134.1217 	EXP 	text_feedback: height = np.float64(0.05)
134.1217 	EXP 	text_feedback: height = np.float64(0.05)
134.1217 	EXP 	text_feedback: height = np.float64(0.05)
134.1217 	EXP 	text_feedback: text = 'Incorrect!'
134.1217 	EXP 	text_feedback: autoDraw = True
137.1087 	EXP 	New trial (rep=0, index=15): <Trial 15 (15 in rep 0) data={'math_eq': '110 / 2', 'CorrAns': np.int64(55), 'dstr1': np.int64(59), 'dstr2': np.int64(57), 'CorrAns_key': np.int64(2), 'thisN': 15, 'thisTrialN': 15, 'thisRepN': 0}>
137.1176 	EXP 	text_feedback: autoDraw = False
137.1176 	EXP 	text_feedback: autoDraw = False
137.1176 	EXP 	text_equation: height = np.float64(0.1)
137.1176 	EXP 	text_equation: height = np.float64(0.1)
137.1176 	EXP 	text_equation: height = np.float64(0.1)
137.1176 	EXP 	text_equation: text = '110 / 2'
137.1176 	EXP 	text_opt1: height = np.float64(0.05)
137.1176 	EXP 	text_opt1: height = np.float64(0.05)
137.1176 	EXP 	text_opt1: height = np.float64(0.05)
137.1176 	EXP 	text_opt1: text = '1. 59'
137.1176 	EXP 	text_opt2: height = np.float64(0.05)
137.1176 	EXP 	text_opt2: height = np.float64(0.05)
137.1176 	EXP 	text_opt2: height = np.float64(0.05)
137.1176 	EXP 	text_opt2: text = '2. 55'
137.1176 	EXP 	text_opt3: height = np.float64(0.05)
137.1176 	EXP 	text_opt3: height = np.float64(0.05)
137.1176 	EXP 	text_opt3: height = np.float64(0.05)
137.1176 	EXP 	text_opt3: text = '3. 57'
137.1176 	EXP 	text_equation: autoDraw = True
137.1176 	EXP 	text_opt1: autoDraw = True
137.1176 	EXP 	text_opt2: autoDraw = True
137.1176 	EXP 	text_opt3: autoDraw = True
139.0306 	EXP 	Device response: <KeyPress from None: t=139.03014699998312, value=2, duration=None>
139.0316 	DATA 	Keypress: 2
139.0384 	EXP 	text_equation: autoDraw = False
139.0384 	EXP 	text_opt1: autoDraw = False
139.0384 	EXP 	text_opt2: autoDraw = False
139.0384 	EXP 	text_opt3: autoDraw = False
139.0384 	EXP 	text_2: autoDraw = True
139.2141 	EXP 	Device response: <KeyPress from None: t=139.03014699998312, value=2, duration=0.1763865000102669>
141.0300 	EXP 	text_2: autoDraw = False
141.0300 	EXP 	text_2: autoDraw = False
141.0300 	EXP 	text_feedback: height = np.float64(0.05)
141.0300 	EXP 	text_feedback: height = np.float64(0.05)
141.0300 	EXP 	text_feedback: height = np.float64(0.05)
141.0300 	EXP 	text_feedback: text = 'Correct!'
141.0300 	EXP 	text_feedback: autoDraw = True
144.0171 	EXP 	New trial (rep=0, index=16): <Trial 16 (16 in rep 0) data={'math_eq': '22 + 14', 'CorrAns': np.int64(36), 'dstr1': np.int64(46), 'dstr2': np.int64(38), 'CorrAns_key': np.int64(3), 'thisN': 16, 'thisTrialN': 16, 'thisRepN': 0}>
144.0257 	EXP 	text_feedback: autoDraw = False
144.0257 	EXP 	text_feedback: autoDraw = False
144.0257 	EXP 	text_equation: height = np.float64(0.1)
144.0257 	EXP 	text_equation: height = np.float64(0.1)
144.0257 	EXP 	text_equation: height = np.float64(0.1)
144.0257 	EXP 	text_equation: text = '22 + 14'
144.0257 	EXP 	text_opt1: height = np.float64(0.05)
144.0257 	EXP 	text_opt1: height = np.float64(0.05)
144.0257 	EXP 	text_opt1: height = np.float64(0.05)
144.0257 	EXP 	text_opt1: text = '1. 46'
144.0257 	EXP 	text_opt2: height = np.float64(0.05)
144.0257 	EXP 	text_opt2: height = np.float64(0.05)
144.0257 	EXP 	text_opt2: height = np.float64(0.05)
144.0257 	EXP 	text_opt2: text = '2. 38'
144.0257 	EXP 	text_opt3: height = np.float64(0.05)
144.0257 	EXP 	text_opt3: height = np.float64(0.05)
144.0257 	EXP 	text_opt3: height = np.float64(0.05)
144.0257 	EXP 	text_opt3: text = '3. 36'
144.0257 	EXP 	text_equation: autoDraw = True
144.0257 	EXP 	text_opt1: autoDraw = True
144.0257 	EXP 	text_opt2: autoDraw = True
144.0257 	EXP 	text_opt3: autoDraw = True
146.5556 	EXP 	Device response: <KeyPress from None: t=146.5503602999961, value=3, duration=None>
146.5566 	DATA 	Keypress: 3
146.5633 	EXP 	text_equation: autoDraw = False
146.5633 	EXP 	text_opt1: autoDraw = False
146.5633 	EXP 	text_opt2: autoDraw = False
146.5633 	EXP 	text_opt3: autoDraw = False
146.5633 	EXP 	text_2: autoDraw = True
146.6972 	EXP 	Device response: <KeyPress from None: t=146.5503602999961, value=3, duration=0.14332470000954345>
148.5550 	EXP 	text_2: autoDraw = False
148.5550 	EXP 	text_2: autoDraw = False
148.5550 	EXP 	text_feedback: text = 'Correct!'
148.5550 	EXP 	text_feedback: autoDraw = True
151.5429 	EXP 	New trial (rep=0, index=17): <Trial 17 (17 in rep 0) data={'math_eq': '32 - 9', 'CorrAns': np.int64(23), 'dstr1': np.int64(29), 'dstr2': np.int64(21), 'CorrAns_key': np.int64(3), 'thisN': 17, 'thisTrialN': 17, 'thisRepN': 0}>
151.5512 	EXP 	text_feedback: autoDraw = False
151.5512 	EXP 	text_feedback: autoDraw = False
151.5512 	EXP 	text_equation: height = np.float64(0.1)
151.5512 	EXP 	text_equation: height = np.float64(0.1)
151.5512 	EXP 	text_equation: height = np.float64(0.1)
151.5512 	EXP 	text_equation: text = '32 - 9'
151.5512 	EXP 	text_opt1: height = np.float64(0.05)
151.5512 	EXP 	text_opt1: height = np.float64(0.05)
151.5512 	EXP 	text_opt1: height = np.float64(0.05)
151.5512 	EXP 	text_opt1: text = '1. 29'
151.5512 	EXP 	text_opt2: height = np.float64(0.05)
151.5512 	EXP 	text_opt2: height = np.float64(0.05)
151.5512 	EXP 	text_opt2: height = np.float64(0.05)
151.5512 	EXP 	text_opt2: text = '2. 21'
151.5512 	EXP 	text_opt3: height = np.float64(0.05)
151.5512 	EXP 	text_opt3: height = np.float64(0.05)
151.5512 	EXP 	text_opt3: height = np.float64(0.05)
151.5512 	EXP 	text_opt3: text = '3. 23'
151.5512 	EXP 	text_equation: autoDraw = True
151.5512 	EXP 	text_opt1: autoDraw = True
151.5512 	EXP 	text_opt2: autoDraw = True
151.5512 	EXP 	text_opt3: autoDraw = True
154.1055 	EXP 	Device response: <KeyPress from None: t=154.1027313999948, value=2, duration=None>
154.1066 	DATA 	Keypress: 2
154.1133 	EXP 	text_equation: autoDraw = False
154.1133 	EXP 	text_opt1: autoDraw = False
154.1133 	EXP 	text_opt2: autoDraw = False
154.1133 	EXP 	text_opt3: autoDraw = False
154.1133 	EXP 	text_2: autoDraw = True
154.2977 	EXP 	Device response: <KeyPress from None: t=154.1027313999948, value=2, duration=0.1915822000009939>
156.1055 	EXP 	text_2: autoDraw = False
156.1055 	EXP 	text_2: autoDraw = False
156.1055 	EXP 	text_feedback: height = np.float64(0.05)
156.1055 	EXP 	text_feedback: height = np.float64(0.05)
156.1055 	EXP 	text_feedback: height = np.float64(0.05)
156.1055 	EXP 	text_feedback: text = 'Incorrect!'
156.1055 	EXP 	text_feedback: autoDraw = True
159.0927 	EXP 	New trial (rep=0, index=18): <Trial 18 (18 in rep 0) data={'math_eq': '18 * 3', 'CorrAns': np.int64(54), 'dstr1': np.int64(52), 'dstr2': np.int64(44), 'CorrAns_key': np.int64(3), 'thisN': 18, 'thisTrialN': 18, 'thisRepN': 0}>
159.1018 	EXP 	text_feedback: autoDraw = False
159.1018 	EXP 	text_feedback: autoDraw = False
159.1018 	EXP 	text_equation: height = np.float64(0.1)
159.1018 	EXP 	text_equation: height = np.float64(0.1)
159.1018 	EXP 	text_equation: height = np.float64(0.1)
159.1018 	EXP 	text_equation: text = '18 * 3'
159.1018 	EXP 	text_opt1: height = np.float64(0.05)
159.1018 	EXP 	text_opt1: height = np.float64(0.05)
159.1018 	EXP 	text_opt1: height = np.float64(0.05)
159.1018 	EXP 	text_opt1: text = '1. 52'
159.1018 	EXP 	text_opt2: height = np.float64(0.05)
159.1018 	EXP 	text_opt2: height = np.float64(0.05)
159.1018 	EXP 	text_opt2: height = np.float64(0.05)
159.1018 	EXP 	text_opt2: text = '2. 44'
159.1018 	EXP 	text_opt3: height = np.float64(0.05)
159.1018 	EXP 	text_opt3: height = np.float64(0.05)
159.1018 	EXP 	text_opt3: height = np.float64(0.05)
159.1018 	EXP 	text_opt3: text = '3. 54'
159.1018 	EXP 	text_equation: autoDraw = True
159.1018 	EXP 	text_opt1: autoDraw = True
159.1018 	EXP 	text_opt2: autoDraw = True
159.1018 	EXP 	text_opt3: autoDraw = True
162.7903 	DATA 	Keypress: 1
162.7972 	EXP 	Device response: <KeyPress from None: t=162.78979760000948, value=1, duration=None>
162.8052 	EXP 	text_equation: autoDraw = False
162.8052 	EXP 	text_opt1: autoDraw = False
162.8052 	EXP 	text_opt2: autoDraw = False
162.8052 	EXP 	text_opt3: autoDraw = False
162.8052 	EXP 	text_2: autoDraw = True
162.9555 	EXP 	Device response: <KeyPress from None: t=162.78979760000948, value=1, duration=0.16068319999612868>
164.7969 	EXP 	text_2: autoDraw = False
164.7969 	EXP 	text_2: autoDraw = False
164.7969 	EXP 	text_feedback: text = 'Incorrect!'
164.7969 	EXP 	text_feedback: autoDraw = True
167.7840 	EXP 	New trial (rep=0, index=19): <Trial 19 (19 in rep 0) data={'math_eq': '33 - 6', 'CorrAns': np.int64(27), 'dstr1': np.int64(29), 'dstr2': np.int64(26), 'CorrAns_key': np.int64(2), 'thisN': 19, 'thisTrialN': 19, 'thisRepN': 0}>
167.7924 	EXP 	text_feedback: autoDraw = False
167.7924 	EXP 	text_feedback: autoDraw = False
167.7924 	EXP 	text_equation: height = np.float64(0.1)
167.7924 	EXP 	text_equation: height = np.float64(0.1)
167.7924 	EXP 	text_equation: height = np.float64(0.1)
167.7924 	EXP 	text_equation: text = '33 - 6'
167.7924 	EXP 	text_opt1: height = np.float64(0.05)
167.7924 	EXP 	text_opt1: height = np.float64(0.05)
167.7924 	EXP 	text_opt1: height = np.float64(0.05)
167.7924 	EXP 	text_opt1: text = '1. 29'
167.7924 	EXP 	text_opt2: height = np.float64(0.05)
167.7924 	EXP 	text_opt2: height = np.float64(0.05)
167.7924 	EXP 	text_opt2: height = np.float64(0.05)
167.7924 	EXP 	text_opt2: text = '2. 27'
167.7924 	EXP 	text_opt3: height = np.float64(0.05)
167.7924 	EXP 	text_opt3: height = np.float64(0.05)
167.7924 	EXP 	text_opt3: height = np.float64(0.05)
167.7924 	EXP 	text_opt3: text = '3. 26'
167.7924 	EXP 	text_equation: autoDraw = True
167.7924 	EXP 	text_opt1: autoDraw = True
167.7924 	EXP 	text_opt2: autoDraw = True
167.7924 	EXP 	text_opt3: autoDraw = True
172.3307 	EXP 	Device response: <KeyPress from None: t=172.32607300003292, value=2, duration=None>
172.3317 	DATA 	Keypress: 2
172.3387 	EXP 	text_equation: autoDraw = False
172.3387 	EXP 	text_opt1: autoDraw = False
172.3387 	EXP 	text_opt2: autoDraw = False
172.3387 	EXP 	text_opt3: autoDraw = False
172.3387 	EXP 	text_2: autoDraw = True
172.5224 	EXP 	Device response: <KeyPress from None: t=172.32607300003292, value=2, duration=0.19189669995103031>
174.3303 	EXP 	text_2: autoDraw = False
174.3303 	EXP 	text_2: autoDraw = False
174.3303 	EXP 	text_feedback: height = np.float64(0.05)
174.3303 	EXP 	text_feedback: height = np.float64(0.05)
174.3303 	EXP 	text_feedback: height = np.float64(0.05)
174.3303 	EXP 	text_feedback: text = 'Correct!'
174.3303 	EXP 	text_feedback: autoDraw = True
177.3143 	EXP 	New trial (rep=0, index=0): <Trial 0 (0 in rep 0) data={'thisN': 0, 'thisTrialN': 0, 'thisRepN': 0}>
177.3219 	EXP 	text_feedback: autoDraw = False
177.3219 	EXP 	text_feedback: autoDraw = False
177.3219 	EXP 	text: autoDraw = True
187.3093 	EXP 	New trial (rep=0, index=20): <Trial 20 (20 in rep 0) data={'math_eq': '19 * 3', 'CorrAns': np.int64(57), 'dstr1': np.int64(50), 'dstr2': np.int64(53), 'CorrAns_key': np.int64(3), 'thisN': 20, 'thisTrialN': 20, 'thisRepN': 0}>
187.3180 	EXP 	text: autoDraw = False
187.3180 	EXP 	text: autoDraw = False
187.3180 	EXP 	text_equation: height = np.float64(0.1)
187.3180 	EXP 	text_equation: height = np.float64(0.1)
187.3180 	EXP 	text_equation: height = np.float64(0.1)
187.3180 	EXP 	text_equation: text = '19 * 3'
187.3180 	EXP 	text_opt1: height = np.float64(0.05)
187.3180 	EXP 	text_opt1: height = np.float64(0.05)
187.3180 	EXP 	text_opt1: height = np.float64(0.05)
187.3180 	EXP 	text_opt1: text = '1. 50'
187.3180 	EXP 	text_opt2: height = np.float64(0.05)
187.3180 	EXP 	text_opt2: height = np.float64(0.05)
187.3180 	EXP 	text_opt2: height = np.float64(0.05)
187.3180 	EXP 	text_opt2: text = '2. 53'
187.3180 	EXP 	text_opt3: height = np.float64(0.05)
187.3180 	EXP 	text_opt3: height = np.float64(0.05)
187.3180 	EXP 	text_opt3: height = np.float64(0.05)
187.3180 	EXP 	text_opt3: text = '3. 57'
187.3180 	EXP 	text_equation: autoDraw = True
187.3180 	EXP 	text_opt1: autoDraw = True
187.3180 	EXP 	text_opt2: autoDraw = True
187.3180 	EXP 	text_opt3: autoDraw = True
190.1561 	EXP 	Device response: <KeyPress from None: t=190.15056979999645, value=2, duration=None>
190.1572 	DATA 	Keypress: 2
190.1640 	EXP 	text_equation: autoDraw = False
190.1640 	EXP 	text_opt1: autoDraw = False
190.1640 	EXP 	text_opt2: autoDraw = False
190.1640 	EXP 	text_opt3: autoDraw = False
190.1640 	EXP 	text_2: autoDraw = True
190.2977 	EXP 	Device response: <KeyPress from None: t=190.15056979999645, value=2, duration=0.14399660000344738>
192.1556 	EXP 	text_2: autoDraw = False
192.1556 	EXP 	text_2: autoDraw = False
192.1556 	EXP 	text_feedback: height = np.float64(0.05)
192.1556 	EXP 	text_feedback: height = np.float64(0.05)
192.1556 	EXP 	text_feedback: height = np.float64(0.05)
192.1556 	EXP 	text_feedback: text = 'Incorrect!'
192.1556 	EXP 	text_feedback: autoDraw = True
195.1433 	EXP 	New trial (rep=0, index=21): <Trial 21 (21 in rep 0) data={'math_eq': '140 / 4', 'CorrAns': np.int64(45), 'dstr1': np.int64(35), 'dstr2': np.int64(42), 'CorrAns_key': np.int64(1), 'thisN': 21, 'thisTrialN': 21, 'thisRepN': 0}>
195.1523 	EXP 	text_feedback: autoDraw = False
195.1523 	EXP 	text_feedback: autoDraw = False
195.1523 	EXP 	text_equation: height = np.float64(0.1)
195.1523 	EXP 	text_equation: height = np.float64(0.1)
195.1523 	EXP 	text_equation: height = np.float64(0.1)
195.1523 	EXP 	text_equation: text = '140 / 4'
195.1523 	EXP 	text_opt1: height = np.float64(0.05)
195.1523 	EXP 	text_opt1: height = np.float64(0.05)
195.1523 	EXP 	text_opt1: height = np.float64(0.05)
195.1523 	EXP 	text_opt1: text = '1. 45'
195.1523 	EXP 	text_opt2: height = np.float64(0.05)
195.1523 	EXP 	text_opt2: height = np.float64(0.05)
195.1523 	EXP 	text_opt2: height = np.float64(0.05)
195.1523 	EXP 	text_opt2: text = '2. 35'
195.1523 	EXP 	text_opt3: height = np.float64(0.05)
195.1523 	EXP 	text_opt3: height = np.float64(0.05)
195.1523 	EXP 	text_opt3: height = np.float64(0.05)
195.1523 	EXP 	text_opt3: text = '3. 42'
195.1523 	EXP 	text_equation: autoDraw = True
195.1523 	EXP 	text_opt1: autoDraw = True
195.1523 	EXP 	text_opt2: autoDraw = True
195.1523 	EXP 	text_opt3: autoDraw = True
199.2895 	EXP 	Device response: <KeyPress from None: t=199.28604889998678, value=1, duration=None>
199.2905 	DATA 	Keypress: 1
199.2977 	EXP 	text_equation: autoDraw = False
199.2977 	EXP 	text_opt1: autoDraw = False
199.2977 	EXP 	text_opt2: autoDraw = False
199.2977 	EXP 	text_opt3: autoDraw = False
199.2977 	EXP 	text_2: autoDraw = True
199.4062 	EXP 	Device response: <KeyPress from None: t=199.28604889998678, value=1, duration=0.11244220001390204>
201.2894 	EXP 	text_2: autoDraw = False
201.2894 	EXP 	text_2: autoDraw = False
201.2894 	EXP 	text_feedback: height = np.float64(0.05)
201.2894 	EXP 	text_feedback: height = np.float64(0.05)
201.2894 	EXP 	text_feedback: height = np.float64(0.05)
201.2894 	EXP 	text_feedback: text = 'Correct!'
201.2894 	EXP 	text_feedback: autoDraw = True
204.2768 	EXP 	New trial (rep=0, index=22): <Trial 22 (22 in rep 0) data={'math_eq': '23 + 18', 'CorrAns': np.int64(41), 'dstr1': np.int64(39), 'dstr2': np.int64(33), 'CorrAns_key': np.int64(1), 'thisN': 22, 'thisTrialN': 22, 'thisRepN': 0}>
204.2856 	EXP 	text_feedback: autoDraw = False
204.2856 	EXP 	text_feedback: autoDraw = False
204.2856 	EXP 	text_equation: height = np.float64(0.1)
204.2856 	EXP 	text_equation: height = np.float64(0.1)
204.2856 	EXP 	text_equation: height = np.float64(0.1)
204.2856 	EXP 	text_equation: text = '23 + 18'
204.2856 	EXP 	text_opt1: height = np.float64(0.05)
204.2856 	EXP 	text_opt1: height = np.float64(0.05)
204.2856 	EXP 	text_opt1: height = np.float64(0.05)
204.2856 	EXP 	text_opt1: text = '1. 41'
204.2856 	EXP 	text_opt2: height = np.float64(0.05)
204.2856 	EXP 	text_opt2: height = np.float64(0.05)
204.2856 	EXP 	text_opt2: height = np.float64(0.05)
204.2856 	EXP 	text_opt2: text = '2. 39'
204.2856 	EXP 	text_opt3: height = np.float64(0.05)
204.2856 	EXP 	text_opt3: height = np.float64(0.05)
204.2856 	EXP 	text_opt3: height = np.float64(0.05)
204.2856 	EXP 	text_opt3: text = '3. 33'
204.2856 	EXP 	text_equation: autoDraw = True
204.2856 	EXP 	text_opt1: autoDraw = True
204.2856 	EXP 	text_opt2: autoDraw = True
204.2856 	EXP 	text_opt3: autoDraw = True
206.4396 	EXP 	Device response: <KeyPress from None: t=206.43850679998286, value=1, duration=None>
206.4406 	DATA 	Keypress: 1
206.4475 	EXP 	text_equation: autoDraw = False
206.4475 	EXP 	text_opt1: autoDraw = False
206.4475 	EXP 	text_opt2: autoDraw = False
206.4475 	EXP 	text_opt3: autoDraw = False
206.4475 	EXP 	text_2: autoDraw = True
206.6311 	EXP 	Device response: <KeyPress from None: t=206.43850679998286, value=1, duration=0.19191270001465455>
208.4392 	EXP 	text_2: autoDraw = False
208.4392 	EXP 	text_2: autoDraw = False
208.4392 	EXP 	text_feedback: text = 'Correct!'
208.4392 	EXP 	text_feedback: autoDraw = True
211.4265 	EXP 	New trial (rep=0, index=23): <Trial 23 (23 in rep 0) data={'math_eq': '128 / 2', 'CorrAns': np.int64(64), 'dstr1': np.int64(60), 'dstr2': np.int64(62), 'CorrAns_key': np.int64(3), 'thisN': 23, 'thisTrialN': 23, 'thisRepN': 0}>
211.4356 	EXP 	text_feedback: autoDraw = False
211.4356 	EXP 	text_feedback: autoDraw = False
211.4356 	EXP 	text_equation: height = np.float64(0.1)
211.4356 	EXP 	text_equation: height = np.float64(0.1)
211.4356 	EXP 	text_equation: height = np.float64(0.1)
211.4356 	EXP 	text_equation: text = '128 / 2'
211.4356 	EXP 	text_opt1: height = np.float64(0.05)
211.4356 	EXP 	text_opt1: height = np.float64(0.05)
211.4356 	EXP 	text_opt1: height = np.float64(0.05)
211.4356 	EXP 	text_opt1: text = '1. 60'
211.4356 	EXP 	text_opt2: height = np.float64(0.05)
211.4356 	EXP 	text_opt2: height = np.float64(0.05)
211.4356 	EXP 	text_opt2: height = np.float64(0.05)
211.4356 	EXP 	text_opt2: text = '2. 62'
211.4356 	EXP 	text_opt3: height = np.float64(0.05)
211.4356 	EXP 	text_opt3: height = np.float64(0.05)
211.4356 	EXP 	text_opt3: height = np.float64(0.05)
211.4356 	EXP 	text_opt3: text = '3. 64'
211.4356 	EXP 	text_equation: autoDraw = True
211.4356 	EXP 	text_opt1: autoDraw = True
211.4356 	EXP 	text_opt2: autoDraw = True
211.4356 	EXP 	text_opt3: autoDraw = True
213.9647 	EXP 	Device response: <KeyPress from None: t=213.95852869999362, value=3, duration=None>
213.9658 	DATA 	Keypress: 3
213.9726 	EXP 	text_equation: autoDraw = False
213.9726 	EXP 	text_opt1: autoDraw = False
213.9726 	EXP 	text_opt2: autoDraw = False
213.9726 	EXP 	text_opt3: autoDraw = False
213.9726 	EXP 	text_2: autoDraw = True
214.1402 	EXP 	Device response: <KeyPress from None: t=213.95852869999362, value=3, duration=0.17607260000659153>
215.9647 	EXP 	text_2: autoDraw = False
215.9647 	EXP 	text_2: autoDraw = False
215.9647 	EXP 	text_feedback: text = 'Correct!'
215.9647 	EXP 	text_feedback: autoDraw = True
218.9517 	EXP 	New trial (rep=0, index=24): <Trial 24 (24 in rep 0) data={'math_eq': '39 - 11', 'CorrAns': np.int64(28), 'dstr1': np.int64(26), 'dstr2': np.int64(27), 'CorrAns_key': np.int64(2), 'thisN': 24, 'thisTrialN': 24, 'thisRepN': 0}>
218.9601 	EXP 	text_feedback: autoDraw = False
218.9601 	EXP 	text_feedback: autoDraw = False
218.9601 	EXP 	text_equation: height = np.float64(0.1)
218.9601 	EXP 	text_equation: height = np.float64(0.1)
218.9601 	EXP 	text_equation: height = np.float64(0.1)
218.9601 	EXP 	text_equation: text = '39 - 11'
218.9601 	EXP 	text_opt1: height = np.float64(0.05)
218.9601 	EXP 	text_opt1: height = np.float64(0.05)
218.9601 	EXP 	text_opt1: height = np.float64(0.05)
218.9601 	EXP 	text_opt1: text = '1. 26'
218.9601 	EXP 	text_opt2: height = np.float64(0.05)
218.9601 	EXP 	text_opt2: height = np.float64(0.05)
218.9601 	EXP 	text_opt2: height = np.float64(0.05)
218.9601 	EXP 	text_opt2: text = '2. 28'
218.9601 	EXP 	text_opt3: height = np.float64(0.05)
218.9601 	EXP 	text_opt3: height = np.float64(0.05)
218.9601 	EXP 	text_opt3: height = np.float64(0.05)
218.9601 	EXP 	text_opt3: text = '3. 27'
218.9601 	EXP 	text_equation: autoDraw = True
218.9601 	EXP 	text_opt1: autoDraw = True
218.9601 	EXP 	text_opt2: autoDraw = True
218.9601 	EXP 	text_opt3: autoDraw = True
221.4481 	EXP 	Device response: <KeyPress from None: t=221.44647379999515, value=2, duration=None>
221.4492 	DATA 	Keypress: 2
221.4562 	EXP 	text_equation: autoDraw = False
221.4562 	EXP 	text_opt1: autoDraw = False
221.4562 	EXP 	text_opt2: autoDraw = False
221.4562 	EXP 	text_opt3: autoDraw = False
221.4562 	EXP 	text_2: autoDraw = True
221.5902 	EXP 	Device response: <KeyPress from None: t=221.44647379999515, value=2, duration=0.143257400020957>
223.4478 	EXP 	text_2: autoDraw = False
223.4478 	EXP 	text_2: autoDraw = False
223.4478 	EXP 	text_feedback: text = 'Correct!'
223.4478 	EXP 	text_feedback: autoDraw = True
226.4352 	EXP 	New trial (rep=0, index=25): <Trial 25 (25 in rep 0) data={'math_eq': '23 + 9', 'CorrAns': np.int64(32), 'dstr1': np.int64(31), 'dstr2': np.int64(29), 'CorrAns_key': np.int64(1), 'thisN': 25, 'thisTrialN': 25, 'thisRepN': 0}>
226.4440 	EXP 	text_feedback: autoDraw = False
226.4440 	EXP 	text_feedback: autoDraw = False
226.4440 	EXP 	text_equation: height = np.float64(0.1)
226.4440 	EXP 	text_equation: height = np.float64(0.1)
226.4440 	EXP 	text_equation: height = np.float64(0.1)
226.4440 	EXP 	text_equation: text = '23 + 9'
226.4440 	EXP 	text_opt1: height = np.float64(0.05)
226.4440 	EXP 	text_opt1: height = np.float64(0.05)
226.4440 	EXP 	text_opt1: height = np.float64(0.05)
226.4440 	EXP 	text_opt1: text = '1. 32'
226.4440 	EXP 	text_opt2: height = np.float64(0.05)
226.4440 	EXP 	text_opt2: height = np.float64(0.05)
226.4440 	EXP 	text_opt2: height = np.float64(0.05)
226.4440 	EXP 	text_opt2: text = '2. 31'
226.4440 	EXP 	text_opt3: height = np.float64(0.05)
226.4440 	EXP 	text_opt3: height = np.float64(0.05)
226.4440 	EXP 	text_opt3: height = np.float64(0.05)
226.4440 	EXP 	text_opt3: text = '3. 29'
226.4440 	EXP 	text_equation: autoDraw = True
226.4440 	EXP 	text_opt1: autoDraw = True
226.4440 	EXP 	text_opt2: autoDraw = True
226.4440 	EXP 	text_opt3: autoDraw = True
229.9910 	DATA 	Keypress: 1
229.9982 	EXP 	Device response: <KeyPress from None: t=229.99026190000586, value=1, duration=None>
230.0061 	EXP 	text_equation: autoDraw = False
230.0061 	EXP 	text_opt1: autoDraw = False
230.0061 	EXP 	text_opt2: autoDraw = False
230.0061 	EXP 	text_opt3: autoDraw = False
230.0061 	EXP 	text_2: autoDraw = True
230.1402 	EXP 	Device response: <KeyPress from None: t=229.99026190000586, value=1, duration=0.14438850001897663>
231.9982 	EXP 	text_2: autoDraw = False
231.9982 	EXP 	text_2: autoDraw = False
231.9982 	EXP 	text_feedback: text = 'Correct!'
231.9982 	EXP 	text_feedback: autoDraw = True
234.9854 	EXP 	New trial (rep=0, index=26): <Trial 26 (26 in rep 0) data={'math_eq': '142 / 2', 'CorrAns': np.int64(71), 'dstr1': np.int64(72), 'dstr2': np.int64(74), 'CorrAns_key': np.int64(1), 'thisN': 26, 'thisTrialN': 26, 'thisRepN': 0}>
234.9943 	EXP 	text_feedback: autoDraw = False
234.9943 	EXP 	text_feedback: autoDraw = False
234.9943 	EXP 	text_equation: height = np.float64(0.1)
234.9943 	EXP 	text_equation: height = np.float64(0.1)
234.9943 	EXP 	text_equation: height = np.float64(0.1)
234.9943 	EXP 	text_equation: text = '142 / 2'
234.9943 	EXP 	text_opt1: height = np.float64(0.05)
234.9943 	EXP 	text_opt1: height = np.float64(0.05)
234.9943 	EXP 	text_opt1: height = np.float64(0.05)
234.9943 	EXP 	text_opt1: text = '1. 71'
234.9943 	EXP 	text_opt2: height = np.float64(0.05)
234.9943 	EXP 	text_opt2: height = np.float64(0.05)
234.9943 	EXP 	text_opt2: height = np.float64(0.05)
234.9943 	EXP 	text_opt2: text = '2. 72'
234.9943 	EXP 	text_opt3: height = np.float64(0.05)
234.9943 	EXP 	text_opt3: height = np.float64(0.05)
234.9943 	EXP 	text_opt3: height = np.float64(0.05)
234.9943 	EXP 	text_opt3: text = '3. 74'
234.9943 	EXP 	text_equation: autoDraw = True
234.9943 	EXP 	text_opt1: autoDraw = True
234.9943 	EXP 	text_opt2: autoDraw = True
234.9943 	EXP 	text_opt3: autoDraw = True
237.2069 	EXP 	Device response: <KeyPress from None: t=237.20624219998717, value=1, duration=None>
237.2079 	DATA 	Keypress: 1
237.2147 	EXP 	text_equation: autoDraw = False
237.2147 	EXP 	text_opt1: autoDraw = False
237.2147 	EXP 	text_opt2: autoDraw = False
237.2147 	EXP 	text_opt3: autoDraw = False
237.2147 	EXP 	text_2: autoDraw = True
237.3068 	EXP 	Device response: <KeyPress from None: t=237.20624219998717, value=1, duration=0.09645210002781823>
239.2064 	EXP 	text_2: autoDraw = False
239.2064 	EXP 	text_2: autoDraw = False
239.2064 	EXP 	text_feedback: text = 'Correct!'
239.2064 	EXP 	text_feedback: autoDraw = True
242.1941 	EXP 	New trial (rep=0, index=27): <Trial 27 (27 in rep 0) data={'math_eq': '14 * 3', 'CorrAns': np.int64(42), 'dstr1': np.int64(38), 'dstr2': np.int64(40), 'CorrAns_key': np.int64(2), 'thisN': 27, 'thisTrialN': 27, 'thisRepN': 0}>
242.2030 	EXP 	text_feedback: autoDraw = False
242.2030 	EXP 	text_feedback: autoDraw = False
242.2030 	EXP 	text_equation: height = np.float64(0.1)
242.2030 	EXP 	text_equation: height = np.float64(0.1)
242.2030 	EXP 	text_equation: height = np.float64(0.1)
242.2030 	EXP 	text_equation: text = '14 * 3'
242.2030 	EXP 	text_opt1: height = np.float64(0.05)
242.2030 	EXP 	text_opt1: height = np.float64(0.05)
242.2030 	EXP 	text_opt1: height = np.float64(0.05)
242.2030 	EXP 	text_opt1: text = '1. 38'
242.2030 	EXP 	text_opt2: height = np.float64(0.05)
242.2030 	EXP 	text_opt2: height = np.float64(0.05)
242.2030 	EXP 	text_opt2: height = np.float64(0.05)
242.2030 	EXP 	text_opt2: text = '2. 42'
242.2030 	EXP 	text_opt3: height = np.float64(0.05)
242.2030 	EXP 	text_opt3: height = np.float64(0.05)
242.2030 	EXP 	text_opt3: height = np.float64(0.05)
242.2030 	EXP 	text_opt3: text = '3. 40'
242.2030 	EXP 	text_equation: autoDraw = True
242.2030 	EXP 	text_opt1: autoDraw = True
242.2030 	EXP 	text_opt2: autoDraw = True
242.2030 	EXP 	text_opt3: autoDraw = True
244.5740 	EXP 	Device response: <KeyPress from None: t=244.56643459998304, value=2, duration=None>
244.5750 	DATA 	Keypress: 2
244.5816 	EXP 	text_equation: autoDraw = False
244.5816 	EXP 	text_opt1: autoDraw = False
244.5816 	EXP 	text_opt2: autoDraw = False
244.5816 	EXP 	text_opt3: autoDraw = False
244.5816 	EXP 	text_2: autoDraw = True
244.6986 	EXP 	Device response: <KeyPress from None: t=244.56643459998304, value=2, duration=0.1272836000425741>
246.5732 	EXP 	text_2: autoDraw = False
246.5732 	EXP 	text_2: autoDraw = False
246.5732 	EXP 	text_feedback: text = 'Correct!'
246.5732 	EXP 	text_feedback: autoDraw = True
249.5607 	EXP 	New trial (rep=0, index=28): <Trial 28 (28 in rep 0) data={'math_eq': '33 - 8', 'CorrAns': np.int64(25), 'dstr1': np.int64(26), 'dstr2': np.int64(28), 'CorrAns_key': np.int64(3), 'thisN': 28, 'thisTrialN': 28, 'thisRepN': 0}>
249.5691 	EXP 	text_feedback: autoDraw = False
249.5691 	EXP 	text_feedback: autoDraw = False
249.5691 	EXP 	text_equation: height = np.float64(0.1)
249.5691 	EXP 	text_equation: height = np.float64(0.1)
249.5691 	EXP 	text_equation: height = np.float64(0.1)
249.5691 	EXP 	text_equation: text = '33 - 8'
249.5691 	EXP 	text_opt1: height = np.float64(0.05)
249.5691 	EXP 	text_opt1: height = np.float64(0.05)
249.5691 	EXP 	text_opt1: height = np.float64(0.05)
249.5691 	EXP 	text_opt1: text = '1. 26'
249.5691 	EXP 	text_opt2: height = np.float64(0.05)
249.5691 	EXP 	text_opt2: height = np.float64(0.05)
249.5691 	EXP 	text_opt2: height = np.float64(0.05)
249.5691 	EXP 	text_opt2: text = '2. 28'
249.5691 	EXP 	text_opt3: height = np.float64(0.05)
249.5691 	EXP 	text_opt3: height = np.float64(0.05)
249.5691 	EXP 	text_opt3: height = np.float64(0.05)
249.5691 	EXP 	text_opt3: text = '3. 25'
249.5691 	EXP 	text_equation: autoDraw = True
249.5691 	EXP 	text_opt1: autoDraw = True
249.5691 	EXP 	text_opt2: autoDraw = True
249.5691 	EXP 	text_opt3: autoDraw = True
252.0401 	EXP 	Device response: <KeyPress from None: t=252.03860810003243, value=3, duration=None>
252.0413 	DATA 	Keypress: 3
252.0483 	EXP 	text_equation: autoDraw = False
252.0483 	EXP 	text_opt1: autoDraw = False
252.0483 	EXP 	text_opt2: autoDraw = False
252.0483 	EXP 	text_opt3: autoDraw = False
252.0483 	EXP 	text_2: autoDraw = True
252.1741 	EXP 	Device response: <KeyPress from None: t=252.03860810003243, value=3, duration=0.12746029999107122>
254.0396 	EXP 	text_2: autoDraw = False
254.0396 	EXP 	text_2: autoDraw = False
254.0396 	EXP 	text_feedback: text = 'Correct!'
254.0396 	EXP 	text_feedback: autoDraw = True
257.0273 	EXP 	New trial (rep=0, index=29): <Trial 29 (29 in rep 0) data={'math_eq': '37 + 26', 'CorrAns': np.int64(63), 'dstr1': np.int64(53), 'dstr2': np.int64(65), 'CorrAns_key': np.int64(1), 'thisN': 29, 'thisTrialN': 29, 'thisRepN': 0}>
257.0358 	EXP 	text_feedback: autoDraw = False
257.0358 	EXP 	text_feedback: autoDraw = False
257.0358 	EXP 	text_equation: height = np.float64(0.1)
257.0358 	EXP 	text_equation: height = np.float64(0.1)
257.0358 	EXP 	text_equation: height = np.float64(0.1)
257.0358 	EXP 	text_equation: text = '37 + 26'
257.0358 	EXP 	text_opt1: height = np.float64(0.05)
257.0358 	EXP 	text_opt1: height = np.float64(0.05)
257.0358 	EXP 	text_opt1: height = np.float64(0.05)
257.0358 	EXP 	text_opt1: text = '1. 63'
257.0358 	EXP 	text_opt2: height = np.float64(0.05)
257.0358 	EXP 	text_opt2: height = np.float64(0.05)
257.0358 	EXP 	text_opt2: height = np.float64(0.05)
257.0358 	EXP 	text_opt2: text = '2. 53'
257.0358 	EXP 	text_opt3: height = np.float64(0.05)
257.0358 	EXP 	text_opt3: height = np.float64(0.05)
257.0358 	EXP 	text_opt3: height = np.float64(0.05)
257.0358 	EXP 	text_opt3: text = '3. 65'
257.0358 	EXP 	text_equation: autoDraw = True
257.0358 	EXP 	text_opt1: autoDraw = True
257.0358 	EXP 	text_opt2: autoDraw = True
257.0358 	EXP 	text_opt3: autoDraw = True
260.9407 	EXP 	Device response: <KeyPress from None: t=260.93384920002427, value=1, duration=None>
260.9418 	DATA 	Keypress: 1
260.9481 	EXP 	text_equation: autoDraw = False
260.9481 	EXP 	text_opt1: autoDraw = False
260.9481 	EXP 	text_opt2: autoDraw = False
260.9481 	EXP 	text_opt3: autoDraw = False
260.9481 	EXP 	text_2: autoDraw = True
261.0488 	EXP 	Device response: <KeyPress from None: t=260.93384920002427, value=1, duration=0.11256969999521971>
262.9401 	EXP 	text_2: autoDraw = False
262.9401 	EXP 	text_2: autoDraw = False
262.9401 	EXP 	text_feedback: text = 'Correct!'
262.9401 	EXP 	text_feedback: autoDraw = True
265.9245 	EXP 	New trial (rep=0, index=0): <Trial 0 (0 in rep 0) data={'thisN': 0, 'thisTrialN': 0, 'thisRepN': 0}>
265.9318 	EXP 	text_feedback: autoDraw = False
265.9318 	EXP 	text_feedback: autoDraw = False
265.9318 	EXP 	text: autoDraw = True
275.9190 	EXP 	New trial (rep=0, index=30): <Trial 30 (30 in rep 0) data={'math_eq': '34 - 8', 'CorrAns': np.int64(26), 'dstr1': np.int64(20), 'dstr2': np.int64(32), 'CorrAns_key': np.int64(1), 'thisN': 30, 'thisTrialN': 30, 'thisRepN': 0}>
275.9274 	EXP 	text: autoDraw = False
275.9274 	EXP 	text: autoDraw = False
275.9274 	EXP 	text_equation: height = np.float64(0.1)
275.9274 	EXP 	text_equation: height = np.float64(0.1)
275.9274 	EXP 	text_equation: height = np.float64(0.1)
275.9274 	EXP 	text_equation: text = '34 - 8'
275.9274 	EXP 	text_opt1: height = np.float64(0.05)
275.9274 	EXP 	text_opt1: height = np.float64(0.05)
275.9274 	EXP 	text_opt1: height = np.float64(0.05)
275.9274 	EXP 	text_opt1: text = '1. 26'
275.9274 	EXP 	text_opt2: height = np.float64(0.05)
275.9274 	EXP 	text_opt2: height = np.float64(0.05)
275.9274 	EXP 	text_opt2: height = np.float64(0.05)
275.9274 	EXP 	text_opt2: text = '2. 20'
275.9274 	EXP 	text_opt3: height = np.float64(0.05)
275.9274 	EXP 	text_opt3: height = np.float64(0.05)
275.9274 	EXP 	text_opt3: height = np.float64(0.05)
275.9274 	EXP 	text_opt3: text = '3. 32'
275.9274 	EXP 	text_equation: autoDraw = True
275.9274 	EXP 	text_opt1: autoDraw = True
275.9274 	EXP 	text_opt2: autoDraw = True
275.9274 	EXP 	text_opt3: autoDraw = True
279.9911 	EXP 	Device response: <KeyPress from None: t=279.990463300026, value=1, duration=None>
279.9922 	DATA 	Keypress: 1
279.9987 	EXP 	text_equation: autoDraw = False
279.9987 	EXP 	text_opt1: autoDraw = False
279.9987 	EXP 	text_opt2: autoDraw = False
279.9987 	EXP 	text_opt3: autoDraw = False
279.9987 	EXP 	text_2: autoDraw = True
280.1242 	EXP 	Device response: <KeyPress from None: t=279.990463300026, value=1, duration=0.12734499998623505>
281.9904 	EXP 	text_2: autoDraw = False
281.9904 	EXP 	text_2: autoDraw = False
281.9904 	EXP 	text_feedback: text = 'Correct!'
281.9904 	EXP 	text_feedback: autoDraw = True
284.9781 	EXP 	New trial (rep=0, index=31): <Trial 31 (31 in rep 0) data={'math_eq': '14 * 3', 'CorrAns': np.int64(42), 'dstr1': np.int64(44), 'dstr2': np.int64(49), 'CorrAns_key': np.int64(1), 'thisN': 31, 'thisTrialN': 31, 'thisRepN': 0}>
284.9869 	EXP 	text_feedback: autoDraw = False
284.9869 	EXP 	text_feedback: autoDraw = False
284.9869 	EXP 	text_equation: height = np.float64(0.1)
284.9869 	EXP 	text_equation: height = np.float64(0.1)
284.9869 	EXP 	text_equation: height = np.float64(0.1)
284.9869 	EXP 	text_equation: text = '14 * 3'
284.9869 	EXP 	text_opt1: height = np.float64(0.05)
284.9869 	EXP 	text_opt1: height = np.float64(0.05)
284.9869 	EXP 	text_opt1: height = np.float64(0.05)
284.9869 	EXP 	text_opt1: text = '1. 42'
284.9869 	EXP 	text_opt2: height = np.float64(0.05)
284.9869 	EXP 	text_opt2: height = np.float64(0.05)
284.9869 	EXP 	text_opt2: height = np.float64(0.05)
284.9869 	EXP 	text_opt2: text = '2. 44'
284.9869 	EXP 	text_opt3: height = np.float64(0.05)
284.9869 	EXP 	text_opt3: height = np.float64(0.05)
284.9869 	EXP 	text_opt3: height = np.float64(0.05)
284.9869 	EXP 	text_opt3: text = '3. 49'
284.9869 	EXP 	text_equation: autoDraw = True
284.9869 	EXP 	text_opt1: autoDraw = True
284.9869 	EXP 	text_opt2: autoDraw = True
284.9869 	EXP 	text_opt3: autoDraw = True
287.6742 	EXP 	Device response: <KeyPress from None: t=287.67058039997937, value=1, duration=None>
287.6753 	DATA 	Keypress: 1
287.6821 	EXP 	text_equation: autoDraw = False
287.6821 	EXP 	text_opt1: autoDraw = False
287.6821 	EXP 	text_opt2: autoDraw = False
287.6821 	EXP 	text_opt3: autoDraw = False
287.6821 	EXP 	text_2: autoDraw = True
287.7827 	EXP 	Device response: <KeyPress from None: t=287.67058039997937, value=1, duration=0.11123380000935867>
289.6739 	EXP 	text_2: autoDraw = False
289.6739 	EXP 	text_2: autoDraw = False
289.6739 	EXP 	text_feedback: text = 'Correct!'
289.6739 	EXP 	text_feedback: autoDraw = True
292.6611 	EXP 	New trial (rep=0, index=32): <Trial 32 (32 in rep 0) data={'math_eq': '22 + 18', 'CorrAns': np.int64(40), 'dstr1': np.int64(33), 'dstr2': np.int64(48), 'CorrAns_key': np.int64(3), 'thisN': 32, 'thisTrialN': 32, 'thisRepN': 0}>
292.6697 	EXP 	text_feedback: autoDraw = False
292.6697 	EXP 	text_feedback: autoDraw = False
292.6697 	EXP 	text_equation: height = np.float64(0.1)
292.6697 	EXP 	text_equation: height = np.float64(0.1)
292.6697 	EXP 	text_equation: height = np.float64(0.1)
292.6697 	EXP 	text_equation: text = '22 + 18'
292.6697 	EXP 	text_opt1: height = np.float64(0.05)
292.6697 	EXP 	text_opt1: height = np.float64(0.05)
292.6697 	EXP 	text_opt1: height = np.float64(0.05)
292.6697 	EXP 	text_opt1: text = '1. 33'
292.6697 	EXP 	text_opt2: height = np.float64(0.05)
292.6697 	EXP 	text_opt2: height = np.float64(0.05)
292.6697 	EXP 	text_opt2: height = np.float64(0.05)
292.6697 	EXP 	text_opt2: text = '2. 48'
292.6697 	EXP 	text_opt3: height = np.float64(0.05)
292.6697 	EXP 	text_opt3: height = np.float64(0.05)
292.6697 	EXP 	text_opt3: height = np.float64(0.05)
292.6697 	EXP 	text_opt3: text = '3. 40'
292.6697 	EXP 	text_equation: autoDraw = True
292.6697 	EXP 	text_opt1: autoDraw = True
292.6697 	EXP 	text_opt2: autoDraw = True
292.6697 	EXP 	text_opt3: autoDraw = True
295.8826 	EXP 	Device response: <KeyPress from None: t=295.8786764999968, value=3, duration=None>
295.8836 	DATA 	Keypress: 3
295.8908 	EXP 	text_equation: autoDraw = False
295.8908 	EXP 	text_opt1: autoDraw = False
295.8908 	EXP 	text_opt2: autoDraw = False
295.8908 	EXP 	text_opt3: autoDraw = False
295.8908 	EXP 	text_2: autoDraw = True
296.0744 	EXP 	Device response: <KeyPress from None: t=295.8786764999968, value=3, duration=0.1911746999830939>
297.8822 	EXP 	text_2: autoDraw = False
297.8822 	EXP 	text_2: autoDraw = False
297.8822 	EXP 	text_feedback: text = 'Correct!'
297.8822 	EXP 	text_feedback: autoDraw = True
300.8702 	EXP 	New trial (rep=0, index=33): <Trial 33 (33 in rep 0) data={'math_eq': '11 * 3', 'CorrAns': np.int64(33), 'dstr1': np.int64(39), 'dstr2': np.int64(29), 'CorrAns_key': np.int64(1), 'thisN': 33, 'thisTrialN': 33, 'thisRepN': 0}>
300.8775 	EXP 	text_feedback: autoDraw = False
300.8775 	EXP 	text_feedback: autoDraw = False
300.8775 	EXP 	text_equation: height = np.float64(0.1)
300.8775 	EXP 	text_equation: height = np.float64(0.1)
300.8775 	EXP 	text_equation: height = np.float64(0.1)
300.8775 	EXP 	text_equation: text = '11 * 3'
300.8775 	EXP 	text_opt1: text = '1. 33'
300.8775 	EXP 	text_opt2: height = np.float64(0.05)
300.8775 	EXP 	text_opt2: height = np.float64(0.05)
300.8775 	EXP 	text_opt2: height = np.float64(0.05)
300.8775 	EXP 	text_opt2: text = '2. 39'
300.8775 	EXP 	text_opt3: height = np.float64(0.05)
300.8775 	EXP 	text_opt3: height = np.float64(0.05)
300.8775 	EXP 	text_opt3: height = np.float64(0.05)
300.8775 	EXP 	text_opt3: text = '3. 29'
300.8775 	EXP 	text_equation: autoDraw = True
300.8775 	EXP 	text_opt1: autoDraw = True
300.8775 	EXP 	text_opt2: autoDraw = True
300.8775 	EXP 	text_opt3: autoDraw = True
302.1577 	EXP 	Device response: <KeyPress from None: t=302.1502783999895, value=1, duration=None>
302.1588 	DATA 	Keypress: 1
302.1654 	EXP 	text_equation: autoDraw = False
302.1654 	EXP 	text_opt1: autoDraw = False
302.1654 	EXP 	text_opt2: autoDraw = False
302.1654 	EXP 	text_opt3: autoDraw = False
302.1654 	EXP 	text_2: autoDraw = True
302.2826 	EXP 	Device response: <KeyPress from None: t=302.1502783999895, value=1, duration=0.12752720003481954>
304.1571 	EXP 	text_2: autoDraw = False
304.1571 	EXP 	text_2: autoDraw = False
304.1571 	EXP 	text_feedback: text = 'Correct!'
304.1571 	EXP 	text_feedback: autoDraw = True
307.1450 	EXP 	New trial (rep=0, index=34): <Trial 34 (34 in rep 0) data={'math_eq': '19 * 2', 'CorrAns': np.int64(38), 'dstr1': np.int64(37), 'dstr2': np.int64(32), 'CorrAns_key': np.int64(1), 'thisN': 34, 'thisTrialN': 34, 'thisRepN': 0}>
307.1531 	EXP 	text_feedback: autoDraw = False
307.1531 	EXP 	text_feedback: autoDraw = False
307.1531 	EXP 	text_equation: height = np.float64(0.1)
307.1531 	EXP 	text_equation: height = np.float64(0.1)
307.1531 	EXP 	text_equation: height = np.float64(0.1)
307.1531 	EXP 	text_equation: text = '19 * 2'
307.1531 	EXP 	text_opt1: height = np.float64(0.05)
307.1531 	EXP 	text_opt1: height = np.float64(0.05)
307.1531 	EXP 	text_opt1: height = np.float64(0.05)
307.1531 	EXP 	text_opt1: text = '1. 38'
307.1531 	EXP 	text_opt2: height = np.float64(0.05)
307.1531 	EXP 	text_opt2: height = np.float64(0.05)
307.1531 	EXP 	text_opt2: height = np.float64(0.05)
307.1531 	EXP 	text_opt2: text = '2. 37'
307.1531 	EXP 	text_opt3: height = np.float64(0.05)
307.1531 	EXP 	text_opt3: height = np.float64(0.05)
307.1531 	EXP 	text_opt3: height = np.float64(0.05)
307.1531 	EXP 	text_opt3: text = '3. 32'
307.1531 	EXP 	text_equation: autoDraw = True
307.1531 	EXP 	text_opt1: autoDraw = True
307.1531 	EXP 	text_opt2: autoDraw = True
307.1531 	EXP 	text_opt3: autoDraw = True
309.0497 	EXP 	Device response: <KeyPress from None: t=309.04658229998313, value=1, duration=None>
309.0508 	DATA 	Keypress: 1
309.0573 	EXP 	text_equation: autoDraw = False
309.0573 	EXP 	text_opt1: autoDraw = False
309.0573 	EXP 	text_opt2: autoDraw = False
309.0573 	EXP 	text_opt3: autoDraw = False
309.0573 	EXP 	text_2: autoDraw = True
309.2245 	EXP 	Device response: <KeyPress from None: t=309.04658229998313, value=1, duration=0.17562720004934818>
311.0492 	EXP 	text_2: autoDraw = False
311.0492 	EXP 	text_2: autoDraw = False
311.0492 	EXP 	text_feedback: text = 'Correct!'
311.0492 	EXP 	text_feedback: autoDraw = True
314.0366 	EXP 	New trial (rep=0, index=35): <Trial 35 (35 in rep 0) data={'math_eq': '28 + 19', 'CorrAns': np.int64(47), 'dstr1': np.int64(50), 'dstr2': np.int64(45), 'CorrAns_key': np.int64(2), 'thisN': 35, 'thisTrialN': 35, 'thisRepN': 0}>
314.0456 	EXP 	text_feedback: autoDraw = False
314.0456 	EXP 	text_feedback: autoDraw = False
314.0456 	EXP 	text_equation: height = np.float64(0.1)
314.0456 	EXP 	text_equation: height = np.float64(0.1)
314.0456 	EXP 	text_equation: height = np.float64(0.1)
314.0456 	EXP 	text_equation: text = '28 + 19'
314.0456 	EXP 	text_opt1: height = np.float64(0.05)
314.0456 	EXP 	text_opt1: height = np.float64(0.05)
314.0456 	EXP 	text_opt1: height = np.float64(0.05)
314.0456 	EXP 	text_opt1: text = '1. 50'
314.0456 	EXP 	text_opt2: height = np.float64(0.05)
314.0456 	EXP 	text_opt2: height = np.float64(0.05)
314.0456 	EXP 	text_opt2: height = np.float64(0.05)
314.0456 	EXP 	text_opt2: text = '2. 47'
314.0456 	EXP 	text_opt3: height = np.float64(0.05)
314.0456 	EXP 	text_opt3: height = np.float64(0.05)
314.0456 	EXP 	text_opt3: height = np.float64(0.05)
314.0456 	EXP 	text_opt3: text = '3. 45'
314.0456 	EXP 	text_equation: autoDraw = True
314.0456 	EXP 	text_opt1: autoDraw = True
314.0456 	EXP 	text_opt2: autoDraw = True
314.0456 	EXP 	text_opt3: autoDraw = True
316.9998 	EXP 	Device response: <KeyPress from None: t=316.99928420002107, value=2, duration=None>
317.0010 	DATA 	Keypress: 2
317.0077 	EXP 	text_equation: autoDraw = False
317.0077 	EXP 	text_opt1: autoDraw = False
317.0077 	EXP 	text_opt2: autoDraw = False
317.0077 	EXP 	text_opt3: autoDraw = False
317.0077 	EXP 	text_2: autoDraw = True
317.1915 	EXP 	Device response: <KeyPress from None: t=316.99928420002107, value=2, duration=0.19056700001237914>
318.9993 	EXP 	text_2: autoDraw = False
318.9993 	EXP 	text_2: autoDraw = False
318.9993 	EXP 	text_feedback: text = 'Correct!'
318.9993 	EXP 	text_feedback: autoDraw = True
321.9873 	EXP 	New trial (rep=0, index=36): <Trial 36 (36 in rep 0) data={'math_eq': '31 + 23', 'CorrAns': np.int64(54), 'dstr1': np.int64(47), 'dstr2': np.int64(57), 'CorrAns_key': np.int64(2), 'thisN': 36, 'thisTrialN': 36, 'thisRepN': 0}>
321.9962 	EXP 	text_feedback: autoDraw = False
321.9962 	EXP 	text_feedback: autoDraw = False
321.9962 	EXP 	text_equation: height = np.float64(0.1)
321.9962 	EXP 	text_equation: height = np.float64(0.1)
321.9962 	EXP 	text_equation: height = np.float64(0.1)
321.9962 	EXP 	text_equation: text = '31 + 23'
321.9962 	EXP 	text_opt1: height = np.float64(0.05)
321.9962 	EXP 	text_opt1: height = np.float64(0.05)
321.9962 	EXP 	text_opt1: height = np.float64(0.05)
321.9962 	EXP 	text_opt1: text = '1. 47'
321.9962 	EXP 	text_opt2: height = np.float64(0.05)
321.9962 	EXP 	text_opt2: height = np.float64(0.05)
321.9962 	EXP 	text_opt2: height = np.float64(0.05)
321.9962 	EXP 	text_opt2: text = '2. 54'
321.9962 	EXP 	text_opt3: height = np.float64(0.05)
321.9962 	EXP 	text_opt3: height = np.float64(0.05)
321.9962 	EXP 	text_opt3: height = np.float64(0.05)
321.9962 	EXP 	text_opt3: text = '3. 57'
321.9962 	EXP 	text_equation: autoDraw = True
321.9962 	EXP 	text_opt1: autoDraw = True
321.9962 	EXP 	text_opt2: autoDraw = True
321.9962 	EXP 	text_opt3: autoDraw = True
324.6996 	EXP 	Device response: <KeyPress from None: t=324.6940253999783, value=2, duration=None>
324.7006 	DATA 	Keypress: 2
324.7075 	EXP 	text_equation: autoDraw = False
324.7075 	EXP 	text_opt1: autoDraw = False
324.7075 	EXP 	text_opt2: autoDraw = False
324.7075 	EXP 	text_opt3: autoDraw = False
324.7075 	EXP 	text_2: autoDraw = True
324.8747 	EXP 	Device response: <KeyPress from None: t=324.6940253999783, value=2, duration=0.17559530003927648>
326.6996 	EXP 	text_2: autoDraw = False
326.6996 	EXP 	text_2: autoDraw = False
326.6996 	EXP 	text_feedback: text = 'Correct!'
326.6996 	EXP 	text_feedback: autoDraw = True
329.6869 	EXP 	New trial (rep=0, index=37): <Trial 37 (37 in rep 0) data={'math_eq': '22 + 20', 'CorrAns': np.int64(42), 'dstr1': np.int64(38), 'dstr2': np.int64(51), 'CorrAns_key': np.int64(2), 'thisN': 37, 'thisTrialN': 37, 'thisRepN': 0}>
329.6953 	EXP 	text_feedback: autoDraw = False
329.6953 	EXP 	text_feedback: autoDraw = False
329.6953 	EXP 	text_equation: height = np.float64(0.1)
329.6953 	EXP 	text_equation: height = np.float64(0.1)
329.6953 	EXP 	text_equation: height = np.float64(0.1)
329.6953 	EXP 	text_equation: text = '22 + 20'
329.6953 	EXP 	text_opt1: height = np.float64(0.05)
329.6953 	EXP 	text_opt1: height = np.float64(0.05)
329.6953 	EXP 	text_opt1: height = np.float64(0.05)
329.6953 	EXP 	text_opt1: text = '1. 38'
329.6953 	EXP 	text_opt2: height = np.float64(0.05)
329.6953 	EXP 	text_opt2: height = np.float64(0.05)
329.6953 	EXP 	text_opt2: height = np.float64(0.05)
329.6953 	EXP 	text_opt2: text = '2. 42'
329.6953 	EXP 	text_opt3: height = np.float64(0.05)
329.6953 	EXP 	text_opt3: height = np.float64(0.05)
329.6953 	EXP 	text_opt3: height = np.float64(0.05)
329.6953 	EXP 	text_opt3: text = '3. 51'
329.6953 	EXP 	text_equation: autoDraw = True
329.6953 	EXP 	text_opt1: autoDraw = True
329.6953 	EXP 	text_opt2: autoDraw = True
329.6953 	EXP 	text_opt3: autoDraw = True
331.2582 	EXP 	Device response: <KeyPress from None: t=331.254461399978, value=2, duration=None>
331.2592 	DATA 	Keypress: 2
331.2665 	EXP 	text_equation: autoDraw = False
331.2665 	EXP 	text_opt1: autoDraw = False
331.2665 	EXP 	text_opt2: autoDraw = False
331.2665 	EXP 	text_opt3: autoDraw = False
331.2665 	EXP 	text_2: autoDraw = True
331.3998 	EXP 	Device response: <KeyPress from None: t=331.254461399978, value=2, duration=0.1433439000393264>
333.2576 	EXP 	text_2: autoDraw = False
333.2576 	EXP 	text_2: autoDraw = False
333.2576 	EXP 	text_feedback: text = 'Correct!'
333.2576 	EXP 	text_feedback: autoDraw = True
336.2458 	EXP 	New trial (rep=0, index=38): <Trial 38 (38 in rep 0) data={'math_eq': '39 - 11', 'CorrAns': np.int64(28), 'dstr1': np.int64(19), 'dstr2': np.int64(18), 'CorrAns_key': np.int64(1), 'thisN': 38, 'thisTrialN': 38, 'thisRepN': 0}>
336.2541 	EXP 	text_feedback: autoDraw = False
336.2541 	EXP 	text_feedback: autoDraw = False
336.2541 	EXP 	text_equation: height = np.float64(0.1)
336.2541 	EXP 	text_equation: height = np.float64(0.1)
336.2541 	EXP 	text_equation: height = np.float64(0.1)
336.2541 	EXP 	text_equation: text = '39 - 11'
336.2541 	EXP 	text_opt1: height = np.float64(0.05)
336.2541 	EXP 	text_opt1: height = np.float64(0.05)
336.2541 	EXP 	text_opt1: height = np.float64(0.05)
336.2541 	EXP 	text_opt1: text = '1. 28'
336.2541 	EXP 	text_opt2: height = np.float64(0.05)
336.2541 	EXP 	text_opt2: height = np.float64(0.05)
336.2541 	EXP 	text_opt2: height = np.float64(0.05)
336.2541 	EXP 	text_opt2: text = '2. 19'
336.2541 	EXP 	text_opt3: height = np.float64(0.05)
336.2541 	EXP 	text_opt3: height = np.float64(0.05)
336.2541 	EXP 	text_opt3: height = np.float64(0.05)
336.2541 	EXP 	text_opt3: text = '3. 18'
336.2541 	EXP 	text_equation: autoDraw = True
336.2541 	EXP 	text_opt1: autoDraw = True
336.2541 	EXP 	text_opt2: autoDraw = True
336.2541 	EXP 	text_opt3: autoDraw = True
337.7341 	DATA 	Keypress: 1
337.7421 	EXP 	Device response: <KeyPress from None: t=337.7335740000126, value=1, duration=None>
337.7496 	EXP 	text_equation: autoDraw = False
337.7496 	EXP 	text_opt1: autoDraw = False
337.7496 	EXP 	text_opt2: autoDraw = False
337.7496 	EXP 	text_opt3: autoDraw = False
337.7496 	EXP 	text_2: autoDraw = True
337.9334 	EXP 	Device response: <KeyPress from None: t=337.7335740000126, value=1, duration=0.1919989999732934>
339.7415 	EXP 	text_2: autoDraw = False
339.7415 	EXP 	text_2: autoDraw = False
339.7415 	EXP 	text_feedback: text = 'Correct!'
339.7415 	EXP 	text_feedback: autoDraw = True
342.7288 	EXP 	New trial (rep=0, index=39): <Trial 39 (39 in rep 0) data={'math_eq': '31 + 43', 'CorrAns': np.int64(74), 'dstr1': np.int64(73), 'dstr2': np.int64(64), 'CorrAns_key': np.int64(3), 'thisN': 39, 'thisTrialN': 39, 'thisRepN': 0}>
342.7375 	EXP 	text_feedback: autoDraw = False
342.7375 	EXP 	text_feedback: autoDraw = False
342.7375 	EXP 	text_equation: height = np.float64(0.1)
342.7375 	EXP 	text_equation: height = np.float64(0.1)
342.7375 	EXP 	text_equation: height = np.float64(0.1)
342.7375 	EXP 	text_equation: text = '31 + 43'
342.7375 	EXP 	text_opt1: height = np.float64(0.05)
342.7375 	EXP 	text_opt1: height = np.float64(0.05)
342.7375 	EXP 	text_opt1: height = np.float64(0.05)
342.7375 	EXP 	text_opt1: text = '1. 73'
342.7375 	EXP 	text_opt2: height = np.float64(0.05)
342.7375 	EXP 	text_opt2: height = np.float64(0.05)
342.7375 	EXP 	text_opt2: height = np.float64(0.05)
342.7375 	EXP 	text_opt2: text = '2. 64'
342.7375 	EXP 	text_opt3: height = np.float64(0.05)
342.7375 	EXP 	text_opt3: height = np.float64(0.05)
342.7375 	EXP 	text_opt3: height = np.float64(0.05)
342.7375 	EXP 	text_opt3: text = '3. 74'
342.7375 	EXP 	text_equation: autoDraw = True
342.7375 	EXP 	text_opt1: autoDraw = True
342.7375 	EXP 	text_opt2: autoDraw = True
342.7375 	EXP 	text_opt3: autoDraw = True
346.1509 	DATA 	Keypress: 3
346.1587 	EXP 	Device response: <KeyPress from None: t=346.15047920000507, value=3, duration=None>
346.1661 	EXP 	text_equation: autoDraw = False
346.1661 	EXP 	text_opt1: autoDraw = False
346.1661 	EXP 	text_opt2: autoDraw = False
346.1661 	EXP 	text_opt3: autoDraw = False
346.1661 	EXP 	text_2: autoDraw = True
346.3335 	EXP 	Device response: <KeyPress from None: t=346.15047920000507, value=3, duration=0.17508620000444353>
348.1577 	EXP 	text_2: autoDraw = False
348.1577 	EXP 	text_2: autoDraw = False
348.1577 	EXP 	text_feedback: text = 'Correct!'
348.1577 	EXP 	text_feedback: autoDraw = True
351.1424 	EXP 	New trial (rep=0, index=0): <Trial 0 (0 in rep 0) data={'thisN': 0, 'thisTrialN': 0, 'thisRepN': 0}>
351.1499 	EXP 	text_feedback: autoDraw = False
351.1499 	EXP 	text_feedback: autoDraw = False
351.1499 	EXP 	text: autoDraw = True
361.1371 	EXP 	New trial (rep=0, index=40): <Trial 40 (40 in rep 0) data={'math_eq': '30 + 22', 'CorrAns': np.int64(52), 'dstr1': np.int64(58), 'dstr2': np.int64(53), 'CorrAns_key': np.int64(1), 'thisN': 40, 'thisTrialN': 40, 'thisRepN': 0}>
361.1457 	EXP 	text: autoDraw = False
361.1457 	EXP 	text: autoDraw = False
361.1457 	EXP 	text_equation: height = np.float64(0.1)
361.1457 	EXP 	text_equation: height = np.float64(0.1)
361.1457 	EXP 	text_equation: height = np.float64(0.1)
361.1457 	EXP 	text_equation: text = '30 + 22'
361.1457 	EXP 	text_opt1: height = np.float64(0.05)
361.1457 	EXP 	text_opt1: height = np.float64(0.05)
361.1457 	EXP 	text_opt1: height = np.float64(0.05)
361.1457 	EXP 	text_opt1: text = '1. 52'
361.1457 	EXP 	text_opt2: height = np.float64(0.05)
361.1457 	EXP 	text_opt2: height = np.float64(0.05)
361.1457 	EXP 	text_opt2: height = np.float64(0.05)
361.1457 	EXP 	text_opt2: text = '2. 58'
361.1457 	EXP 	text_opt3: height = np.float64(0.05)
361.1457 	EXP 	text_opt3: height = np.float64(0.05)
361.1457 	EXP 	text_opt3: height = np.float64(0.05)
361.1457 	EXP 	text_opt3: text = '3. 53'
361.1457 	EXP 	text_equation: autoDraw = True
361.1457 	EXP 	text_opt1: autoDraw = True
361.1457 	EXP 	text_opt2: autoDraw = True
361.1457 	EXP 	text_opt3: autoDraw = True
362.9344 	EXP 	Device response: <KeyPress from None: t=362.9339655999793, value=1, duration=None>
362.9352 	DATA 	Keypress: 1
362.9499 	EXP 	text_equation: autoDraw = False
362.9499 	EXP 	text_opt1: autoDraw = False
362.9499 	EXP 	text_opt2: autoDraw = False
362.9499 	EXP 	text_opt3: autoDraw = False
362.9499 	EXP 	text_2: autoDraw = True
363.0837 	EXP 	Device response: <KeyPress from None: t=362.9339655999793, value=1, duration=0.14370710001094267>
364.9418 	EXP 	text_2: autoDraw = False
364.9418 	EXP 	text_2: autoDraw = False
364.9418 	EXP 	text_feedback: text = 'Correct!'
364.9418 	EXP 	text_feedback: autoDraw = True
367.9293 	EXP 	New trial (rep=0, index=41): <Trial 41 (41 in rep 0) data={'math_eq': '25 - 14', 'CorrAns': np.int64(11), 'dstr1': np.int64(2), 'dstr2': np.int64(6), 'CorrAns_key': np.int64(1), 'thisN': 41, 'thisTrialN': 41, 'thisRepN': 0}>
367.9377 	EXP 	text_feedback: autoDraw = False
367.9377 	EXP 	text_feedback: autoDraw = False
367.9377 	EXP 	text_equation: height = np.float64(0.1)
367.9377 	EXP 	text_equation: height = np.float64(0.1)
367.9377 	EXP 	text_equation: height = np.float64(0.1)
367.9377 	EXP 	text_equation: text = '25 - 14'
367.9377 	EXP 	text_opt1: height = np.float64(0.05)
367.9377 	EXP 	text_opt1: height = np.float64(0.05)
367.9377 	EXP 	text_opt1: height = np.float64(0.05)
367.9377 	EXP 	text_opt1: text = '1. 11'
367.9377 	EXP 	text_opt2: height = np.float64(0.05)
367.9377 	EXP 	text_opt2: height = np.float64(0.05)
367.9377 	EXP 	text_opt2: height = np.float64(0.05)
367.9377 	EXP 	text_opt2: text = '2. 2'
367.9377 	EXP 	text_opt3: height = np.float64(0.05)
367.9377 	EXP 	text_opt3: height = np.float64(0.05)
367.9377 	EXP 	text_opt3: height = np.float64(0.05)
367.9377 	EXP 	text_opt3: text = '3. 6'
367.9377 	EXP 	text_equation: autoDraw = True
367.9377 	EXP 	text_opt1: autoDraw = True
367.9377 	EXP 	text_opt2: autoDraw = True
367.9377 	EXP 	text_opt3: autoDraw = True
371.6425 	EXP 	Device response: <KeyPress from None: t=371.6376408999786, value=1, duration=None>
371.6435 	DATA 	Keypress: 1
371.6501 	EXP 	text_equation: autoDraw = False
371.6501 	EXP 	text_opt1: autoDraw = False
371.6501 	EXP 	text_opt2: autoDraw = False
371.6501 	EXP 	text_opt3: autoDraw = False
371.6501 	EXP 	text_2: autoDraw = True
371.7838 	EXP 	Device response: <KeyPress from None: t=371.6376408999786, value=1, duration=0.14419670001370832>
373.6417 	EXP 	text_2: autoDraw = False
373.6417 	EXP 	text_2: autoDraw = False
373.6417 	EXP 	text_feedback: text = 'Correct!'
373.6417 	EXP 	text_feedback: autoDraw = True
376.6296 	EXP 	New trial (rep=0, index=42): <Trial 42 (42 in rep 0) data={'math_eq': '100 / 4', 'CorrAns': np.int64(25), 'dstr1': np.int64(20), 'dstr2': np.int64(22), 'CorrAns_key': np.int64(3), 'thisN': 42, 'thisTrialN': 42, 'thisRepN': 0}>
376.6385 	EXP 	text_feedback: autoDraw = False
376.6385 	EXP 	text_feedback: autoDraw = False
376.6385 	EXP 	text_equation: height = np.float64(0.1)
376.6385 	EXP 	text_equation: height = np.float64(0.1)
376.6385 	EXP 	text_equation: height = np.float64(0.1)
376.6385 	EXP 	text_equation: text = '100 / 4'
376.6385 	EXP 	text_opt1: height = np.float64(0.05)
376.6385 	EXP 	text_opt1: height = np.float64(0.05)
376.6385 	EXP 	text_opt1: height = np.float64(0.05)
376.6385 	EXP 	text_opt1: text = '1. 20'
376.6385 	EXP 	text_opt2: height = np.float64(0.05)
376.6385 	EXP 	text_opt2: height = np.float64(0.05)
376.6385 	EXP 	text_opt2: height = np.float64(0.05)
376.6385 	EXP 	text_opt2: text = '2. 22'
376.6385 	EXP 	text_opt3: height = np.float64(0.05)
376.6385 	EXP 	text_opt3: height = np.float64(0.05)
376.6385 	EXP 	text_opt3: height = np.float64(0.05)
376.6385 	EXP 	text_opt3: text = '3. 25'
376.6385 	EXP 	text_equation: autoDraw = True
376.6385 	EXP 	text_opt1: autoDraw = True
376.6385 	EXP 	text_opt2: autoDraw = True
376.6385 	EXP 	text_opt3: autoDraw = True
381.2754 	EXP 	Device response: <KeyPress from None: t=381.27004000003217, value=3, duration=None>
381.2766 	DATA 	Keypress: 3
381.2835 	EXP 	text_equation: autoDraw = False
381.2835 	EXP 	text_opt1: autoDraw = False
381.2835 	EXP 	text_opt2: autoDraw = False
381.2835 	EXP 	text_opt3: autoDraw = False
381.2835 	EXP 	text_2: autoDraw = True
381.4503 	EXP 	Device response: <KeyPress from None: t=381.27004000003217, value=3, duration=0.17652959999395534>
383.2755 	EXP 	text_2: autoDraw = False
383.2755 	EXP 	text_2: autoDraw = False
383.2755 	EXP 	text_feedback: text = 'Correct!'
383.2755 	EXP 	text_feedback: autoDraw = True
386.2629 	EXP 	New trial (rep=0, index=43): <Trial 43 (43 in rep 0) data={'math_eq': '58 - 13', 'CorrAns': np.int64(45), 'dstr1': np.int64(55), 'dstr2': np.int64(44), 'CorrAns_key': np.int64(3), 'thisN': 43, 'thisTrialN': 43, 'thisRepN': 0}>
386.2716 	EXP 	text_feedback: autoDraw = False
386.2716 	EXP 	text_feedback: autoDraw = False
386.2716 	EXP 	text_equation: height = np.float64(0.1)
386.2716 	EXP 	text_equation: height = np.float64(0.1)
386.2716 	EXP 	text_equation: height = np.float64(0.1)
386.2716 	EXP 	text_equation: text = '58 - 13'
386.2716 	EXP 	text_opt1: height = np.float64(0.05)
386.2716 	EXP 	text_opt1: height = np.float64(0.05)
386.2716 	EXP 	text_opt1: height = np.float64(0.05)
386.2716 	EXP 	text_opt1: text = '1. 55'
386.2716 	EXP 	text_opt2: height = np.float64(0.05)
386.2716 	EXP 	text_opt2: height = np.float64(0.05)
386.2716 	EXP 	text_opt2: height = np.float64(0.05)
386.2716 	EXP 	text_opt2: text = '2. 44'
386.2716 	EXP 	text_opt3: height = np.float64(0.05)
386.2716 	EXP 	text_opt3: height = np.float64(0.05)
386.2716 	EXP 	text_opt3: height = np.float64(0.05)
386.2716 	EXP 	text_opt3: text = '3. 45'
386.2716 	EXP 	text_equation: autoDraw = True
386.2716 	EXP 	text_opt1: autoDraw = True
386.2716 	EXP 	text_opt2: autoDraw = True
386.2716 	EXP 	text_opt3: autoDraw = True
390.0256 	EXP 	Device response: <KeyPress from None: t=390.0223288999987, value=2, duration=None>
390.0267 	DATA 	Keypress: 2
390.0336 	EXP 	text_equation: autoDraw = False
390.0336 	EXP 	text_opt1: autoDraw = False
390.0336 	EXP 	text_opt2: autoDraw = False
390.0336 	EXP 	text_opt3: autoDraw = False
390.0336 	EXP 	text_2: autoDraw = True
390.2176 	EXP 	Device response: <KeyPress from None: t=390.0223288999987, value=2, duration=0.19150060001993552>
392.0254 	EXP 	text_2: autoDraw = False
392.0254 	EXP 	text_2: autoDraw = False
392.0254 	EXP 	text_feedback: height = np.float64(0.05)
392.0254 	EXP 	text_feedback: height = np.float64(0.05)
392.0254 	EXP 	text_feedback: height = np.float64(0.05)
392.0254 	EXP 	text_feedback: text = 'Incorrect!'
392.0254 	EXP 	text_feedback: autoDraw = True
395.0129 	EXP 	New trial (rep=0, index=44): <Trial 44 (44 in rep 0) data={'math_eq': '33 + 22', 'CorrAns': np.int64(55), 'dstr1': np.int64(52), 'dstr2': np.int64(53), 'CorrAns_key': np.int64(2), 'thisN': 44, 'thisTrialN': 44, 'thisRepN': 0}>
395.0216 	EXP 	text_feedback: autoDraw = False
395.0216 	EXP 	text_feedback: autoDraw = False
395.0216 	EXP 	text_equation: height = np.float64(0.1)
395.0216 	EXP 	text_equation: height = np.float64(0.1)
395.0216 	EXP 	text_equation: height = np.float64(0.1)
395.0216 	EXP 	text_equation: text = '33 + 22'
395.0216 	EXP 	text_opt1: height = np.float64(0.05)
395.0216 	EXP 	text_opt1: height = np.float64(0.05)
395.0216 	EXP 	text_opt1: height = np.float64(0.05)
395.0216 	EXP 	text_opt1: text = '1. 52'
395.0216 	EXP 	text_opt2: height = np.float64(0.05)
395.0216 	EXP 	text_opt2: height = np.float64(0.05)
395.0216 	EXP 	text_opt2: height = np.float64(0.05)
395.0216 	EXP 	text_opt2: text = '2. 55'
395.0216 	EXP 	text_opt3: height = np.float64(0.05)
395.0216 	EXP 	text_opt3: height = np.float64(0.05)
395.0216 	EXP 	text_opt3: height = np.float64(0.05)
395.0216 	EXP 	text_opt3: text = '3. 53'
395.0216 	EXP 	text_equation: autoDraw = True
395.0216 	EXP 	text_opt1: autoDraw = True
395.0216 	EXP 	text_opt2: autoDraw = True
395.0216 	EXP 	text_opt3: autoDraw = True
397.2591 	EXP 	Device response: <KeyPress from None: t=397.25448360003065, value=2, duration=None>
397.2601 	DATA 	Keypress: 2
397.2673 	EXP 	text_equation: autoDraw = False
397.2673 	EXP 	text_opt1: autoDraw = False
397.2673 	EXP 	text_opt2: autoDraw = False
397.2673 	EXP 	text_opt3: autoDraw = False
397.2673 	EXP 	text_2: autoDraw = True
397.4010 	EXP 	Device response: <KeyPress from None: t=397.25448360003065, value=2, duration=0.1434169999556616>
399.2589 	EXP 	text_2: autoDraw = False
399.2589 	EXP 	text_2: autoDraw = False
399.2589 	EXP 	text_feedback: height = np.float64(0.05)
399.2589 	EXP 	text_feedback: height = np.float64(0.05)
399.2589 	EXP 	text_feedback: height = np.float64(0.05)
399.2589 	EXP 	text_feedback: text = 'Correct!'
399.2589 	EXP 	text_feedback: autoDraw = True
402.2466 	EXP 	New trial (rep=0, index=45): <Trial 45 (45 in rep 0) data={'math_eq': '24 - 14', 'CorrAns': np.int64(10), 'dstr1': np.int64(20), 'dstr2': np.int64(11), 'CorrAns_key': np.int64(2), 'thisN': 45, 'thisTrialN': 45, 'thisRepN': 0}>
402.2552 	EXP 	text_feedback: autoDraw = False
402.2552 	EXP 	text_feedback: autoDraw = False
402.2552 	EXP 	text_equation: height = np.float64(0.1)
402.2552 	EXP 	text_equation: height = np.float64(0.1)
402.2552 	EXP 	text_equation: height = np.float64(0.1)
402.2552 	EXP 	text_equation: text = '24 - 14'
402.2552 	EXP 	text_opt1: height = np.float64(0.05)
402.2552 	EXP 	text_opt1: height = np.float64(0.05)
402.2552 	EXP 	text_opt1: height = np.float64(0.05)
402.2552 	EXP 	text_opt1: text = '1. 20'
402.2552 	EXP 	text_opt2: height = np.float64(0.05)
402.2552 	EXP 	text_opt2: height = np.float64(0.05)
402.2552 	EXP 	text_opt2: height = np.float64(0.05)
402.2552 	EXP 	text_opt2: text = '2. 10'
402.2552 	EXP 	text_opt3: height = np.float64(0.05)
402.2552 	EXP 	text_opt3: height = np.float64(0.05)
402.2552 	EXP 	text_opt3: height = np.float64(0.05)
402.2552 	EXP 	text_opt3: text = '3. 11'
402.2552 	EXP 	text_equation: autoDraw = True
402.2552 	EXP 	text_opt1: autoDraw = True
402.2552 	EXP 	text_opt2: autoDraw = True
402.2552 	EXP 	text_opt3: autoDraw = True
404.6841 	EXP 	Device response: <KeyPress from None: t=404.67867450002814, value=1, duration=None>
404.6851 	DATA 	Keypress: 1
404.6922 	EXP 	text_equation: autoDraw = False
404.6922 	EXP 	text_opt1: autoDraw = False
404.6922 	EXP 	text_opt2: autoDraw = False
404.6922 	EXP 	text_opt3: autoDraw = False
404.6922 	EXP 	text_2: autoDraw = True
404.8430 	EXP 	Device response: <KeyPress from None: t=404.67867450002814, value=1, duration=0.1601387999835424>
404.9262 	EXP 	Device response: <KeyPress from None: t=404.91813649999676, value=2, duration=None>
404.9266 	DATA 	Keypress: 2
405.1010 	EXP 	Device response: <KeyPress from None: t=404.91813649999676, value=2, duration=0.17545290000271052>
405.2264 	EXP 	Device response: <KeyPress from None: t=405.22204289998626, value=2, duration=None>
405.2267 	DATA 	Keypress: 2
405.2927 	EXP 	Device response: <KeyPress from None: t=405.22204289998626, value=2, duration=0.06429170002229512>
405.6594 	EXP 	Device response: <KeyPress from None: t=405.6538995000301, value=2, duration=None>
405.6598 	DATA 	Keypress: 2
405.7678 	EXP 	Device response: <KeyPress from None: t=405.6538995000301, value=2, duration=0.11281069996766746>
405.8678 	EXP 	Device response: <KeyPress from None: t=405.86260220000986, value=2, duration=None>
405.8682 	DATA 	Keypress: 2
405.9926 	EXP 	Device response: <KeyPress from None: t=405.86260220000986, value=2, duration=0.1274464000016451>
406.1425 	EXP 	Device response: <KeyPress from None: t=406.1344660000177, value=2, duration=None>
406.1428 	DATA 	Keypress: 2
406.2678 	EXP 	Device response: <KeyPress from None: t=406.1344660000177, value=2, duration=0.12708299997029826>
406.6840 	EXP 	text_2: autoDraw = False
406.6840 	EXP 	text_2: autoDraw = False
406.6840 	EXP 	text_feedback: height = np.float64(0.05)
406.6840 	EXP 	text_feedback: height = np.float64(0.05)
406.6840 	EXP 	text_feedback: height = np.float64(0.05)
406.6840 	EXP 	text_feedback: text = 'Incorrect!'
406.6840 	EXP 	text_feedback: autoDraw = True
406.8425 	EXP 	Device response: <KeyPress from None: t=406.83777250000276, value=2, duration=None>
406.8428 	DATA 	Keypress: 2
406.9842 	EXP 	Device response: <KeyPress from None: t=406.83777250000276, value=2, duration=0.1448091000202112>
409.6717 	EXP 	New trial (rep=0, index=46): <Trial 46 (46 in rep 0) data={'math_eq': '118 / 2', 'CorrAns': np.int64(59), 'dstr1': np.int64(55), 'dstr2': np.int64(57), 'CorrAns_key': np.int64(3), 'thisN': 46, 'thisTrialN': 46, 'thisRepN': 0}>
409.6803 	EXP 	text_feedback: autoDraw = False
409.6803 	EXP 	text_feedback: autoDraw = False
409.6803 	EXP 	text_equation: height = np.float64(0.1)
409.6803 	EXP 	text_equation: height = np.float64(0.1)
409.6803 	EXP 	text_equation: height = np.float64(0.1)
409.6803 	EXP 	text_equation: text = '118 / 2'
409.6803 	EXP 	text_opt1: height = np.float64(0.05)
409.6803 	EXP 	text_opt1: height = np.float64(0.05)
409.6803 	EXP 	text_opt1: height = np.float64(0.05)
409.6803 	EXP 	text_opt1: text = '1. 55'
409.6803 	EXP 	text_opt2: height = np.float64(0.05)
409.6803 	EXP 	text_opt2: height = np.float64(0.05)
409.6803 	EXP 	text_opt2: height = np.float64(0.05)
409.6803 	EXP 	text_opt2: text = '2. 57'
409.6803 	EXP 	text_opt3: height = np.float64(0.05)
409.6803 	EXP 	text_opt3: height = np.float64(0.05)
409.6803 	EXP 	text_opt3: height = np.float64(0.05)
409.6803 	EXP 	text_opt3: text = '3. 59'
409.6803 	EXP 	text_equation: autoDraw = True
409.6803 	EXP 	text_opt1: autoDraw = True
409.6803 	EXP 	text_opt2: autoDraw = True
409.6803 	EXP 	text_opt3: autoDraw = True
413.1269 	DATA 	Keypress: 3
413.1347 	EXP 	Device response: <KeyPress from None: t=413.12636539997766, value=3, duration=None>
413.1426 	EXP 	text_equation: autoDraw = False
413.1426 	EXP 	text_opt1: autoDraw = False
413.1426 	EXP 	text_opt2: autoDraw = False
413.1426 	EXP 	text_opt3: autoDraw = False
413.1426 	EXP 	text_2: autoDraw = True
413.3096 	EXP 	Device response: <KeyPress from None: t=413.12636539997766, value=3, duration=0.1755881000426598>
415.1341 	EXP 	text_2: autoDraw = False
415.1341 	EXP 	text_2: autoDraw = False
415.1341 	EXP 	text_feedback: height = np.float64(0.05)
415.1341 	EXP 	text_feedback: height = np.float64(0.05)
415.1341 	EXP 	text_feedback: height = np.float64(0.05)
415.1341 	EXP 	text_feedback: text = 'Correct!'
415.1341 	EXP 	text_feedback: autoDraw = True
418.1217 	EXP 	New trial (rep=0, index=47): <Trial 47 (47 in rep 0) data={'math_eq': '14 * 2', 'CorrAns': np.int64(28), 'dstr1': np.int64(38), 'dstr2': np.int64(16), 'CorrAns_key': np.int64(1), 'thisN': 47, 'thisTrialN': 47, 'thisRepN': 0}>
418.1302 	EXP 	text_feedback: autoDraw = False
418.1302 	EXP 	text_feedback: autoDraw = False
418.1302 	EXP 	text_equation: height = np.float64(0.1)
418.1302 	EXP 	text_equation: height = np.float64(0.1)
418.1302 	EXP 	text_equation: height = np.float64(0.1)
418.1302 	EXP 	text_equation: text = '14 * 2'
418.1302 	EXP 	text_opt1: height = np.float64(0.05)
418.1302 	EXP 	text_opt1: height = np.float64(0.05)
418.1302 	EXP 	text_opt1: height = np.float64(0.05)
418.1302 	EXP 	text_opt1: text = '1. 28'
418.1302 	EXP 	text_opt2: height = np.float64(0.05)
418.1302 	EXP 	text_opt2: height = np.float64(0.05)
418.1302 	EXP 	text_opt2: height = np.float64(0.05)
418.1302 	EXP 	text_opt2: text = '2. 38'
418.1302 	EXP 	text_opt3: height = np.float64(0.05)
418.1302 	EXP 	text_opt3: height = np.float64(0.05)
418.1302 	EXP 	text_opt3: height = np.float64(0.05)
418.1302 	EXP 	text_opt3: text = '3. 16'
418.1302 	EXP 	text_equation: autoDraw = True
418.1302 	EXP 	text_opt1: autoDraw = True
418.1302 	EXP 	text_opt2: autoDraw = True
418.1302 	EXP 	text_opt3: autoDraw = True
420.1848 	EXP 	Device response: <KeyPress from None: t=420.1825981999864, value=1, duration=None>
420.1859 	DATA 	Keypress: 1
420.1922 	EXP 	text_equation: autoDraw = False
420.1922 	EXP 	text_opt1: autoDraw = False
420.1922 	EXP 	text_opt2: autoDraw = False
420.1922 	EXP 	text_opt3: autoDraw = False
420.1922 	EXP 	text_2: autoDraw = True
420.3176 	EXP 	Device response: <KeyPress from None: t=420.1825981999864, value=1, duration=0.127066700020805>
422.1842 	EXP 	text_2: autoDraw = False
422.1842 	EXP 	text_2: autoDraw = False
422.1842 	EXP 	text_feedback: text = 'Correct!'
422.1842 	EXP 	text_feedback: autoDraw = True
425.1720 	EXP 	New trial (rep=0, index=48): <Trial 48 (48 in rep 0) data={'math_eq': '23 * 4', 'CorrAns': np.int64(92), 'dstr1': np.int64(82), 'dstr2': np.int64(87), 'CorrAns_key': np.int64(3), 'thisN': 48, 'thisTrialN': 48, 'thisRepN': 0}>
425.1805 	EXP 	text_feedback: autoDraw = False
425.1805 	EXP 	text_feedback: autoDraw = False
425.1805 	EXP 	text_equation: height = np.float64(0.1)
425.1805 	EXP 	text_equation: height = np.float64(0.1)
425.1805 	EXP 	text_equation: height = np.float64(0.1)
425.1805 	EXP 	text_equation: text = '23 * 4'
425.1805 	EXP 	text_opt1: height = np.float64(0.05)
425.1805 	EXP 	text_opt1: height = np.float64(0.05)
425.1805 	EXP 	text_opt1: height = np.float64(0.05)
425.1805 	EXP 	text_opt1: text = '1. 82'
425.1805 	EXP 	text_opt2: height = np.float64(0.05)
425.1805 	EXP 	text_opt2: height = np.float64(0.05)
425.1805 	EXP 	text_opt2: height = np.float64(0.05)
425.1805 	EXP 	text_opt2: text = '2. 87'
425.1805 	EXP 	text_opt3: height = np.float64(0.05)
425.1805 	EXP 	text_opt3: height = np.float64(0.05)
425.1805 	EXP 	text_opt3: height = np.float64(0.05)
425.1805 	EXP 	text_opt3: text = '3. 92'
425.1805 	EXP 	text_equation: autoDraw = True
425.1805 	EXP 	text_opt1: autoDraw = True
425.1805 	EXP 	text_opt2: autoDraw = True
425.1805 	EXP 	text_opt3: autoDraw = True
431.1596 	EXP 	Device response: <KeyPress from None: t=431.15863530000206, value=3, duration=None>
431.1607 	DATA 	Keypress: 3
431.1678 	EXP 	text_equation: autoDraw = False
431.1678 	EXP 	text_opt1: autoDraw = False
431.1678 	EXP 	text_opt2: autoDraw = False
431.1678 	EXP 	text_opt3: autoDraw = False
431.1678 	EXP 	text_2: autoDraw = True
431.3347 	EXP 	Device response: <KeyPress from None: t=431.15863530000206, value=3, duration=0.1751745999790728>
433.1593 	EXP 	text_2: autoDraw = False
433.1593 	EXP 	text_2: autoDraw = False
433.1593 	EXP 	text_feedback: text = 'Correct!'
433.1593 	EXP 	text_feedback: autoDraw = True
436.1470 	EXP 	New trial (rep=0, index=49): <Trial 49 (49 in rep 0) data={'math_eq': '25 + 19', 'CorrAns': np.int64(44), 'dstr1': np.int64(53), 'dstr2': np.int64(38), 'CorrAns_key': np.int64(1), 'thisN': 49, 'thisTrialN': 49, 'thisRepN': 0}>
436.1557 	EXP 	text_feedback: autoDraw = False
436.1557 	EXP 	text_feedback: autoDraw = False
436.1557 	EXP 	text_equation: height = np.float64(0.1)
436.1557 	EXP 	text_equation: height = np.float64(0.1)
436.1557 	EXP 	text_equation: height = np.float64(0.1)
436.1557 	EXP 	text_equation: text = '25 + 19'
436.1557 	EXP 	text_opt1: height = np.float64(0.05)
436.1557 	EXP 	text_opt1: height = np.float64(0.05)
436.1557 	EXP 	text_opt1: height = np.float64(0.05)
436.1557 	EXP 	text_opt1: text = '1. 44'
436.1557 	EXP 	text_opt2: height = np.float64(0.05)
436.1557 	EXP 	text_opt2: height = np.float64(0.05)
436.1557 	EXP 	text_opt2: height = np.float64(0.05)
436.1557 	EXP 	text_opt2: text = '2. 53'
436.1557 	EXP 	text_opt3: height = np.float64(0.05)
436.1557 	EXP 	text_opt3: height = np.float64(0.05)
436.1557 	EXP 	text_opt3: height = np.float64(0.05)
436.1557 	EXP 	text_opt3: text = '3. 38'
436.1557 	EXP 	text_equation: autoDraw = True
436.1557 	EXP 	text_opt1: autoDraw = True
436.1557 	EXP 	text_opt2: autoDraw = True
436.1557 	EXP 	text_opt3: autoDraw = True
438.4266 	EXP 	Device response: <KeyPress from None: t=438.4227219999884, value=1, duration=None>
438.4277 	DATA 	Keypress: 1
438.4344 	EXP 	text_equation: autoDraw = False
438.4344 	EXP 	text_opt1: autoDraw = False
438.4344 	EXP 	text_opt2: autoDraw = False
438.4344 	EXP 	text_opt3: autoDraw = False
438.4344 	EXP 	text_2: autoDraw = True
438.5261 	EXP 	Device response: <KeyPress from None: t=438.4227219999884, value=1, duration=0.09550280001712963>
440.4261 	EXP 	text_2: autoDraw = False
440.4261 	EXP 	text_2: autoDraw = False
440.4261 	EXP 	text_feedback: text = 'Correct!'
440.4261 	EXP 	text_feedback: autoDraw = True
443.4106 	EXP 	New trial (rep=0, index=0): <Trial 0 (0 in rep 0) data={'thisN': 0, 'thisTrialN': 0, 'thisRepN': 0}>
443.4180 	EXP 	text_feedback: autoDraw = False
443.4180 	EXP 	text_feedback: autoDraw = False
443.4180 	EXP 	text: autoDraw = True
453.4097 	EXP 	text: autoDraw = False
453.4097 	EXP 	text: autoDraw = False
453.4097 	EXP 	text_q1: autoDraw = True
459.0186 	EXP 	Device response: <KeyPress from None: t=459.0137029000325, value=space, duration=None>
459.0193 	DATA 	Keypress: space
459.2106 	EXP 	Device response: <KeyPress from None: t=459.0137029000325, value=space, duration=0.19268979999469593>
467.6271 	EXP 	Device response: <KeyPress from None: t=467.62268239998957, value=space, duration=None>
467.6277 	DATA 	Keypress: space
467.7855 	EXP 	Device response: <KeyPress from None: t=467.62268239998957, value=space, duration=0.1590756000368856>
471.3854 	EXP 	Device response: <KeyPress from None: t=471.38184109999565, value=space, duration=None>
471.3860 	DATA 	Keypress: space
471.5022 	EXP 	Device response: <KeyPress from None: t=471.38184109999565, value=space, duration=0.11231990001397207>
482.2944 	EXP 	Device response: <KeyPress from None: t=482.2938200000208, value=2, duration=None>
482.2959 	DATA 	Keypress: 2
482.3017 	EXP 	text_q1: autoDraw = False
482.3017 	EXP 	text_endscreen: autoDraw = True
482.4944 	EXP 	Device response: <KeyPress from None: t=482.2938200000208, value=2, duration=0.19242779997875914>
497.2937 	EXP 	text_endscreen: autoDraw = False
497.2937 	EXP 	text_endscreen: autoDraw = False
497.2938 	EXP 	arithmetic_task: status = STOPPED
