9.0947 	WARNING 	Requested an unavailable screen number - using first available.
9.0974 	WARNING 	User requested fullscreen with size [1920 1080], but screen is actually [2560, 1440]. Using actual size
9.2984 	EXP 	Created window1 = Window(allowGUI=False, allowStencil=False, autoLog=True, backendConf=UNKNOWN, backgroundFit=<method-wrapper '__getattribute__' of attributeSetter object at 0x000001AB648DD150>, backgroundImage=<method-wrapper '__getattribute__' of attributeSetter object at 0x000001AB648DD0F0>, bitsMode=UNKNOWN, blendMode='avg', bpc=(8, 8, 8), color=array([-1., -1., -1.]), colorSpace='rgb', depthBits=8, fullscr=True, gamma=None, gammaErrorPolicy='raise', infoMsg=UNKNOWN, lms=UNKNOWN, monitor=<psychopy.monitors.calibTools.Monitor object at 0x000001AB64BDACB0>, multiSample=False, name='window1', numSamples=2, pos=[np.float64(0.0), np.float64(0.0)], screen=1, size=array([2560, 1440]), stencilBits=0, stereo=False, title='PsychoPy', units='height', useFBO=True, useRetina=False, viewOri=0.0, viewPos=None, viewScale=None, waitBlanking=True, winType='pyglet')
9.2985 	EXP 	window1: backgroundImage = ''
9.2985 	EXP 	window1: backgroundFit = 'none'
9.7337 	EXP 	window1: Attempting to measure frame rate of screen (1) ...
9.7337 	EXP 	window1: recordFrameIntervals = False
9.8896 	EXP 	window1: recordFrameIntervals = True
10.7228 	EXP 	window1: recordFrameIntervals = False
10.7229 	EXP 	Screen (1) actual frame rate measured at 120.28Hz
13.8589 	EXP 	arithmetic_task: status = STARTED
13.9146 	EXP 	Created text_instruction = TextStim(__class__=<class 'psychopy.visual.text.TextStim'>, alignHoriz=method-wrapper(...), alignText='center', alignVert=method-wrapper(...), anchorHoriz='center', anchorVert='center', antialias=True, autoDraw=False, autoLog=True, bold=False, color=array([1., 1., 1.]), colorSpace='rgb', contrast=1.0, depth=0.0, draggable=False, flipHoriz=False, flipVert=False, font='Arial', fontFiles=[], height=np.float64(0.05), italic=False, languageStyle='LTR', name='text_instruction', opacity=1, ori=0.0, pos=array([0., 0.]), rgb=UNKNOWN, text=str(...), units='height', win=Window(...), wrapWidth=1)
13.9171 	EXP 	Created text_equation = TextStim(__class__=<class 'psychopy.visual.text.TextStim'>, alignHoriz=method-wrapper(...), alignText='center', alignVert=method-wrapper(...), anchorHoriz='center', anchorVert='center', antialias=True, autoDraw=False, autoLog=True, bold=False, color=array([1., 1., 1.]), colorSpace='rgb', contrast=1.0, depth=0.0, draggable=False, flipHoriz=False, flipVert=False, font='Open Sans', fontFiles=[], height=0.1, italic=False, languageStyle='LTR', name='text_equation', opacity=1, ori=0.0, pos=array([0. , 0.2]), rgb=UNKNOWN, text='', units='height', win=Window(...), wrapWidth=1)
13.9179 	EXP 	Created text_opt1 = TextStim(__class__=<class 'psychopy.visual.text.TextStim'>, alignHoriz=method-wrapper(...), alignText='center', alignVert=method-wrapper(...), anchorHoriz='center', anchorVert='center', antialias=True, autoDraw=False, autoLog=True, bold=False, color=array([1., 1., 1.]), colorSpace='rgb', contrast=1.0, depth=-1.0, draggable=False, flipHoriz=False, flipVert=False, font='Arial', fontFiles=[], height=0.05, italic=False, languageStyle='LTR', name='text_opt1', opacity=1, ori=0.0, pos=array([0., 0.]), rgb=UNKNOWN, text='', units='height', win=Window(...), wrapWidth=1)
13.9186 	EXP 	Created text_opt2 = TextStim(__class__=<class 'psychopy.visual.text.TextStim'>, alignHoriz=method-wrapper(...), alignText='center', alignVert=method-wrapper(...), anchorHoriz='center', anchorVert='center', antialias=True, autoDraw=False, autoLog=True, bold=False, color=array([1., 1., 1.]), colorSpace='rgb', contrast=1.0, depth=-2.0, draggable=False, flipHoriz=False, flipVert=False, font='Arial', fontFiles=[], height=0.05, italic=False, languageStyle='LTR', name='text_opt2', opacity=1, ori=0.0, pos=array([ 0. , -0.1]), rgb=UNKNOWN, text='', units='height', win=Window(...), wrapWidth=1)
13.9193 	EXP 	Created text_opt3 = TextStim(__class__=<class 'psychopy.visual.text.TextStim'>, alignHoriz=method-wrapper(...), alignText='center', alignVert=method-wrapper(...), anchorHoriz='center', anchorVert='center', antialias=True, autoDraw=False, autoLog=True, bold=False, color=array([1., 1., 1.]), colorSpace='rgb', contrast=1.0, depth=-3.0, draggable=False, flipHoriz=False, flipVert=False, font='Arial', fontFiles=[], height=0.05, italic=False, languageStyle='LTR', name='text_opt3', opacity=1, ori=0.0, pos=array([ 0. , -0.2]), rgb=UNKNOWN, text='', units='height', win=Window(...), wrapWidth=1)
13.9220 	EXP 	Created text_2 = TextStim(__class__=<class 'psychopy.visual.text.TextStim'>, alignHoriz=method-wrapper(...), alignText='center', alignVert=method-wrapper(...), anchorHoriz='center', anchorVert='center', antialias=True, autoDraw=False, autoLog=True, bold=False, color=array([1., 1., 1.]), colorSpace='rgb', contrast=1.0, depth=0.0, draggable=False, flipHoriz=False, flipVert=False, font='Arial', fontFiles=[], height=np.float64(0.05), italic=False, languageStyle='LTR', name='text_2', opacity=1, ori=0.0, pos=array([0., 0.]), rgb=UNKNOWN, text='+', units='height', win=Window(...), wrapWidth=1)
13.9227 	EXP 	Created text_feedback = TextStim(__class__=<class 'psychopy.visual.text.TextStim'>, alignHoriz=method-wrapper(...), alignText='center', alignVert=method-wrapper(...), anchorHoriz='center', anchorVert='center', antialias=True, autoDraw=False, autoLog=True, bold=False, color=array([1., 1., 1.]), colorSpace='rgb', contrast=1.0, depth=0.0, draggable=False, flipHoriz=False, flipVert=False, font='Arial', fontFiles=[], height=0.05, italic=False, languageStyle='LTR', name='text_feedback', opacity=1, ori=0.0, pos=array([0., 0.]), rgb=UNKNOWN, text='', units='height', win=Window(...), wrapWidth=1)
13.9291 	EXP 	Created text = TextStim(__class__=<class 'psychopy.visual.text.TextStim'>, alignHoriz=method-wrapper(...), alignText='center', alignVert=method-wrapper(...), anchorHoriz='center', anchorVert='center', antialias=True, autoDraw=False, autoLog=True, bold=False, color=array([1., 1., 1.]), colorSpace='rgb', contrast=1.0, depth=0.0, draggable=False, flipHoriz=False, flipVert=False, font='Arial', fontFiles=[], height=np.float64(0.05), italic=False, languageStyle='LTR', name='text', opacity=1, ori=0.0, pos=array([0., 0.]), rgb=UNKNOWN, text=str(...), units='height', win=Window(...), wrapWidth=1)
13.9424 	EXP 	Created text_q1 = TextStim(__class__=<class 'psychopy.visual.text.TextStim'>, alignHoriz=method-wrapper(...), alignText='center', alignVert=method-wrapper(...), anchorHoriz='center', anchorVert='center', antialias=True, autoDraw=False, autoLog=True, bold=False, color=array([1., 1., 1.]), colorSpace='rgb', contrast=1.0, depth=0.0, draggable=False, flipHoriz=False, flipVert=False, font='Arial', fontFiles=[], height=np.float64(0.05), italic=False, languageStyle='LTR', name='text_q1', opacity=1, ori=0.0, pos=array([0., 0.]), rgb=UNKNOWN, text=str(...), units='height', win=Window(...), wrapWidth=1)
13.9522 	EXP 	Created text_endscreen = TextStim(__class__=<class 'psychopy.visual.text.TextStim'>, alignHoriz=method-wrapper(...), alignText='center', alignVert=method-wrapper(...), anchorHoriz='center', anchorVert='center', antialias=True, autoDraw=False, autoLog=True, bold=False, color=array([1., 1., 1.]), colorSpace='rgb', contrast=1.0, depth=0.0, draggable=False, flipHoriz=False, flipVert=False, font='Open Sans', fontFiles=[], height=np.float64(0.05), italic=False, languageStyle='LTR', name='text_endscreen', opacity=1, ori=0.0, pos=array([0., 0.]), rgb=UNKNOWN, text=str(...), units='height', win=Window(...), wrapWidth=1)
0.0051 	EXP 	text_instruction: autoDraw = True
85.6109 	EXP 	Device response: <KeyPress from None: t=85.59344969969243, value=space, duration=None>
85.6281 	EXP 	Imported math_cond_file.csv as conditions, 50 conditions, 5 params
85.6287 	EXP 	New trial (rep=0, index=0): <Trial 0 (0 in rep 0) data={'math_eq': '42 - 9', 'CorrAns': np.int64(33), 'dstr1': np.int64(31), 'dstr2': np.int64(23), 'CorrAns_key': np.int64(2), 'thisN': 0, 'thisTrialN': 0, 'thisRepN': 0}>
85.6478 	DATA 	Keypress: space
85.6493 	EXP 	text_instruction: autoDraw = False
85.6493 	EXP 	text_equation: height = np.float64(0.1)
85.6493 	EXP 	text_equation: height = np.float64(0.1)
85.6493 	EXP 	text_equation: height = np.float64(0.1)
85.6493 	EXP 	text_equation: text = '42 - 9'
85.6493 	EXP 	text_opt1: height = np.float64(0.05)
85.6493 	EXP 	text_opt1: height = np.float64(0.05)
85.6493 	EXP 	text_opt1: height = np.float64(0.05)
85.6493 	EXP 	text_opt1: text = '1. 31'
85.6493 	EXP 	text_opt2: height = np.float64(0.05)
85.6493 	EXP 	text_opt2: height = np.float64(0.05)
85.6493 	EXP 	text_opt2: height = np.float64(0.05)
85.6493 	EXP 	text_opt2: text = '2. 33'
85.6493 	EXP 	text_opt3: height = np.float64(0.05)
85.6493 	EXP 	text_opt3: height = np.float64(0.05)
85.6493 	EXP 	text_opt3: height = np.float64(0.05)
85.6493 	EXP 	text_opt3: text = '3. 23'
85.6493 	EXP 	text_equation: autoDraw = True
85.6493 	EXP 	text_opt1: autoDraw = True
85.6493 	EXP 	text_opt2: autoDraw = True
85.6493 	EXP 	text_opt3: autoDraw = True
85.7062 	EXP 	Device response: <KeyPress from None: t=85.59344969969243, value=space, duration=0.11130340024828911>
95.6389 	EXP 	text_equation: autoDraw = False
95.6389 	EXP 	text_opt1: autoDraw = False
95.6389 	EXP 	text_opt2: autoDraw = False
95.6389 	EXP 	text_opt3: autoDraw = False
95.6389 	EXP 	text_2: autoDraw = True
96.1558 	EXP 	Device response: <KeyPress from None: t=96.15264869946986, value=3, duration=None>
96.1562 	DATA 	Keypress: 3
96.3145 	EXP 	Device response: <KeyPress from None: t=96.15264869946986, value=3, duration=0.16056719981133938>
96.7644 	EXP 	Device response: <KeyPress from None: t=96.76085689943284, value=2, duration=None>
96.7648 	DATA 	Keypress: 2
96.9227 	EXP 	Device response: <KeyPress from None: t=96.76085689943284, value=2, duration=0.16028069984167814>
97.6306 	EXP 	text_2: autoDraw = False
97.6306 	EXP 	text_2: autoDraw = False
97.6306 	EXP 	text_feedback: height = np.float64(0.05)
97.6306 	EXP 	text_feedback: height = np.float64(0.05)
97.6306 	EXP 	text_feedback: height = np.float64(0.05)
97.6306 	EXP 	text_feedback: text = 'Incorrect!'
97.6306 	EXP 	text_feedback: autoDraw = True
100.6180 	EXP 	New trial (rep=0, index=1): <Trial 1 (1 in rep 0) data={'math_eq': '11 * 3', 'CorrAns': np.int64(33), 'dstr1': np.int64(31), 'dstr2': np.int64(38), 'CorrAns_key': np.int64(1), 'thisN': 1, 'thisTrialN': 1, 'thisRepN': 0}>
100.6302 	EXP 	text_feedback: autoDraw = False
100.6302 	EXP 	text_feedback: autoDraw = False
100.6302 	EXP 	text_equation: height = np.float64(0.1)
100.6302 	EXP 	text_equation: height = np.float64(0.1)
100.6302 	EXP 	text_equation: height = np.float64(0.1)
100.6302 	EXP 	text_equation: text = '11 * 3'
100.6302 	EXP 	text_opt1: height = np.float64(0.05)
100.6302 	EXP 	text_opt1: height = np.float64(0.05)
100.6302 	EXP 	text_opt1: height = np.float64(0.05)
100.6302 	EXP 	text_opt1: text = '1. 33'
100.6302 	EXP 	text_opt2: height = np.float64(0.05)
100.6302 	EXP 	text_opt2: height = np.float64(0.05)
100.6302 	EXP 	text_opt2: height = np.float64(0.05)
100.6302 	EXP 	text_opt2: text = '2. 31'
100.6302 	EXP 	text_opt3: height = np.float64(0.05)
100.6302 	EXP 	text_opt3: height = np.float64(0.05)
100.6302 	EXP 	text_opt3: height = np.float64(0.05)
100.6302 	EXP 	text_opt3: text = '3. 38'
100.6302 	EXP 	text_equation: autoDraw = True
100.6302 	EXP 	text_opt1: autoDraw = True
100.6302 	EXP 	text_opt2: autoDraw = True
100.6302 	EXP 	text_opt3: autoDraw = True
102.2655 	DATA 	Keypress: 1
102.2726 	EXP 	Device response: <KeyPress from None: t=102.26502789929509, value=1, duration=None>
102.2809 	EXP 	text_equation: autoDraw = False
102.2809 	EXP 	text_opt1: autoDraw = False
102.2809 	EXP 	text_opt2: autoDraw = False
102.2809 	EXP 	text_opt3: autoDraw = False
102.2809 	EXP 	text_2: autoDraw = True
102.3981 	EXP 	Device response: <KeyPress from None: t=102.26502789929509, value=1, duration=0.12874000053852797>
104.2725 	EXP 	text_2: autoDraw = False
104.2725 	EXP 	text_2: autoDraw = False
104.2725 	EXP 	text_feedback: height = np.float64(0.05)
104.2725 	EXP 	text_feedback: height = np.float64(0.05)
104.2725 	EXP 	text_feedback: height = np.float64(0.05)
104.2725 	EXP 	text_feedback: text = 'Correct!'
104.2725 	EXP 	text_feedback: autoDraw = True
107.2597 	EXP 	New trial (rep=0, index=2): <Trial 2 (2 in rep 0) data={'math_eq': '118 / 2', 'CorrAns': np.int64(59), 'dstr1': np.int64(63), 'dstr2': np.int64(57), 'CorrAns_key': np.int64(2), 'thisN': 2, 'thisTrialN': 2, 'thisRepN': 0}>
107.2753 	EXP 	text_feedback: autoDraw = False
107.2753 	EXP 	text_feedback: autoDraw = False
107.2753 	EXP 	text_equation: height = np.float64(0.1)
107.2753 	EXP 	text_equation: height = np.float64(0.1)
107.2753 	EXP 	text_equation: height = np.float64(0.1)
107.2753 	EXP 	text_equation: text = '118 / 2'
107.2753 	EXP 	text_opt1: height = np.float64(0.05)
107.2753 	EXP 	text_opt1: height = np.float64(0.05)
107.2753 	EXP 	text_opt1: height = np.float64(0.05)
107.2753 	EXP 	text_opt1: text = '1. 63'
107.2753 	EXP 	text_opt2: height = np.float64(0.05)
107.2753 	EXP 	text_opt2: height = np.float64(0.05)
107.2753 	EXP 	text_opt2: height = np.float64(0.05)
107.2753 	EXP 	text_opt2: text = '2. 59'
107.2753 	EXP 	text_opt3: height = np.float64(0.05)
107.2753 	EXP 	text_opt3: height = np.float64(0.05)
107.2753 	EXP 	text_opt3: height = np.float64(0.05)
107.2753 	EXP 	text_opt3: text = '3. 57'
107.2753 	EXP 	text_equation: autoDraw = True
107.2753 	EXP 	text_opt1: autoDraw = True
107.2753 	EXP 	text_opt2: autoDraw = True
107.2753 	EXP 	text_opt3: autoDraw = True
115.2147 	EXP 	Device response: <KeyPress from None: t=115.20890889968723, value=1, duration=None>
115.2157 	DATA 	Keypress: 1
115.2225 	EXP 	text_equation: autoDraw = False
115.2225 	EXP 	text_opt1: autoDraw = False
115.2225 	EXP 	text_opt2: autoDraw = False
115.2225 	EXP 	text_opt3: autoDraw = False
115.2225 	EXP 	text_2: autoDraw = True
115.3228 	EXP 	Device response: <KeyPress from None: t=115.20890889968723, value=1, duration=0.11242489982396364>
117.2142 	EXP 	text_2: autoDraw = False
117.2142 	EXP 	text_2: autoDraw = False
117.2142 	EXP 	text_feedback: height = np.float64(0.05)
117.2142 	EXP 	text_feedback: height = np.float64(0.05)
117.2142 	EXP 	text_feedback: height = np.float64(0.05)
117.2142 	EXP 	text_feedback: text = 'Incorrect!'
117.2142 	EXP 	text_feedback: autoDraw = True
120.2022 	EXP 	New trial (rep=0, index=3): <Trial 3 (3 in rep 0) data={'math_eq': '36 - 13', 'CorrAns': np.int64(23), 'dstr1': np.int64(28), 'dstr2': np.int64(22), 'CorrAns_key': np.int64(2), 'thisN': 3, 'thisTrialN': 3, 'thisRepN': 0}>
120.2122 	EXP 	text_feedback: autoDraw = False
120.2122 	EXP 	text_feedback: autoDraw = False
120.2122 	EXP 	text_equation: height = np.float64(0.1)
120.2122 	EXP 	text_equation: height = np.float64(0.1)
120.2122 	EXP 	text_equation: height = np.float64(0.1)
120.2122 	EXP 	text_equation: text = '36 - 13'
120.2122 	EXP 	text_opt1: height = np.float64(0.05)
120.2122 	EXP 	text_opt1: height = np.float64(0.05)
120.2122 	EXP 	text_opt1: height = np.float64(0.05)
120.2122 	EXP 	text_opt1: text = '1. 28'
120.2122 	EXP 	text_opt2: height = np.float64(0.05)
120.2122 	EXP 	text_opt2: height = np.float64(0.05)
120.2122 	EXP 	text_opt2: height = np.float64(0.05)
120.2122 	EXP 	text_opt2: text = '2. 23'
120.2122 	EXP 	text_opt3: height = np.float64(0.05)
120.2122 	EXP 	text_opt3: height = np.float64(0.05)
120.2122 	EXP 	text_opt3: height = np.float64(0.05)
120.2122 	EXP 	text_opt3: text = '3. 22'
120.2122 	EXP 	text_equation: autoDraw = True
120.2122 	EXP 	text_opt1: autoDraw = True
120.2122 	EXP 	text_opt2: autoDraw = True
120.2122 	EXP 	text_opt3: autoDraw = True
123.4397 	EXP 	Device response: <KeyPress from None: t=123.4332260992378, value=2, duration=None>
123.4408 	DATA 	Keypress: 2
123.4477 	EXP 	text_equation: autoDraw = False
123.4477 	EXP 	text_opt1: autoDraw = False
123.4477 	EXP 	text_opt2: autoDraw = False
123.4477 	EXP 	text_opt3: autoDraw = False
123.4477 	EXP 	text_2: autoDraw = True
123.5318 	EXP 	Device response: <KeyPress from None: t=123.4332260992378, value=2, duration=0.095983000472188>
125.4397 	EXP 	text_2: autoDraw = False
125.4397 	EXP 	text_2: autoDraw = False
125.4397 	EXP 	text_feedback: height = np.float64(0.05)
125.4397 	EXP 	text_feedback: height = np.float64(0.05)
125.4397 	EXP 	text_feedback: height = np.float64(0.05)
125.4397 	EXP 	text_feedback: text = 'Correct!'
125.4397 	EXP 	text_feedback: autoDraw = True
128.4271 	EXP 	New trial (rep=0, index=4): <Trial 4 (4 in rep 0) data={'math_eq': '38 - 12', 'CorrAns': np.int64(26), 'dstr1': np.int64(23), 'dstr2': np.int64(36), 'CorrAns_key': np.int64(2), 'thisN': 4, 'thisTrialN': 4, 'thisRepN': 0}>
128.4352 	EXP 	text_feedback: autoDraw = False
128.4352 	EXP 	text_feedback: autoDraw = False
128.4352 	EXP 	text_equation: height = np.float64(0.1)
128.4352 	EXP 	text_equation: height = np.float64(0.1)
128.4352 	EXP 	text_equation: height = np.float64(0.1)
128.4352 	EXP 	text_equation: text = '38 - 12'
128.4352 	EXP 	text_opt1: height = np.float64(0.05)
128.4352 	EXP 	text_opt1: height = np.float64(0.05)
128.4352 	EXP 	text_opt1: height = np.float64(0.05)
128.4352 	EXP 	text_opt1: text = '1. 23'
128.4352 	EXP 	text_opt2: height = np.float64(0.05)
128.4352 	EXP 	text_opt2: height = np.float64(0.05)
128.4352 	EXP 	text_opt2: height = np.float64(0.05)
128.4352 	EXP 	text_opt2: text = '2. 26'
128.4352 	EXP 	text_opt3: height = np.float64(0.05)
128.4352 	EXP 	text_opt3: height = np.float64(0.05)
128.4352 	EXP 	text_opt3: height = np.float64(0.05)
128.4352 	EXP 	text_opt3: text = '3. 36'
128.4352 	EXP 	text_equation: autoDraw = True
128.4352 	EXP 	text_opt1: autoDraw = True
128.4352 	EXP 	text_opt2: autoDraw = True
128.4352 	EXP 	text_opt3: autoDraw = True
133.4066 	EXP 	Device response: <KeyPress from None: t=133.40117809921503, value=2, duration=None>
133.4076 	DATA 	Keypress: 2
133.4145 	EXP 	text_equation: autoDraw = False
133.4145 	EXP 	text_opt1: autoDraw = False
133.4145 	EXP 	text_opt2: autoDraw = False
133.4145 	EXP 	text_opt3: autoDraw = False
133.4145 	EXP 	text_2: autoDraw = True
133.5483 	EXP 	Device response: <KeyPress from None: t=133.40117809921503, value=2, duration=0.14361090026795864>
135.4064 	EXP 	text_2: autoDraw = False
135.4064 	EXP 	text_2: autoDraw = False
135.4064 	EXP 	text_feedback: text = 'Correct!'
135.4064 	EXP 	text_feedback: autoDraw = True
138.3938 	EXP 	New trial (rep=0, index=5): <Trial 5 (5 in rep 0) data={'math_eq': '38 + 26', 'CorrAns': np.int64(64), 'dstr1': np.int64(54), 'dstr2': np.int64(62), 'CorrAns_key': np.int64(1), 'thisN': 5, 'thisTrialN': 5, 'thisRepN': 0}>
138.4045 	EXP 	text_feedback: autoDraw = False
138.4045 	EXP 	text_feedback: autoDraw = False
138.4045 	EXP 	text_equation: height = np.float64(0.1)
138.4045 	EXP 	text_equation: height = np.float64(0.1)
138.4045 	EXP 	text_equation: height = np.float64(0.1)
138.4045 	EXP 	text_equation: text = '38 + 26'
138.4045 	EXP 	text_opt1: height = np.float64(0.05)
138.4045 	EXP 	text_opt1: height = np.float64(0.05)
138.4045 	EXP 	text_opt1: height = np.float64(0.05)
138.4045 	EXP 	text_opt1: text = '1. 64'
138.4045 	EXP 	text_opt2: height = np.float64(0.05)
138.4045 	EXP 	text_opt2: height = np.float64(0.05)
138.4045 	EXP 	text_opt2: height = np.float64(0.05)
138.4045 	EXP 	text_opt2: text = '2. 54'
138.4045 	EXP 	text_opt3: height = np.float64(0.05)
138.4045 	EXP 	text_opt3: height = np.float64(0.05)
138.4045 	EXP 	text_opt3: height = np.float64(0.05)
138.4045 	EXP 	text_opt3: text = '3. 62'
138.4045 	EXP 	text_equation: autoDraw = True
138.4045 	EXP 	text_opt1: autoDraw = True
138.4045 	EXP 	text_opt2: autoDraw = True
138.4045 	EXP 	text_opt3: autoDraw = True
143.8490 	EXP 	Device response: <KeyPress from None: t=143.8485442996025, value=1, duration=None>
143.8498 	DATA 	Keypress: 1
143.8650 	EXP 	text_equation: autoDraw = False
143.8650 	EXP 	text_opt1: autoDraw = False
143.8650 	EXP 	text_opt2: autoDraw = False
143.8650 	EXP 	text_opt3: autoDraw = False
143.8650 	EXP 	text_2: autoDraw = True
143.9823 	EXP 	Device response: <KeyPress from None: t=143.8485442996025, value=1, duration=0.128235200420022>
145.8569 	EXP 	text_2: autoDraw = False
145.8569 	EXP 	text_2: autoDraw = False
145.8569 	EXP 	text_feedback: text = 'Correct!'
145.8569 	EXP 	text_feedback: autoDraw = True
148.8441 	EXP 	New trial (rep=0, index=6): <Trial 6 (6 in rep 0) data={'math_eq': '108 / 2', 'CorrAns': np.int64(54), 'dstr1': np.int64(56), 'dstr2': np.int64(64), 'CorrAns_key': np.int64(2), 'thisN': 6, 'thisTrialN': 6, 'thisRepN': 0}>
148.8537 	EXP 	text_feedback: autoDraw = False
148.8537 	EXP 	text_feedback: autoDraw = False
148.8537 	EXP 	text_equation: height = np.float64(0.1)
148.8537 	EXP 	text_equation: height = np.float64(0.1)
148.8537 	EXP 	text_equation: height = np.float64(0.1)
148.8537 	EXP 	text_equation: text = '108 / 2'
148.8537 	EXP 	text_opt1: height = np.float64(0.05)
148.8537 	EXP 	text_opt1: height = np.float64(0.05)
148.8537 	EXP 	text_opt1: height = np.float64(0.05)
148.8537 	EXP 	text_opt1: text = '1. 56'
148.8537 	EXP 	text_opt2: text = '2. 54'
148.8537 	EXP 	text_opt3: height = np.float64(0.05)
148.8537 	EXP 	text_opt3: height = np.float64(0.05)
148.8537 	EXP 	text_opt3: height = np.float64(0.05)
148.8537 	EXP 	text_opt3: text = '3. 64'
148.8537 	EXP 	text_equation: autoDraw = True
148.8537 	EXP 	text_opt1: autoDraw = True
148.8537 	EXP 	text_opt2: autoDraw = True
148.8537 	EXP 	text_opt3: autoDraw = True
153.6902 	EXP 	Device response: <KeyPress from None: t=153.6885584993288, value=2, duration=None>
153.6913 	DATA 	Keypress: 2
153.6985 	EXP 	text_equation: autoDraw = False
153.6985 	EXP 	text_opt1: autoDraw = False
153.6985 	EXP 	text_opt2: autoDraw = False
153.6985 	EXP 	text_opt3: autoDraw = False
153.6985 	EXP 	text_2: autoDraw = True
153.8075 	EXP 	Device response: <KeyPress from None: t=153.6885584993288, value=2, duration=0.11225130036473274>
155.6902 	EXP 	text_2: autoDraw = False
155.6902 	EXP 	text_2: autoDraw = False
155.6902 	EXP 	text_feedback: text = 'Correct!'
155.6902 	EXP 	text_feedback: autoDraw = True
158.6775 	EXP 	New trial (rep=0, index=7): <Trial 7 (7 in rep 0) data={'math_eq': '15 * 2', 'CorrAns': np.int64(30), 'dstr1': np.int64(27), 'dstr2': np.int64(26), 'CorrAns_key': np.int64(2), 'thisN': 7, 'thisTrialN': 7, 'thisRepN': 0}>
158.6882 	EXP 	text_feedback: autoDraw = False
158.6882 	EXP 	text_feedback: autoDraw = False
158.6882 	EXP 	text_equation: height = np.float64(0.1)
158.6882 	EXP 	text_equation: height = np.float64(0.1)
158.6882 	EXP 	text_equation: height = np.float64(0.1)
158.6882 	EXP 	text_equation: text = '15 * 2'
158.6882 	EXP 	text_opt1: height = np.float64(0.05)
158.6882 	EXP 	text_opt1: height = np.float64(0.05)
158.6882 	EXP 	text_opt1: height = np.float64(0.05)
158.6882 	EXP 	text_opt1: text = '1. 27'
158.6882 	EXP 	text_opt2: height = np.float64(0.05)
158.6882 	EXP 	text_opt2: height = np.float64(0.05)
158.6882 	EXP 	text_opt2: height = np.float64(0.05)
158.6882 	EXP 	text_opt2: text = '2. 30'
158.6882 	EXP 	text_opt3: height = np.float64(0.05)
158.6882 	EXP 	text_opt3: height = np.float64(0.05)
158.6882 	EXP 	text_opt3: height = np.float64(0.05)
158.6882 	EXP 	text_opt3: text = '3. 26'
158.6882 	EXP 	text_equation: autoDraw = True
158.6882 	EXP 	text_opt1: autoDraw = True
158.6882 	EXP 	text_opt2: autoDraw = True
158.6882 	EXP 	text_opt3: autoDraw = True
161.1491 	EXP 	Device response: <KeyPress from None: t=161.14549160003662, value=2, duration=None>
161.1502 	DATA 	Keypress: 2
161.1570 	EXP 	text_equation: autoDraw = False
161.1570 	EXP 	text_opt1: autoDraw = False
161.1570 	EXP 	text_opt2: autoDraw = False
161.1570 	EXP 	text_opt3: autoDraw = False
161.1570 	EXP 	text_2: autoDraw = True
161.2573 	EXP 	Device response: <KeyPress from None: t=161.14549160003662, value=2, duration=0.111315599642694>
163.1484 	EXP 	text_2: autoDraw = False
163.1484 	EXP 	text_2: autoDraw = False
163.1484 	EXP 	text_feedback: text = 'Correct!'
163.1484 	EXP 	text_feedback: autoDraw = True
166.1362 	EXP 	New trial (rep=0, index=8): <Trial 8 (8 in rep 0) data={'math_eq': '30 - 14', 'CorrAns': np.int64(16), 'dstr1': np.int64(17), 'dstr2': np.int64(18), 'CorrAns_key': np.int64(2), 'thisN': 8, 'thisTrialN': 8, 'thisRepN': 0}>
166.1446 	EXP 	text_feedback: autoDraw = False
166.1446 	EXP 	text_feedback: autoDraw = False
166.1446 	EXP 	text_equation: height = np.float64(0.1)
166.1446 	EXP 	text_equation: height = np.float64(0.1)
166.1446 	EXP 	text_equation: height = np.float64(0.1)
166.1446 	EXP 	text_equation: text = '30 - 14'
166.1446 	EXP 	text_opt1: height = np.float64(0.05)
166.1446 	EXP 	text_opt1: height = np.float64(0.05)
166.1446 	EXP 	text_opt1: height = np.float64(0.05)
166.1446 	EXP 	text_opt1: text = '1. 17'
166.1446 	EXP 	text_opt2: height = np.float64(0.05)
166.1446 	EXP 	text_opt2: height = np.float64(0.05)
166.1446 	EXP 	text_opt2: height = np.float64(0.05)
166.1446 	EXP 	text_opt2: text = '2. 16'
166.1446 	EXP 	text_opt3: height = np.float64(0.05)
166.1446 	EXP 	text_opt3: height = np.float64(0.05)
166.1446 	EXP 	text_opt3: height = np.float64(0.05)
166.1446 	EXP 	text_opt3: text = '3. 18'
166.1446 	EXP 	text_equation: autoDraw = True
166.1446 	EXP 	text_opt1: autoDraw = True
166.1446 	EXP 	text_opt2: autoDraw = True
166.1446 	EXP 	text_opt3: autoDraw = True
170.2335 	DATA 	Keypress: 2
170.2409 	EXP 	Device response: <KeyPress from None: t=170.2329537998885, value=2, duration=None>
170.2487 	EXP 	text_equation: autoDraw = False
170.2487 	EXP 	text_opt1: autoDraw = False
170.2487 	EXP 	text_opt2: autoDraw = False
170.2487 	EXP 	text_opt3: autoDraw = False
170.2487 	EXP 	text_2: autoDraw = True
170.3326 	EXP 	Device response: <KeyPress from None: t=170.2329537998885, value=2, duration=0.09614530019462109>
172.2405 	EXP 	text_2: autoDraw = False
172.2405 	EXP 	text_2: autoDraw = False
172.2405 	EXP 	text_feedback: text = 'Correct!'
172.2405 	EXP 	text_feedback: autoDraw = True
175.2276 	EXP 	New trial (rep=0, index=9): <Trial 9 (9 in rep 0) data={'math_eq': '13 * 2', 'CorrAns': np.int64(26), 'dstr1': np.int64(24), 'dstr2': np.int64(23), 'CorrAns_key': np.int64(3), 'thisN': 9, 'thisTrialN': 9, 'thisRepN': 0}>
175.2364 	EXP 	text_feedback: autoDraw = False
175.2364 	EXP 	text_feedback: autoDraw = False
175.2364 	EXP 	text_equation: height = np.float64(0.1)
175.2364 	EXP 	text_equation: height = np.float64(0.1)
175.2364 	EXP 	text_equation: height = np.float64(0.1)
175.2364 	EXP 	text_equation: text = '13 * 2'
175.2364 	EXP 	text_opt1: height = np.float64(0.05)
175.2364 	EXP 	text_opt1: height = np.float64(0.05)
175.2364 	EXP 	text_opt1: height = np.float64(0.05)
175.2364 	EXP 	text_opt1: text = '1. 24'
175.2364 	EXP 	text_opt2: height = np.float64(0.05)
175.2364 	EXP 	text_opt2: height = np.float64(0.05)
175.2364 	EXP 	text_opt2: height = np.float64(0.05)
175.2364 	EXP 	text_opt2: text = '2. 23'
175.2364 	EXP 	text_opt3: height = np.float64(0.05)
175.2364 	EXP 	text_opt3: height = np.float64(0.05)
175.2364 	EXP 	text_opt3: height = np.float64(0.05)
175.2364 	EXP 	text_opt3: text = '3. 26'
175.2364 	EXP 	text_equation: autoDraw = True
175.2364 	EXP 	text_opt1: autoDraw = True
175.2364 	EXP 	text_opt2: autoDraw = True
175.2364 	EXP 	text_opt3: autoDraw = True
177.5826 	EXP 	Device response: <KeyPress from None: t=177.57663560006768, value=3, duration=None>
177.5836 	DATA 	Keypress: 3
177.5908 	EXP 	text_equation: autoDraw = False
177.5908 	EXP 	text_opt1: autoDraw = False
177.5908 	EXP 	text_opt2: autoDraw = False
177.5908 	EXP 	text_opt3: autoDraw = False
177.5908 	EXP 	text_2: autoDraw = True
177.6908 	EXP 	Device response: <KeyPress from None: t=177.57663560006768, value=3, duration=0.11249639932066202>
179.5821 	EXP 	text_2: autoDraw = False
179.5821 	EXP 	text_2: autoDraw = False
179.5821 	EXP 	text_feedback: text = 'Correct!'
179.5821 	EXP 	text_feedback: autoDraw = True
182.5662 	EXP 	New trial (rep=0, index=0): <Trial 0 (0 in rep 0) data={'thisN': 0, 'thisTrialN': 0, 'thisRepN': 0}>
182.5737 	EXP 	text_feedback: autoDraw = False
182.5737 	EXP 	text_feedback: autoDraw = False
182.5737 	EXP 	text: autoDraw = True
192.5615 	EXP 	New trial (rep=0, index=10): <Trial 10 (10 in rep 0) data={'math_eq': '31 + 10', 'CorrAns': np.int64(41), 'dstr1': np.int64(39), 'dstr2': np.int64(32), 'CorrAns_key': np.int64(3), 'thisN': 10, 'thisTrialN': 10, 'thisRepN': 0}>
192.5703 	EXP 	text: autoDraw = False
192.5703 	EXP 	text: autoDraw = False
192.5703 	EXP 	text_equation: height = np.float64(0.1)
192.5703 	EXP 	text_equation: height = np.float64(0.1)
192.5703 	EXP 	text_equation: height = np.float64(0.1)
192.5703 	EXP 	text_equation: text = '31 + 10'
192.5703 	EXP 	text_opt1: height = np.float64(0.05)
192.5703 	EXP 	text_opt1: height = np.float64(0.05)
192.5703 	EXP 	text_opt1: height = np.float64(0.05)
192.5703 	EXP 	text_opt1: text = '1. 39'
192.5703 	EXP 	text_opt2: height = np.float64(0.05)
192.5703 	EXP 	text_opt2: height = np.float64(0.05)
192.5703 	EXP 	text_opt2: height = np.float64(0.05)
192.5703 	EXP 	text_opt2: text = '2. 32'
192.5703 	EXP 	text_opt3: height = np.float64(0.05)
192.5703 	EXP 	text_opt3: height = np.float64(0.05)
192.5703 	EXP 	text_opt3: height = np.float64(0.05)
192.5703 	EXP 	text_opt3: text = '3. 41'
192.5703 	EXP 	text_equation: autoDraw = True
192.5703 	EXP 	text_opt1: autoDraw = True
192.5703 	EXP 	text_opt2: autoDraw = True
192.5703 	EXP 	text_opt3: autoDraw = True
195.1167 	EXP 	Device response: <KeyPress from None: t=195.11330189928412, value=3, duration=None>
195.1177 	DATA 	Keypress: 3
195.1239 	EXP 	text_equation: autoDraw = False
195.1239 	EXP 	text_opt1: autoDraw = False
195.1239 	EXP 	text_opt2: autoDraw = False
195.1239 	EXP 	text_opt3: autoDraw = False
195.1239 	EXP 	text_2: autoDraw = True
195.3085 	EXP 	Device response: <KeyPress from None: t=195.11330189928412, value=3, duration=0.19180310051888227>
197.1157 	EXP 	text_2: autoDraw = False
197.1157 	EXP 	text_2: autoDraw = False
197.1157 	EXP 	text_feedback: text = 'Correct!'
197.1157 	EXP 	text_feedback: autoDraw = True
200.1031 	EXP 	New trial (rep=0, index=11): <Trial 11 (11 in rep 0) data={'math_eq': '27 - 14', 'CorrAns': np.int64(13), 'dstr1': np.int64(10), 'dstr2': np.int64(23), 'CorrAns_key': np.int64(1), 'thisN': 11, 'thisTrialN': 11, 'thisRepN': 0}>
200.1136 	EXP 	text_feedback: autoDraw = False
200.1136 	EXP 	text_feedback: autoDraw = False
200.1136 	EXP 	text_equation: height = np.float64(0.1)
200.1136 	EXP 	text_equation: height = np.float64(0.1)
200.1136 	EXP 	text_equation: height = np.float64(0.1)
200.1136 	EXP 	text_equation: text = '27 - 14'
200.1136 	EXP 	text_opt1: height = np.float64(0.05)
200.1136 	EXP 	text_opt1: height = np.float64(0.05)
200.1136 	EXP 	text_opt1: height = np.float64(0.05)
200.1136 	EXP 	text_opt1: text = '1. 13'
200.1136 	EXP 	text_opt2: height = np.float64(0.05)
200.1136 	EXP 	text_opt2: height = np.float64(0.05)
200.1136 	EXP 	text_opt2: height = np.float64(0.05)
200.1136 	EXP 	text_opt2: text = '2. 10'
200.1136 	EXP 	text_opt3: height = np.float64(0.05)
200.1136 	EXP 	text_opt3: height = np.float64(0.05)
200.1136 	EXP 	text_opt3: height = np.float64(0.05)
200.1136 	EXP 	text_opt3: text = '3. 23'
200.1136 	EXP 	text_equation: autoDraw = True
200.1136 	EXP 	text_opt1: autoDraw = True
200.1136 	EXP 	text_opt2: autoDraw = True
200.1136 	EXP 	text_opt3: autoDraw = True
203.7749 	EXP 	Device response: <KeyPress from None: t=203.7687765993178, value=1, duration=None>
203.7759 	DATA 	Keypress: 1
203.7828 	EXP 	text_equation: autoDraw = False
203.7828 	EXP 	text_opt1: autoDraw = False
203.7828 	EXP 	text_opt2: autoDraw = False
203.7828 	EXP 	text_opt3: autoDraw = False
203.7828 	EXP 	text_2: autoDraw = True
203.9330 	EXP 	Device response: <KeyPress from None: t=203.7687765993178, value=1, duration=0.16059340070933104>
205.7743 	EXP 	text_2: autoDraw = False
205.7743 	EXP 	text_2: autoDraw = False
205.7743 	EXP 	text_feedback: text = 'Correct!'
205.7743 	EXP 	text_feedback: autoDraw = True
208.7616 	EXP 	New trial (rep=0, index=12): <Trial 12 (12 in rep 0) data={'math_eq': '27 + 18', 'CorrAns': np.int64(45), 'dstr1': np.int64(47), 'dstr2': np.int64(52), 'CorrAns_key': np.int64(1), 'thisN': 12, 'thisTrialN': 12, 'thisRepN': 0}>
208.7709 	EXP 	text_feedback: autoDraw = False
208.7709 	EXP 	text_feedback: autoDraw = False
208.7709 	EXP 	text_equation: height = np.float64(0.1)
208.7709 	EXP 	text_equation: height = np.float64(0.1)
208.7709 	EXP 	text_equation: height = np.float64(0.1)
208.7709 	EXP 	text_equation: text = '27 + 18'
208.7709 	EXP 	text_opt1: height = np.float64(0.05)
208.7709 	EXP 	text_opt1: height = np.float64(0.05)
208.7709 	EXP 	text_opt1: height = np.float64(0.05)
208.7709 	EXP 	text_opt1: text = '1. 45'
208.7709 	EXP 	text_opt2: height = np.float64(0.05)
208.7709 	EXP 	text_opt2: height = np.float64(0.05)
208.7709 	EXP 	text_opt2: height = np.float64(0.05)
208.7709 	EXP 	text_opt2: text = '2. 47'
208.7709 	EXP 	text_opt3: height = np.float64(0.05)
208.7709 	EXP 	text_opt3: height = np.float64(0.05)
208.7709 	EXP 	text_opt3: height = np.float64(0.05)
208.7709 	EXP 	text_opt3: text = '3. 52'
208.7709 	EXP 	text_equation: autoDraw = True
208.7709 	EXP 	text_opt1: autoDraw = True
208.7709 	EXP 	text_opt2: autoDraw = True
208.7709 	EXP 	text_opt3: autoDraw = True
212.8750 	EXP 	Device response: <KeyPress from None: t=212.87260209955275, value=1, duration=None>
212.8761 	DATA 	Keypress: 1
212.8829 	EXP 	text_equation: autoDraw = False
212.8829 	EXP 	text_opt1: autoDraw = False
212.8829 	EXP 	text_opt2: autoDraw = False
212.8829 	EXP 	text_opt3: autoDraw = False
212.8829 	EXP 	text_2: autoDraw = True
213.0251 	EXP 	Device response: <KeyPress from None: t=212.87260209955275, value=1, duration=0.14429070055484772>
214.8743 	EXP 	text_2: autoDraw = False
214.8743 	EXP 	text_2: autoDraw = False
214.8743 	EXP 	text_feedback: text = 'Correct!'
214.8743 	EXP 	text_feedback: autoDraw = True
217.8621 	EXP 	New trial (rep=0, index=13): <Trial 13 (13 in rep 0) data={'math_eq': '37 + 18', 'CorrAns': np.int64(55), 'dstr1': np.int64(47), 'dstr2': np.int64(45), 'CorrAns_key': np.int64(2), 'thisN': 13, 'thisTrialN': 13, 'thisRepN': 0}>
217.8712 	EXP 	text_feedback: autoDraw = False
217.8712 	EXP 	text_feedback: autoDraw = False
217.8712 	EXP 	text_equation: height = np.float64(0.1)
217.8712 	EXP 	text_equation: height = np.float64(0.1)
217.8712 	EXP 	text_equation: height = np.float64(0.1)
217.8712 	EXP 	text_equation: text = '37 + 18'
217.8712 	EXP 	text_opt1: height = np.float64(0.05)
217.8712 	EXP 	text_opt1: height = np.float64(0.05)
217.8712 	EXP 	text_opt1: height = np.float64(0.05)
217.8712 	EXP 	text_opt1: text = '1. 47'
217.8712 	EXP 	text_opt2: height = np.float64(0.05)
217.8712 	EXP 	text_opt2: height = np.float64(0.05)
217.8712 	EXP 	text_opt2: height = np.float64(0.05)
217.8712 	EXP 	text_opt2: text = '2. 55'
217.8712 	EXP 	text_opt3: height = np.float64(0.05)
217.8712 	EXP 	text_opt3: height = np.float64(0.05)
217.8712 	EXP 	text_opt3: height = np.float64(0.05)
217.8712 	EXP 	text_opt3: text = '3. 45'
217.8712 	EXP 	text_equation: autoDraw = True
217.8712 	EXP 	text_opt1: autoDraw = True
217.8712 	EXP 	text_opt2: autoDraw = True
217.8712 	EXP 	text_opt3: autoDraw = True
221.8669 	EXP 	Device response: <KeyPress from None: t=221.86516859941185, value=2, duration=None>
221.8679 	DATA 	Keypress: 2
221.8746 	EXP 	text_equation: autoDraw = False
221.8746 	EXP 	text_opt1: autoDraw = False
221.8746 	EXP 	text_opt2: autoDraw = False
221.8746 	EXP 	text_opt3: autoDraw = False
221.8746 	EXP 	text_2: autoDraw = True
221.9832 	EXP 	Device response: <KeyPress from None: t=221.86516859941185, value=2, duration=0.1115311998873949>
223.8662 	EXP 	text_2: autoDraw = False
223.8662 	EXP 	text_2: autoDraw = False
223.8662 	EXP 	text_feedback: text = 'Correct!'
223.8662 	EXP 	text_feedback: autoDraw = True
226.8540 	EXP 	New trial (rep=0, index=14): <Trial 14 (14 in rep 0) data={'math_eq': '112 / 2', 'CorrAns': np.int64(56), 'dstr1': np.int64(52), 'dstr2': np.int64(46), 'CorrAns_key': np.int64(1), 'thisN': 14, 'thisTrialN': 14, 'thisRepN': 0}>
226.8630 	EXP 	text_feedback: autoDraw = False
226.8630 	EXP 	text_feedback: autoDraw = False
226.8630 	EXP 	text_equation: height = np.float64(0.1)
226.8630 	EXP 	text_equation: height = np.float64(0.1)
226.8630 	EXP 	text_equation: height = np.float64(0.1)
226.8630 	EXP 	text_equation: text = '112 / 2'
226.8630 	EXP 	text_opt1: height = np.float64(0.05)
226.8630 	EXP 	text_opt1: height = np.float64(0.05)
226.8630 	EXP 	text_opt1: height = np.float64(0.05)
226.8630 	EXP 	text_opt1: text = '1. 56'
226.8630 	EXP 	text_opt2: height = np.float64(0.05)
226.8630 	EXP 	text_opt2: height = np.float64(0.05)
226.8630 	EXP 	text_opt2: height = np.float64(0.05)
226.8630 	EXP 	text_opt2: text = '2. 52'
226.8630 	EXP 	text_opt3: height = np.float64(0.05)
226.8630 	EXP 	text_opt3: height = np.float64(0.05)
226.8630 	EXP 	text_opt3: height = np.float64(0.05)
226.8630 	EXP 	text_opt3: text = '3. 46'
226.8630 	EXP 	text_equation: autoDraw = True
226.8630 	EXP 	text_opt1: autoDraw = True
226.8630 	EXP 	text_opt2: autoDraw = True
226.8630 	EXP 	text_opt3: autoDraw = True
230.4754 	EXP 	Device response: <KeyPress from None: t=230.47377419937402, value=1, duration=None>
230.4764 	DATA 	Keypress: 1
230.4833 	EXP 	text_equation: autoDraw = False
230.4833 	EXP 	text_opt1: autoDraw = False
230.4833 	EXP 	text_opt2: autoDraw = False
230.4833 	EXP 	text_opt3: autoDraw = False
230.4833 	EXP 	text_2: autoDraw = True
230.5919 	EXP 	Device response: <KeyPress from None: t=230.47377419937402, value=1, duration=0.11141650006175041>
232.4750 	EXP 	text_2: autoDraw = False
232.4750 	EXP 	text_2: autoDraw = False
232.4750 	EXP 	text_feedback: text = 'Correct!'
232.4750 	EXP 	text_feedback: autoDraw = True
235.4622 	EXP 	New trial (rep=0, index=15): <Trial 15 (15 in rep 0) data={'math_eq': '110 / 2', 'CorrAns': np.int64(55), 'dstr1': np.int64(59), 'dstr2': np.int64(57), 'CorrAns_key': np.int64(2), 'thisN': 15, 'thisTrialN': 15, 'thisRepN': 0}>
235.4709 	EXP 	text_feedback: autoDraw = False
235.4709 	EXP 	text_feedback: autoDraw = False
235.4709 	EXP 	text_equation: height = np.float64(0.1)
235.4709 	EXP 	text_equation: height = np.float64(0.1)
235.4709 	EXP 	text_equation: height = np.float64(0.1)
235.4709 	EXP 	text_equation: text = '110 / 2'
235.4709 	EXP 	text_opt1: height = np.float64(0.05)
235.4709 	EXP 	text_opt1: height = np.float64(0.05)
235.4709 	EXP 	text_opt1: height = np.float64(0.05)
235.4709 	EXP 	text_opt1: text = '1. 59'
235.4709 	EXP 	text_opt2: height = np.float64(0.05)
235.4709 	EXP 	text_opt2: height = np.float64(0.05)
235.4709 	EXP 	text_opt2: height = np.float64(0.05)
235.4709 	EXP 	text_opt2: text = '2. 55'
235.4709 	EXP 	text_opt3: height = np.float64(0.05)
235.4709 	EXP 	text_opt3: height = np.float64(0.05)
235.4709 	EXP 	text_opt3: height = np.float64(0.05)
235.4709 	EXP 	text_opt3: text = '3. 57'
235.4709 	EXP 	text_equation: autoDraw = True
235.4709 	EXP 	text_opt1: autoDraw = True
235.4709 	EXP 	text_opt2: autoDraw = True
235.4709 	EXP 	text_opt3: autoDraw = True
240.3006 	EXP 	Device response: <KeyPress from None: t=240.29672979936004, value=2, duration=None>
240.3016 	DATA 	Keypress: 2
240.3084 	EXP 	text_equation: autoDraw = False
240.3084 	EXP 	text_opt1: autoDraw = False
240.3084 	EXP 	text_opt2: autoDraw = False
240.3084 	EXP 	text_opt3: autoDraw = False
240.3084 	EXP 	text_2: autoDraw = True
240.3838 	EXP 	Device response: <KeyPress from None: t=240.29672979936004, value=2, duration=0.08019660040736198>
242.2999 	EXP 	text_2: autoDraw = False
242.2999 	EXP 	text_2: autoDraw = False
242.2999 	EXP 	text_feedback: text = 'Correct!'
242.2999 	EXP 	text_feedback: autoDraw = True
245.2878 	EXP 	New trial (rep=0, index=16): <Trial 16 (16 in rep 0) data={'math_eq': '22 + 14', 'CorrAns': np.int64(36), 'dstr1': np.int64(46), 'dstr2': np.int64(38), 'CorrAns_key': np.int64(3), 'thisN': 16, 'thisTrialN': 16, 'thisRepN': 0}>
245.2966 	EXP 	text_feedback: autoDraw = False
245.2966 	EXP 	text_feedback: autoDraw = False
245.2966 	EXP 	text_equation: height = np.float64(0.1)
245.2966 	EXP 	text_equation: height = np.float64(0.1)
245.2966 	EXP 	text_equation: height = np.float64(0.1)
245.2966 	EXP 	text_equation: text = '22 + 14'
245.2966 	EXP 	text_opt1: height = np.float64(0.05)
245.2966 	EXP 	text_opt1: height = np.float64(0.05)
245.2966 	EXP 	text_opt1: height = np.float64(0.05)
245.2966 	EXP 	text_opt1: text = '1. 46'
245.2966 	EXP 	text_opt2: height = np.float64(0.05)
245.2966 	EXP 	text_opt2: height = np.float64(0.05)
245.2966 	EXP 	text_opt2: height = np.float64(0.05)
245.2966 	EXP 	text_opt2: text = '2. 38'
245.2966 	EXP 	text_opt3: height = np.float64(0.05)
245.2966 	EXP 	text_opt3: height = np.float64(0.05)
245.2966 	EXP 	text_opt3: height = np.float64(0.05)
245.2966 	EXP 	text_opt3: text = '3. 36'
245.2966 	EXP 	text_equation: autoDraw = True
245.2966 	EXP 	text_opt1: autoDraw = True
245.2966 	EXP 	text_opt2: autoDraw = True
245.2966 	EXP 	text_opt3: autoDraw = True
248.9254 	EXP 	Device response: <KeyPress from None: t=248.92067979928106, value=3, duration=None>
248.9265 	DATA 	Keypress: 3
248.9332 	EXP 	text_equation: autoDraw = False
248.9332 	EXP 	text_opt1: autoDraw = False
248.9332 	EXP 	text_opt2: autoDraw = False
248.9332 	EXP 	text_opt3: autoDraw = False
248.9332 	EXP 	text_2: autoDraw = True
249.0173 	EXP 	Device response: <KeyPress from None: t=248.92067979928106, value=3, duration=0.09611960034817457>
250.9251 	EXP 	text_2: autoDraw = False
250.9251 	EXP 	text_2: autoDraw = False
250.9251 	EXP 	text_feedback: text = 'Correct!'
250.9251 	EXP 	text_feedback: autoDraw = True
253.9123 	EXP 	New trial (rep=0, index=17): <Trial 17 (17 in rep 0) data={'math_eq': '32 - 9', 'CorrAns': np.int64(23), 'dstr1': np.int64(29), 'dstr2': np.int64(21), 'CorrAns_key': np.int64(3), 'thisN': 17, 'thisTrialN': 17, 'thisRepN': 0}>
253.9207 	EXP 	text_feedback: autoDraw = False
253.9207 	EXP 	text_feedback: autoDraw = False
253.9207 	EXP 	text_equation: height = np.float64(0.1)
253.9207 	EXP 	text_equation: height = np.float64(0.1)
253.9207 	EXP 	text_equation: height = np.float64(0.1)
253.9207 	EXP 	text_equation: text = '32 - 9'
253.9207 	EXP 	text_opt1: height = np.float64(0.05)
253.9207 	EXP 	text_opt1: height = np.float64(0.05)
253.9207 	EXP 	text_opt1: height = np.float64(0.05)
253.9207 	EXP 	text_opt1: text = '1. 29'
253.9207 	EXP 	text_opt2: height = np.float64(0.05)
253.9207 	EXP 	text_opt2: height = np.float64(0.05)
253.9207 	EXP 	text_opt2: height = np.float64(0.05)
253.9207 	EXP 	text_opt2: text = '2. 21'
253.9207 	EXP 	text_opt3: height = np.float64(0.05)
253.9207 	EXP 	text_opt3: height = np.float64(0.05)
253.9207 	EXP 	text_opt3: height = np.float64(0.05)
253.9207 	EXP 	text_opt3: text = '3. 23'
253.9207 	EXP 	text_equation: autoDraw = True
253.9207 	EXP 	text_opt1: autoDraw = True
253.9207 	EXP 	text_opt2: autoDraw = True
253.9207 	EXP 	text_opt3: autoDraw = True
258.2505 	EXP 	Device response: <KeyPress from None: t=258.2487789997831, value=3, duration=None>
258.2515 	DATA 	Keypress: 3
258.2587 	EXP 	text_equation: autoDraw = False
258.2587 	EXP 	text_opt1: autoDraw = False
258.2587 	EXP 	text_opt2: autoDraw = False
258.2587 	EXP 	text_opt3: autoDraw = False
258.2587 	EXP 	text_2: autoDraw = True
258.4009 	EXP 	Device response: <KeyPress from None: t=258.2487789997831, value=3, duration=0.14456789940595627>
260.2507 	EXP 	text_2: autoDraw = False
260.2507 	EXP 	text_2: autoDraw = False
260.2507 	EXP 	text_feedback: text = 'Correct!'
260.2507 	EXP 	text_feedback: autoDraw = True
263.2379 	EXP 	New trial (rep=0, index=18): <Trial 18 (18 in rep 0) data={'math_eq': '18 * 3', 'CorrAns': np.int64(54), 'dstr1': np.int64(52), 'dstr2': np.int64(44), 'CorrAns_key': np.int64(3), 'thisN': 18, 'thisTrialN': 18, 'thisRepN': 0}>
263.2466 	EXP 	text_feedback: autoDraw = False
263.2466 	EXP 	text_feedback: autoDraw = False
263.2466 	EXP 	text_equation: height = np.float64(0.1)
263.2466 	EXP 	text_equation: height = np.float64(0.1)
263.2466 	EXP 	text_equation: height = np.float64(0.1)
263.2466 	EXP 	text_equation: text = '18 * 3'
263.2466 	EXP 	text_opt1: height = np.float64(0.05)
263.2466 	EXP 	text_opt1: height = np.float64(0.05)
263.2466 	EXP 	text_opt1: height = np.float64(0.05)
263.2466 	EXP 	text_opt1: text = '1. 52'
263.2466 	EXP 	text_opt2: height = np.float64(0.05)
263.2466 	EXP 	text_opt2: height = np.float64(0.05)
263.2466 	EXP 	text_opt2: height = np.float64(0.05)
263.2466 	EXP 	text_opt2: text = '2. 44'
263.2466 	EXP 	text_opt3: height = np.float64(0.05)
263.2466 	EXP 	text_opt3: height = np.float64(0.05)
263.2466 	EXP 	text_opt3: height = np.float64(0.05)
263.2466 	EXP 	text_opt3: text = '3. 54'
263.2466 	EXP 	text_equation: autoDraw = True
263.2466 	EXP 	text_opt1: autoDraw = True
263.2466 	EXP 	text_opt2: autoDraw = True
263.2466 	EXP 	text_opt3: autoDraw = True
268.8761 	EXP 	Device response: <KeyPress from None: t=268.87288829963654, value=3, duration=None>
268.8771 	DATA 	Keypress: 3
268.8836 	EXP 	text_equation: autoDraw = False
268.8836 	EXP 	text_opt1: autoDraw = False
268.8836 	EXP 	text_opt2: autoDraw = False
268.8836 	EXP 	text_opt3: autoDraw = False
268.8836 	EXP 	text_2: autoDraw = True
268.9592 	EXP 	Device response: <KeyPress from None: t=268.87288829963654, value=3, duration=0.08035430032759905>
270.8759 	EXP 	text_2: autoDraw = False
270.8759 	EXP 	text_2: autoDraw = False
270.8759 	EXP 	text_feedback: text = 'Correct!'
270.8759 	EXP 	text_feedback: autoDraw = True
273.8632 	EXP 	New trial (rep=0, index=19): <Trial 19 (19 in rep 0) data={'math_eq': '33 - 6', 'CorrAns': np.int64(27), 'dstr1': np.int64(29), 'dstr2': np.int64(26), 'CorrAns_key': np.int64(2), 'thisN': 19, 'thisTrialN': 19, 'thisRepN': 0}>
273.8716 	EXP 	text_feedback: autoDraw = False
273.8716 	EXP 	text_feedback: autoDraw = False
273.8716 	EXP 	text_equation: height = np.float64(0.1)
273.8716 	EXP 	text_equation: height = np.float64(0.1)
273.8716 	EXP 	text_equation: height = np.float64(0.1)
273.8716 	EXP 	text_equation: text = '33 - 6'
273.8716 	EXP 	text_opt1: height = np.float64(0.05)
273.8716 	EXP 	text_opt1: height = np.float64(0.05)
273.8716 	EXP 	text_opt1: height = np.float64(0.05)
273.8716 	EXP 	text_opt1: text = '1. 29'
273.8716 	EXP 	text_opt2: height = np.float64(0.05)
273.8716 	EXP 	text_opt2: height = np.float64(0.05)
273.8716 	EXP 	text_opt2: height = np.float64(0.05)
273.8716 	EXP 	text_opt2: text = '2. 27'
273.8716 	EXP 	text_opt3: height = np.float64(0.05)
273.8716 	EXP 	text_opt3: height = np.float64(0.05)
273.8716 	EXP 	text_opt3: height = np.float64(0.05)
273.8716 	EXP 	text_opt3: text = '3. 26'
273.8716 	EXP 	text_equation: autoDraw = True
273.8716 	EXP 	text_opt1: autoDraw = True
273.8716 	EXP 	text_opt2: autoDraw = True
273.8716 	EXP 	text_opt3: autoDraw = True
279.0845 	EXP 	Device response: <KeyPress from None: t=279.08088309969753, value=2, duration=None>
279.0855 	DATA 	Keypress: 2
279.0923 	EXP 	text_equation: autoDraw = False
279.0923 	EXP 	text_opt1: autoDraw = False
279.0923 	EXP 	text_opt2: autoDraw = False
279.0923 	EXP 	text_opt3: autoDraw = False
279.0923 	EXP 	text_2: autoDraw = True
279.2014 	EXP 	Device response: <KeyPress from None: t=279.08088309969753, value=2, duration=0.11288909986615181>
281.0842 	EXP 	text_2: autoDraw = False
281.0842 	EXP 	text_2: autoDraw = False
281.0842 	EXP 	text_feedback: text = 'Correct!'
281.0842 	EXP 	text_feedback: autoDraw = True
284.0684 	EXP 	New trial (rep=0, index=0): <Trial 0 (0 in rep 0) data={'thisN': 0, 'thisTrialN': 0, 'thisRepN': 0}>
284.0758 	EXP 	text_feedback: autoDraw = False
284.0758 	EXP 	text_feedback: autoDraw = False
284.0758 	EXP 	text: autoDraw = True
294.0632 	EXP 	New trial (rep=0, index=20): <Trial 20 (20 in rep 0) data={'math_eq': '19 * 3', 'CorrAns': np.int64(57), 'dstr1': np.int64(50), 'dstr2': np.int64(53), 'CorrAns_key': np.int64(3), 'thisN': 20, 'thisTrialN': 20, 'thisRepN': 0}>
294.0715 	EXP 	text: autoDraw = False
294.0715 	EXP 	text: autoDraw = False
294.0715 	EXP 	text_equation: height = np.float64(0.1)
294.0715 	EXP 	text_equation: height = np.float64(0.1)
294.0715 	EXP 	text_equation: height = np.float64(0.1)
294.0715 	EXP 	text_equation: text = '19 * 3'
294.0715 	EXP 	text_opt1: height = np.float64(0.05)
294.0715 	EXP 	text_opt1: height = np.float64(0.05)
294.0715 	EXP 	text_opt1: height = np.float64(0.05)
294.0715 	EXP 	text_opt1: text = '1. 50'
294.0715 	EXP 	text_opt2: height = np.float64(0.05)
294.0715 	EXP 	text_opt2: height = np.float64(0.05)
294.0715 	EXP 	text_opt2: height = np.float64(0.05)
294.0715 	EXP 	text_opt2: text = '2. 53'
294.0715 	EXP 	text_opt3: height = np.float64(0.05)
294.0715 	EXP 	text_opt3: height = np.float64(0.05)
294.0715 	EXP 	text_opt3: height = np.float64(0.05)
294.0715 	EXP 	text_opt3: text = '3. 57'
294.0715 	EXP 	text_equation: autoDraw = True
294.0715 	EXP 	text_opt1: autoDraw = True
294.0715 	EXP 	text_opt2: autoDraw = True
294.0715 	EXP 	text_opt3: autoDraw = True
296.6102 	EXP 	Device response: <KeyPress from None: t=296.6016849000007, value=3, duration=None>
296.6113 	DATA 	Keypress: 3
296.6176 	EXP 	text_equation: autoDraw = False
296.6176 	EXP 	text_opt1: autoDraw = False
296.6176 	EXP 	text_opt2: autoDraw = False
296.6176 	EXP 	text_opt3: autoDraw = False
296.6176 	EXP 	text_2: autoDraw = True
296.6851 	EXP 	Device response: <KeyPress from None: t=296.6016849000007, value=3, duration=0.07907050009816885>
298.6092 	EXP 	text_2: autoDraw = False
298.6092 	EXP 	text_2: autoDraw = False
298.6092 	EXP 	text_feedback: text = 'Correct!'
298.6092 	EXP 	text_feedback: autoDraw = True
301.5971 	EXP 	New trial (rep=0, index=21): <Trial 21 (21 in rep 0) data={'math_eq': '140 / 4', 'CorrAns': np.int64(45), 'dstr1': np.int64(35), 'dstr2': np.int64(42), 'CorrAns_key': np.int64(1), 'thisN': 21, 'thisTrialN': 21, 'thisRepN': 0}>
301.6061 	EXP 	text_feedback: autoDraw = False
301.6061 	EXP 	text_feedback: autoDraw = False
301.6061 	EXP 	text_equation: height = np.float64(0.1)
301.6061 	EXP 	text_equation: height = np.float64(0.1)
301.6061 	EXP 	text_equation: height = np.float64(0.1)
301.6061 	EXP 	text_equation: text = '140 / 4'
301.6061 	EXP 	text_opt1: height = np.float64(0.05)
301.6061 	EXP 	text_opt1: height = np.float64(0.05)
301.6061 	EXP 	text_opt1: height = np.float64(0.05)
301.6061 	EXP 	text_opt1: text = '1. 45'
301.6061 	EXP 	text_opt2: height = np.float64(0.05)
301.6061 	EXP 	text_opt2: height = np.float64(0.05)
301.6061 	EXP 	text_opt2: height = np.float64(0.05)
301.6061 	EXP 	text_opt2: text = '2. 35'
301.6061 	EXP 	text_opt3: height = np.float64(0.05)
301.6061 	EXP 	text_opt3: height = np.float64(0.05)
301.6061 	EXP 	text_opt3: height = np.float64(0.05)
301.6061 	EXP 	text_opt3: text = '3. 42'
301.6061 	EXP 	text_equation: autoDraw = True
301.6061 	EXP 	text_opt1: autoDraw = True
301.6061 	EXP 	text_opt2: autoDraw = True
301.6061 	EXP 	text_opt3: autoDraw = True
306.5102 	EXP 	Device response: <KeyPress from None: t=306.5047090994194, value=2, duration=None>
306.5112 	DATA 	Keypress: 2
306.5179 	EXP 	text_equation: autoDraw = False
306.5179 	EXP 	text_opt1: autoDraw = False
306.5179 	EXP 	text_opt2: autoDraw = False
306.5179 	EXP 	text_opt3: autoDraw = False
306.5179 	EXP 	text_2: autoDraw = True
306.6180 	EXP 	Device response: <KeyPress from None: t=306.5047090994194, value=2, duration=0.112066600471735>
308.5098 	EXP 	text_2: autoDraw = False
308.5098 	EXP 	text_2: autoDraw = False
308.5098 	EXP 	text_feedback: height = np.float64(0.05)
308.5098 	EXP 	text_feedback: height = np.float64(0.05)
308.5098 	EXP 	text_feedback: height = np.float64(0.05)
308.5098 	EXP 	text_feedback: text = 'Incorrect!'
308.5098 	EXP 	text_feedback: autoDraw = True
311.4972 	EXP 	New trial (rep=0, index=22): <Trial 22 (22 in rep 0) data={'math_eq': '23 + 18', 'CorrAns': np.int64(41), 'dstr1': np.int64(39), 'dstr2': np.int64(33), 'CorrAns_key': np.int64(1), 'thisN': 22, 'thisTrialN': 22, 'thisRepN': 0}>
311.5061 	EXP 	text_feedback: autoDraw = False
311.5061 	EXP 	text_feedback: autoDraw = False
311.5061 	EXP 	text_equation: height = np.float64(0.1)
311.5061 	EXP 	text_equation: height = np.float64(0.1)
311.5061 	EXP 	text_equation: height = np.float64(0.1)
311.5061 	EXP 	text_equation: text = '23 + 18'
311.5061 	EXP 	text_opt1: height = np.float64(0.05)
311.5061 	EXP 	text_opt1: height = np.float64(0.05)
311.5061 	EXP 	text_opt1: height = np.float64(0.05)
311.5061 	EXP 	text_opt1: text = '1. 41'
311.5061 	EXP 	text_opt2: height = np.float64(0.05)
311.5061 	EXP 	text_opt2: height = np.float64(0.05)
311.5061 	EXP 	text_opt2: height = np.float64(0.05)
311.5061 	EXP 	text_opt2: text = '2. 39'
311.5061 	EXP 	text_opt3: height = np.float64(0.05)
311.5061 	EXP 	text_opt3: height = np.float64(0.05)
311.5061 	EXP 	text_opt3: height = np.float64(0.05)
311.5061 	EXP 	text_opt3: text = '3. 33'
311.5061 	EXP 	text_equation: autoDraw = True
311.5061 	EXP 	text_opt1: autoDraw = True
311.5061 	EXP 	text_opt2: autoDraw = True
311.5061 	EXP 	text_opt3: autoDraw = True
316.0771 	EXP 	Device response: <KeyPress from None: t=316.0726867998019, value=1, duration=None>
316.0781 	DATA 	Keypress: 1
316.0848 	EXP 	text_equation: autoDraw = False
316.0848 	EXP 	text_opt1: autoDraw = False
316.0848 	EXP 	text_opt2: autoDraw = False
316.0848 	EXP 	text_opt3: autoDraw = False
316.0848 	EXP 	text_2: autoDraw = True
316.2184 	EXP 	Device response: <KeyPress from None: t=316.0726867998019, value=1, duration=0.14435609988868237>
318.0764 	EXP 	text_2: autoDraw = False
318.0764 	EXP 	text_2: autoDraw = False
318.0764 	EXP 	text_feedback: height = np.float64(0.05)
318.0764 	EXP 	text_feedback: height = np.float64(0.05)
318.0764 	EXP 	text_feedback: height = np.float64(0.05)
318.0764 	EXP 	text_feedback: text = 'Correct!'
318.0764 	EXP 	text_feedback: autoDraw = True
321.0637 	EXP 	New trial (rep=0, index=23): <Trial 23 (23 in rep 0) data={'math_eq': '128 / 2', 'CorrAns': np.int64(64), 'dstr1': np.int64(60), 'dstr2': np.int64(62), 'CorrAns_key': np.int64(3), 'thisN': 23, 'thisTrialN': 23, 'thisRepN': 0}>
321.0728 	EXP 	text_feedback: autoDraw = False
321.0728 	EXP 	text_feedback: autoDraw = False
321.0728 	EXP 	text_equation: height = np.float64(0.1)
321.0728 	EXP 	text_equation: height = np.float64(0.1)
321.0728 	EXP 	text_equation: height = np.float64(0.1)
321.0728 	EXP 	text_equation: text = '128 / 2'
321.0728 	EXP 	text_opt1: height = np.float64(0.05)
321.0728 	EXP 	text_opt1: height = np.float64(0.05)
321.0728 	EXP 	text_opt1: height = np.float64(0.05)
321.0728 	EXP 	text_opt1: text = '1. 60'
321.0728 	EXP 	text_opt2: height = np.float64(0.05)
321.0728 	EXP 	text_opt2: height = np.float64(0.05)
321.0728 	EXP 	text_opt2: height = np.float64(0.05)
321.0728 	EXP 	text_opt2: text = '2. 62'
321.0728 	EXP 	text_opt3: height = np.float64(0.05)
321.0728 	EXP 	text_opt3: height = np.float64(0.05)
321.0728 	EXP 	text_opt3: height = np.float64(0.05)
321.0728 	EXP 	text_opt3: text = '3. 64'
321.0728 	EXP 	text_equation: autoDraw = True
321.0728 	EXP 	text_opt1: autoDraw = True
321.0728 	EXP 	text_opt2: autoDraw = True
321.0728 	EXP 	text_opt3: autoDraw = True
325.1688 	EXP 	Device response: <KeyPress from None: t=325.1610721992329, value=3, duration=None>
325.1698 	DATA 	Keypress: 3
325.1765 	EXP 	text_equation: autoDraw = False
325.1765 	EXP 	text_opt1: autoDraw = False
325.1765 	EXP 	text_opt2: autoDraw = False
325.1765 	EXP 	text_opt3: autoDraw = False
325.1765 	EXP 	text_2: autoDraw = True
325.2773 	EXP 	Device response: <KeyPress from None: t=325.1610721992329, value=3, duration=0.11247000005096197>
327.1683 	EXP 	text_2: autoDraw = False
327.1683 	EXP 	text_2: autoDraw = False
327.1683 	EXP 	text_feedback: text = 'Correct!'
327.1683 	EXP 	text_feedback: autoDraw = True
330.1558 	EXP 	New trial (rep=0, index=24): <Trial 24 (24 in rep 0) data={'math_eq': '39 - 11', 'CorrAns': np.int64(28), 'dstr1': np.int64(26), 'dstr2': np.int64(27), 'CorrAns_key': np.int64(2), 'thisN': 24, 'thisTrialN': 24, 'thisRepN': 0}>
330.1640 	EXP 	text_feedback: autoDraw = False
330.1640 	EXP 	text_feedback: autoDraw = False
330.1640 	EXP 	text_equation: height = np.float64(0.1)
330.1640 	EXP 	text_equation: height = np.float64(0.1)
330.1640 	EXP 	text_equation: height = np.float64(0.1)
330.1640 	EXP 	text_equation: text = '39 - 11'
330.1640 	EXP 	text_opt1: height = np.float64(0.05)
330.1640 	EXP 	text_opt1: height = np.float64(0.05)
330.1640 	EXP 	text_opt1: height = np.float64(0.05)
330.1640 	EXP 	text_opt1: text = '1. 26'
330.1640 	EXP 	text_opt2: height = np.float64(0.05)
330.1640 	EXP 	text_opt2: height = np.float64(0.05)
330.1640 	EXP 	text_opt2: height = np.float64(0.05)
330.1640 	EXP 	text_opt2: text = '2. 28'
330.1640 	EXP 	text_opt3: height = np.float64(0.05)
330.1640 	EXP 	text_opt3: height = np.float64(0.05)
330.1640 	EXP 	text_opt3: height = np.float64(0.05)
330.1640 	EXP 	text_opt3: text = '3. 27'
330.1640 	EXP 	text_equation: autoDraw = True
330.1640 	EXP 	text_opt1: autoDraw = True
330.1640 	EXP 	text_opt2: autoDraw = True
330.1640 	EXP 	text_opt3: autoDraw = True
334.4602 	EXP 	Device response: <KeyPress from None: t=334.4575811997056, value=2, duration=None>
334.4613 	DATA 	Keypress: 2
334.4683 	EXP 	text_equation: autoDraw = False
334.4683 	EXP 	text_opt1: autoDraw = False
334.4683 	EXP 	text_opt2: autoDraw = False
334.4683 	EXP 	text_opt3: autoDraw = False
334.4683 	EXP 	text_2: autoDraw = True
334.5769 	EXP 	Device response: <KeyPress from None: t=334.4575811997056, value=2, duration=0.11238269973546267>
336.4603 	EXP 	text_2: autoDraw = False
336.4603 	EXP 	text_2: autoDraw = False
336.4603 	EXP 	text_feedback: text = 'Correct!'
336.4603 	EXP 	text_feedback: autoDraw = True
339.4476 	EXP 	New trial (rep=0, index=25): <Trial 25 (25 in rep 0) data={'math_eq': '23 + 9', 'CorrAns': np.int64(32), 'dstr1': np.int64(31), 'dstr2': np.int64(29), 'CorrAns_key': np.int64(1), 'thisN': 25, 'thisTrialN': 25, 'thisRepN': 0}>
339.4564 	EXP 	text_feedback: autoDraw = False
339.4564 	EXP 	text_feedback: autoDraw = False
339.4564 	EXP 	text_equation: height = np.float64(0.1)
339.4564 	EXP 	text_equation: height = np.float64(0.1)
339.4564 	EXP 	text_equation: height = np.float64(0.1)
339.4564 	EXP 	text_equation: text = '23 + 9'
339.4564 	EXP 	text_opt1: height = np.float64(0.05)
339.4564 	EXP 	text_opt1: height = np.float64(0.05)
339.4564 	EXP 	text_opt1: height = np.float64(0.05)
339.4564 	EXP 	text_opt1: text = '1. 32'
339.4564 	EXP 	text_opt2: height = np.float64(0.05)
339.4564 	EXP 	text_opt2: height = np.float64(0.05)
339.4564 	EXP 	text_opt2: height = np.float64(0.05)
339.4564 	EXP 	text_opt2: text = '2. 31'
339.4564 	EXP 	text_opt3: height = np.float64(0.05)
339.4564 	EXP 	text_opt3: height = np.float64(0.05)
339.4564 	EXP 	text_opt3: height = np.float64(0.05)
339.4564 	EXP 	text_opt3: text = '3. 29'
339.4564 	EXP 	text_equation: autoDraw = True
339.4564 	EXP 	text_opt1: autoDraw = True
339.4564 	EXP 	text_opt2: autoDraw = True
339.4564 	EXP 	text_opt3: autoDraw = True
343.8856 	EXP 	Device response: <KeyPress from None: t=343.8812905000523, value=1, duration=None>
343.8867 	DATA 	Keypress: 1
343.8934 	EXP 	text_equation: autoDraw = False
343.8934 	EXP 	text_opt1: autoDraw = False
343.8934 	EXP 	text_opt2: autoDraw = False
343.8934 	EXP 	text_opt3: autoDraw = False
343.8934 	EXP 	text_2: autoDraw = True
344.0270 	EXP 	Device response: <KeyPress from None: t=343.8812905000523, value=1, duration=0.14401999954134226>
345.8855 	EXP 	text_2: autoDraw = False
345.8855 	EXP 	text_2: autoDraw = False
345.8855 	EXP 	text_feedback: text = 'Correct!'
345.8855 	EXP 	text_feedback: autoDraw = True
348.8726 	EXP 	New trial (rep=0, index=26): <Trial 26 (26 in rep 0) data={'math_eq': '142 / 2', 'CorrAns': np.int64(71), 'dstr1': np.int64(72), 'dstr2': np.int64(74), 'CorrAns_key': np.int64(1), 'thisN': 26, 'thisTrialN': 26, 'thisRepN': 0}>
348.8817 	EXP 	text_feedback: autoDraw = False
348.8817 	EXP 	text_feedback: autoDraw = False
348.8817 	EXP 	text_equation: height = np.float64(0.1)
348.8817 	EXP 	text_equation: height = np.float64(0.1)
348.8817 	EXP 	text_equation: height = np.float64(0.1)
348.8817 	EXP 	text_equation: text = '142 / 2'
348.8817 	EXP 	text_opt1: height = np.float64(0.05)
348.8817 	EXP 	text_opt1: height = np.float64(0.05)
348.8817 	EXP 	text_opt1: height = np.float64(0.05)
348.8817 	EXP 	text_opt1: text = '1. 71'
348.8817 	EXP 	text_opt2: height = np.float64(0.05)
348.8817 	EXP 	text_opt2: height = np.float64(0.05)
348.8817 	EXP 	text_opt2: height = np.float64(0.05)
348.8817 	EXP 	text_opt2: text = '2. 72'
348.8817 	EXP 	text_opt3: height = np.float64(0.05)
348.8817 	EXP 	text_opt3: height = np.float64(0.05)
348.8817 	EXP 	text_opt3: height = np.float64(0.05)
348.8817 	EXP 	text_opt3: text = '3. 74'
348.8817 	EXP 	text_equation: autoDraw = True
348.8817 	EXP 	text_opt1: autoDraw = True
348.8817 	EXP 	text_opt2: autoDraw = True
348.8817 	EXP 	text_opt3: autoDraw = True
351.4026 	EXP 	Device response: <KeyPress from None: t=351.401301600039, value=1, duration=None>
351.4037 	DATA 	Keypress: 1
351.4106 	EXP 	text_equation: autoDraw = False
351.4106 	EXP 	text_opt1: autoDraw = False
351.4106 	EXP 	text_opt2: autoDraw = False
351.4106 	EXP 	text_opt3: autoDraw = False
351.4106 	EXP 	text_2: autoDraw = True
351.5526 	EXP 	Device response: <KeyPress from None: t=351.401301600039, value=1, duration=0.14368429966270924>
353.4021 	EXP 	text_2: autoDraw = False
353.4021 	EXP 	text_2: autoDraw = False
353.4021 	EXP 	text_feedback: text = 'Correct!'
353.4021 	EXP 	text_feedback: autoDraw = True
356.3894 	EXP 	New trial (rep=0, index=27): <Trial 27 (27 in rep 0) data={'math_eq': '14 * 3', 'CorrAns': np.int64(42), 'dstr1': np.int64(38), 'dstr2': np.int64(40), 'CorrAns_key': np.int64(2), 'thisN': 27, 'thisTrialN': 27, 'thisRepN': 0}>
356.3983 	EXP 	text_feedback: autoDraw = False
356.3983 	EXP 	text_feedback: autoDraw = False
356.3983 	EXP 	text_equation: height = np.float64(0.1)
356.3983 	EXP 	text_equation: height = np.float64(0.1)
356.3983 	EXP 	text_equation: height = np.float64(0.1)
356.3983 	EXP 	text_equation: text = '14 * 3'
356.3983 	EXP 	text_opt1: height = np.float64(0.05)
356.3983 	EXP 	text_opt1: height = np.float64(0.05)
356.3983 	EXP 	text_opt1: height = np.float64(0.05)
356.3983 	EXP 	text_opt1: text = '1. 38'
356.3983 	EXP 	text_opt2: height = np.float64(0.05)
356.3983 	EXP 	text_opt2: height = np.float64(0.05)
356.3983 	EXP 	text_opt2: height = np.float64(0.05)
356.3983 	EXP 	text_opt2: text = '2. 42'
356.3983 	EXP 	text_opt3: height = np.float64(0.05)
356.3983 	EXP 	text_opt3: height = np.float64(0.05)
356.3983 	EXP 	text_opt3: height = np.float64(0.05)
356.3983 	EXP 	text_opt3: text = '3. 40'
356.3983 	EXP 	text_equation: autoDraw = True
356.3983 	EXP 	text_opt1: autoDraw = True
356.3983 	EXP 	text_opt2: autoDraw = True
356.3983 	EXP 	text_opt3: autoDraw = True
361.1362 	EXP 	Device response: <KeyPress from None: t=361.12922579981387, value=2, duration=None>
361.1373 	DATA 	Keypress: 2
361.1441 	EXP 	text_equation: autoDraw = False
361.1441 	EXP 	text_opt1: autoDraw = False
361.1441 	EXP 	text_opt2: autoDraw = False
361.1441 	EXP 	text_opt3: autoDraw = False
361.1441 	EXP 	text_2: autoDraw = True
361.2277 	EXP 	Device response: <KeyPress from None: t=361.12922579981387, value=2, duration=0.09650509990751743>
363.1360 	EXP 	text_2: autoDraw = False
363.1360 	EXP 	text_2: autoDraw = False
363.1360 	EXP 	text_feedback: text = 'Correct!'
363.1360 	EXP 	text_feedback: autoDraw = True
366.1230 	EXP 	New trial (rep=0, index=28): <Trial 28 (28 in rep 0) data={'math_eq': '33 - 8', 'CorrAns': np.int64(25), 'dstr1': np.int64(26), 'dstr2': np.int64(28), 'CorrAns_key': np.int64(3), 'thisN': 28, 'thisTrialN': 28, 'thisRepN': 0}>
366.1313 	EXP 	text_feedback: autoDraw = False
366.1313 	EXP 	text_feedback: autoDraw = False
366.1313 	EXP 	text_equation: height = np.float64(0.1)
366.1313 	EXP 	text_equation: height = np.float64(0.1)
366.1313 	EXP 	text_equation: height = np.float64(0.1)
366.1313 	EXP 	text_equation: text = '33 - 8'
366.1313 	EXP 	text_opt1: height = np.float64(0.05)
366.1313 	EXP 	text_opt1: height = np.float64(0.05)
366.1313 	EXP 	text_opt1: height = np.float64(0.05)
366.1313 	EXP 	text_opt1: text = '1. 26'
366.1313 	EXP 	text_opt2: height = np.float64(0.05)
366.1313 	EXP 	text_opt2: height = np.float64(0.05)
366.1313 	EXP 	text_opt2: height = np.float64(0.05)
366.1313 	EXP 	text_opt2: text = '2. 28'
366.1313 	EXP 	text_opt3: height = np.float64(0.05)
366.1313 	EXP 	text_opt3: height = np.float64(0.05)
366.1313 	EXP 	text_opt3: height = np.float64(0.05)
366.1313 	EXP 	text_opt3: text = '3. 25'
366.1313 	EXP 	text_equation: autoDraw = True
366.1313 	EXP 	text_opt1: autoDraw = True
366.1313 	EXP 	text_opt2: autoDraw = True
366.1313 	EXP 	text_opt3: autoDraw = True
373.1454 	DATA 	Keypress: 3
373.1532 	EXP 	Device response: <KeyPress from None: t=373.1447409996763, value=3, duration=None>
373.1610 	EXP 	text_equation: autoDraw = False
373.1610 	EXP 	text_opt1: autoDraw = False
373.1610 	EXP 	text_opt2: autoDraw = False
373.1610 	EXP 	text_opt3: autoDraw = False
373.1610 	EXP 	text_2: autoDraw = True
373.2784 	EXP 	Device response: <KeyPress from None: t=373.1447409996763, value=3, duration=0.12798679992556572>
375.1525 	EXP 	text_2: autoDraw = False
375.1525 	EXP 	text_2: autoDraw = False
375.1525 	EXP 	text_feedback: text = 'Correct!'
375.1525 	EXP 	text_feedback: autoDraw = True
378.1401 	EXP 	New trial (rep=0, index=29): <Trial 29 (29 in rep 0) data={'math_eq': '37 + 26', 'CorrAns': np.int64(63), 'dstr1': np.int64(53), 'dstr2': np.int64(65), 'CorrAns_key': np.int64(1), 'thisN': 29, 'thisTrialN': 29, 'thisRepN': 0}>
378.1489 	EXP 	text_feedback: autoDraw = False
378.1489 	EXP 	text_feedback: autoDraw = False
378.1489 	EXP 	text_equation: height = np.float64(0.1)
378.1489 	EXP 	text_equation: height = np.float64(0.1)
378.1489 	EXP 	text_equation: height = np.float64(0.1)
378.1489 	EXP 	text_equation: text = '37 + 26'
378.1489 	EXP 	text_opt1: height = np.float64(0.05)
378.1489 	EXP 	text_opt1: height = np.float64(0.05)
378.1489 	EXP 	text_opt1: height = np.float64(0.05)
378.1489 	EXP 	text_opt1: text = '1. 63'
378.1489 	EXP 	text_opt2: height = np.float64(0.05)
378.1489 	EXP 	text_opt2: height = np.float64(0.05)
378.1489 	EXP 	text_opt2: height = np.float64(0.05)
378.1489 	EXP 	text_opt2: text = '2. 53'
378.1489 	EXP 	text_opt3: height = np.float64(0.05)
378.1489 	EXP 	text_opt3: height = np.float64(0.05)
378.1489 	EXP 	text_opt3: height = np.float64(0.05)
378.1489 	EXP 	text_opt3: text = '3. 65'
378.1489 	EXP 	text_equation: autoDraw = True
378.1489 	EXP 	text_opt1: autoDraw = True
378.1489 	EXP 	text_opt2: autoDraw = True
378.1489 	EXP 	text_opt3: autoDraw = True
381.3699 	EXP 	Device response: <KeyPress from None: t=381.3694159993902, value=3, duration=None>
381.3707 	DATA 	Keypress: 3
381.3861 	EXP 	text_equation: autoDraw = False
381.3861 	EXP 	text_opt1: autoDraw = False
381.3861 	EXP 	text_opt2: autoDraw = False
381.3861 	EXP 	text_opt3: autoDraw = False
381.3861 	EXP 	text_2: autoDraw = True
381.5365 	EXP 	Device response: <KeyPress from None: t=381.3694159993902, value=3, duration=0.1594528006389737>
383.3776 	EXP 	text_2: autoDraw = False
383.3776 	EXP 	text_2: autoDraw = False
383.3776 	EXP 	text_feedback: height = np.float64(0.05)
383.3776 	EXP 	text_feedback: height = np.float64(0.05)
383.3776 	EXP 	text_feedback: height = np.float64(0.05)
383.3776 	EXP 	text_feedback: text = 'Incorrect!'
383.3776 	EXP 	text_feedback: autoDraw = True
386.3619 	EXP 	New trial (rep=0, index=0): <Trial 0 (0 in rep 0) data={'thisN': 0, 'thisTrialN': 0, 'thisRepN': 0}>
386.3695 	EXP 	text_feedback: autoDraw = False
386.3695 	EXP 	text_feedback: autoDraw = False
386.3695 	EXP 	text: autoDraw = True
396.3570 	EXP 	New trial (rep=0, index=30): <Trial 30 (30 in rep 0) data={'math_eq': '34 - 8', 'CorrAns': np.int64(26), 'dstr1': np.int64(20), 'dstr2': np.int64(32), 'CorrAns_key': np.int64(1), 'thisN': 30, 'thisTrialN': 30, 'thisRepN': 0}>
396.3655 	EXP 	text: autoDraw = False
396.3655 	EXP 	text: autoDraw = False
396.3655 	EXP 	text_equation: height = np.float64(0.1)
396.3655 	EXP 	text_equation: height = np.float64(0.1)
396.3655 	EXP 	text_equation: height = np.float64(0.1)
396.3655 	EXP 	text_equation: text = '34 - 8'
396.3655 	EXP 	text_opt1: height = np.float64(0.05)
396.3655 	EXP 	text_opt1: height = np.float64(0.05)
396.3655 	EXP 	text_opt1: height = np.float64(0.05)
396.3655 	EXP 	text_opt1: text = '1. 26'
396.3655 	EXP 	text_opt2: height = np.float64(0.05)
396.3655 	EXP 	text_opt2: height = np.float64(0.05)
396.3655 	EXP 	text_opt2: height = np.float64(0.05)
396.3655 	EXP 	text_opt2: text = '2. 20'
396.3655 	EXP 	text_opt3: height = np.float64(0.05)
396.3655 	EXP 	text_opt3: height = np.float64(0.05)
396.3655 	EXP 	text_opt3: height = np.float64(0.05)
396.3655 	EXP 	text_opt3: text = '3. 32'
396.3655 	EXP 	text_equation: autoDraw = True
396.3655 	EXP 	text_opt1: autoDraw = True
396.3655 	EXP 	text_opt2: autoDraw = True
396.3655 	EXP 	text_opt3: autoDraw = True
400.7781 	EXP 	Device response: <KeyPress from None: t=400.7769726999104, value=1, duration=None>
400.7792 	DATA 	Keypress: 1
400.7861 	EXP 	text_equation: autoDraw = False
400.7861 	EXP 	text_opt1: autoDraw = False
400.7861 	EXP 	text_opt2: autoDraw = False
400.7861 	EXP 	text_opt3: autoDraw = False
400.7861 	EXP 	text_2: autoDraw = True
400.9285 	EXP 	Device response: <KeyPress from None: t=400.7769726999104, value=1, duration=0.14424270018935204>
402.7781 	EXP 	text_2: autoDraw = False
402.7781 	EXP 	text_2: autoDraw = False
402.7781 	EXP 	text_feedback: height = np.float64(0.05)
402.7781 	EXP 	text_feedback: height = np.float64(0.05)
402.7781 	EXP 	text_feedback: height = np.float64(0.05)
402.7781 	EXP 	text_feedback: text = 'Correct!'
402.7781 	EXP 	text_feedback: autoDraw = True
405.7656 	EXP 	New trial (rep=0, index=31): <Trial 31 (31 in rep 0) data={'math_eq': '14 * 3', 'CorrAns': np.int64(42), 'dstr1': np.int64(44), 'dstr2': np.int64(49), 'CorrAns_key': np.int64(1), 'thisN': 31, 'thisTrialN': 31, 'thisRepN': 0}>
405.7744 	EXP 	text_feedback: autoDraw = False
405.7744 	EXP 	text_feedback: autoDraw = False
405.7744 	EXP 	text_equation: height = np.float64(0.1)
405.7744 	EXP 	text_equation: height = np.float64(0.1)
405.7744 	EXP 	text_equation: height = np.float64(0.1)
405.7744 	EXP 	text_equation: text = '14 * 3'
405.7744 	EXP 	text_opt1: height = np.float64(0.05)
405.7744 	EXP 	text_opt1: height = np.float64(0.05)
405.7744 	EXP 	text_opt1: height = np.float64(0.05)
405.7744 	EXP 	text_opt1: text = '1. 42'
405.7744 	EXP 	text_opt2: height = np.float64(0.05)
405.7744 	EXP 	text_opt2: height = np.float64(0.05)
405.7744 	EXP 	text_opt2: height = np.float64(0.05)
405.7744 	EXP 	text_opt2: text = '2. 44'
405.7744 	EXP 	text_opt3: height = np.float64(0.05)
405.7744 	EXP 	text_opt3: height = np.float64(0.05)
405.7744 	EXP 	text_opt3: height = np.float64(0.05)
405.7744 	EXP 	text_opt3: text = '3. 49'
405.7744 	EXP 	text_equation: autoDraw = True
405.7744 	EXP 	text_opt1: autoDraw = True
405.7744 	EXP 	text_opt2: autoDraw = True
405.7744 	EXP 	text_opt3: autoDraw = True
409.2455 	EXP 	Device response: <KeyPress from None: t=409.24104100000113, value=1, duration=None>
409.2466 	DATA 	Keypress: 1
409.2531 	EXP 	text_equation: autoDraw = False
409.2531 	EXP 	text_opt1: autoDraw = False
409.2531 	EXP 	text_opt2: autoDraw = False
409.2531 	EXP 	text_opt3: autoDraw = False
409.2531 	EXP 	text_2: autoDraw = True
409.3703 	EXP 	Device response: <KeyPress from None: t=409.24104100000113, value=1, duration=0.12775579933077097>
411.2449 	EXP 	text_2: autoDraw = False
411.2449 	EXP 	text_2: autoDraw = False
411.2449 	EXP 	text_feedback: text = 'Correct!'
411.2449 	EXP 	text_feedback: autoDraw = True
414.2322 	EXP 	New trial (rep=0, index=32): <Trial 32 (32 in rep 0) data={'math_eq': '22 + 18', 'CorrAns': np.int64(40), 'dstr1': np.int64(33), 'dstr2': np.int64(48), 'CorrAns_key': np.int64(3), 'thisN': 32, 'thisTrialN': 32, 'thisRepN': 0}>
414.2412 	EXP 	text_feedback: autoDraw = False
414.2412 	EXP 	text_feedback: autoDraw = False
414.2412 	EXP 	text_equation: height = np.float64(0.1)
414.2412 	EXP 	text_equation: height = np.float64(0.1)
414.2412 	EXP 	text_equation: height = np.float64(0.1)
414.2412 	EXP 	text_equation: text = '22 + 18'
414.2412 	EXP 	text_opt1: height = np.float64(0.05)
414.2412 	EXP 	text_opt1: height = np.float64(0.05)
414.2412 	EXP 	text_opt1: height = np.float64(0.05)
414.2412 	EXP 	text_opt1: text = '1. 33'
414.2412 	EXP 	text_opt2: height = np.float64(0.05)
414.2412 	EXP 	text_opt2: height = np.float64(0.05)
414.2412 	EXP 	text_opt2: height = np.float64(0.05)
414.2412 	EXP 	text_opt2: text = '2. 48'
414.2412 	EXP 	text_opt3: height = np.float64(0.05)
414.2412 	EXP 	text_opt3: height = np.float64(0.05)
414.2412 	EXP 	text_opt3: height = np.float64(0.05)
414.2412 	EXP 	text_opt3: text = '3. 40'
414.2412 	EXP 	text_equation: autoDraw = True
414.2412 	EXP 	text_opt1: autoDraw = True
414.2412 	EXP 	text_opt2: autoDraw = True
414.2412 	EXP 	text_opt3: autoDraw = True
416.6702 	EXP 	Device response: <KeyPress from None: t=416.6653896998614, value=3, duration=None>
416.6712 	DATA 	Keypress: 3
416.6782 	EXP 	text_equation: autoDraw = False
416.6782 	EXP 	text_opt1: autoDraw = False
416.6782 	EXP 	text_opt2: autoDraw = False
416.6782 	EXP 	text_opt3: autoDraw = False
416.6782 	EXP 	text_2: autoDraw = True
416.8289 	EXP 	Device response: <KeyPress from None: t=416.6653896998614, value=3, duration=0.15944250021129847>
418.6701 	EXP 	text_2: autoDraw = False
418.6701 	EXP 	text_2: autoDraw = False
418.6701 	EXP 	text_feedback: text = 'Correct!'
418.6701 	EXP 	text_feedback: autoDraw = True
421.6578 	EXP 	New trial (rep=0, index=33): <Trial 33 (33 in rep 0) data={'math_eq': '11 * 3', 'CorrAns': np.int64(33), 'dstr1': np.int64(39), 'dstr2': np.int64(29), 'CorrAns_key': np.int64(1), 'thisN': 33, 'thisTrialN': 33, 'thisRepN': 0}>
421.6651 	EXP 	text_feedback: autoDraw = False
421.6651 	EXP 	text_feedback: autoDraw = False
421.6651 	EXP 	text_equation: height = np.float64(0.1)
421.6651 	EXP 	text_equation: height = np.float64(0.1)
421.6651 	EXP 	text_equation: height = np.float64(0.1)
421.6651 	EXP 	text_equation: text = '11 * 3'
421.6651 	EXP 	text_opt1: text = '1. 33'
421.6651 	EXP 	text_opt2: height = np.float64(0.05)
421.6651 	EXP 	text_opt2: height = np.float64(0.05)
421.6651 	EXP 	text_opt2: height = np.float64(0.05)
421.6651 	EXP 	text_opt2: text = '2. 39'
421.6651 	EXP 	text_opt3: height = np.float64(0.05)
421.6651 	EXP 	text_opt3: height = np.float64(0.05)
421.6651 	EXP 	text_opt3: height = np.float64(0.05)
421.6651 	EXP 	text_opt3: text = '3. 29'
421.6651 	EXP 	text_equation: autoDraw = True
421.6651 	EXP 	text_opt1: autoDraw = True
421.6651 	EXP 	text_opt2: autoDraw = True
421.6651 	EXP 	text_opt3: autoDraw = True
422.8954 	EXP 	Device response: <KeyPress from None: t=422.88860780000687, value=1, duration=None>
422.8965 	DATA 	Keypress: 1
422.9034 	EXP 	text_equation: autoDraw = False
422.9034 	EXP 	text_opt1: autoDraw = False
422.9034 	EXP 	text_opt2: autoDraw = False
422.9034 	EXP 	text_opt3: autoDraw = False
422.9034 	EXP 	text_2: autoDraw = True
423.0205 	EXP 	Device response: <KeyPress from None: t=422.88860780000687, value=1, duration=0.12827759981155396>
424.8950 	EXP 	text_2: autoDraw = False
424.8950 	EXP 	text_2: autoDraw = False
424.8950 	EXP 	text_feedback: text = 'Correct!'
424.8950 	EXP 	text_feedback: autoDraw = True
427.8831 	EXP 	New trial (rep=0, index=34): <Trial 34 (34 in rep 0) data={'math_eq': '19 * 2', 'CorrAns': np.int64(38), 'dstr1': np.int64(37), 'dstr2': np.int64(32), 'CorrAns_key': np.int64(1), 'thisN': 34, 'thisTrialN': 34, 'thisRepN': 0}>
427.8916 	EXP 	text_feedback: autoDraw = False
427.8916 	EXP 	text_feedback: autoDraw = False
427.8916 	EXP 	text_equation: height = np.float64(0.1)
427.8916 	EXP 	text_equation: height = np.float64(0.1)
427.8916 	EXP 	text_equation: height = np.float64(0.1)
427.8916 	EXP 	text_equation: text = '19 * 2'
427.8916 	EXP 	text_opt1: height = np.float64(0.05)
427.8916 	EXP 	text_opt1: height = np.float64(0.05)
427.8916 	EXP 	text_opt1: height = np.float64(0.05)
427.8916 	EXP 	text_opt1: text = '1. 38'
427.8916 	EXP 	text_opt2: height = np.float64(0.05)
427.8916 	EXP 	text_opt2: height = np.float64(0.05)
427.8916 	EXP 	text_opt2: height = np.float64(0.05)
427.8916 	EXP 	text_opt2: text = '2. 37'
427.8916 	EXP 	text_opt3: height = np.float64(0.05)
427.8916 	EXP 	text_opt3: height = np.float64(0.05)
427.8916 	EXP 	text_opt3: height = np.float64(0.05)
427.8916 	EXP 	text_opt3: text = '3. 32'
427.8916 	EXP 	text_equation: autoDraw = True
427.8916 	EXP 	text_opt1: autoDraw = True
427.8916 	EXP 	text_opt2: autoDraw = True
427.8916 	EXP 	text_opt3: autoDraw = True
431.9455 	EXP 	Device response: <KeyPress from None: t=431.94460449926555, value=1, duration=None>
431.9466 	DATA 	Keypress: 1
431.9537 	EXP 	text_equation: autoDraw = False
431.9537 	EXP 	text_opt1: autoDraw = False
431.9537 	EXP 	text_opt2: autoDraw = False
431.9537 	EXP 	text_opt3: autoDraw = False
431.9537 	EXP 	text_2: autoDraw = True
432.0954 	EXP 	Device response: <KeyPress from None: t=431.94460449926555, value=1, duration=0.14470120053738356>
433.9454 	EXP 	text_2: autoDraw = False
433.9454 	EXP 	text_2: autoDraw = False
433.9454 	EXP 	text_feedback: text = 'Correct!'
433.9454 	EXP 	text_feedback: autoDraw = True
436.9326 	EXP 	New trial (rep=0, index=35): <Trial 35 (35 in rep 0) data={'math_eq': '28 + 19', 'CorrAns': np.int64(47), 'dstr1': np.int64(50), 'dstr2': np.int64(45), 'CorrAns_key': np.int64(2), 'thisN': 35, 'thisTrialN': 35, 'thisRepN': 0}>
436.9421 	EXP 	text_feedback: autoDraw = False
436.9421 	EXP 	text_feedback: autoDraw = False
436.9421 	EXP 	text_equation: height = np.float64(0.1)
436.9421 	EXP 	text_equation: height = np.float64(0.1)
436.9421 	EXP 	text_equation: height = np.float64(0.1)
436.9421 	EXP 	text_equation: text = '28 + 19'
436.9421 	EXP 	text_opt1: height = np.float64(0.05)
436.9421 	EXP 	text_opt1: height = np.float64(0.05)
436.9421 	EXP 	text_opt1: height = np.float64(0.05)
436.9421 	EXP 	text_opt1: text = '1. 50'
436.9421 	EXP 	text_opt2: height = np.float64(0.05)
436.9421 	EXP 	text_opt2: height = np.float64(0.05)
436.9421 	EXP 	text_opt2: height = np.float64(0.05)
436.9421 	EXP 	text_opt2: text = '2. 47'
436.9421 	EXP 	text_opt3: height = np.float64(0.05)
436.9421 	EXP 	text_opt3: height = np.float64(0.05)
436.9421 	EXP 	text_opt3: height = np.float64(0.05)
436.9421 	EXP 	text_opt3: text = '3. 45'
436.9421 	EXP 	text_equation: autoDraw = True
436.9421 	EXP 	text_opt1: autoDraw = True
436.9421 	EXP 	text_opt2: autoDraw = True
436.9421 	EXP 	text_opt3: autoDraw = True
440.5216 	DATA 	Keypress: 2
440.5289 	EXP 	Device response: <KeyPress from None: t=440.5210910998285, value=2, duration=None>
440.5368 	EXP 	text_equation: autoDraw = False
440.5368 	EXP 	text_opt1: autoDraw = False
440.5368 	EXP 	text_opt2: autoDraw = False
440.5368 	EXP 	text_opt3: autoDraw = False
440.5368 	EXP 	text_2: autoDraw = True
440.6708 	EXP 	Device response: <KeyPress from None: t=440.5210910998285, value=2, duration=0.1439894000068307>
442.5288 	EXP 	text_2: autoDraw = False
442.5288 	EXP 	text_2: autoDraw = False
442.5288 	EXP 	text_feedback: text = 'Correct!'
442.5288 	EXP 	text_feedback: autoDraw = True
445.5161 	EXP 	New trial (rep=0, index=36): <Trial 36 (36 in rep 0) data={'math_eq': '31 + 23', 'CorrAns': np.int64(54), 'dstr1': np.int64(47), 'dstr2': np.int64(57), 'CorrAns_key': np.int64(2), 'thisN': 36, 'thisTrialN': 36, 'thisRepN': 0}>
445.5252 	EXP 	text_feedback: autoDraw = False
445.5252 	EXP 	text_feedback: autoDraw = False
445.5252 	EXP 	text_equation: height = np.float64(0.1)
445.5252 	EXP 	text_equation: height = np.float64(0.1)
445.5252 	EXP 	text_equation: height = np.float64(0.1)
445.5252 	EXP 	text_equation: text = '31 + 23'
445.5252 	EXP 	text_opt1: height = np.float64(0.05)
445.5252 	EXP 	text_opt1: height = np.float64(0.05)
445.5252 	EXP 	text_opt1: height = np.float64(0.05)
445.5252 	EXP 	text_opt1: text = '1. 47'
445.5252 	EXP 	text_opt2: height = np.float64(0.05)
445.5252 	EXP 	text_opt2: height = np.float64(0.05)
445.5252 	EXP 	text_opt2: height = np.float64(0.05)
445.5252 	EXP 	text_opt2: text = '2. 54'
445.5252 	EXP 	text_opt3: height = np.float64(0.05)
445.5252 	EXP 	text_opt3: height = np.float64(0.05)
445.5252 	EXP 	text_opt3: height = np.float64(0.05)
445.5252 	EXP 	text_opt3: text = '3. 57'
445.5252 	EXP 	text_equation: autoDraw = True
445.5252 	EXP 	text_opt1: autoDraw = True
445.5252 	EXP 	text_opt2: autoDraw = True
445.5252 	EXP 	text_opt3: autoDraw = True
447.6795 	EXP 	Device response: <KeyPress from None: t=447.67245239950716, value=2, duration=None>
447.6805 	DATA 	Keypress: 2
447.6874 	EXP 	text_equation: autoDraw = False
447.6874 	EXP 	text_opt1: autoDraw = False
447.6874 	EXP 	text_opt2: autoDraw = False
447.6874 	EXP 	text_opt3: autoDraw = False
447.6874 	EXP 	text_2: autoDraw = True
447.8380 	EXP 	Device response: <KeyPress from None: t=447.67245239950716, value=2, duration=0.16035120002925396>
449.6789 	EXP 	text_2: autoDraw = False
449.6789 	EXP 	text_2: autoDraw = False
449.6789 	EXP 	text_feedback: text = 'Correct!'
449.6789 	EXP 	text_feedback: autoDraw = True
452.6662 	EXP 	New trial (rep=0, index=37): <Trial 37 (37 in rep 0) data={'math_eq': '22 + 20', 'CorrAns': np.int64(42), 'dstr1': np.int64(38), 'dstr2': np.int64(51), 'CorrAns_key': np.int64(2), 'thisN': 37, 'thisTrialN': 37, 'thisRepN': 0}>
452.6750 	EXP 	text_feedback: autoDraw = False
452.6750 	EXP 	text_feedback: autoDraw = False
452.6750 	EXP 	text_equation: height = np.float64(0.1)
452.6750 	EXP 	text_equation: height = np.float64(0.1)
452.6750 	EXP 	text_equation: height = np.float64(0.1)
452.6750 	EXP 	text_equation: text = '22 + 20'
452.6750 	EXP 	text_opt1: height = np.float64(0.05)
452.6750 	EXP 	text_opt1: height = np.float64(0.05)
452.6750 	EXP 	text_opt1: height = np.float64(0.05)
452.6750 	EXP 	text_opt1: text = '1. 38'
452.6750 	EXP 	text_opt2: height = np.float64(0.05)
452.6750 	EXP 	text_opt2: height = np.float64(0.05)
452.6750 	EXP 	text_opt2: height = np.float64(0.05)
452.6750 	EXP 	text_opt2: text = '2. 42'
452.6750 	EXP 	text_opt3: height = np.float64(0.05)
452.6750 	EXP 	text_opt3: height = np.float64(0.05)
452.6750 	EXP 	text_opt3: height = np.float64(0.05)
452.6750 	EXP 	text_opt3: text = '3. 51'
452.6750 	EXP 	text_equation: autoDraw = True
452.6750 	EXP 	text_opt1: autoDraw = True
452.6750 	EXP 	text_opt2: autoDraw = True
452.6750 	EXP 	text_opt3: autoDraw = True
458.6379 	EXP 	Device response: <KeyPress from None: t=458.6328221000731, value=2, duration=None>
458.6390 	DATA 	Keypress: 2
458.6459 	EXP 	text_equation: autoDraw = False
458.6459 	EXP 	text_opt1: autoDraw = False
458.6459 	EXP 	text_opt2: autoDraw = False
458.6459 	EXP 	text_opt3: autoDraw = False
458.6459 	EXP 	text_2: autoDraw = True
458.7794 	EXP 	Device response: <KeyPress from None: t=458.6328221000731, value=2, duration=0.14428809937089682>
460.6373 	EXP 	text_2: autoDraw = False
460.6373 	EXP 	text_2: autoDraw = False
460.6373 	EXP 	text_feedback: text = 'Correct!'
460.6373 	EXP 	text_feedback: autoDraw = True
463.6253 	EXP 	New trial (rep=0, index=38): <Trial 38 (38 in rep 0) data={'math_eq': '39 - 11', 'CorrAns': np.int64(28), 'dstr1': np.int64(19), 'dstr2': np.int64(18), 'CorrAns_key': np.int64(1), 'thisN': 38, 'thisTrialN': 38, 'thisRepN': 0}>
463.6335 	EXP 	text_feedback: autoDraw = False
463.6335 	EXP 	text_feedback: autoDraw = False
463.6335 	EXP 	text_equation: height = np.float64(0.1)
463.6335 	EXP 	text_equation: height = np.float64(0.1)
463.6335 	EXP 	text_equation: height = np.float64(0.1)
463.6335 	EXP 	text_equation: text = '39 - 11'
463.6335 	EXP 	text_opt1: height = np.float64(0.05)
463.6335 	EXP 	text_opt1: height = np.float64(0.05)
463.6335 	EXP 	text_opt1: height = np.float64(0.05)
463.6335 	EXP 	text_opt1: text = '1. 28'
463.6335 	EXP 	text_opt2: height = np.float64(0.05)
463.6335 	EXP 	text_opt2: height = np.float64(0.05)
463.6335 	EXP 	text_opt2: height = np.float64(0.05)
463.6335 	EXP 	text_opt2: text = '2. 19'
463.6335 	EXP 	text_opt3: height = np.float64(0.05)
463.6335 	EXP 	text_opt3: height = np.float64(0.05)
463.6335 	EXP 	text_opt3: height = np.float64(0.05)
463.6335 	EXP 	text_opt3: text = '3. 18'
463.6335 	EXP 	text_equation: autoDraw = True
463.6335 	EXP 	text_opt1: autoDraw = True
463.6335 	EXP 	text_opt2: autoDraw = True
463.6335 	EXP 	text_opt3: autoDraw = True
468.2549 	EXP 	Device response: <KeyPress from None: t=468.2491010995582, value=1, duration=None>
468.2560 	DATA 	Keypress: 1
468.2624 	EXP 	text_equation: autoDraw = False
468.2624 	EXP 	text_opt1: autoDraw = False
468.2624 	EXP 	text_opt2: autoDraw = False
468.2624 	EXP 	text_opt3: autoDraw = False
468.2624 	EXP 	text_2: autoDraw = True
468.3964 	EXP 	Device response: <KeyPress from None: t=468.2491010995582, value=1, duration=0.14371590036898851>
470.2545 	EXP 	text_2: autoDraw = False
470.2545 	EXP 	text_2: autoDraw = False
470.2545 	EXP 	text_feedback: text = 'Correct!'
470.2545 	EXP 	text_feedback: autoDraw = True
473.2421 	EXP 	New trial (rep=0, index=39): <Trial 39 (39 in rep 0) data={'math_eq': '31 + 43', 'CorrAns': np.int64(74), 'dstr1': np.int64(73), 'dstr2': np.int64(64), 'CorrAns_key': np.int64(3), 'thisN': 39, 'thisTrialN': 39, 'thisRepN': 0}>
473.2511 	EXP 	text_feedback: autoDraw = False
473.2511 	EXP 	text_feedback: autoDraw = False
473.2511 	EXP 	text_equation: height = np.float64(0.1)
473.2511 	EXP 	text_equation: height = np.float64(0.1)
473.2511 	EXP 	text_equation: height = np.float64(0.1)
473.2511 	EXP 	text_equation: text = '31 + 43'
473.2511 	EXP 	text_opt1: height = np.float64(0.05)
473.2511 	EXP 	text_opt1: height = np.float64(0.05)
473.2511 	EXP 	text_opt1: height = np.float64(0.05)
473.2511 	EXP 	text_opt1: text = '1. 73'
473.2511 	EXP 	text_opt2: height = np.float64(0.05)
473.2511 	EXP 	text_opt2: height = np.float64(0.05)
473.2511 	EXP 	text_opt2: height = np.float64(0.05)
473.2511 	EXP 	text_opt2: text = '2. 64'
473.2511 	EXP 	text_opt3: height = np.float64(0.05)
473.2511 	EXP 	text_opt3: height = np.float64(0.05)
473.2511 	EXP 	text_opt3: height = np.float64(0.05)
473.2511 	EXP 	text_opt3: text = '3. 74'
473.2511 	EXP 	text_equation: autoDraw = True
473.2511 	EXP 	text_opt1: autoDraw = True
473.2511 	EXP 	text_opt2: autoDraw = True
473.2511 	EXP 	text_opt3: autoDraw = True
476.7301 	EXP 	Device response: <KeyPress from None: t=476.72912979964167, value=3, duration=None>
476.7312 	DATA 	Keypress: 3
476.7379 	EXP 	text_equation: autoDraw = False
476.7379 	EXP 	text_opt1: autoDraw = False
476.7379 	EXP 	text_opt2: autoDraw = False
476.7379 	EXP 	text_opt3: autoDraw = False
476.7379 	EXP 	text_2: autoDraw = True
476.8797 	EXP 	Device response: <KeyPress from None: t=476.72912979964167, value=3, duration=0.14375020004808903>
478.7296 	EXP 	text_2: autoDraw = False
478.7296 	EXP 	text_2: autoDraw = False
478.7296 	EXP 	text_feedback: text = 'Correct!'
478.7296 	EXP 	text_feedback: autoDraw = True
481.7139 	EXP 	New trial (rep=0, index=0): <Trial 0 (0 in rep 0) data={'thisN': 0, 'thisTrialN': 0, 'thisRepN': 0}>
481.7213 	EXP 	text_feedback: autoDraw = False
481.7213 	EXP 	text_feedback: autoDraw = False
481.7213 	EXP 	text: autoDraw = True
491.7087 	EXP 	New trial (rep=0, index=40): <Trial 40 (40 in rep 0) data={'math_eq': '30 + 22', 'CorrAns': np.int64(52), 'dstr1': np.int64(58), 'dstr2': np.int64(53), 'CorrAns_key': np.int64(1), 'thisN': 40, 'thisTrialN': 40, 'thisRepN': 0}>
491.7171 	EXP 	text: autoDraw = False
491.7171 	EXP 	text: autoDraw = False
491.7171 	EXP 	text_equation: height = np.float64(0.1)
491.7171 	EXP 	text_equation: height = np.float64(0.1)
491.7171 	EXP 	text_equation: height = np.float64(0.1)
491.7171 	EXP 	text_equation: text = '30 + 22'
491.7171 	EXP 	text_opt1: height = np.float64(0.05)
491.7171 	EXP 	text_opt1: height = np.float64(0.05)
491.7171 	EXP 	text_opt1: height = np.float64(0.05)
491.7171 	EXP 	text_opt1: text = '1. 52'
491.7171 	EXP 	text_opt2: height = np.float64(0.05)
491.7171 	EXP 	text_opt2: height = np.float64(0.05)
491.7171 	EXP 	text_opt2: height = np.float64(0.05)
491.7171 	EXP 	text_opt2: text = '2. 58'
491.7171 	EXP 	text_opt3: height = np.float64(0.05)
491.7171 	EXP 	text_opt3: height = np.float64(0.05)
491.7171 	EXP 	text_opt3: height = np.float64(0.05)
491.7171 	EXP 	text_opt3: text = '3. 53'
491.7171 	EXP 	text_equation: autoDraw = True
491.7171 	EXP 	text_opt1: autoDraw = True
491.7171 	EXP 	text_opt2: autoDraw = True
491.7171 	EXP 	text_opt3: autoDraw = True
493.9973 	EXP 	Device response: <KeyPress from None: t=493.9932480994612, value=1, duration=None>
493.9984 	DATA 	Keypress: 1
494.0046 	EXP 	text_equation: autoDraw = False
494.0046 	EXP 	text_opt1: autoDraw = False
494.0046 	EXP 	text_opt2: autoDraw = False
494.0046 	EXP 	text_opt3: autoDraw = False
494.0046 	EXP 	text_2: autoDraw = True
494.1386 	EXP 	Device response: <KeyPress from None: t=493.9932480994612, value=1, duration=0.14353029988706112>
495.9964 	EXP 	text_2: autoDraw = False
495.9964 	EXP 	text_2: autoDraw = False
495.9964 	EXP 	text_feedback: text = 'Correct!'
495.9964 	EXP 	text_feedback: autoDraw = True
498.9839 	EXP 	New trial (rep=0, index=41): <Trial 41 (41 in rep 0) data={'math_eq': '25 - 14', 'CorrAns': np.int64(11), 'dstr1': np.int64(2), 'dstr2': np.int64(6), 'CorrAns_key': np.int64(1), 'thisN': 41, 'thisTrialN': 41, 'thisRepN': 0}>
498.9928 	EXP 	text_feedback: autoDraw = False
498.9928 	EXP 	text_feedback: autoDraw = False
498.9928 	EXP 	text_equation: height = np.float64(0.1)
498.9928 	EXP 	text_equation: height = np.float64(0.1)
498.9928 	EXP 	text_equation: height = np.float64(0.1)
498.9928 	EXP 	text_equation: text = '25 - 14'
498.9928 	EXP 	text_opt1: height = np.float64(0.05)
498.9928 	EXP 	text_opt1: height = np.float64(0.05)
498.9928 	EXP 	text_opt1: height = np.float64(0.05)
498.9928 	EXP 	text_opt1: text = '1. 11'
498.9928 	EXP 	text_opt2: height = np.float64(0.05)
498.9928 	EXP 	text_opt2: height = np.float64(0.05)
498.9928 	EXP 	text_opt2: height = np.float64(0.05)
498.9928 	EXP 	text_opt2: text = '2. 2'
498.9928 	EXP 	text_opt3: height = np.float64(0.05)
498.9928 	EXP 	text_opt3: height = np.float64(0.05)
498.9928 	EXP 	text_opt3: height = np.float64(0.05)
498.9928 	EXP 	text_opt3: text = '3. 6'
498.9928 	EXP 	text_equation: autoDraw = True
498.9928 	EXP 	text_opt1: autoDraw = True
498.9928 	EXP 	text_opt2: autoDraw = True
498.9928 	EXP 	text_opt3: autoDraw = True
501.1970 	EXP 	Device response: <KeyPress from None: t=501.19275879953057, value=1, duration=None>
501.1980 	DATA 	Keypress: 1
501.2048 	EXP 	text_equation: autoDraw = False
501.2048 	EXP 	text_opt1: autoDraw = False
501.2048 	EXP 	text_opt2: autoDraw = False
501.2048 	EXP 	text_opt3: autoDraw = False
501.2048 	EXP 	text_2: autoDraw = True
501.3384 	EXP 	Device response: <KeyPress from None: t=501.19275879953057, value=1, duration=0.14415420033037663>
503.1965 	EXP 	text_2: autoDraw = False
503.1965 	EXP 	text_2: autoDraw = False
503.1965 	EXP 	text_feedback: text = 'Correct!'
503.1965 	EXP 	text_feedback: autoDraw = True
506.1840 	EXP 	New trial (rep=0, index=42): <Trial 42 (42 in rep 0) data={'math_eq': '100 / 4', 'CorrAns': np.int64(25), 'dstr1': np.int64(20), 'dstr2': np.int64(22), 'CorrAns_key': np.int64(3), 'thisN': 42, 'thisTrialN': 42, 'thisRepN': 0}>
506.1929 	EXP 	text_feedback: autoDraw = False
506.1929 	EXP 	text_feedback: autoDraw = False
506.1929 	EXP 	text_equation: height = np.float64(0.1)
506.1929 	EXP 	text_equation: height = np.float64(0.1)
506.1929 	EXP 	text_equation: height = np.float64(0.1)
506.1929 	EXP 	text_equation: text = '100 / 4'
506.1929 	EXP 	text_opt1: height = np.float64(0.05)
506.1929 	EXP 	text_opt1: height = np.float64(0.05)
506.1929 	EXP 	text_opt1: height = np.float64(0.05)
506.1929 	EXP 	text_opt1: text = '1. 20'
506.1929 	EXP 	text_opt2: height = np.float64(0.05)
506.1929 	EXP 	text_opt2: height = np.float64(0.05)
506.1929 	EXP 	text_opt2: height = np.float64(0.05)
506.1929 	EXP 	text_opt2: text = '2. 22'
506.1929 	EXP 	text_opt3: height = np.float64(0.05)
506.1929 	EXP 	text_opt3: height = np.float64(0.05)
506.1929 	EXP 	text_opt3: height = np.float64(0.05)
506.1929 	EXP 	text_opt3: text = '3. 25'
506.1929 	EXP 	text_equation: autoDraw = True
506.1929 	EXP 	text_opt1: autoDraw = True
506.1929 	EXP 	text_opt2: autoDraw = True
506.1929 	EXP 	text_opt3: autoDraw = True
508.2055 	EXP 	Device response: <KeyPress from None: t=508.20151939988136, value=3, duration=None>
508.2066 	DATA 	Keypress: 3
508.2133 	EXP 	text_equation: autoDraw = False
508.2133 	EXP 	text_opt1: autoDraw = False
508.2133 	EXP 	text_opt2: autoDraw = False
508.2133 	EXP 	text_opt3: autoDraw = False
508.2133 	EXP 	text_2: autoDraw = True
508.3638 	EXP 	Device response: <KeyPress from None: t=508.20151939988136, value=3, duration=0.15935629978775978>
510.2051 	EXP 	text_2: autoDraw = False
510.2051 	EXP 	text_2: autoDraw = False
510.2051 	EXP 	text_feedback: text = 'Correct!'
510.2051 	EXP 	text_feedback: autoDraw = True
513.1925 	EXP 	New trial (rep=0, index=43): <Trial 43 (43 in rep 0) data={'math_eq': '58 - 13', 'CorrAns': np.int64(45), 'dstr1': np.int64(55), 'dstr2': np.int64(44), 'CorrAns_key': np.int64(3), 'thisN': 43, 'thisTrialN': 43, 'thisRepN': 0}>
513.2012 	EXP 	text_feedback: autoDraw = False
513.2012 	EXP 	text_feedback: autoDraw = False
513.2012 	EXP 	text_equation: height = np.float64(0.1)
513.2012 	EXP 	text_equation: height = np.float64(0.1)
513.2012 	EXP 	text_equation: height = np.float64(0.1)
513.2012 	EXP 	text_equation: text = '58 - 13'
513.2012 	EXP 	text_opt1: height = np.float64(0.05)
513.2012 	EXP 	text_opt1: height = np.float64(0.05)
513.2012 	EXP 	text_opt1: height = np.float64(0.05)
513.2012 	EXP 	text_opt1: text = '1. 55'
513.2012 	EXP 	text_opt2: height = np.float64(0.05)
513.2012 	EXP 	text_opt2: height = np.float64(0.05)
513.2012 	EXP 	text_opt2: height = np.float64(0.05)
513.2012 	EXP 	text_opt2: text = '2. 44'
513.2012 	EXP 	text_opt3: height = np.float64(0.05)
513.2012 	EXP 	text_opt3: height = np.float64(0.05)
513.2012 	EXP 	text_opt3: height = np.float64(0.05)
513.2012 	EXP 	text_opt3: text = '3. 45'
513.2012 	EXP 	text_equation: autoDraw = True
513.2012 	EXP 	text_opt1: autoDraw = True
513.2012 	EXP 	text_opt2: autoDraw = True
513.2012 	EXP 	text_opt3: autoDraw = True
516.9557 	EXP 	Device response: <KeyPress from None: t=516.9530466999859, value=3, duration=None>
516.9568 	DATA 	Keypress: 3
516.9636 	EXP 	text_equation: autoDraw = False
516.9636 	EXP 	text_opt1: autoDraw = False
516.9636 	EXP 	text_opt2: autoDraw = False
516.9636 	EXP 	text_opt3: autoDraw = False
516.9636 	EXP 	text_2: autoDraw = True
517.0974 	EXP 	Device response: <KeyPress from None: t=516.9530466999859, value=3, duration=0.1435654992237687>
518.9554 	EXP 	text_2: autoDraw = False
518.9554 	EXP 	text_2: autoDraw = False
518.9554 	EXP 	text_feedback: text = 'Correct!'
518.9554 	EXP 	text_feedback: autoDraw = True
521.9426 	EXP 	New trial (rep=0, index=44): <Trial 44 (44 in rep 0) data={'math_eq': '33 + 22', 'CorrAns': np.int64(55), 'dstr1': np.int64(52), 'dstr2': np.int64(53), 'CorrAns_key': np.int64(2), 'thisN': 44, 'thisTrialN': 44, 'thisRepN': 0}>
521.9512 	EXP 	text_feedback: autoDraw = False
521.9512 	EXP 	text_feedback: autoDraw = False
521.9512 	EXP 	text_equation: height = np.float64(0.1)
521.9512 	EXP 	text_equation: height = np.float64(0.1)
521.9512 	EXP 	text_equation: height = np.float64(0.1)
521.9512 	EXP 	text_equation: text = '33 + 22'
521.9512 	EXP 	text_opt1: height = np.float64(0.05)
521.9512 	EXP 	text_opt1: height = np.float64(0.05)
521.9512 	EXP 	text_opt1: height = np.float64(0.05)
521.9512 	EXP 	text_opt1: text = '1. 52'
521.9512 	EXP 	text_opt2: height = np.float64(0.05)
521.9512 	EXP 	text_opt2: height = np.float64(0.05)
521.9512 	EXP 	text_opt2: height = np.float64(0.05)
521.9512 	EXP 	text_opt2: text = '2. 55'
521.9512 	EXP 	text_opt3: height = np.float64(0.05)
521.9512 	EXP 	text_opt3: height = np.float64(0.05)
521.9512 	EXP 	text_opt3: height = np.float64(0.05)
521.9512 	EXP 	text_opt3: text = '3. 53'
521.9512 	EXP 	text_equation: autoDraw = True
521.9512 	EXP 	text_opt1: autoDraw = True
521.9512 	EXP 	text_opt2: autoDraw = True
521.9512 	EXP 	text_opt3: autoDraw = True
524.4142 	EXP 	Device response: <KeyPress from None: t=524.4092681994662, value=2, duration=None>
524.4152 	DATA 	Keypress: 2
524.4221 	EXP 	text_equation: autoDraw = False
524.4221 	EXP 	text_opt1: autoDraw = False
524.4221 	EXP 	text_opt2: autoDraw = False
524.4221 	EXP 	text_opt3: autoDraw = False
524.4221 	EXP 	text_2: autoDraw = True
524.6388 	EXP 	Device response: <KeyPress from None: t=524.4092681994662, value=2, duration=0.22381100058555603>
526.4136 	EXP 	text_2: autoDraw = False
526.4136 	EXP 	text_2: autoDraw = False
526.4136 	EXP 	text_feedback: text = 'Correct!'
526.4136 	EXP 	text_feedback: autoDraw = True
529.4013 	EXP 	New trial (rep=0, index=45): <Trial 45 (45 in rep 0) data={'math_eq': '24 - 14', 'CorrAns': np.int64(10), 'dstr1': np.int64(20), 'dstr2': np.int64(11), 'CorrAns_key': np.int64(2), 'thisN': 45, 'thisTrialN': 45, 'thisRepN': 0}>
529.4101 	EXP 	text_feedback: autoDraw = False
529.4101 	EXP 	text_feedback: autoDraw = False
529.4101 	EXP 	text_equation: height = np.float64(0.1)
529.4101 	EXP 	text_equation: height = np.float64(0.1)
529.4101 	EXP 	text_equation: height = np.float64(0.1)
529.4101 	EXP 	text_equation: text = '24 - 14'
529.4101 	EXP 	text_opt1: height = np.float64(0.05)
529.4101 	EXP 	text_opt1: height = np.float64(0.05)
529.4101 	EXP 	text_opt1: height = np.float64(0.05)
529.4101 	EXP 	text_opt1: text = '1. 20'
529.4101 	EXP 	text_opt2: height = np.float64(0.05)
529.4101 	EXP 	text_opt2: height = np.float64(0.05)
529.4101 	EXP 	text_opt2: height = np.float64(0.05)
529.4101 	EXP 	text_opt2: text = '2. 10'
529.4101 	EXP 	text_opt3: height = np.float64(0.05)
529.4101 	EXP 	text_opt3: height = np.float64(0.05)
529.4101 	EXP 	text_opt3: height = np.float64(0.05)
529.4101 	EXP 	text_opt3: text = '3. 11'
529.4101 	EXP 	text_equation: autoDraw = True
529.4101 	EXP 	text_opt1: autoDraw = True
529.4101 	EXP 	text_opt2: autoDraw = True
529.4101 	EXP 	text_opt3: autoDraw = True
533.2645 	EXP 	Device response: <KeyPress from None: t=533.2568723000586, value=2, duration=None>
533.2655 	DATA 	Keypress: 2
533.2720 	EXP 	text_equation: autoDraw = False
533.2720 	EXP 	text_opt1: autoDraw = False
533.2720 	EXP 	text_opt2: autoDraw = False
533.2720 	EXP 	text_opt3: autoDraw = False
533.2720 	EXP 	text_2: autoDraw = True
533.3890 	EXP 	Device response: <KeyPress from None: t=533.2568723000586, value=2, duration=0.12841170001775026>
535.2636 	EXP 	text_2: autoDraw = False
535.2636 	EXP 	text_2: autoDraw = False
535.2636 	EXP 	text_feedback: text = 'Correct!'
535.2636 	EXP 	text_feedback: autoDraw = True
538.2517 	EXP 	New trial (rep=0, index=46): <Trial 46 (46 in rep 0) data={'math_eq': '118 / 2', 'CorrAns': np.int64(59), 'dstr1': np.int64(55), 'dstr2': np.int64(57), 'CorrAns_key': np.int64(3), 'thisN': 46, 'thisTrialN': 46, 'thisRepN': 0}>
538.2604 	EXP 	text_feedback: autoDraw = False
538.2604 	EXP 	text_feedback: autoDraw = False
538.2604 	EXP 	text_equation: height = np.float64(0.1)
538.2604 	EXP 	text_equation: height = np.float64(0.1)
538.2604 	EXP 	text_equation: height = np.float64(0.1)
538.2604 	EXP 	text_equation: text = '118 / 2'
538.2604 	EXP 	text_opt1: height = np.float64(0.05)
538.2604 	EXP 	text_opt1: height = np.float64(0.05)
538.2604 	EXP 	text_opt1: height = np.float64(0.05)
538.2604 	EXP 	text_opt1: text = '1. 55'
538.2604 	EXP 	text_opt2: height = np.float64(0.05)
538.2604 	EXP 	text_opt2: height = np.float64(0.05)
538.2604 	EXP 	text_opt2: height = np.float64(0.05)
538.2604 	EXP 	text_opt2: text = '2. 57'
538.2604 	EXP 	text_opt3: height = np.float64(0.05)
538.2604 	EXP 	text_opt3: height = np.float64(0.05)
538.2604 	EXP 	text_opt3: height = np.float64(0.05)
538.2604 	EXP 	text_opt3: text = '3. 59'
538.2604 	EXP 	text_equation: autoDraw = True
538.2604 	EXP 	text_opt1: autoDraw = True
538.2604 	EXP 	text_opt2: autoDraw = True
538.2604 	EXP 	text_opt3: autoDraw = True
543.3727 	EXP 	Device response: <KeyPress from None: t=543.368812199682, value=3, duration=None>
543.3737 	DATA 	Keypress: 3
543.3804 	EXP 	text_equation: autoDraw = False
543.3804 	EXP 	text_opt1: autoDraw = False
543.3804 	EXP 	text_opt2: autoDraw = False
543.3804 	EXP 	text_opt3: autoDraw = False
543.3804 	EXP 	text_2: autoDraw = True
543.5309 	EXP 	Device response: <KeyPress from None: t=543.368812199682, value=3, duration=0.16021949984133244>
545.3723 	EXP 	text_2: autoDraw = False
545.3723 	EXP 	text_2: autoDraw = False
545.3723 	EXP 	text_feedback: text = 'Correct!'
545.3723 	EXP 	text_feedback: autoDraw = True
548.3601 	EXP 	New trial (rep=0, index=47): <Trial 47 (47 in rep 0) data={'math_eq': '14 * 2', 'CorrAns': np.int64(28), 'dstr1': np.int64(38), 'dstr2': np.int64(16), 'CorrAns_key': np.int64(1), 'thisN': 47, 'thisTrialN': 47, 'thisRepN': 0}>
548.3690 	EXP 	text_feedback: autoDraw = False
548.3690 	EXP 	text_feedback: autoDraw = False
548.3690 	EXP 	text_equation: height = np.float64(0.1)
548.3690 	EXP 	text_equation: height = np.float64(0.1)
548.3690 	EXP 	text_equation: height = np.float64(0.1)
548.3690 	EXP 	text_equation: text = '14 * 2'
548.3690 	EXP 	text_opt1: height = np.float64(0.05)
548.3690 	EXP 	text_opt1: height = np.float64(0.05)
548.3690 	EXP 	text_opt1: height = np.float64(0.05)
548.3690 	EXP 	text_opt1: text = '1. 28'
548.3690 	EXP 	text_opt2: height = np.float64(0.05)
548.3690 	EXP 	text_opt2: height = np.float64(0.05)
548.3690 	EXP 	text_opt2: height = np.float64(0.05)
548.3690 	EXP 	text_opt2: text = '2. 38'
548.3690 	EXP 	text_opt3: height = np.float64(0.05)
548.3690 	EXP 	text_opt3: height = np.float64(0.05)
548.3690 	EXP 	text_opt3: height = np.float64(0.05)
548.3690 	EXP 	text_opt3: text = '3. 16'
548.3690 	EXP 	text_equation: autoDraw = True
548.3690 	EXP 	text_opt1: autoDraw = True
548.3690 	EXP 	text_opt2: autoDraw = True
548.3690 	EXP 	text_opt3: autoDraw = True
556.2230 	EXP 	Device response: <KeyPress from None: t=556.2166641997173, value=1, duration=None>
556.2240 	DATA 	Keypress: 1
556.2311 	EXP 	text_equation: autoDraw = False
556.2311 	EXP 	text_opt1: autoDraw = False
556.2311 	EXP 	text_opt2: autoDraw = False
556.2311 	EXP 	text_opt3: autoDraw = False
556.2311 	EXP 	text_2: autoDraw = True
556.3482 	EXP 	Device response: <KeyPress from None: t=556.2166641997173, value=1, duration=0.12791019957512617>
558.2227 	EXP 	text_2: autoDraw = False
558.2227 	EXP 	text_2: autoDraw = False
558.2227 	EXP 	text_feedback: text = 'Correct!'
558.2227 	EXP 	text_feedback: autoDraw = True
561.2105 	EXP 	New trial (rep=0, index=48): <Trial 48 (48 in rep 0) data={'math_eq': '23 * 4', 'CorrAns': np.int64(92), 'dstr1': np.int64(82), 'dstr2': np.int64(87), 'CorrAns_key': np.int64(3), 'thisN': 48, 'thisTrialN': 48, 'thisRepN': 0}>
561.2193 	EXP 	text_feedback: autoDraw = False
561.2193 	EXP 	text_feedback: autoDraw = False
561.2193 	EXP 	text_equation: height = np.float64(0.1)
561.2193 	EXP 	text_equation: height = np.float64(0.1)
561.2193 	EXP 	text_equation: height = np.float64(0.1)
561.2193 	EXP 	text_equation: text = '23 * 4'
561.2193 	EXP 	text_opt1: height = np.float64(0.05)
561.2193 	EXP 	text_opt1: height = np.float64(0.05)
561.2193 	EXP 	text_opt1: height = np.float64(0.05)
561.2193 	EXP 	text_opt1: text = '1. 82'
561.2193 	EXP 	text_opt2: height = np.float64(0.05)
561.2193 	EXP 	text_opt2: height = np.float64(0.05)
561.2193 	EXP 	text_opt2: height = np.float64(0.05)
561.2193 	EXP 	text_opt2: text = '2. 87'
561.2193 	EXP 	text_opt3: height = np.float64(0.05)
561.2193 	EXP 	text_opt3: height = np.float64(0.05)
561.2193 	EXP 	text_opt3: height = np.float64(0.05)
561.2193 	EXP 	text_opt3: text = '3. 92'
561.2193 	EXP 	text_equation: autoDraw = True
561.2193 	EXP 	text_opt1: autoDraw = True
561.2193 	EXP 	text_opt2: autoDraw = True
561.2193 	EXP 	text_opt3: autoDraw = True
568.7817 	EXP 	Device response: <KeyPress from None: t=568.7767807999626, value=3, duration=None>
568.7827 	DATA 	Keypress: 3
568.7893 	EXP 	text_equation: autoDraw = False
568.7893 	EXP 	text_opt1: autoDraw = False
568.7893 	EXP 	text_opt2: autoDraw = False
568.7893 	EXP 	text_opt3: autoDraw = False
568.7893 	EXP 	text_2: autoDraw = True
568.9063 	EXP 	Device response: <KeyPress from None: t=568.7767807999626, value=3, duration=0.12795589957386255>
570.7811 	EXP 	text_2: autoDraw = False
570.7811 	EXP 	text_2: autoDraw = False
570.7811 	EXP 	text_feedback: text = 'Correct!'
570.7811 	EXP 	text_feedback: autoDraw = True
573.7695 	EXP 	New trial (rep=0, index=49): <Trial 49 (49 in rep 0) data={'math_eq': '25 + 19', 'CorrAns': np.int64(44), 'dstr1': np.int64(53), 'dstr2': np.int64(38), 'CorrAns_key': np.int64(1), 'thisN': 49, 'thisTrialN': 49, 'thisRepN': 0}>
573.7784 	EXP 	text_feedback: autoDraw = False
573.7784 	EXP 	text_feedback: autoDraw = False
573.7784 	EXP 	text_equation: height = np.float64(0.1)
573.7784 	EXP 	text_equation: height = np.float64(0.1)
573.7784 	EXP 	text_equation: height = np.float64(0.1)
573.7784 	EXP 	text_equation: text = '25 + 19'
573.7784 	EXP 	text_opt1: height = np.float64(0.05)
573.7784 	EXP 	text_opt1: height = np.float64(0.05)
573.7784 	EXP 	text_opt1: height = np.float64(0.05)
573.7784 	EXP 	text_opt1: text = '1. 44'
573.7784 	EXP 	text_opt2: height = np.float64(0.05)
573.7784 	EXP 	text_opt2: height = np.float64(0.05)
573.7784 	EXP 	text_opt2: height = np.float64(0.05)
573.7784 	EXP 	text_opt2: text = '2. 53'
573.7784 	EXP 	text_opt3: height = np.float64(0.05)
573.7784 	EXP 	text_opt3: height = np.float64(0.05)
573.7784 	EXP 	text_opt3: height = np.float64(0.05)
573.7784 	EXP 	text_opt3: text = '3. 38'
573.7784 	EXP 	text_equation: autoDraw = True
573.7784 	EXP 	text_opt1: autoDraw = True
573.7784 	EXP 	text_opt2: autoDraw = True
573.7784 	EXP 	text_opt3: autoDraw = True
577.4656 	DATA 	Keypress: 1
577.4735 	EXP 	Device response: <KeyPress from None: t=577.4648925997317, value=1, duration=None>
577.4812 	EXP 	text_equation: autoDraw = False
577.4812 	EXP 	text_opt1: autoDraw = False
577.4812 	EXP 	text_opt2: autoDraw = False
577.4812 	EXP 	text_opt3: autoDraw = False
577.4812 	EXP 	text_2: autoDraw = True
577.5988 	EXP 	Device response: <KeyPress from None: t=577.4648925997317, value=1, duration=0.12771920021623373>
579.4732 	EXP 	text_2: autoDraw = False
579.4732 	EXP 	text_2: autoDraw = False
579.4732 	EXP 	text_feedback: text = 'Correct!'
579.4732 	EXP 	text_feedback: autoDraw = True
582.4579 	EXP 	New trial (rep=0, index=0): <Trial 0 (0 in rep 0) data={'thisN': 0, 'thisTrialN': 0, 'thisRepN': 0}>
582.4649 	EXP 	text_feedback: autoDraw = False
582.4649 	EXP 	text_feedback: autoDraw = False
582.4649 	EXP 	text: autoDraw = True
592.4566 	EXP 	text: autoDraw = False
592.4566 	EXP 	text: autoDraw = False
592.4566 	EXP 	text_q1: autoDraw = True
605.6907 	EXP 	Device response: <KeyPress from None: t=605.6887358995155, value=2, duration=None>
605.6922 	DATA 	Keypress: 2
605.6988 	EXP 	text_q1: autoDraw = False
605.6988 	EXP 	text_endscreen: autoDraw = True
605.8242 	EXP 	Device response: <KeyPress from None: t=605.6887358995155, value=2, duration=0.12840460054576397>
620.6904 	EXP 	text_endscreen: autoDraw = False
620.6904 	EXP 	text_endscreen: autoDraw = False
620.6905 	EXP 	arithmetic_task: status = STOPPED
