11.9037 	WARNING 	Requested an unavailable screen number - using first available.
11.9057 	WARNING 	User requested fullscreen with size [1920 1080], but screen is actually [2560, 1440]. Using actual size
12.1050 	EXP 	Created window1 = Window(allowGUI=False, allowStencil=False, autoLog=True, backendConf=UNKNOWN, backgroundFit=<method-wrapper '__getattribute__' of attributeSetter object at 0x00000152D74650F0>, backgroundImage=<method-wrapper '__getattribute__' of attributeSetter object at 0x00000152D7465090>, bitsMode=UNKNOWN, blendMode='avg', bpc=(8, 8, 8), color=array([-1., -1., -1.]), colorSpace='rgb', depthBits=8, fullscr=True, gamma=None, gammaErrorPolicy='raise', infoMsg=UNKNOWN, lms=UNKNOWN, monitor=<psychopy.monitors.calibTools.Monitor object at 0x00000152D7756C50>, multiSample=False, name='window1', numSamples=2, pos=[np.float64(0.0), np.float64(0.0)], screen=1, size=array([2560, 1440]), stencilBits=0, stereo=False, title='PsychoPy', units='height', useFBO=True, useRetina=False, viewOri=0.0, viewPos=None, viewScale=None, waitBlanking=True, winType='pyglet')
12.1050 	EXP 	window1: backgroundImage = ''
12.1051 	EXP 	window1: backgroundFit = 'none'
12.5406 	EXP 	window1: Attempting to measure frame rate of screen (1) ...
12.5407 	EXP 	window1: recordFrameIntervals = False
12.6933 	EXP 	window1: recordFrameIntervals = True
13.5268 	EXP 	window1: recordFrameIntervals = False
13.5268 	EXP 	Screen (1) actual frame rate measured at 120.28Hz
16.5549 	EXP 	arithmetic_task: status = STARTED
16.6091 	EXP 	Created text_instruction = TextStim(__class__=<class 'psychopy.visual.text.TextStim'>, alignHoriz=method-wrapper(...), alignText='center', alignVert=method-wrapper(...), anchorHoriz='center', anchorVert='center', antialias=True, autoDraw=False, autoLog=True, bold=False, color=array([1., 1., 1.]), colorSpace='rgb', contrast=1.0, depth=0.0, draggable=False, flipHoriz=False, flipVert=False, font='Arial', fontFiles=[], height=np.float64(0.05), italic=False, languageStyle='LTR', name='text_instruction', opacity=1, ori=0.0, pos=array([0., 0.]), rgb=UNKNOWN, text=str(...), units='height', win=Window(...), wrapWidth=1)
16.6116 	EXP 	Created text_equation = TextStim(__class__=<class 'psychopy.visual.text.TextStim'>, alignHoriz=method-wrapper(...), alignText='center', alignVert=method-wrapper(...), anchorHoriz='center', anchorVert='center', antialias=True, autoDraw=False, autoLog=True, bold=False, color=array([1., 1., 1.]), colorSpace='rgb', contrast=1.0, depth=0.0, draggable=False, flipHoriz=False, flipVert=False, font='Open Sans', fontFiles=[], height=0.1, italic=False, languageStyle='LTR', name='text_equation', opacity=1, ori=0.0, pos=array([0. , 0.2]), rgb=UNKNOWN, text='', units='height', win=Window(...), wrapWidth=1)
16.6123 	EXP 	Created text_opt1 = TextStim(__class__=<class 'psychopy.visual.text.TextStim'>, alignHoriz=method-wrapper(...), alignText='center', alignVert=method-wrapper(...), anchorHoriz='center', anchorVert='center', antialias=True, autoDraw=False, autoLog=True, bold=False, color=array([1., 1., 1.]), colorSpace='rgb', contrast=1.0, depth=-1.0, draggable=False, flipHoriz=False, flipVert=False, font='Arial', fontFiles=[], height=0.05, italic=False, languageStyle='LTR', name='text_opt1', opacity=1, ori=0.0, pos=array([0., 0.]), rgb=UNKNOWN, text='', units='height', win=Window(...), wrapWidth=1)
16.6130 	EXP 	Created text_opt2 = TextStim(__class__=<class 'psychopy.visual.text.TextStim'>, alignHoriz=method-wrapper(...), alignText='center', alignVert=method-wrapper(...), anchorHoriz='center', anchorVert='center', antialias=True, autoDraw=False, autoLog=True, bold=False, color=array([1., 1., 1.]), colorSpace='rgb', contrast=1.0, depth=-2.0, draggable=False, flipHoriz=False, flipVert=False, font='Arial', fontFiles=[], height=0.05, italic=False, languageStyle='LTR', name='text_opt2', opacity=1, ori=0.0, pos=array([ 0. , -0.1]), rgb=UNKNOWN, text='', units='height', win=Window(...), wrapWidth=1)
16.6137 	EXP 	Created text_opt3 = TextStim(__class__=<class 'psychopy.visual.text.TextStim'>, alignHoriz=method-wrapper(...), alignText='center', alignVert=method-wrapper(...), anchorHoriz='center', anchorVert='center', antialias=True, autoDraw=False, autoLog=True, bold=False, color=array([1., 1., 1.]), colorSpace='rgb', contrast=1.0, depth=-3.0, draggable=False, flipHoriz=False, flipVert=False, font='Arial', fontFiles=[], height=0.05, italic=False, languageStyle='LTR', name='text_opt3', opacity=1, ori=0.0, pos=array([ 0. , -0.2]), rgb=UNKNOWN, text='', units='height', win=Window(...), wrapWidth=1)
16.6163 	EXP 	Created text_2 = TextStim(__class__=<class 'psychopy.visual.text.TextStim'>, alignHoriz=method-wrapper(...), alignText='center', alignVert=method-wrapper(...), anchorHoriz='center', anchorVert='center', antialias=True, autoDraw=False, autoLog=True, bold=False, color=array([1., 1., 1.]), colorSpace='rgb', contrast=1.0, depth=0.0, draggable=False, flipHoriz=False, flipVert=False, font='Arial', fontFiles=[], height=np.float64(0.05), italic=False, languageStyle='LTR', name='text_2', opacity=1, ori=0.0, pos=array([0., 0.]), rgb=UNKNOWN, text='+', units='height', win=Window(...), wrapWidth=1)
16.6170 	EXP 	Created text_feedback = TextStim(__class__=<class 'psychopy.visual.text.TextStim'>, alignHoriz=method-wrapper(...), alignText='center', alignVert=method-wrapper(...), anchorHoriz='center', anchorVert='center', antialias=True, autoDraw=False, autoLog=True, bold=False, color=array([1., 1., 1.]), colorSpace='rgb', contrast=1.0, depth=0.0, draggable=False, flipHoriz=False, flipVert=False, font='Arial', fontFiles=[], height=0.05, italic=False, languageStyle='LTR', name='text_feedback', opacity=1, ori=0.0, pos=array([0., 0.]), rgb=UNKNOWN, text='', units='height', win=Window(...), wrapWidth=1)
16.6233 	EXP 	Created text = TextStim(__class__=<class 'psychopy.visual.text.TextStim'>, alignHoriz=method-wrapper(...), alignText='center', alignVert=method-wrapper(...), anchorHoriz='center', anchorVert='center', antialias=True, autoDraw=False, autoLog=True, bold=False, color=array([1., 1., 1.]), colorSpace='rgb', contrast=1.0, depth=0.0, draggable=False, flipHoriz=False, flipVert=False, font='Arial', fontFiles=[], height=np.float64(0.05), italic=False, languageStyle='LTR', name='text', opacity=1, ori=0.0, pos=array([0., 0.]), rgb=UNKNOWN, text=str(...), units='height', win=Window(...), wrapWidth=1)
16.6357 	EXP 	Created text_q1 = TextStim(__class__=<class 'psychopy.visual.text.TextStim'>, alignHoriz=method-wrapper(...), alignText='center', alignVert=method-wrapper(...), anchorHoriz='center', anchorVert='center', antialias=True, autoDraw=False, autoLog=True, bold=False, color=array([1., 1., 1.]), colorSpace='rgb', contrast=1.0, depth=0.0, draggable=False, flipHoriz=False, flipVert=False, font='Arial', fontFiles=[], height=np.float64(0.05), italic=False, languageStyle='LTR', name='text_q1', opacity=1, ori=0.0, pos=array([0., 0.]), rgb=UNKNOWN, text=str(...), units='height', win=Window(...), wrapWidth=1)
16.6455 	EXP 	Created text_endscreen = TextStim(__class__=<class 'psychopy.visual.text.TextStim'>, alignHoriz=method-wrapper(...), alignText='center', alignVert=method-wrapper(...), anchorHoriz='center', anchorVert='center', antialias=True, autoDraw=False, autoLog=True, bold=False, color=array([1., 1., 1.]), colorSpace='rgb', contrast=1.0, depth=0.0, draggable=False, flipHoriz=False, flipVert=False, font='Open Sans', fontFiles=[], height=np.float64(0.05), italic=False, languageStyle='LTR', name='text_endscreen', opacity=1, ori=0.0, pos=array([0., 0.]), rgb=UNKNOWN, text=str(...), units='height', win=Window(...), wrapWidth=1)
0.0059 	EXP 	text_instruction: autoDraw = True
15.6699 	EXP 	Device response: <KeyPress from None: t=15.656859600101598, value=space, duration=None>
15.6704 	DATA 	Keypress: space
15.6906 	EXP 	Imported math_cond_file.csv as conditions, 50 conditions, 5 params
15.6911 	EXP 	New trial (rep=0, index=0): <Trial 0 (0 in rep 0) data={'math_eq': '42 - 9', 'CorrAns': np.int64(33), 'dstr1': np.int64(31), 'dstr2': np.int64(23), 'CorrAns_key': np.int64(2), 'thisN': 0, 'thisTrialN': 0, 'thisRepN': 0}>
15.7070 	EXP 	Device response: <KeyPress from None: t=15.656859600101598, value=space, duration=0.047999999951571226>
15.7113 	EXP 	text_instruction: autoDraw = False
15.7113 	EXP 	text_equation: height = np.float64(0.1)
15.7113 	EXP 	text_equation: height = np.float64(0.1)
15.7113 	EXP 	text_equation: height = np.float64(0.1)
15.7113 	EXP 	text_equation: text = '42 - 9'
15.7113 	EXP 	text_opt1: height = np.float64(0.05)
15.7113 	EXP 	text_opt1: height = np.float64(0.05)
15.7113 	EXP 	text_opt1: height = np.float64(0.05)
15.7113 	EXP 	text_opt1: text = '1. 31'
15.7113 	EXP 	text_opt2: height = np.float64(0.05)
15.7113 	EXP 	text_opt2: height = np.float64(0.05)
15.7113 	EXP 	text_opt2: height = np.float64(0.05)
15.7113 	EXP 	text_opt2: text = '2. 33'
15.7113 	EXP 	text_opt3: height = np.float64(0.05)
15.7113 	EXP 	text_opt3: height = np.float64(0.05)
15.7113 	EXP 	text_opt3: height = np.float64(0.05)
15.7113 	EXP 	text_opt3: text = '3. 23'
15.7113 	EXP 	text_equation: autoDraw = True
15.7113 	EXP 	text_opt1: autoDraw = True
15.7113 	EXP 	text_opt2: autoDraw = True
15.7113 	EXP 	text_opt3: autoDraw = True
25.7063 	EXP 	text_equation: autoDraw = False
25.7063 	EXP 	text_opt1: autoDraw = False
25.7063 	EXP 	text_opt2: autoDraw = False
25.7063 	EXP 	text_opt3: autoDraw = False
25.7063 	EXP 	text_2: autoDraw = True
27.6980 	EXP 	text_2: autoDraw = False
27.6980 	EXP 	text_2: autoDraw = False
27.6980 	EXP 	text_feedback: height = np.float64(0.05)
27.6980 	EXP 	text_feedback: height = np.float64(0.05)
27.6980 	EXP 	text_feedback: height = np.float64(0.05)
27.6980 	EXP 	text_feedback: text = 'Incorrect!'
27.6980 	EXP 	text_feedback: autoDraw = True
30.6856 	EXP 	New trial (rep=0, index=1): <Trial 1 (1 in rep 0) data={'math_eq': '11 * 3', 'CorrAns': np.int64(33), 'dstr1': np.int64(31), 'dstr2': np.int64(38), 'CorrAns_key': np.int64(1), 'thisN': 1, 'thisTrialN': 1, 'thisRepN': 0}>
30.6982 	EXP 	text_feedback: autoDraw = False
30.6982 	EXP 	text_feedback: autoDraw = False
30.6982 	EXP 	text_equation: height = np.float64(0.1)
30.6982 	EXP 	text_equation: height = np.float64(0.1)
30.6982 	EXP 	text_equation: height = np.float64(0.1)
30.6982 	EXP 	text_equation: text = '11 * 3'
30.6982 	EXP 	text_opt1: height = np.float64(0.05)
30.6982 	EXP 	text_opt1: height = np.float64(0.05)
30.6982 	EXP 	text_opt1: height = np.float64(0.05)
30.6982 	EXP 	text_opt1: text = '1. 33'
30.6982 	EXP 	text_opt2: height = np.float64(0.05)
30.6982 	EXP 	text_opt2: height = np.float64(0.05)
30.6982 	EXP 	text_opt2: height = np.float64(0.05)
30.6982 	EXP 	text_opt2: text = '2. 31'
30.6982 	EXP 	text_opt3: height = np.float64(0.05)
30.6982 	EXP 	text_opt3: height = np.float64(0.05)
30.6982 	EXP 	text_opt3: height = np.float64(0.05)
30.6982 	EXP 	text_opt3: text = '3. 38'
30.6982 	EXP 	text_equation: autoDraw = True
30.6982 	EXP 	text_opt1: autoDraw = True
30.6982 	EXP 	text_opt2: autoDraw = True
30.6982 	EXP 	text_opt3: autoDraw = True
32.4487 	EXP 	Device response: <KeyPress from None: t=32.440791700035334, value=1, duration=None>
32.4497 	DATA 	Keypress: 1
32.4565 	EXP 	text_equation: autoDraw = False
32.4565 	EXP 	text_opt1: autoDraw = False
32.4565 	EXP 	text_opt2: autoDraw = False
32.4565 	EXP 	text_opt3: autoDraw = False
32.4565 	EXP 	text_2: autoDraw = True
32.5066 	EXP 	Device response: <KeyPress from None: t=32.440791700035334, value=1, duration=0.06435230001807213>
34.4484 	EXP 	text_2: autoDraw = False
34.4484 	EXP 	text_2: autoDraw = False
34.4484 	EXP 	text_feedback: height = np.float64(0.05)
34.4484 	EXP 	text_feedback: height = np.float64(0.05)
34.4484 	EXP 	text_feedback: height = np.float64(0.05)
34.4484 	EXP 	text_feedback: text = 'Correct!'
34.4484 	EXP 	text_feedback: autoDraw = True
37.4359 	EXP 	New trial (rep=0, index=2): <Trial 2 (2 in rep 0) data={'math_eq': '118 / 2', 'CorrAns': np.int64(59), 'dstr1': np.int64(63), 'dstr2': np.int64(57), 'CorrAns_key': np.int64(2), 'thisN': 2, 'thisTrialN': 2, 'thisRepN': 0}>
37.4493 	EXP 	text_feedback: autoDraw = False
37.4493 	EXP 	text_feedback: autoDraw = False
37.4493 	EXP 	text_equation: height = np.float64(0.1)
37.4493 	EXP 	text_equation: height = np.float64(0.1)
37.4493 	EXP 	text_equation: height = np.float64(0.1)
37.4493 	EXP 	text_equation: text = '118 / 2'
37.4493 	EXP 	text_opt1: height = np.float64(0.05)
37.4493 	EXP 	text_opt1: height = np.float64(0.05)
37.4493 	EXP 	text_opt1: height = np.float64(0.05)
37.4493 	EXP 	text_opt1: text = '1. 63'
37.4493 	EXP 	text_opt2: height = np.float64(0.05)
37.4493 	EXP 	text_opt2: height = np.float64(0.05)
37.4493 	EXP 	text_opt2: height = np.float64(0.05)
37.4493 	EXP 	text_opt2: text = '2. 59'
37.4493 	EXP 	text_opt3: height = np.float64(0.05)
37.4493 	EXP 	text_opt3: height = np.float64(0.05)
37.4493 	EXP 	text_opt3: height = np.float64(0.05)
37.4493 	EXP 	text_opt3: text = '3. 57'
37.4493 	EXP 	text_equation: autoDraw = True
37.4493 	EXP 	text_opt1: autoDraw = True
37.4493 	EXP 	text_opt2: autoDraw = True
37.4493 	EXP 	text_opt3: autoDraw = True
43.3070 	EXP 	Device response: <KeyPress from None: t=43.30562760005705, value=1, duration=None>
43.3080 	DATA 	Keypress: 1
43.3155 	EXP 	text_equation: autoDraw = False
43.3155 	EXP 	text_opt1: autoDraw = False
43.3155 	EXP 	text_opt2: autoDraw = False
43.3155 	EXP 	text_opt3: autoDraw = False
43.3155 	EXP 	text_2: autoDraw = True
43.4659 	EXP 	Device response: <KeyPress from None: t=43.30562760005705, value=1, duration=0.1596877999836579>
45.3065 	EXP 	text_2: autoDraw = False
45.3065 	EXP 	text_2: autoDraw = False
45.3065 	EXP 	text_feedback: height = np.float64(0.05)
45.3065 	EXP 	text_feedback: height = np.float64(0.05)
45.3065 	EXP 	text_feedback: height = np.float64(0.05)
45.3065 	EXP 	text_feedback: text = 'Incorrect!'
45.3065 	EXP 	text_feedback: autoDraw = True
48.2944 	EXP 	New trial (rep=0, index=3): <Trial 3 (3 in rep 0) data={'math_eq': '36 - 13', 'CorrAns': np.int64(23), 'dstr1': np.int64(28), 'dstr2': np.int64(22), 'CorrAns_key': np.int64(2), 'thisN': 3, 'thisTrialN': 3, 'thisRepN': 0}>
48.3045 	EXP 	text_feedback: autoDraw = False
48.3045 	EXP 	text_feedback: autoDraw = False
48.3045 	EXP 	text_equation: height = np.float64(0.1)
48.3045 	EXP 	text_equation: height = np.float64(0.1)
48.3045 	EXP 	text_equation: height = np.float64(0.1)
48.3045 	EXP 	text_equation: text = '36 - 13'
48.3045 	EXP 	text_opt1: height = np.float64(0.05)
48.3045 	EXP 	text_opt1: height = np.float64(0.05)
48.3045 	EXP 	text_opt1: height = np.float64(0.05)
48.3045 	EXP 	text_opt1: text = '1. 28'
48.3045 	EXP 	text_opt2: height = np.float64(0.05)
48.3045 	EXP 	text_opt2: height = np.float64(0.05)
48.3045 	EXP 	text_opt2: height = np.float64(0.05)
48.3045 	EXP 	text_opt2: text = '2. 23'
48.3045 	EXP 	text_opt3: height = np.float64(0.05)
48.3045 	EXP 	text_opt3: height = np.float64(0.05)
48.3045 	EXP 	text_opt3: height = np.float64(0.05)
48.3045 	EXP 	text_opt3: text = '3. 22'
48.3045 	EXP 	text_equation: autoDraw = True
48.3045 	EXP 	text_opt1: autoDraw = True
48.3045 	EXP 	text_opt2: autoDraw = True
48.3045 	EXP 	text_opt3: autoDraw = True
51.8071 	EXP 	Device response: <KeyPress from None: t=51.800470900023356, value=2, duration=None>
51.8081 	DATA 	Keypress: 2
51.8152 	EXP 	text_equation: autoDraw = False
51.8152 	EXP 	text_opt1: autoDraw = False
51.8152 	EXP 	text_opt2: autoDraw = False
51.8152 	EXP 	text_opt3: autoDraw = False
51.8152 	EXP 	text_2: autoDraw = True
52.0409 	EXP 	Device response: <KeyPress from None: t=51.800470900023356, value=2, duration=0.23996989999432117>
53.8067 	EXP 	text_2: autoDraw = False
53.8067 	EXP 	text_2: autoDraw = False
53.8067 	EXP 	text_feedback: height = np.float64(0.05)
53.8067 	EXP 	text_feedback: height = np.float64(0.05)
53.8067 	EXP 	text_feedback: height = np.float64(0.05)
53.8067 	EXP 	text_feedback: text = 'Correct!'
53.8067 	EXP 	text_feedback: autoDraw = True
56.7946 	EXP 	New trial (rep=0, index=4): <Trial 4 (4 in rep 0) data={'math_eq': '38 - 12', 'CorrAns': np.int64(26), 'dstr1': np.int64(23), 'dstr2': np.int64(36), 'CorrAns_key': np.int64(2), 'thisN': 4, 'thisTrialN': 4, 'thisRepN': 0}>
56.8029 	EXP 	text_feedback: autoDraw = False
56.8029 	EXP 	text_feedback: autoDraw = False
56.8029 	EXP 	text_equation: height = np.float64(0.1)
56.8029 	EXP 	text_equation: height = np.float64(0.1)
56.8029 	EXP 	text_equation: height = np.float64(0.1)
56.8029 	EXP 	text_equation: text = '38 - 12'
56.8029 	EXP 	text_opt1: height = np.float64(0.05)
56.8029 	EXP 	text_opt1: height = np.float64(0.05)
56.8029 	EXP 	text_opt1: height = np.float64(0.05)
56.8029 	EXP 	text_opt1: text = '1. 23'
56.8029 	EXP 	text_opt2: height = np.float64(0.05)
56.8029 	EXP 	text_opt2: height = np.float64(0.05)
56.8029 	EXP 	text_opt2: height = np.float64(0.05)
56.8029 	EXP 	text_opt2: text = '2. 26'
56.8029 	EXP 	text_opt3: height = np.float64(0.05)
56.8029 	EXP 	text_opt3: height = np.float64(0.05)
56.8029 	EXP 	text_opt3: height = np.float64(0.05)
56.8029 	EXP 	text_opt3: text = '3. 36'
56.8029 	EXP 	text_equation: autoDraw = True
56.8029 	EXP 	text_opt1: autoDraw = True
56.8029 	EXP 	text_opt2: autoDraw = True
56.8029 	EXP 	text_opt3: autoDraw = True
60.7325 	EXP 	Device response: <KeyPress from None: t=60.72946210007649, value=2, duration=None>
60.7335 	DATA 	Keypress: 2
60.7405 	EXP 	text_equation: autoDraw = False
60.7405 	EXP 	text_opt1: autoDraw = False
60.7405 	EXP 	text_opt2: autoDraw = False
60.7405 	EXP 	text_opt3: autoDraw = False
60.7405 	EXP 	text_2: autoDraw = True
60.9073 	EXP 	Device response: <KeyPress from None: t=60.72946210007649, value=2, duration=0.17581639997661114>
62.7323 	EXP 	text_2: autoDraw = False
62.7323 	EXP 	text_2: autoDraw = False
62.7323 	EXP 	text_feedback: text = 'Correct!'
62.7323 	EXP 	text_feedback: autoDraw = True
65.7195 	EXP 	New trial (rep=0, index=5): <Trial 5 (5 in rep 0) data={'math_eq': '38 + 26', 'CorrAns': np.int64(64), 'dstr1': np.int64(54), 'dstr2': np.int64(62), 'CorrAns_key': np.int64(1), 'thisN': 5, 'thisTrialN': 5, 'thisRepN': 0}>
65.7299 	EXP 	text_feedback: autoDraw = False
65.7299 	EXP 	text_feedback: autoDraw = False
65.7299 	EXP 	text_equation: height = np.float64(0.1)
65.7299 	EXP 	text_equation: height = np.float64(0.1)
65.7299 	EXP 	text_equation: height = np.float64(0.1)
65.7299 	EXP 	text_equation: text = '38 + 26'
65.7299 	EXP 	text_opt1: height = np.float64(0.05)
65.7299 	EXP 	text_opt1: height = np.float64(0.05)
65.7299 	EXP 	text_opt1: height = np.float64(0.05)
65.7299 	EXP 	text_opt1: text = '1. 64'
65.7299 	EXP 	text_opt2: height = np.float64(0.05)
65.7299 	EXP 	text_opt2: height = np.float64(0.05)
65.7299 	EXP 	text_opt2: height = np.float64(0.05)
65.7299 	EXP 	text_opt2: text = '2. 54'
65.7299 	EXP 	text_opt3: height = np.float64(0.05)
65.7299 	EXP 	text_opt3: height = np.float64(0.05)
65.7299 	EXP 	text_opt3: height = np.float64(0.05)
65.7299 	EXP 	text_opt3: text = '3. 62'
65.7299 	EXP 	text_equation: autoDraw = True
65.7299 	EXP 	text_opt1: autoDraw = True
65.7299 	EXP 	text_opt2: autoDraw = True
65.7299 	EXP 	text_opt3: autoDraw = True
71.4992 	EXP 	Device response: <KeyPress from None: t=71.49637840001378, value=2, duration=None>
71.5002 	DATA 	Keypress: 2
71.5071 	EXP 	text_equation: autoDraw = False
71.5071 	EXP 	text_opt1: autoDraw = False
71.5071 	EXP 	text_opt2: autoDraw = False
71.5071 	EXP 	text_opt3: autoDraw = False
71.5071 	EXP 	text_2: autoDraw = True
71.6745 	EXP 	Device response: <KeyPress from None: t=71.49637840001378, value=2, duration=0.17687990004196763>
73.4991 	EXP 	text_2: autoDraw = False
73.4991 	EXP 	text_2: autoDraw = False
73.4991 	EXP 	text_feedback: height = np.float64(0.05)
73.4991 	EXP 	text_feedback: height = np.float64(0.05)
73.4991 	EXP 	text_feedback: height = np.float64(0.05)
73.4991 	EXP 	text_feedback: text = 'Incorrect!'
73.4991 	EXP 	text_feedback: autoDraw = True
76.4868 	EXP 	New trial (rep=0, index=6): <Trial 6 (6 in rep 0) data={'math_eq': '108 / 2', 'CorrAns': np.int64(54), 'dstr1': np.int64(56), 'dstr2': np.int64(64), 'CorrAns_key': np.int64(2), 'thisN': 6, 'thisTrialN': 6, 'thisRepN': 0}>
76.4955 	EXP 	text_feedback: autoDraw = False
76.4955 	EXP 	text_feedback: autoDraw = False
76.4955 	EXP 	text_equation: height = np.float64(0.1)
76.4955 	EXP 	text_equation: height = np.float64(0.1)
76.4955 	EXP 	text_equation: height = np.float64(0.1)
76.4955 	EXP 	text_equation: text = '108 / 2'
76.4955 	EXP 	text_opt1: height = np.float64(0.05)
76.4955 	EXP 	text_opt1: height = np.float64(0.05)
76.4955 	EXP 	text_opt1: height = np.float64(0.05)
76.4955 	EXP 	text_opt1: text = '1. 56'
76.4955 	EXP 	text_opt2: text = '2. 54'
76.4955 	EXP 	text_opt3: height = np.float64(0.05)
76.4955 	EXP 	text_opt3: height = np.float64(0.05)
76.4955 	EXP 	text_opt3: height = np.float64(0.05)
76.4955 	EXP 	text_opt3: text = '3. 64'
76.4955 	EXP 	text_equation: autoDraw = True
76.4955 	EXP 	text_opt1: autoDraw = True
76.4955 	EXP 	text_opt2: autoDraw = True
76.4955 	EXP 	text_opt3: autoDraw = True
79.8330 	EXP 	Device response: <KeyPress from None: t=79.83252490009181, value=1, duration=None>
79.8338 	DATA 	Keypress: 1
79.8488 	EXP 	text_equation: autoDraw = False
79.8488 	EXP 	text_opt1: autoDraw = False
79.8488 	EXP 	text_opt2: autoDraw = False
79.8488 	EXP 	text_opt3: autoDraw = False
79.8488 	EXP 	text_2: autoDraw = True
79.9831 	EXP 	Device response: <KeyPress from None: t=79.83252490009181, value=1, duration=0.1445941999554634>
81.8403 	EXP 	text_2: autoDraw = False
81.8403 	EXP 	text_2: autoDraw = False
81.8403 	EXP 	text_feedback: text = 'Incorrect!'
81.8403 	EXP 	text_feedback: autoDraw = True
84.8284 	EXP 	New trial (rep=0, index=7): <Trial 7 (7 in rep 0) data={'math_eq': '15 * 2', 'CorrAns': np.int64(30), 'dstr1': np.int64(27), 'dstr2': np.int64(26), 'CorrAns_key': np.int64(2), 'thisN': 7, 'thisTrialN': 7, 'thisRepN': 0}>
84.8387 	EXP 	text_feedback: autoDraw = False
84.8387 	EXP 	text_feedback: autoDraw = False
84.8387 	EXP 	text_equation: height = np.float64(0.1)
84.8387 	EXP 	text_equation: height = np.float64(0.1)
84.8387 	EXP 	text_equation: height = np.float64(0.1)
84.8387 	EXP 	text_equation: text = '15 * 2'
84.8387 	EXP 	text_opt1: height = np.float64(0.05)
84.8387 	EXP 	text_opt1: height = np.float64(0.05)
84.8387 	EXP 	text_opt1: height = np.float64(0.05)
84.8387 	EXP 	text_opt1: text = '1. 27'
84.8387 	EXP 	text_opt2: height = np.float64(0.05)
84.8387 	EXP 	text_opt2: height = np.float64(0.05)
84.8387 	EXP 	text_opt2: height = np.float64(0.05)
84.8387 	EXP 	text_opt2: text = '2. 30'
84.8387 	EXP 	text_opt3: height = np.float64(0.05)
84.8387 	EXP 	text_opt3: height = np.float64(0.05)
84.8387 	EXP 	text_opt3: height = np.float64(0.05)
84.8387 	EXP 	text_opt3: text = '3. 26'
84.8387 	EXP 	text_equation: autoDraw = True
84.8387 	EXP 	text_opt1: autoDraw = True
84.8387 	EXP 	text_opt2: autoDraw = True
84.8387 	EXP 	text_opt3: autoDraw = True
86.1412 	EXP 	Device response: <KeyPress from None: t=86.13676490006037, value=2, duration=None>
86.1421 	DATA 	Keypress: 2
86.1488 	EXP 	text_equation: autoDraw = False
86.1488 	EXP 	text_opt1: autoDraw = False
86.1488 	EXP 	text_opt2: autoDraw = False
86.1488 	EXP 	text_opt3: autoDraw = False
86.1488 	EXP 	text_2: autoDraw = True
86.2996 	EXP 	Device response: <KeyPress from None: t=86.13676490006037, value=2, duration=0.15963280003052205>
88.1407 	EXP 	text_2: autoDraw = False
88.1407 	EXP 	text_2: autoDraw = False
88.1407 	EXP 	text_feedback: height = np.float64(0.05)
88.1407 	EXP 	text_feedback: height = np.float64(0.05)
88.1407 	EXP 	text_feedback: height = np.float64(0.05)
88.1407 	EXP 	text_feedback: text = 'Correct!'
88.1407 	EXP 	text_feedback: autoDraw = True
91.1278 	EXP 	New trial (rep=0, index=8): <Trial 8 (8 in rep 0) data={'math_eq': '30 - 14', 'CorrAns': np.int64(16), 'dstr1': np.int64(17), 'dstr2': np.int64(18), 'CorrAns_key': np.int64(2), 'thisN': 8, 'thisTrialN': 8, 'thisRepN': 0}>
91.1366 	EXP 	text_feedback: autoDraw = False
91.1366 	EXP 	text_feedback: autoDraw = False
91.1366 	EXP 	text_equation: height = np.float64(0.1)
91.1366 	EXP 	text_equation: height = np.float64(0.1)
91.1366 	EXP 	text_equation: height = np.float64(0.1)
91.1366 	EXP 	text_equation: text = '30 - 14'
91.1366 	EXP 	text_opt1: height = np.float64(0.05)
91.1366 	EXP 	text_opt1: height = np.float64(0.05)
91.1366 	EXP 	text_opt1: height = np.float64(0.05)
91.1366 	EXP 	text_opt1: text = '1. 17'
91.1366 	EXP 	text_opt2: height = np.float64(0.05)
91.1366 	EXP 	text_opt2: height = np.float64(0.05)
91.1366 	EXP 	text_opt2: height = np.float64(0.05)
91.1366 	EXP 	text_opt2: text = '2. 16'
91.1366 	EXP 	text_opt3: height = np.float64(0.05)
91.1366 	EXP 	text_opt3: height = np.float64(0.05)
91.1366 	EXP 	text_opt3: height = np.float64(0.05)
91.1366 	EXP 	text_opt3: text = '3. 18'
91.1366 	EXP 	text_equation: autoDraw = True
91.1366 	EXP 	text_opt1: autoDraw = True
91.1366 	EXP 	text_opt2: autoDraw = True
91.1366 	EXP 	text_opt3: autoDraw = True
95.7247 	EXP 	Device response: <KeyPress from None: t=95.72131620009895, value=2, duration=None>
95.7257 	DATA 	Keypress: 2
95.7325 	EXP 	text_equation: autoDraw = False
95.7325 	EXP 	text_opt1: autoDraw = False
95.7325 	EXP 	text_opt2: autoDraw = False
95.7325 	EXP 	text_opt3: autoDraw = False
95.7325 	EXP 	text_2: autoDraw = True
95.9330 	EXP 	Device response: <KeyPress from None: t=95.72131620009895, value=2, duration=0.20805579994339496>
97.7242 	EXP 	text_2: autoDraw = False
97.7242 	EXP 	text_2: autoDraw = False
97.7242 	EXP 	text_feedback: text = 'Correct!'
97.7242 	EXP 	text_feedback: autoDraw = True
100.7114 	EXP 	New trial (rep=0, index=9): <Trial 9 (9 in rep 0) data={'math_eq': '13 * 2', 'CorrAns': np.int64(26), 'dstr1': np.int64(24), 'dstr2': np.int64(23), 'CorrAns_key': np.int64(3), 'thisN': 9, 'thisTrialN': 9, 'thisRepN': 0}>
100.7200 	EXP 	text_feedback: autoDraw = False
100.7200 	EXP 	text_feedback: autoDraw = False
100.7200 	EXP 	text_equation: height = np.float64(0.1)
100.7200 	EXP 	text_equation: height = np.float64(0.1)
100.7200 	EXP 	text_equation: height = np.float64(0.1)
100.7200 	EXP 	text_equation: text = '13 * 2'
100.7200 	EXP 	text_opt1: height = np.float64(0.05)
100.7200 	EXP 	text_opt1: height = np.float64(0.05)
100.7200 	EXP 	text_opt1: height = np.float64(0.05)
100.7200 	EXP 	text_opt1: text = '1. 24'
100.7200 	EXP 	text_opt2: height = np.float64(0.05)
100.7200 	EXP 	text_opt2: height = np.float64(0.05)
100.7200 	EXP 	text_opt2: height = np.float64(0.05)
100.7200 	EXP 	text_opt2: text = '2. 23'
100.7200 	EXP 	text_opt3: height = np.float64(0.05)
100.7200 	EXP 	text_opt3: height = np.float64(0.05)
100.7200 	EXP 	text_opt3: height = np.float64(0.05)
100.7200 	EXP 	text_opt3: text = '3. 26'
100.7200 	EXP 	text_equation: autoDraw = True
100.7200 	EXP 	text_opt1: autoDraw = True
100.7200 	EXP 	text_opt2: autoDraw = True
100.7200 	EXP 	text_opt3: autoDraw = True
103.2577 	EXP 	Device response: <KeyPress from None: t=103.25697620003484, value=3, duration=None>
103.2588 	DATA 	Keypress: 3
103.2660 	EXP 	text_equation: autoDraw = False
103.2660 	EXP 	text_opt1: autoDraw = False
103.2660 	EXP 	text_opt2: autoDraw = False
103.2660 	EXP 	text_opt3: autoDraw = False
103.2660 	EXP 	text_2: autoDraw = True
103.4660 	EXP 	Device response: <KeyPress from None: t=103.25697620003484, value=3, duration=0.2075206000590697>
105.2576 	EXP 	text_2: autoDraw = False
105.2576 	EXP 	text_2: autoDraw = False
105.2576 	EXP 	text_feedback: text = 'Correct!'
105.2576 	EXP 	text_feedback: autoDraw = True
108.2417 	EXP 	New trial (rep=0, index=0): <Trial 0 (0 in rep 0) data={'thisN': 0, 'thisTrialN': 0, 'thisRepN': 0}>
108.2493 	EXP 	text_feedback: autoDraw = False
108.2493 	EXP 	text_feedback: autoDraw = False
108.2493 	EXP 	text: autoDraw = True
118.2371 	EXP 	New trial (rep=0, index=10): <Trial 10 (10 in rep 0) data={'math_eq': '31 + 10', 'CorrAns': np.int64(41), 'dstr1': np.int64(39), 'dstr2': np.int64(32), 'CorrAns_key': np.int64(3), 'thisN': 10, 'thisTrialN': 10, 'thisRepN': 0}>
118.2460 	EXP 	text: autoDraw = False
118.2460 	EXP 	text: autoDraw = False
118.2460 	EXP 	text_equation: height = np.float64(0.1)
118.2460 	EXP 	text_equation: height = np.float64(0.1)
118.2460 	EXP 	text_equation: height = np.float64(0.1)
118.2460 	EXP 	text_equation: text = '31 + 10'
118.2460 	EXP 	text_opt1: height = np.float64(0.05)
118.2460 	EXP 	text_opt1: height = np.float64(0.05)
118.2460 	EXP 	text_opt1: height = np.float64(0.05)
118.2460 	EXP 	text_opt1: text = '1. 39'
118.2460 	EXP 	text_opt2: height = np.float64(0.05)
118.2460 	EXP 	text_opt2: height = np.float64(0.05)
118.2460 	EXP 	text_opt2: height = np.float64(0.05)
118.2460 	EXP 	text_opt2: text = '2. 32'
118.2460 	EXP 	text_opt3: height = np.float64(0.05)
118.2460 	EXP 	text_opt3: height = np.float64(0.05)
118.2460 	EXP 	text_opt3: height = np.float64(0.05)
118.2460 	EXP 	text_opt3: text = '3. 41'
118.2460 	EXP 	text_equation: autoDraw = True
118.2460 	EXP 	text_opt1: autoDraw = True
118.2460 	EXP 	text_opt2: autoDraw = True
118.2460 	EXP 	text_opt3: autoDraw = True
122.1915 	EXP 	Device response: <KeyPress from None: t=122.18442280008458, value=3, duration=None>
122.1925 	DATA 	Keypress: 3
122.1995 	EXP 	text_equation: autoDraw = False
122.1995 	EXP 	text_opt1: autoDraw = False
122.1995 	EXP 	text_opt2: autoDraw = False
122.1995 	EXP 	text_opt3: autoDraw = False
122.1995 	EXP 	text_2: autoDraw = True
122.3999 	EXP 	Device response: <KeyPress from None: t=122.18442280008458, value=3, duration=0.20815409999340773>
124.1915 	EXP 	text_2: autoDraw = False
124.1915 	EXP 	text_2: autoDraw = False
124.1915 	EXP 	text_feedback: text = 'Correct!'
124.1915 	EXP 	text_feedback: autoDraw = True
127.1787 	EXP 	New trial (rep=0, index=11): <Trial 11 (11 in rep 0) data={'math_eq': '27 - 14', 'CorrAns': np.int64(13), 'dstr1': np.int64(10), 'dstr2': np.int64(23), 'CorrAns_key': np.int64(1), 'thisN': 11, 'thisTrialN': 11, 'thisRepN': 0}>
127.1891 	EXP 	text_feedback: autoDraw = False
127.1891 	EXP 	text_feedback: autoDraw = False
127.1891 	EXP 	text_equation: height = np.float64(0.1)
127.1891 	EXP 	text_equation: height = np.float64(0.1)
127.1891 	EXP 	text_equation: height = np.float64(0.1)
127.1891 	EXP 	text_equation: text = '27 - 14'
127.1891 	EXP 	text_opt1: height = np.float64(0.05)
127.1891 	EXP 	text_opt1: height = np.float64(0.05)
127.1891 	EXP 	text_opt1: height = np.float64(0.05)
127.1891 	EXP 	text_opt1: text = '1. 13'
127.1891 	EXP 	text_opt2: height = np.float64(0.05)
127.1891 	EXP 	text_opt2: height = np.float64(0.05)
127.1891 	EXP 	text_opt2: height = np.float64(0.05)
127.1891 	EXP 	text_opt2: text = '2. 10'
127.1891 	EXP 	text_opt3: height = np.float64(0.05)
127.1891 	EXP 	text_opt3: height = np.float64(0.05)
127.1891 	EXP 	text_opt3: height = np.float64(0.05)
127.1891 	EXP 	text_opt3: text = '3. 23'
127.1891 	EXP 	text_equation: autoDraw = True
127.1891 	EXP 	text_opt1: autoDraw = True
127.1891 	EXP 	text_opt2: autoDraw = True
127.1891 	EXP 	text_opt3: autoDraw = True
132.0091 	DATA 	Keypress: 1
132.0171 	EXP 	Device response: <KeyPress from None: t=132.00841530004982, value=1, duration=None>
132.0247 	EXP 	text_equation: autoDraw = False
132.0247 	EXP 	text_opt1: autoDraw = False
132.0247 	EXP 	text_opt2: autoDraw = False
132.0247 	EXP 	text_opt3: autoDraw = False
132.0247 	EXP 	text_2: autoDraw = True
132.2335 	EXP 	Device response: <KeyPress from None: t=132.00841530004982, value=1, duration=0.22406389995012432>
134.0165 	EXP 	text_2: autoDraw = False
134.0165 	EXP 	text_2: autoDraw = False
134.0165 	EXP 	text_feedback: text = 'Correct!'
134.0165 	EXP 	text_feedback: autoDraw = True
137.0039 	EXP 	New trial (rep=0, index=12): <Trial 12 (12 in rep 0) data={'math_eq': '27 + 18', 'CorrAns': np.int64(45), 'dstr1': np.int64(47), 'dstr2': np.int64(52), 'CorrAns_key': np.int64(1), 'thisN': 12, 'thisTrialN': 12, 'thisRepN': 0}>
137.0131 	EXP 	text_feedback: autoDraw = False
137.0131 	EXP 	text_feedback: autoDraw = False
137.0131 	EXP 	text_equation: height = np.float64(0.1)
137.0131 	EXP 	text_equation: height = np.float64(0.1)
137.0131 	EXP 	text_equation: height = np.float64(0.1)
137.0131 	EXP 	text_equation: text = '27 + 18'
137.0131 	EXP 	text_opt1: height = np.float64(0.05)
137.0131 	EXP 	text_opt1: height = np.float64(0.05)
137.0131 	EXP 	text_opt1: height = np.float64(0.05)
137.0131 	EXP 	text_opt1: text = '1. 45'
137.0131 	EXP 	text_opt2: height = np.float64(0.05)
137.0131 	EXP 	text_opt2: height = np.float64(0.05)
137.0131 	EXP 	text_opt2: height = np.float64(0.05)
137.0131 	EXP 	text_opt2: text = '2. 47'
137.0131 	EXP 	text_opt3: height = np.float64(0.05)
137.0131 	EXP 	text_opt3: height = np.float64(0.05)
137.0131 	EXP 	text_opt3: height = np.float64(0.05)
137.0131 	EXP 	text_opt3: text = '3. 52'
137.0131 	EXP 	text_equation: autoDraw = True
137.0131 	EXP 	text_opt1: autoDraw = True
137.0131 	EXP 	text_opt2: autoDraw = True
137.0131 	EXP 	text_opt3: autoDraw = True
142.2172 	EXP 	Device response: <KeyPress from None: t=142.21672890009359, value=1, duration=None>
142.2181 	DATA 	Keypress: 1
142.2330 	EXP 	text_equation: autoDraw = False
142.2330 	EXP 	text_opt1: autoDraw = False
142.2330 	EXP 	text_opt2: autoDraw = False
142.2330 	EXP 	text_opt3: autoDraw = False
142.2330 	EXP 	text_2: autoDraw = True
142.3838 	EXP 	Device response: <KeyPress from None: t=142.21672890009359, value=1, duration=0.16045159997884184>
144.2251 	EXP 	text_2: autoDraw = False
144.2251 	EXP 	text_2: autoDraw = False
144.2251 	EXP 	text_feedback: text = 'Correct!'
144.2251 	EXP 	text_feedback: autoDraw = True
147.2120 	EXP 	New trial (rep=0, index=13): <Trial 13 (13 in rep 0) data={'math_eq': '37 + 18', 'CorrAns': np.int64(55), 'dstr1': np.int64(47), 'dstr2': np.int64(45), 'CorrAns_key': np.int64(2), 'thisN': 13, 'thisTrialN': 13, 'thisRepN': 0}>
147.2210 	EXP 	text_feedback: autoDraw = False
147.2210 	EXP 	text_feedback: autoDraw = False
147.2210 	EXP 	text_equation: height = np.float64(0.1)
147.2210 	EXP 	text_equation: height = np.float64(0.1)
147.2210 	EXP 	text_equation: height = np.float64(0.1)
147.2210 	EXP 	text_equation: text = '37 + 18'
147.2210 	EXP 	text_opt1: height = np.float64(0.05)
147.2210 	EXP 	text_opt1: height = np.float64(0.05)
147.2210 	EXP 	text_opt1: height = np.float64(0.05)
147.2210 	EXP 	text_opt1: text = '1. 47'
147.2210 	EXP 	text_opt2: height = np.float64(0.05)
147.2210 	EXP 	text_opt2: height = np.float64(0.05)
147.2210 	EXP 	text_opt2: height = np.float64(0.05)
147.2210 	EXP 	text_opt2: text = '2. 55'
147.2210 	EXP 	text_opt3: height = np.float64(0.05)
147.2210 	EXP 	text_opt3: height = np.float64(0.05)
147.2210 	EXP 	text_opt3: height = np.float64(0.05)
147.2210 	EXP 	text_opt3: text = '3. 45'
147.2210 	EXP 	text_equation: autoDraw = True
147.2210 	EXP 	text_opt1: autoDraw = True
147.2210 	EXP 	text_opt2: autoDraw = True
147.2210 	EXP 	text_opt3: autoDraw = True
152.7509 	EXP 	Device response: <KeyPress from None: t=152.74528080003802, value=2, duration=None>
152.7519 	DATA 	Keypress: 2
152.7584 	EXP 	text_equation: autoDraw = False
152.7584 	EXP 	text_opt1: autoDraw = False
152.7584 	EXP 	text_opt2: autoDraw = False
152.7584 	EXP 	text_opt3: autoDraw = False
152.7584 	EXP 	text_2: autoDraw = True
153.0088 	EXP 	Device response: <KeyPress from None: t=152.74528080003802, value=2, duration=0.2555790999904275>
154.7502 	EXP 	text_2: autoDraw = False
154.7502 	EXP 	text_2: autoDraw = False
154.7502 	EXP 	text_feedback: text = 'Correct!'
154.7502 	EXP 	text_feedback: autoDraw = True
157.7370 	EXP 	New trial (rep=0, index=14): <Trial 14 (14 in rep 0) data={'math_eq': '112 / 2', 'CorrAns': np.int64(56), 'dstr1': np.int64(52), 'dstr2': np.int64(46), 'CorrAns_key': np.int64(1), 'thisN': 14, 'thisTrialN': 14, 'thisRepN': 0}>
157.7458 	EXP 	text_feedback: autoDraw = False
157.7458 	EXP 	text_feedback: autoDraw = False
157.7458 	EXP 	text_equation: height = np.float64(0.1)
157.7458 	EXP 	text_equation: height = np.float64(0.1)
157.7458 	EXP 	text_equation: height = np.float64(0.1)
157.7458 	EXP 	text_equation: text = '112 / 2'
157.7458 	EXP 	text_opt1: height = np.float64(0.05)
157.7458 	EXP 	text_opt1: height = np.float64(0.05)
157.7458 	EXP 	text_opt1: height = np.float64(0.05)
157.7458 	EXP 	text_opt1: text = '1. 56'
157.7458 	EXP 	text_opt2: height = np.float64(0.05)
157.7458 	EXP 	text_opt2: height = np.float64(0.05)
157.7458 	EXP 	text_opt2: height = np.float64(0.05)
157.7458 	EXP 	text_opt2: text = '2. 52'
157.7458 	EXP 	text_opt3: height = np.float64(0.05)
157.7458 	EXP 	text_opt3: height = np.float64(0.05)
157.7458 	EXP 	text_opt3: height = np.float64(0.05)
157.7458 	EXP 	text_opt3: text = '3. 46'
157.7458 	EXP 	text_equation: autoDraw = True
157.7458 	EXP 	text_opt1: autoDraw = True
157.7458 	EXP 	text_opt2: autoDraw = True
157.7458 	EXP 	text_opt3: autoDraw = True
162.4259 	EXP 	Device response: <KeyPress from None: t=162.42445770010818, value=1, duration=None>
162.4269 	DATA 	Keypress: 1
162.4336 	EXP 	text_equation: autoDraw = False
162.4336 	EXP 	text_opt1: autoDraw = False
162.4336 	EXP 	text_opt2: autoDraw = False
162.4336 	EXP 	text_opt3: autoDraw = False
162.4336 	EXP 	text_2: autoDraw = True
162.6089 	EXP 	Device response: <KeyPress from None: t=162.42445770010818, value=1, duration=0.17671619995962828>
164.4249 	EXP 	text_2: autoDraw = False
164.4249 	EXP 	text_2: autoDraw = False
164.4249 	EXP 	text_feedback: text = 'Correct!'
164.4249 	EXP 	text_feedback: autoDraw = True
167.4125 	EXP 	New trial (rep=0, index=15): <Trial 15 (15 in rep 0) data={'math_eq': '110 / 2', 'CorrAns': np.int64(55), 'dstr1': np.int64(59), 'dstr2': np.int64(57), 'CorrAns_key': np.int64(2), 'thisN': 15, 'thisTrialN': 15, 'thisRepN': 0}>
167.4214 	EXP 	text_feedback: autoDraw = False
167.4214 	EXP 	text_feedback: autoDraw = False
167.4214 	EXP 	text_equation: height = np.float64(0.1)
167.4214 	EXP 	text_equation: height = np.float64(0.1)
167.4214 	EXP 	text_equation: height = np.float64(0.1)
167.4214 	EXP 	text_equation: text = '110 / 2'
167.4214 	EXP 	text_opt1: height = np.float64(0.05)
167.4214 	EXP 	text_opt1: height = np.float64(0.05)
167.4214 	EXP 	text_opt1: height = np.float64(0.05)
167.4214 	EXP 	text_opt1: text = '1. 59'
167.4214 	EXP 	text_opt2: height = np.float64(0.05)
167.4214 	EXP 	text_opt2: height = np.float64(0.05)
167.4214 	EXP 	text_opt2: height = np.float64(0.05)
167.4214 	EXP 	text_opt2: text = '2. 55'
167.4214 	EXP 	text_opt3: height = np.float64(0.05)
167.4214 	EXP 	text_opt3: height = np.float64(0.05)
167.4214 	EXP 	text_opt3: height = np.float64(0.05)
167.4214 	EXP 	text_opt3: text = '3. 57'
167.4214 	EXP 	text_equation: autoDraw = True
167.4214 	EXP 	text_opt1: autoDraw = True
167.4214 	EXP 	text_opt2: autoDraw = True
167.4214 	EXP 	text_opt3: autoDraw = True
170.4591 	EXP 	Device response: <KeyPress from None: t=170.45649270003196, value=2, duration=None>
170.4602 	DATA 	Keypress: 2
170.4671 	EXP 	text_equation: autoDraw = False
170.4671 	EXP 	text_opt1: autoDraw = False
170.4671 	EXP 	text_opt2: autoDraw = False
170.4671 	EXP 	text_opt3: autoDraw = False
170.4671 	EXP 	text_2: autoDraw = True
170.6839 	EXP 	Device response: <KeyPress from None: t=170.45649270003196, value=2, duration=0.22499060002155602>
172.4586 	EXP 	text_2: autoDraw = False
172.4586 	EXP 	text_2: autoDraw = False
172.4586 	EXP 	text_feedback: text = 'Correct!'
172.4586 	EXP 	text_feedback: autoDraw = True
175.4458 	EXP 	New trial (rep=0, index=16): <Trial 16 (16 in rep 0) data={'math_eq': '22 + 14', 'CorrAns': np.int64(36), 'dstr1': np.int64(46), 'dstr2': np.int64(38), 'CorrAns_key': np.int64(3), 'thisN': 16, 'thisTrialN': 16, 'thisRepN': 0}>
175.4546 	EXP 	text_feedback: autoDraw = False
175.4546 	EXP 	text_feedback: autoDraw = False
175.4546 	EXP 	text_equation: height = np.float64(0.1)
175.4546 	EXP 	text_equation: height = np.float64(0.1)
175.4546 	EXP 	text_equation: height = np.float64(0.1)
175.4546 	EXP 	text_equation: text = '22 + 14'
175.4546 	EXP 	text_opt1: height = np.float64(0.05)
175.4546 	EXP 	text_opt1: height = np.float64(0.05)
175.4546 	EXP 	text_opt1: height = np.float64(0.05)
175.4546 	EXP 	text_opt1: text = '1. 46'
175.4546 	EXP 	text_opt2: height = np.float64(0.05)
175.4546 	EXP 	text_opt2: height = np.float64(0.05)
175.4546 	EXP 	text_opt2: height = np.float64(0.05)
175.4546 	EXP 	text_opt2: text = '2. 38'
175.4546 	EXP 	text_opt3: height = np.float64(0.05)
175.4546 	EXP 	text_opt3: height = np.float64(0.05)
175.4546 	EXP 	text_opt3: height = np.float64(0.05)
175.4546 	EXP 	text_opt3: text = '3. 36'
175.4546 	EXP 	text_equation: autoDraw = True
175.4546 	EXP 	text_opt1: autoDraw = True
175.4546 	EXP 	text_opt2: autoDraw = True
175.4546 	EXP 	text_opt3: autoDraw = True
179.9928 	EXP 	Device response: <KeyPress from None: t=179.9923195000738, value=2, duration=None>
179.9936 	DATA 	Keypress: 2
180.0088 	EXP 	text_equation: autoDraw = False
180.0088 	EXP 	text_opt1: autoDraw = False
180.0088 	EXP 	text_opt2: autoDraw = False
180.0088 	EXP 	text_opt3: autoDraw = False
180.0088 	EXP 	text_2: autoDraw = True
180.2506 	EXP 	Device response: <KeyPress from None: t=179.9923195000738, value=2, duration=0.25678890000563115>
182.0004 	EXP 	text_2: autoDraw = False
182.0004 	EXP 	text_2: autoDraw = False
182.0004 	EXP 	text_feedback: height = np.float64(0.05)
182.0004 	EXP 	text_feedback: height = np.float64(0.05)
182.0004 	EXP 	text_feedback: height = np.float64(0.05)
182.0004 	EXP 	text_feedback: text = 'Incorrect!'
182.0004 	EXP 	text_feedback: autoDraw = True
184.9875 	EXP 	New trial (rep=0, index=17): <Trial 17 (17 in rep 0) data={'math_eq': '32 - 9', 'CorrAns': np.int64(23), 'dstr1': np.int64(29), 'dstr2': np.int64(21), 'CorrAns_key': np.int64(3), 'thisN': 17, 'thisTrialN': 17, 'thisRepN': 0}>
184.9957 	EXP 	text_feedback: autoDraw = False
184.9957 	EXP 	text_feedback: autoDraw = False
184.9957 	EXP 	text_equation: height = np.float64(0.1)
184.9957 	EXP 	text_equation: height = np.float64(0.1)
184.9957 	EXP 	text_equation: height = np.float64(0.1)
184.9957 	EXP 	text_equation: text = '32 - 9'
184.9957 	EXP 	text_opt1: height = np.float64(0.05)
184.9957 	EXP 	text_opt1: height = np.float64(0.05)
184.9957 	EXP 	text_opt1: height = np.float64(0.05)
184.9957 	EXP 	text_opt1: text = '1. 29'
184.9957 	EXP 	text_opt2: height = np.float64(0.05)
184.9957 	EXP 	text_opt2: height = np.float64(0.05)
184.9957 	EXP 	text_opt2: height = np.float64(0.05)
184.9957 	EXP 	text_opt2: text = '2. 21'
184.9957 	EXP 	text_opt3: height = np.float64(0.05)
184.9957 	EXP 	text_opt3: height = np.float64(0.05)
184.9957 	EXP 	text_opt3: height = np.float64(0.05)
184.9957 	EXP 	text_opt3: text = '3. 23'
184.9957 	EXP 	text_equation: autoDraw = True
184.9957 	EXP 	text_opt1: autoDraw = True
184.9957 	EXP 	text_opt2: autoDraw = True
184.9957 	EXP 	text_opt3: autoDraw = True
192.5691 	DATA 	Keypress: 3
192.5759 	EXP 	Device response: <KeyPress from None: t=192.56850860000122, value=3, duration=None>
192.5841 	EXP 	text_equation: autoDraw = False
192.5841 	EXP 	text_opt1: autoDraw = False
192.5841 	EXP 	text_opt2: autoDraw = False
192.5841 	EXP 	text_opt3: autoDraw = False
192.5841 	EXP 	text_2: autoDraw = True
192.8012 	EXP 	Device response: <KeyPress from None: t=192.56850860000122, value=3, duration=0.2246763000730425>
194.5755 	EXP 	text_2: autoDraw = False
194.5755 	EXP 	text_2: autoDraw = False
194.5755 	EXP 	text_feedback: height = np.float64(0.05)
194.5755 	EXP 	text_feedback: height = np.float64(0.05)
194.5755 	EXP 	text_feedback: height = np.float64(0.05)
194.5755 	EXP 	text_feedback: text = 'Correct!'
194.5755 	EXP 	text_feedback: autoDraw = True
197.5631 	EXP 	New trial (rep=0, index=18): <Trial 18 (18 in rep 0) data={'math_eq': '18 * 3', 'CorrAns': np.int64(54), 'dstr1': np.int64(52), 'dstr2': np.int64(44), 'CorrAns_key': np.int64(3), 'thisN': 18, 'thisTrialN': 18, 'thisRepN': 0}>
197.5718 	EXP 	text_feedback: autoDraw = False
197.5718 	EXP 	text_feedback: autoDraw = False
197.5718 	EXP 	text_equation: height = np.float64(0.1)
197.5718 	EXP 	text_equation: height = np.float64(0.1)
197.5718 	EXP 	text_equation: height = np.float64(0.1)
197.5718 	EXP 	text_equation: text = '18 * 3'
197.5718 	EXP 	text_opt1: height = np.float64(0.05)
197.5718 	EXP 	text_opt1: height = np.float64(0.05)
197.5718 	EXP 	text_opt1: height = np.float64(0.05)
197.5718 	EXP 	text_opt1: text = '1. 52'
197.5718 	EXP 	text_opt2: height = np.float64(0.05)
197.5718 	EXP 	text_opt2: height = np.float64(0.05)
197.5718 	EXP 	text_opt2: height = np.float64(0.05)
197.5718 	EXP 	text_opt2: text = '2. 44'
197.5718 	EXP 	text_opt3: height = np.float64(0.05)
197.5718 	EXP 	text_opt3: height = np.float64(0.05)
197.5718 	EXP 	text_opt3: height = np.float64(0.05)
197.5718 	EXP 	text_opt3: text = '3. 54'
197.5718 	EXP 	text_equation: autoDraw = True
197.5718 	EXP 	text_opt1: autoDraw = True
197.5718 	EXP 	text_opt2: autoDraw = True
197.5718 	EXP 	text_opt3: autoDraw = True
205.1015 	EXP 	Device response: <KeyPress from None: t=205.09733720007353, value=3, duration=None>
205.1025 	DATA 	Keypress: 3
205.1092 	EXP 	text_equation: autoDraw = False
205.1092 	EXP 	text_opt1: autoDraw = False
205.1092 	EXP 	text_opt2: autoDraw = False
205.1092 	EXP 	text_opt3: autoDraw = False
205.1092 	EXP 	text_2: autoDraw = True
205.2013 	EXP 	Device response: <KeyPress from None: t=205.09733720007353, value=3, duration=0.09532480000052601>
207.1007 	EXP 	text_2: autoDraw = False
207.1007 	EXP 	text_2: autoDraw = False
207.1007 	EXP 	text_feedback: text = 'Correct!'
207.1007 	EXP 	text_feedback: autoDraw = True
210.0886 	EXP 	New trial (rep=0, index=19): <Trial 19 (19 in rep 0) data={'math_eq': '33 - 6', 'CorrAns': np.int64(27), 'dstr1': np.int64(29), 'dstr2': np.int64(26), 'CorrAns_key': np.int64(2), 'thisN': 19, 'thisTrialN': 19, 'thisRepN': 0}>
210.0970 	EXP 	text_feedback: autoDraw = False
210.0970 	EXP 	text_feedback: autoDraw = False
210.0970 	EXP 	text_equation: height = np.float64(0.1)
210.0970 	EXP 	text_equation: height = np.float64(0.1)
210.0970 	EXP 	text_equation: height = np.float64(0.1)
210.0970 	EXP 	text_equation: text = '33 - 6'
210.0970 	EXP 	text_opt1: height = np.float64(0.05)
210.0970 	EXP 	text_opt1: height = np.float64(0.05)
210.0970 	EXP 	text_opt1: height = np.float64(0.05)
210.0970 	EXP 	text_opt1: text = '1. 29'
210.0970 	EXP 	text_opt2: height = np.float64(0.05)
210.0970 	EXP 	text_opt2: height = np.float64(0.05)
210.0970 	EXP 	text_opt2: height = np.float64(0.05)
210.0970 	EXP 	text_opt2: text = '2. 27'
210.0970 	EXP 	text_opt3: height = np.float64(0.05)
210.0970 	EXP 	text_opt3: height = np.float64(0.05)
210.0970 	EXP 	text_opt3: height = np.float64(0.05)
210.0970 	EXP 	text_opt3: text = '3. 26'
210.0970 	EXP 	text_equation: autoDraw = True
210.0970 	EXP 	text_opt1: autoDraw = True
210.0970 	EXP 	text_opt2: autoDraw = True
210.0970 	EXP 	text_opt3: autoDraw = True
214.2345 	EXP 	Device response: <KeyPress from None: t=214.2333295000717, value=2, duration=None>
214.2356 	DATA 	Keypress: 2
214.2425 	EXP 	text_equation: autoDraw = False
214.2425 	EXP 	text_opt1: autoDraw = False
214.2425 	EXP 	text_opt2: autoDraw = False
214.2425 	EXP 	text_opt3: autoDraw = False
214.2425 	EXP 	text_2: autoDraw = True
214.3349 	EXP 	Device response: <KeyPress from None: t=214.2333295000717, value=2, duration=0.09597969998139888>
216.2344 	EXP 	text_2: autoDraw = False
216.2344 	EXP 	text_2: autoDraw = False
216.2344 	EXP 	text_feedback: text = 'Correct!'
216.2344 	EXP 	text_feedback: autoDraw = True
219.2185 	EXP 	New trial (rep=0, index=0): <Trial 0 (0 in rep 0) data={'thisN': 0, 'thisTrialN': 0, 'thisRepN': 0}>
219.2259 	EXP 	text_feedback: autoDraw = False
219.2259 	EXP 	text_feedback: autoDraw = False
219.2259 	EXP 	text: autoDraw = True
229.2132 	EXP 	New trial (rep=0, index=20): <Trial 20 (20 in rep 0) data={'math_eq': '19 * 3', 'CorrAns': np.int64(57), 'dstr1': np.int64(50), 'dstr2': np.int64(53), 'CorrAns_key': np.int64(3), 'thisN': 20, 'thisTrialN': 20, 'thisRepN': 0}>
229.2220 	EXP 	text: autoDraw = False
229.2220 	EXP 	text: autoDraw = False
229.2220 	EXP 	text_equation: height = np.float64(0.1)
229.2220 	EXP 	text_equation: height = np.float64(0.1)
229.2220 	EXP 	text_equation: height = np.float64(0.1)
229.2220 	EXP 	text_equation: text = '19 * 3'
229.2220 	EXP 	text_opt1: height = np.float64(0.05)
229.2220 	EXP 	text_opt1: height = np.float64(0.05)
229.2220 	EXP 	text_opt1: height = np.float64(0.05)
229.2220 	EXP 	text_opt1: text = '1. 50'
229.2220 	EXP 	text_opt2: height = np.float64(0.05)
229.2220 	EXP 	text_opt2: height = np.float64(0.05)
229.2220 	EXP 	text_opt2: height = np.float64(0.05)
229.2220 	EXP 	text_opt2: text = '2. 53'
229.2220 	EXP 	text_opt3: height = np.float64(0.05)
229.2220 	EXP 	text_opt3: height = np.float64(0.05)
229.2220 	EXP 	text_opt3: height = np.float64(0.05)
229.2220 	EXP 	text_opt3: text = '3. 57'
229.2220 	EXP 	text_equation: autoDraw = True
229.2220 	EXP 	text_opt1: autoDraw = True
229.2220 	EXP 	text_opt2: autoDraw = True
229.2220 	EXP 	text_opt3: autoDraw = True
235.4348 	EXP 	Device response: <KeyPress from None: t=235.43336850008927, value=3, duration=None>
235.4359 	DATA 	Keypress: 3
235.4430 	EXP 	text_equation: autoDraw = False
235.4430 	EXP 	text_opt1: autoDraw = False
235.4430 	EXP 	text_opt2: autoDraw = False
235.4430 	EXP 	text_opt3: autoDraw = False
235.4430 	EXP 	text_2: autoDraw = True
235.6100 	EXP 	Device response: <KeyPress from None: t=235.43336850008927, value=3, duration=0.17569569998886436>
237.4346 	EXP 	text_2: autoDraw = False
237.4346 	EXP 	text_2: autoDraw = False
237.4346 	EXP 	text_feedback: text = 'Correct!'
237.4346 	EXP 	text_feedback: autoDraw = True
240.4220 	EXP 	New trial (rep=0, index=21): <Trial 21 (21 in rep 0) data={'math_eq': '140 / 4', 'CorrAns': np.int64(45), 'dstr1': np.int64(35), 'dstr2': np.int64(42), 'CorrAns_key': np.int64(1), 'thisN': 21, 'thisTrialN': 21, 'thisRepN': 0}>
240.4310 	EXP 	text_feedback: autoDraw = False
240.4310 	EXP 	text_feedback: autoDraw = False
240.4310 	EXP 	text_equation: height = np.float64(0.1)
240.4310 	EXP 	text_equation: height = np.float64(0.1)
240.4310 	EXP 	text_equation: height = np.float64(0.1)
240.4310 	EXP 	text_equation: text = '140 / 4'
240.4310 	EXP 	text_opt1: height = np.float64(0.05)
240.4310 	EXP 	text_opt1: height = np.float64(0.05)
240.4310 	EXP 	text_opt1: height = np.float64(0.05)
240.4310 	EXP 	text_opt1: text = '1. 45'
240.4310 	EXP 	text_opt2: height = np.float64(0.05)
240.4310 	EXP 	text_opt2: height = np.float64(0.05)
240.4310 	EXP 	text_opt2: height = np.float64(0.05)
240.4310 	EXP 	text_opt2: text = '2. 35'
240.4310 	EXP 	text_opt3: height = np.float64(0.05)
240.4310 	EXP 	text_opt3: height = np.float64(0.05)
240.4310 	EXP 	text_opt3: height = np.float64(0.05)
240.4310 	EXP 	text_opt3: text = '3. 42'
240.4310 	EXP 	text_equation: autoDraw = True
240.4310 	EXP 	text_opt1: autoDraw = True
240.4310 	EXP 	text_opt2: autoDraw = True
240.4310 	EXP 	text_opt3: autoDraw = True
245.5779 	DATA 	Keypress: 2
245.5852 	EXP 	Device response: <KeyPress from None: t=245.57724210002925, value=2, duration=None>
245.5932 	EXP 	text_equation: autoDraw = False
245.5932 	EXP 	text_opt1: autoDraw = False
245.5932 	EXP 	text_opt2: autoDraw = False
245.5932 	EXP 	text_opt3: autoDraw = False
245.5932 	EXP 	text_2: autoDraw = True
245.7770 	EXP 	Device response: <KeyPress from None: t=245.57724210002925, value=2, duration=0.19143220002297312>
247.5848 	EXP 	text_2: autoDraw = False
247.5848 	EXP 	text_2: autoDraw = False
247.5848 	EXP 	text_feedback: height = np.float64(0.05)
247.5848 	EXP 	text_feedback: height = np.float64(0.05)
247.5848 	EXP 	text_feedback: height = np.float64(0.05)
247.5848 	EXP 	text_feedback: text = 'Incorrect!'
247.5848 	EXP 	text_feedback: autoDraw = True
250.5723 	EXP 	New trial (rep=0, index=22): <Trial 22 (22 in rep 0) data={'math_eq': '23 + 18', 'CorrAns': np.int64(41), 'dstr1': np.int64(39), 'dstr2': np.int64(33), 'CorrAns_key': np.int64(1), 'thisN': 22, 'thisTrialN': 22, 'thisRepN': 0}>
250.5812 	EXP 	text_feedback: autoDraw = False
250.5812 	EXP 	text_feedback: autoDraw = False
250.5812 	EXP 	text_equation: height = np.float64(0.1)
250.5812 	EXP 	text_equation: height = np.float64(0.1)
250.5812 	EXP 	text_equation: height = np.float64(0.1)
250.5812 	EXP 	text_equation: text = '23 + 18'
250.5812 	EXP 	text_opt1: height = np.float64(0.05)
250.5812 	EXP 	text_opt1: height = np.float64(0.05)
250.5812 	EXP 	text_opt1: height = np.float64(0.05)
250.5812 	EXP 	text_opt1: text = '1. 41'
250.5812 	EXP 	text_opt2: height = np.float64(0.05)
250.5812 	EXP 	text_opt2: height = np.float64(0.05)
250.5812 	EXP 	text_opt2: height = np.float64(0.05)
250.5812 	EXP 	text_opt2: text = '2. 39'
250.5812 	EXP 	text_opt3: height = np.float64(0.05)
250.5812 	EXP 	text_opt3: height = np.float64(0.05)
250.5812 	EXP 	text_opt3: height = np.float64(0.05)
250.5812 	EXP 	text_opt3: text = '3. 33'
250.5812 	EXP 	text_equation: autoDraw = True
250.5812 	EXP 	text_opt1: autoDraw = True
250.5812 	EXP 	text_opt2: autoDraw = True
250.5812 	EXP 	text_opt3: autoDraw = True
260.1271 	EXP 	Device response: <KeyPress from None: t=260.1206977000693, value=1, duration=None>
260.1281 	DATA 	Keypress: 1
260.1347 	EXP 	text_equation: autoDraw = False
260.1347 	EXP 	text_opt1: autoDraw = False
260.1347 	EXP 	text_opt2: autoDraw = False
260.1347 	EXP 	text_opt3: autoDraw = False
260.1347 	EXP 	text_2: autoDraw = True
260.2525 	EXP 	Device response: <KeyPress from None: t=260.1206977000693, value=1, duration=0.12837789999321103>
262.1267 	EXP 	text_2: autoDraw = False
262.1267 	EXP 	text_2: autoDraw = False
262.1267 	EXP 	text_feedback: height = np.float64(0.05)
262.1267 	EXP 	text_feedback: height = np.float64(0.05)
262.1267 	EXP 	text_feedback: height = np.float64(0.05)
262.1267 	EXP 	text_feedback: text = 'Correct!'
262.1267 	EXP 	text_feedback: autoDraw = True
265.1140 	EXP 	New trial (rep=0, index=23): <Trial 23 (23 in rep 0) data={'math_eq': '128 / 2', 'CorrAns': np.int64(64), 'dstr1': np.int64(60), 'dstr2': np.int64(62), 'CorrAns_key': np.int64(3), 'thisN': 23, 'thisTrialN': 23, 'thisRepN': 0}>
265.1234 	EXP 	text_feedback: autoDraw = False
265.1234 	EXP 	text_feedback: autoDraw = False
265.1234 	EXP 	text_equation: height = np.float64(0.1)
265.1234 	EXP 	text_equation: height = np.float64(0.1)
265.1234 	EXP 	text_equation: height = np.float64(0.1)
265.1234 	EXP 	text_equation: text = '128 / 2'
265.1234 	EXP 	text_opt1: height = np.float64(0.05)
265.1234 	EXP 	text_opt1: height = np.float64(0.05)
265.1234 	EXP 	text_opt1: height = np.float64(0.05)
265.1234 	EXP 	text_opt1: text = '1. 60'
265.1234 	EXP 	text_opt2: height = np.float64(0.05)
265.1234 	EXP 	text_opt2: height = np.float64(0.05)
265.1234 	EXP 	text_opt2: height = np.float64(0.05)
265.1234 	EXP 	text_opt2: text = '2. 62'
265.1234 	EXP 	text_opt3: height = np.float64(0.05)
265.1234 	EXP 	text_opt3: height = np.float64(0.05)
265.1234 	EXP 	text_opt3: height = np.float64(0.05)
265.1234 	EXP 	text_opt3: text = '3. 64'
265.1234 	EXP 	text_equation: autoDraw = True
265.1234 	EXP 	text_opt1: autoDraw = True
265.1234 	EXP 	text_opt2: autoDraw = True
265.1234 	EXP 	text_opt3: autoDraw = True
269.9190 	EXP 	Device response: <KeyPress from None: t=269.91245420009363, value=3, duration=None>
269.9201 	DATA 	Keypress: 3
269.9266 	EXP 	text_equation: autoDraw = False
269.9266 	EXP 	text_opt1: autoDraw = False
269.9266 	EXP 	text_opt2: autoDraw = False
269.9266 	EXP 	text_opt3: autoDraw = False
269.9266 	EXP 	text_2: autoDraw = True
270.0435 	EXP 	Device response: <KeyPress from None: t=269.91245420009363, value=3, duration=0.1283251999411732>
271.9186 	EXP 	text_2: autoDraw = False
271.9186 	EXP 	text_2: autoDraw = False
271.9186 	EXP 	text_feedback: text = 'Correct!'
271.9186 	EXP 	text_feedback: autoDraw = True
274.9059 	EXP 	New trial (rep=0, index=24): <Trial 24 (24 in rep 0) data={'math_eq': '39 - 11', 'CorrAns': np.int64(28), 'dstr1': np.int64(26), 'dstr2': np.int64(27), 'CorrAns_key': np.int64(2), 'thisN': 24, 'thisTrialN': 24, 'thisRepN': 0}>
274.9144 	EXP 	text_feedback: autoDraw = False
274.9144 	EXP 	text_feedback: autoDraw = False
274.9144 	EXP 	text_equation: height = np.float64(0.1)
274.9144 	EXP 	text_equation: height = np.float64(0.1)
274.9144 	EXP 	text_equation: height = np.float64(0.1)
274.9144 	EXP 	text_equation: text = '39 - 11'
274.9144 	EXP 	text_opt1: height = np.float64(0.05)
274.9144 	EXP 	text_opt1: height = np.float64(0.05)
274.9144 	EXP 	text_opt1: height = np.float64(0.05)
274.9144 	EXP 	text_opt1: text = '1. 26'
274.9144 	EXP 	text_opt2: height = np.float64(0.05)
274.9144 	EXP 	text_opt2: height = np.float64(0.05)
274.9144 	EXP 	text_opt2: height = np.float64(0.05)
274.9144 	EXP 	text_opt2: text = '2. 28'
274.9144 	EXP 	text_opt3: height = np.float64(0.05)
274.9144 	EXP 	text_opt3: height = np.float64(0.05)
274.9144 	EXP 	text_opt3: height = np.float64(0.05)
274.9144 	EXP 	text_opt3: text = '3. 27'
274.9144 	EXP 	text_equation: autoDraw = True
274.9144 	EXP 	text_opt1: autoDraw = True
274.9144 	EXP 	text_opt2: autoDraw = True
274.9144 	EXP 	text_opt3: autoDraw = True
278.5697 	DATA 	Keypress: 2
278.5777 	EXP 	Device response: <KeyPress from None: t=278.56907160009723, value=2, duration=None>
278.5855 	EXP 	text_equation: autoDraw = False
278.5855 	EXP 	text_opt1: autoDraw = False
278.5855 	EXP 	text_opt2: autoDraw = False
278.5855 	EXP 	text_opt3: autoDraw = False
278.5855 	EXP 	text_2: autoDraw = True
278.8273 	EXP 	Device response: <KeyPress from None: t=278.56907160009723, value=2, duration=0.25596059998497367>
280.5768 	EXP 	text_2: autoDraw = False
280.5768 	EXP 	text_2: autoDraw = False
280.5768 	EXP 	text_feedback: text = 'Correct!'
280.5768 	EXP 	text_feedback: autoDraw = True
283.5645 	EXP 	New trial (rep=0, index=25): <Trial 25 (25 in rep 0) data={'math_eq': '23 + 9', 'CorrAns': np.int64(32), 'dstr1': np.int64(31), 'dstr2': np.int64(29), 'CorrAns_key': np.int64(1), 'thisN': 25, 'thisTrialN': 25, 'thisRepN': 0}>
283.5730 	EXP 	text_feedback: autoDraw = False
283.5730 	EXP 	text_feedback: autoDraw = False
283.5730 	EXP 	text_equation: height = np.float64(0.1)
283.5730 	EXP 	text_equation: height = np.float64(0.1)
283.5730 	EXP 	text_equation: height = np.float64(0.1)
283.5730 	EXP 	text_equation: text = '23 + 9'
283.5730 	EXP 	text_opt1: height = np.float64(0.05)
283.5730 	EXP 	text_opt1: height = np.float64(0.05)
283.5730 	EXP 	text_opt1: height = np.float64(0.05)
283.5730 	EXP 	text_opt1: text = '1. 32'
283.5730 	EXP 	text_opt2: height = np.float64(0.05)
283.5730 	EXP 	text_opt2: height = np.float64(0.05)
283.5730 	EXP 	text_opt2: height = np.float64(0.05)
283.5730 	EXP 	text_opt2: text = '2. 31'
283.5730 	EXP 	text_opt3: height = np.float64(0.05)
283.5730 	EXP 	text_opt3: height = np.float64(0.05)
283.5730 	EXP 	text_opt3: height = np.float64(0.05)
283.5730 	EXP 	text_opt3: text = '3. 29'
283.5730 	EXP 	text_equation: autoDraw = True
283.5730 	EXP 	text_opt1: autoDraw = True
283.5730 	EXP 	text_opt2: autoDraw = True
283.5730 	EXP 	text_opt3: autoDraw = True
289.6942 	EXP 	Device response: <KeyPress from None: t=289.6892490000464, value=1, duration=None>
289.6952 	DATA 	Keypress: 1
289.7020 	EXP 	text_equation: autoDraw = False
289.7020 	EXP 	text_opt1: autoDraw = False
289.7020 	EXP 	text_opt2: autoDraw = False
289.7020 	EXP 	text_opt3: autoDraw = False
289.7020 	EXP 	text_2: autoDraw = True
289.9196 	EXP 	Device response: <KeyPress from None: t=289.6892490000464, value=1, duration=0.22334839997347444>
291.6939 	EXP 	text_2: autoDraw = False
291.6939 	EXP 	text_2: autoDraw = False
291.6939 	EXP 	text_feedback: text = 'Correct!'
291.6939 	EXP 	text_feedback: autoDraw = True
294.6818 	EXP 	New trial (rep=0, index=26): <Trial 26 (26 in rep 0) data={'math_eq': '142 / 2', 'CorrAns': np.int64(71), 'dstr1': np.int64(72), 'dstr2': np.int64(74), 'CorrAns_key': np.int64(1), 'thisN': 26, 'thisTrialN': 26, 'thisRepN': 0}>
294.6906 	EXP 	text_feedback: autoDraw = False
294.6906 	EXP 	text_feedback: autoDraw = False
294.6906 	EXP 	text_equation: height = np.float64(0.1)
294.6906 	EXP 	text_equation: height = np.float64(0.1)
294.6906 	EXP 	text_equation: height = np.float64(0.1)
294.6906 	EXP 	text_equation: text = '142 / 2'
294.6906 	EXP 	text_opt1: height = np.float64(0.05)
294.6906 	EXP 	text_opt1: height = np.float64(0.05)
294.6906 	EXP 	text_opt1: height = np.float64(0.05)
294.6906 	EXP 	text_opt1: text = '1. 71'
294.6906 	EXP 	text_opt2: height = np.float64(0.05)
294.6906 	EXP 	text_opt2: height = np.float64(0.05)
294.6906 	EXP 	text_opt2: height = np.float64(0.05)
294.6906 	EXP 	text_opt2: text = '2. 72'
294.6906 	EXP 	text_opt3: height = np.float64(0.05)
294.6906 	EXP 	text_opt3: height = np.float64(0.05)
294.6906 	EXP 	text_opt3: height = np.float64(0.05)
294.6906 	EXP 	text_opt3: text = '3. 74'
294.6906 	EXP 	text_equation: autoDraw = True
294.6906 	EXP 	text_opt1: autoDraw = True
294.6906 	EXP 	text_opt2: autoDraw = True
294.6906 	EXP 	text_opt3: autoDraw = True
299.4692 	EXP 	Device response: <KeyPress from None: t=299.46655100001954, value=1, duration=None>
299.4702 	DATA 	Keypress: 1
299.4769 	EXP 	text_equation: autoDraw = False
299.4769 	EXP 	text_opt1: autoDraw = False
299.4769 	EXP 	text_opt2: autoDraw = False
299.4769 	EXP 	text_opt3: autoDraw = False
299.4769 	EXP 	text_2: autoDraw = True
299.6947 	EXP 	Device response: <KeyPress from None: t=299.46655100001954, value=1, duration=0.22281499998643994>
301.4688 	EXP 	text_2: autoDraw = False
301.4688 	EXP 	text_2: autoDraw = False
301.4688 	EXP 	text_feedback: text = 'Correct!'
301.4688 	EXP 	text_feedback: autoDraw = True
304.4564 	EXP 	New trial (rep=0, index=27): <Trial 27 (27 in rep 0) data={'math_eq': '14 * 3', 'CorrAns': np.int64(42), 'dstr1': np.int64(38), 'dstr2': np.int64(40), 'CorrAns_key': np.int64(2), 'thisN': 27, 'thisTrialN': 27, 'thisRepN': 0}>
304.4651 	EXP 	text_feedback: autoDraw = False
304.4651 	EXP 	text_feedback: autoDraw = False
304.4651 	EXP 	text_equation: height = np.float64(0.1)
304.4651 	EXP 	text_equation: height = np.float64(0.1)
304.4651 	EXP 	text_equation: height = np.float64(0.1)
304.4651 	EXP 	text_equation: text = '14 * 3'
304.4651 	EXP 	text_opt1: height = np.float64(0.05)
304.4651 	EXP 	text_opt1: height = np.float64(0.05)
304.4651 	EXP 	text_opt1: height = np.float64(0.05)
304.4651 	EXP 	text_opt1: text = '1. 38'
304.4651 	EXP 	text_opt2: height = np.float64(0.05)
304.4651 	EXP 	text_opt2: height = np.float64(0.05)
304.4651 	EXP 	text_opt2: height = np.float64(0.05)
304.4651 	EXP 	text_opt2: text = '2. 42'
304.4651 	EXP 	text_opt3: height = np.float64(0.05)
304.4651 	EXP 	text_opt3: height = np.float64(0.05)
304.4651 	EXP 	text_opt3: height = np.float64(0.05)
304.4651 	EXP 	text_opt3: text = '3. 40'
304.4651 	EXP 	text_equation: autoDraw = True
304.4651 	EXP 	text_opt1: autoDraw = True
304.4651 	EXP 	text_opt2: autoDraw = True
304.4651 	EXP 	text_opt3: autoDraw = True
311.8529 	EXP 	Device response: <KeyPress from None: t=311.84920390008483, value=2, duration=None>
311.8539 	DATA 	Keypress: 2
311.8604 	EXP 	text_equation: autoDraw = False
311.8604 	EXP 	text_opt1: autoDraw = False
311.8604 	EXP 	text_opt2: autoDraw = False
311.8604 	EXP 	text_opt3: autoDraw = False
311.8604 	EXP 	text_2: autoDraw = True
312.0945 	EXP 	Device response: <KeyPress from None: t=311.84920390008483, value=2, duration=0.2397991999750957>
313.8527 	EXP 	text_2: autoDraw = False
313.8527 	EXP 	text_2: autoDraw = False
313.8527 	EXP 	text_feedback: text = 'Correct!'
313.8527 	EXP 	text_feedback: autoDraw = True
316.8399 	EXP 	New trial (rep=0, index=28): <Trial 28 (28 in rep 0) data={'math_eq': '33 - 8', 'CorrAns': np.int64(25), 'dstr1': np.int64(26), 'dstr2': np.int64(28), 'CorrAns_key': np.int64(3), 'thisN': 28, 'thisTrialN': 28, 'thisRepN': 0}>
316.8482 	EXP 	text_feedback: autoDraw = False
316.8482 	EXP 	text_feedback: autoDraw = False
316.8482 	EXP 	text_equation: height = np.float64(0.1)
316.8482 	EXP 	text_equation: height = np.float64(0.1)
316.8482 	EXP 	text_equation: height = np.float64(0.1)
316.8482 	EXP 	text_equation: text = '33 - 8'
316.8482 	EXP 	text_opt1: height = np.float64(0.05)
316.8482 	EXP 	text_opt1: height = np.float64(0.05)
316.8482 	EXP 	text_opt1: height = np.float64(0.05)
316.8482 	EXP 	text_opt1: text = '1. 26'
316.8482 	EXP 	text_opt2: height = np.float64(0.05)
316.8482 	EXP 	text_opt2: height = np.float64(0.05)
316.8482 	EXP 	text_opt2: height = np.float64(0.05)
316.8482 	EXP 	text_opt2: text = '2. 28'
316.8482 	EXP 	text_opt3: height = np.float64(0.05)
316.8482 	EXP 	text_opt3: height = np.float64(0.05)
316.8482 	EXP 	text_opt3: height = np.float64(0.05)
316.8482 	EXP 	text_opt3: text = '3. 25'
316.8482 	EXP 	text_equation: autoDraw = True
316.8482 	EXP 	text_opt1: autoDraw = True
316.8482 	EXP 	text_opt2: autoDraw = True
316.8482 	EXP 	text_opt3: autoDraw = True
320.9283 	EXP 	Device response: <KeyPress from None: t=320.92125000001397, value=2, duration=None>
320.9294 	DATA 	Keypress: 2
320.9360 	EXP 	text_equation: autoDraw = False
320.9360 	EXP 	text_opt1: autoDraw = False
320.9360 	EXP 	text_opt2: autoDraw = False
320.9360 	EXP 	text_opt3: autoDraw = False
320.9360 	EXP 	text_2: autoDraw = True
321.1200 	EXP 	Device response: <KeyPress from None: t=320.92125000001397, value=2, duration=0.19124200008809566>
321.3278 	EXP 	Device response: <KeyPress from None: t=321.32039360003546, value=3, duration=None>
321.3281 	DATA 	Keypress: 3
321.3860 	EXP 	Device response: <KeyPress from None: t=321.32039360003546, value=3, duration=0.06418680003844202>
321.4364 	EXP 	Device response: <KeyPress from None: t=321.43284130003303, value=3, duration=None>
321.4367 	DATA 	Keypress: 3
321.5198 	EXP 	Device response: <KeyPress from None: t=321.43284130003303, value=3, duration=0.08031380001921207>
321.5614 	EXP 	Device response: <KeyPress from None: t=321.5604807001073, value=3, duration=None>
321.5617 	DATA 	Keypress: 3
321.5782 	EXP 	Device response: <KeyPress from None: t=321.5604807001073, value=3, duration=0.01679239992517978>
321.6612 	EXP 	Device response: <KeyPress from None: t=321.6572903000051, value=3, duration=None>
321.6616 	DATA 	Keypress: 3
321.6946 	EXP 	Device response: <KeyPress from None: t=321.6572903000051, value=3, duration=0.032009600079618394>
321.7694 	EXP 	Device response: <KeyPress from None: t=321.7689253001008, value=3, duration=None>
321.7697 	DATA 	Keypress: 3
321.8362 	EXP 	Device response: <KeyPress from None: t=321.7689253001008, value=3, duration=0.064255699981004>
322.9276 	EXP 	text_2: autoDraw = False
322.9276 	EXP 	text_2: autoDraw = False
322.9276 	EXP 	text_feedback: height = np.float64(0.05)
322.9276 	EXP 	text_feedback: height = np.float64(0.05)
322.9276 	EXP 	text_feedback: height = np.float64(0.05)
322.9276 	EXP 	text_feedback: text = 'Incorrect!'
322.9276 	EXP 	text_feedback: autoDraw = True
325.9148 	EXP 	New trial (rep=0, index=29): <Trial 29 (29 in rep 0) data={'math_eq': '37 + 26', 'CorrAns': np.int64(63), 'dstr1': np.int64(53), 'dstr2': np.int64(65), 'CorrAns_key': np.int64(1), 'thisN': 29, 'thisTrialN': 29, 'thisRepN': 0}>
325.9233 	EXP 	text_feedback: autoDraw = False
325.9233 	EXP 	text_feedback: autoDraw = False
325.9233 	EXP 	text_equation: height = np.float64(0.1)
325.9233 	EXP 	text_equation: height = np.float64(0.1)
325.9233 	EXP 	text_equation: height = np.float64(0.1)
325.9233 	EXP 	text_equation: text = '37 + 26'
325.9233 	EXP 	text_opt1: height = np.float64(0.05)
325.9233 	EXP 	text_opt1: height = np.float64(0.05)
325.9233 	EXP 	text_opt1: height = np.float64(0.05)
325.9233 	EXP 	text_opt1: text = '1. 63'
325.9233 	EXP 	text_opt2: height = np.float64(0.05)
325.9233 	EXP 	text_opt2: height = np.float64(0.05)
325.9233 	EXP 	text_opt2: height = np.float64(0.05)
325.9233 	EXP 	text_opt2: text = '2. 53'
325.9233 	EXP 	text_opt3: height = np.float64(0.05)
325.9233 	EXP 	text_opt3: height = np.float64(0.05)
325.9233 	EXP 	text_opt3: height = np.float64(0.05)
325.9233 	EXP 	text_opt3: text = '3. 65'
325.9233 	EXP 	text_equation: autoDraw = True
325.9233 	EXP 	text_opt1: autoDraw = True
325.9233 	EXP 	text_opt2: autoDraw = True
325.9233 	EXP 	text_opt3: autoDraw = True
332.3614 	EXP 	Device response: <KeyPress from None: t=332.36031560006086, value=2, duration=None>
332.3624 	DATA 	Keypress: 2
332.3695 	EXP 	text_equation: autoDraw = False
332.3695 	EXP 	text_opt1: autoDraw = False
332.3695 	EXP 	text_opt2: autoDraw = False
332.3695 	EXP 	text_opt3: autoDraw = False
332.3695 	EXP 	text_2: autoDraw = True
332.4619 	EXP 	Device response: <KeyPress from None: t=332.36031560006086, value=2, duration=0.09607920004054904>
334.3612 	EXP 	text_2: autoDraw = False
334.3612 	EXP 	text_2: autoDraw = False
334.3612 	EXP 	text_feedback: text = 'Incorrect!'
334.3612 	EXP 	text_feedback: autoDraw = True
337.3454 	EXP 	New trial (rep=0, index=0): <Trial 0 (0 in rep 0) data={'thisN': 0, 'thisTrialN': 0, 'thisRepN': 0}>
337.3528 	EXP 	text_feedback: autoDraw = False
337.3528 	EXP 	text_feedback: autoDraw = False
337.3528 	EXP 	text: autoDraw = True
347.3401 	EXP 	New trial (rep=0, index=30): <Trial 30 (30 in rep 0) data={'math_eq': '34 - 8', 'CorrAns': np.int64(26), 'dstr1': np.int64(20), 'dstr2': np.int64(32), 'CorrAns_key': np.int64(1), 'thisN': 30, 'thisTrialN': 30, 'thisRepN': 0}>
347.3483 	EXP 	text: autoDraw = False
347.3483 	EXP 	text: autoDraw = False
347.3483 	EXP 	text_equation: height = np.float64(0.1)
347.3483 	EXP 	text_equation: height = np.float64(0.1)
347.3483 	EXP 	text_equation: height = np.float64(0.1)
347.3483 	EXP 	text_equation: text = '34 - 8'
347.3483 	EXP 	text_opt1: height = np.float64(0.05)
347.3483 	EXP 	text_opt1: height = np.float64(0.05)
347.3483 	EXP 	text_opt1: height = np.float64(0.05)
347.3483 	EXP 	text_opt1: text = '1. 26'
347.3483 	EXP 	text_opt2: height = np.float64(0.05)
347.3483 	EXP 	text_opt2: height = np.float64(0.05)
347.3483 	EXP 	text_opt2: height = np.float64(0.05)
347.3483 	EXP 	text_opt2: text = '2. 20'
347.3483 	EXP 	text_opt3: height = np.float64(0.05)
347.3483 	EXP 	text_opt3: height = np.float64(0.05)
347.3483 	EXP 	text_opt3: height = np.float64(0.05)
347.3483 	EXP 	text_opt3: text = '3. 32'
347.3483 	EXP 	text_equation: autoDraw = True
347.3483 	EXP 	text_opt1: autoDraw = True
347.3483 	EXP 	text_opt2: autoDraw = True
347.3483 	EXP 	text_opt3: autoDraw = True
351.5457 	DATA 	Keypress: 1
351.5531 	EXP 	Device response: <KeyPress from None: t=351.545059200027, value=1, duration=None>
351.5615 	EXP 	text_equation: autoDraw = False
351.5615 	EXP 	text_opt1: autoDraw = False
351.5615 	EXP 	text_opt2: autoDraw = False
351.5615 	EXP 	text_opt3: autoDraw = False
351.5615 	EXP 	text_2: autoDraw = True
351.6122 	EXP 	Device response: <KeyPress from None: t=351.545059200027, value=1, duration=0.06415590003598481>
353.5531 	EXP 	text_2: autoDraw = False
353.5531 	EXP 	text_2: autoDraw = False
353.5531 	EXP 	text_feedback: height = np.float64(0.05)
353.5531 	EXP 	text_feedback: height = np.float64(0.05)
353.5531 	EXP 	text_feedback: height = np.float64(0.05)
353.5531 	EXP 	text_feedback: text = 'Correct!'
353.5531 	EXP 	text_feedback: autoDraw = True
356.5406 	EXP 	New trial (rep=0, index=31): <Trial 31 (31 in rep 0) data={'math_eq': '14 * 3', 'CorrAns': np.int64(42), 'dstr1': np.int64(44), 'dstr2': np.int64(49), 'CorrAns_key': np.int64(1), 'thisN': 31, 'thisTrialN': 31, 'thisRepN': 0}>
356.5497 	EXP 	text_feedback: autoDraw = False
356.5497 	EXP 	text_feedback: autoDraw = False
356.5497 	EXP 	text_equation: height = np.float64(0.1)
356.5497 	EXP 	text_equation: height = np.float64(0.1)
356.5497 	EXP 	text_equation: height = np.float64(0.1)
356.5497 	EXP 	text_equation: text = '14 * 3'
356.5497 	EXP 	text_opt1: height = np.float64(0.05)
356.5497 	EXP 	text_opt1: height = np.float64(0.05)
356.5497 	EXP 	text_opt1: height = np.float64(0.05)
356.5497 	EXP 	text_opt1: text = '1. 42'
356.5497 	EXP 	text_opt2: height = np.float64(0.05)
356.5497 	EXP 	text_opt2: height = np.float64(0.05)
356.5497 	EXP 	text_opt2: height = np.float64(0.05)
356.5497 	EXP 	text_opt2: text = '2. 44'
356.5497 	EXP 	text_opt3: height = np.float64(0.05)
356.5497 	EXP 	text_opt3: height = np.float64(0.05)
356.5497 	EXP 	text_opt3: height = np.float64(0.05)
356.5497 	EXP 	text_opt3: text = '3. 49'
356.5497 	EXP 	text_equation: autoDraw = True
356.5497 	EXP 	text_opt1: autoDraw = True
356.5497 	EXP 	text_opt2: autoDraw = True
356.5497 	EXP 	text_opt3: autoDraw = True
362.1375 	DATA 	Keypress: 1
362.1454 	EXP 	Device response: <KeyPress from None: t=362.1370159999933, value=1, duration=None>
362.1532 	EXP 	text_equation: autoDraw = False
362.1532 	EXP 	text_opt1: autoDraw = False
362.1532 	EXP 	text_opt2: autoDraw = False
362.1532 	EXP 	text_opt3: autoDraw = False
362.1532 	EXP 	text_2: autoDraw = True
362.2373 	EXP 	Device response: <KeyPress from None: t=362.1370159999933, value=1, duration=0.09626710007432848>
364.1446 	EXP 	text_2: autoDraw = False
364.1446 	EXP 	text_2: autoDraw = False
364.1446 	EXP 	text_feedback: text = 'Correct!'
364.1446 	EXP 	text_feedback: autoDraw = True
367.1321 	EXP 	New trial (rep=0, index=32): <Trial 32 (32 in rep 0) data={'math_eq': '22 + 18', 'CorrAns': np.int64(40), 'dstr1': np.int64(33), 'dstr2': np.int64(48), 'CorrAns_key': np.int64(3), 'thisN': 32, 'thisTrialN': 32, 'thisRepN': 0}>
367.1412 	EXP 	text_feedback: autoDraw = False
367.1412 	EXP 	text_feedback: autoDraw = False
367.1412 	EXP 	text_equation: height = np.float64(0.1)
367.1412 	EXP 	text_equation: height = np.float64(0.1)
367.1412 	EXP 	text_equation: height = np.float64(0.1)
367.1412 	EXP 	text_equation: text = '22 + 18'
367.1412 	EXP 	text_opt1: height = np.float64(0.05)
367.1412 	EXP 	text_opt1: height = np.float64(0.05)
367.1412 	EXP 	text_opt1: height = np.float64(0.05)
367.1412 	EXP 	text_opt1: text = '1. 33'
367.1412 	EXP 	text_opt2: height = np.float64(0.05)
367.1412 	EXP 	text_opt2: height = np.float64(0.05)
367.1412 	EXP 	text_opt2: height = np.float64(0.05)
367.1412 	EXP 	text_opt2: text = '2. 48'
367.1412 	EXP 	text_opt3: height = np.float64(0.05)
367.1412 	EXP 	text_opt3: height = np.float64(0.05)
367.1412 	EXP 	text_opt3: height = np.float64(0.05)
367.1412 	EXP 	text_opt3: text = '3. 40'
367.1412 	EXP 	text_equation: autoDraw = True
367.1412 	EXP 	text_opt1: autoDraw = True
367.1412 	EXP 	text_opt2: autoDraw = True
367.1412 	EXP 	text_opt3: autoDraw = True
370.9123 	EXP 	Device response: <KeyPress from None: t=370.9050648000557, value=3, duration=None>
370.9133 	DATA 	Keypress: 3
370.9202 	EXP 	text_equation: autoDraw = False
370.9202 	EXP 	text_opt1: autoDraw = False
370.9202 	EXP 	text_opt2: autoDraw = False
370.9202 	EXP 	text_opt3: autoDraw = False
370.9202 	EXP 	text_2: autoDraw = True
371.0370 	EXP 	Device response: <KeyPress from None: t=370.9050648000557, value=3, duration=0.12751489994116127>
372.9117 	EXP 	text_2: autoDraw = False
372.9117 	EXP 	text_2: autoDraw = False
372.9117 	EXP 	text_feedback: text = 'Correct!'
372.9117 	EXP 	text_feedback: autoDraw = True
375.8988 	EXP 	New trial (rep=0, index=33): <Trial 33 (33 in rep 0) data={'math_eq': '11 * 3', 'CorrAns': np.int64(33), 'dstr1': np.int64(39), 'dstr2': np.int64(29), 'CorrAns_key': np.int64(1), 'thisN': 33, 'thisTrialN': 33, 'thisRepN': 0}>
375.9062 	EXP 	text_feedback: autoDraw = False
375.9062 	EXP 	text_feedback: autoDraw = False
375.9062 	EXP 	text_equation: height = np.float64(0.1)
375.9062 	EXP 	text_equation: height = np.float64(0.1)
375.9062 	EXP 	text_equation: height = np.float64(0.1)
375.9062 	EXP 	text_equation: text = '11 * 3'
375.9062 	EXP 	text_opt1: text = '1. 33'
375.9062 	EXP 	text_opt2: height = np.float64(0.05)
375.9062 	EXP 	text_opt2: height = np.float64(0.05)
375.9062 	EXP 	text_opt2: height = np.float64(0.05)
375.9062 	EXP 	text_opt2: text = '2. 39'
375.9062 	EXP 	text_opt3: height = np.float64(0.05)
375.9062 	EXP 	text_opt3: height = np.float64(0.05)
375.9062 	EXP 	text_opt3: height = np.float64(0.05)
375.9062 	EXP 	text_opt3: text = '3. 29'
375.9062 	EXP 	text_equation: autoDraw = True
375.9062 	EXP 	text_opt1: autoDraw = True
375.9062 	EXP 	text_opt2: autoDraw = True
375.9062 	EXP 	text_opt3: autoDraw = True
377.5785 	EXP 	Device response: <KeyPress from None: t=377.5770114000188, value=1, duration=None>
377.5795 	DATA 	Keypress: 1
377.5869 	EXP 	text_equation: autoDraw = False
377.5869 	EXP 	text_opt1: autoDraw = False
377.5869 	EXP 	text_opt2: autoDraw = False
377.5869 	EXP 	text_opt3: autoDraw = False
377.5869 	EXP 	text_2: autoDraw = True
377.7120 	EXP 	Device response: <KeyPress from None: t=377.5770114000188, value=1, duration=0.1272868000669405>
379.5785 	EXP 	text_2: autoDraw = False
379.5785 	EXP 	text_2: autoDraw = False
379.5785 	EXP 	text_feedback: text = 'Correct!'
379.5785 	EXP 	text_feedback: autoDraw = True
382.5659 	EXP 	New trial (rep=0, index=34): <Trial 34 (34 in rep 0) data={'math_eq': '19 * 2', 'CorrAns': np.int64(38), 'dstr1': np.int64(37), 'dstr2': np.int64(32), 'CorrAns_key': np.int64(1), 'thisN': 34, 'thisTrialN': 34, 'thisRepN': 0}>
382.5741 	EXP 	text_feedback: autoDraw = False
382.5741 	EXP 	text_feedback: autoDraw = False
382.5741 	EXP 	text_equation: height = np.float64(0.1)
382.5741 	EXP 	text_equation: height = np.float64(0.1)
382.5741 	EXP 	text_equation: height = np.float64(0.1)
382.5741 	EXP 	text_equation: text = '19 * 2'
382.5741 	EXP 	text_opt1: height = np.float64(0.05)
382.5741 	EXP 	text_opt1: height = np.float64(0.05)
382.5741 	EXP 	text_opt1: height = np.float64(0.05)
382.5741 	EXP 	text_opt1: text = '1. 38'
382.5741 	EXP 	text_opt2: height = np.float64(0.05)
382.5741 	EXP 	text_opt2: height = np.float64(0.05)
382.5741 	EXP 	text_opt2: height = np.float64(0.05)
382.5741 	EXP 	text_opt2: text = '2. 37'
382.5741 	EXP 	text_opt3: height = np.float64(0.05)
382.5741 	EXP 	text_opt3: height = np.float64(0.05)
382.5741 	EXP 	text_opt3: height = np.float64(0.05)
382.5741 	EXP 	text_opt3: text = '3. 32'
382.5741 	EXP 	text_equation: autoDraw = True
382.5741 	EXP 	text_opt1: autoDraw = True
382.5741 	EXP 	text_opt2: autoDraw = True
382.5741 	EXP 	text_opt3: autoDraw = True
387.6790 	EXP 	Device response: <KeyPress from None: t=387.67330410005525, value=1, duration=None>
387.6800 	DATA 	Keypress: 1
387.6869 	EXP 	text_equation: autoDraw = False
387.6869 	EXP 	text_opt1: autoDraw = False
387.6869 	EXP 	text_opt2: autoDraw = False
387.6869 	EXP 	text_opt3: autoDraw = False
387.6869 	EXP 	text_2: autoDraw = True
387.8208 	EXP 	Device response: <KeyPress from None: t=387.67330410005525, value=1, duration=0.14314289996400476>
389.6785 	EXP 	text_2: autoDraw = False
389.6785 	EXP 	text_2: autoDraw = False
389.6785 	EXP 	text_feedback: text = 'Correct!'
389.6785 	EXP 	text_feedback: autoDraw = True
392.6660 	EXP 	New trial (rep=0, index=35): <Trial 35 (35 in rep 0) data={'math_eq': '28 + 19', 'CorrAns': np.int64(47), 'dstr1': np.int64(50), 'dstr2': np.int64(45), 'CorrAns_key': np.int64(2), 'thisN': 35, 'thisTrialN': 35, 'thisRepN': 0}>
392.6754 	EXP 	text_feedback: autoDraw = False
392.6754 	EXP 	text_feedback: autoDraw = False
392.6754 	EXP 	text_equation: height = np.float64(0.1)
392.6754 	EXP 	text_equation: height = np.float64(0.1)
392.6754 	EXP 	text_equation: height = np.float64(0.1)
392.6754 	EXP 	text_equation: text = '28 + 19'
392.6754 	EXP 	text_opt1: height = np.float64(0.05)
392.6754 	EXP 	text_opt1: height = np.float64(0.05)
392.6754 	EXP 	text_opt1: height = np.float64(0.05)
392.6754 	EXP 	text_opt1: text = '1. 50'
392.6754 	EXP 	text_opt2: height = np.float64(0.05)
392.6754 	EXP 	text_opt2: height = np.float64(0.05)
392.6754 	EXP 	text_opt2: height = np.float64(0.05)
392.6754 	EXP 	text_opt2: text = '2. 47'
392.6754 	EXP 	text_opt3: height = np.float64(0.05)
392.6754 	EXP 	text_opt3: height = np.float64(0.05)
392.6754 	EXP 	text_opt3: height = np.float64(0.05)
392.6754 	EXP 	text_opt3: text = '3. 45'
392.6754 	EXP 	text_equation: autoDraw = True
392.6754 	EXP 	text_opt1: autoDraw = True
392.6754 	EXP 	text_opt2: autoDraw = True
392.6754 	EXP 	text_opt3: autoDraw = True
398.6375 	EXP 	Device response: <KeyPress from None: t=398.63300980010536, value=2, duration=None>
398.6385 	DATA 	Keypress: 2
398.6453 	EXP 	text_equation: autoDraw = False
398.6453 	EXP 	text_opt1: autoDraw = False
398.6453 	EXP 	text_opt2: autoDraw = False
398.6453 	EXP 	text_opt3: autoDraw = False
398.6453 	EXP 	text_2: autoDraw = True
398.7788 	EXP 	Device response: <KeyPress from None: t=398.63300980010536, value=2, duration=0.14437479991465807>
400.6373 	EXP 	text_2: autoDraw = False
400.6373 	EXP 	text_2: autoDraw = False
400.6373 	EXP 	text_feedback: text = 'Correct!'
400.6373 	EXP 	text_feedback: autoDraw = True
403.6246 	EXP 	New trial (rep=0, index=36): <Trial 36 (36 in rep 0) data={'math_eq': '31 + 23', 'CorrAns': np.int64(54), 'dstr1': np.int64(47), 'dstr2': np.int64(57), 'CorrAns_key': np.int64(2), 'thisN': 36, 'thisTrialN': 36, 'thisRepN': 0}>
403.6337 	EXP 	text_feedback: autoDraw = False
403.6337 	EXP 	text_feedback: autoDraw = False
403.6337 	EXP 	text_equation: height = np.float64(0.1)
403.6337 	EXP 	text_equation: height = np.float64(0.1)
403.6337 	EXP 	text_equation: height = np.float64(0.1)
403.6337 	EXP 	text_equation: text = '31 + 23'
403.6337 	EXP 	text_opt1: height = np.float64(0.05)
403.6337 	EXP 	text_opt1: height = np.float64(0.05)
403.6337 	EXP 	text_opt1: height = np.float64(0.05)
403.6337 	EXP 	text_opt1: text = '1. 47'
403.6337 	EXP 	text_opt2: height = np.float64(0.05)
403.6337 	EXP 	text_opt2: height = np.float64(0.05)
403.6337 	EXP 	text_opt2: height = np.float64(0.05)
403.6337 	EXP 	text_opt2: text = '2. 54'
403.6337 	EXP 	text_opt3: height = np.float64(0.05)
403.6337 	EXP 	text_opt3: height = np.float64(0.05)
403.6337 	EXP 	text_opt3: height = np.float64(0.05)
403.6337 	EXP 	text_opt3: text = '3. 57'
403.6337 	EXP 	text_equation: autoDraw = True
403.6337 	EXP 	text_opt1: autoDraw = True
403.6337 	EXP 	text_opt2: autoDraw = True
403.6337 	EXP 	text_opt3: autoDraw = True
407.7873 	EXP 	Device response: <KeyPress from None: t=407.7853808000218, value=2, duration=None>
407.7884 	DATA 	Keypress: 2
407.7954 	EXP 	text_equation: autoDraw = False
407.7954 	EXP 	text_opt1: autoDraw = False
407.7954 	EXP 	text_opt2: autoDraw = False
407.7954 	EXP 	text_opt3: autoDraw = False
407.7954 	EXP 	text_2: autoDraw = True
407.9205 	EXP 	Device response: <KeyPress from None: t=407.7853808000218, value=2, duration=0.12752640002872795>
409.7873 	EXP 	text_2: autoDraw = False
409.7873 	EXP 	text_2: autoDraw = False
409.7873 	EXP 	text_feedback: text = 'Correct!'
409.7873 	EXP 	text_feedback: autoDraw = True
412.7747 	EXP 	New trial (rep=0, index=37): <Trial 37 (37 in rep 0) data={'math_eq': '22 + 20', 'CorrAns': np.int64(42), 'dstr1': np.int64(38), 'dstr2': np.int64(51), 'CorrAns_key': np.int64(2), 'thisN': 37, 'thisTrialN': 37, 'thisRepN': 0}>
412.7833 	EXP 	text_feedback: autoDraw = False
412.7833 	EXP 	text_feedback: autoDraw = False
412.7833 	EXP 	text_equation: height = np.float64(0.1)
412.7833 	EXP 	text_equation: height = np.float64(0.1)
412.7833 	EXP 	text_equation: height = np.float64(0.1)
412.7833 	EXP 	text_equation: text = '22 + 20'
412.7833 	EXP 	text_opt1: height = np.float64(0.05)
412.7833 	EXP 	text_opt1: height = np.float64(0.05)
412.7833 	EXP 	text_opt1: height = np.float64(0.05)
412.7833 	EXP 	text_opt1: text = '1. 38'
412.7833 	EXP 	text_opt2: height = np.float64(0.05)
412.7833 	EXP 	text_opt2: height = np.float64(0.05)
412.7833 	EXP 	text_opt2: height = np.float64(0.05)
412.7833 	EXP 	text_opt2: text = '2. 42'
412.7833 	EXP 	text_opt3: height = np.float64(0.05)
412.7833 	EXP 	text_opt3: height = np.float64(0.05)
412.7833 	EXP 	text_opt3: height = np.float64(0.05)
412.7833 	EXP 	text_opt3: text = '3. 51'
412.7833 	EXP 	text_equation: autoDraw = True
412.7833 	EXP 	text_opt1: autoDraw = True
412.7833 	EXP 	text_opt2: autoDraw = True
412.7833 	EXP 	text_opt3: autoDraw = True
415.5133 	DATA 	Keypress: 2
415.5208 	EXP 	Device response: <KeyPress from None: t=415.51257990009617, value=2, duration=None>
415.5287 	EXP 	text_equation: autoDraw = False
415.5287 	EXP 	text_opt1: autoDraw = False
415.5287 	EXP 	text_opt2: autoDraw = False
415.5287 	EXP 	text_opt3: autoDraw = False
415.5287 	EXP 	text_2: autoDraw = True
415.6793 	EXP 	Device response: <KeyPress from None: t=415.51257990009617, value=2, duration=0.16010069998446852>
417.5206 	EXP 	text_2: autoDraw = False
417.5206 	EXP 	text_2: autoDraw = False
417.5206 	EXP 	text_feedback: text = 'Correct!'
417.5206 	EXP 	text_feedback: autoDraw = True
420.5083 	EXP 	New trial (rep=0, index=38): <Trial 38 (38 in rep 0) data={'math_eq': '39 - 11', 'CorrAns': np.int64(28), 'dstr1': np.int64(19), 'dstr2': np.int64(18), 'CorrAns_key': np.int64(1), 'thisN': 38, 'thisTrialN': 38, 'thisRepN': 0}>
420.5168 	EXP 	text_feedback: autoDraw = False
420.5168 	EXP 	text_feedback: autoDraw = False
420.5168 	EXP 	text_equation: height = np.float64(0.1)
420.5168 	EXP 	text_equation: height = np.float64(0.1)
420.5168 	EXP 	text_equation: height = np.float64(0.1)
420.5168 	EXP 	text_equation: text = '39 - 11'
420.5168 	EXP 	text_opt1: height = np.float64(0.05)
420.5168 	EXP 	text_opt1: height = np.float64(0.05)
420.5168 	EXP 	text_opt1: height = np.float64(0.05)
420.5168 	EXP 	text_opt1: text = '1. 28'
420.5168 	EXP 	text_opt2: height = np.float64(0.05)
420.5168 	EXP 	text_opt2: height = np.float64(0.05)
420.5168 	EXP 	text_opt2: height = np.float64(0.05)
420.5168 	EXP 	text_opt2: text = '2. 19'
420.5168 	EXP 	text_opt3: height = np.float64(0.05)
420.5168 	EXP 	text_opt3: height = np.float64(0.05)
420.5168 	EXP 	text_opt3: height = np.float64(0.05)
420.5168 	EXP 	text_opt3: text = '3. 18'
420.5168 	EXP 	text_equation: autoDraw = True
420.5168 	EXP 	text_opt1: autoDraw = True
420.5168 	EXP 	text_opt2: autoDraw = True
420.5168 	EXP 	text_opt3: autoDraw = True
423.5794 	EXP 	Device response: <KeyPress from None: t=423.5764647000469, value=1, duration=None>
423.5804 	DATA 	Keypress: 1
423.5873 	EXP 	text_equation: autoDraw = False
423.5873 	EXP 	text_opt1: autoDraw = False
423.5873 	EXP 	text_opt2: autoDraw = False
423.5873 	EXP 	text_opt3: autoDraw = False
423.5873 	EXP 	text_2: autoDraw = True
423.6791 	EXP 	Device response: <KeyPress from None: t=423.5764647000469, value=1, duration=0.09606420004274696>
425.5791 	EXP 	text_2: autoDraw = False
425.5791 	EXP 	text_2: autoDraw = False
425.5791 	EXP 	text_feedback: text = 'Correct!'
425.5791 	EXP 	text_feedback: autoDraw = True
428.5666 	EXP 	New trial (rep=0, index=39): <Trial 39 (39 in rep 0) data={'math_eq': '31 + 43', 'CorrAns': np.int64(74), 'dstr1': np.int64(73), 'dstr2': np.int64(64), 'CorrAns_key': np.int64(3), 'thisN': 39, 'thisTrialN': 39, 'thisRepN': 0}>
428.5755 	EXP 	text_feedback: autoDraw = False
428.5755 	EXP 	text_feedback: autoDraw = False
428.5755 	EXP 	text_equation: height = np.float64(0.1)
428.5755 	EXP 	text_equation: height = np.float64(0.1)
428.5755 	EXP 	text_equation: height = np.float64(0.1)
428.5755 	EXP 	text_equation: text = '31 + 43'
428.5755 	EXP 	text_opt1: height = np.float64(0.05)
428.5755 	EXP 	text_opt1: height = np.float64(0.05)
428.5755 	EXP 	text_opt1: height = np.float64(0.05)
428.5755 	EXP 	text_opt1: text = '1. 73'
428.5755 	EXP 	text_opt2: height = np.float64(0.05)
428.5755 	EXP 	text_opt2: height = np.float64(0.05)
428.5755 	EXP 	text_opt2: height = np.float64(0.05)
428.5755 	EXP 	text_opt2: text = '2. 64'
428.5755 	EXP 	text_opt3: height = np.float64(0.05)
428.5755 	EXP 	text_opt3: height = np.float64(0.05)
428.5755 	EXP 	text_opt3: height = np.float64(0.05)
428.5755 	EXP 	text_opt3: text = '3. 74'
428.5755 	EXP 	text_equation: autoDraw = True
428.5755 	EXP 	text_opt1: autoDraw = True
428.5755 	EXP 	text_opt2: autoDraw = True
428.5755 	EXP 	text_opt3: autoDraw = True
433.8878 	EXP 	Device response: <KeyPress from None: t=433.88084270001855, value=3, duration=None>
433.8888 	DATA 	Keypress: 3
433.8959 	EXP 	text_equation: autoDraw = False
433.8959 	EXP 	text_opt1: autoDraw = False
433.8959 	EXP 	text_opt2: autoDraw = False
433.8959 	EXP 	text_opt3: autoDraw = False
433.8959 	EXP 	text_2: autoDraw = True
434.0299 	EXP 	Device response: <KeyPress from None: t=433.88084270001855, value=3, duration=0.1444364000344649>
435.8875 	EXP 	text_2: autoDraw = False
435.8875 	EXP 	text_2: autoDraw = False
435.8875 	EXP 	text_feedback: text = 'Correct!'
435.8875 	EXP 	text_feedback: autoDraw = True
438.8716 	EXP 	New trial (rep=0, index=0): <Trial 0 (0 in rep 0) data={'thisN': 0, 'thisTrialN': 0, 'thisRepN': 0}>
438.8793 	EXP 	text_feedback: autoDraw = False
438.8793 	EXP 	text_feedback: autoDraw = False
438.8793 	EXP 	text: autoDraw = True
448.8665 	EXP 	New trial (rep=0, index=40): <Trial 40 (40 in rep 0) data={'math_eq': '30 + 22', 'CorrAns': np.int64(52), 'dstr1': np.int64(58), 'dstr2': np.int64(53), 'CorrAns_key': np.int64(1), 'thisN': 40, 'thisTrialN': 40, 'thisRepN': 0}>
448.8750 	EXP 	text: autoDraw = False
448.8750 	EXP 	text: autoDraw = False
448.8750 	EXP 	text_equation: height = np.float64(0.1)
448.8750 	EXP 	text_equation: height = np.float64(0.1)
448.8750 	EXP 	text_equation: height = np.float64(0.1)
448.8750 	EXP 	text_equation: text = '30 + 22'
448.8750 	EXP 	text_opt1: height = np.float64(0.05)
448.8750 	EXP 	text_opt1: height = np.float64(0.05)
448.8750 	EXP 	text_opt1: height = np.float64(0.05)
448.8750 	EXP 	text_opt1: text = '1. 52'
448.8750 	EXP 	text_opt2: height = np.float64(0.05)
448.8750 	EXP 	text_opt2: height = np.float64(0.05)
448.8750 	EXP 	text_opt2: height = np.float64(0.05)
448.8750 	EXP 	text_opt2: text = '2. 58'
448.8750 	EXP 	text_opt3: height = np.float64(0.05)
448.8750 	EXP 	text_opt3: height = np.float64(0.05)
448.8750 	EXP 	text_opt3: height = np.float64(0.05)
448.8750 	EXP 	text_opt3: text = '3. 53'
448.8750 	EXP 	text_equation: autoDraw = True
448.8750 	EXP 	text_opt1: autoDraw = True
448.8750 	EXP 	text_opt2: autoDraw = True
448.8750 	EXP 	text_opt3: autoDraw = True
454.7802 	EXP 	Device response: <KeyPress from None: t=454.7771272000391, value=1, duration=None>
454.7812 	DATA 	Keypress: 1
454.7876 	EXP 	text_equation: autoDraw = False
454.7876 	EXP 	text_opt1: autoDraw = False
454.7876 	EXP 	text_opt2: autoDraw = False
454.7876 	EXP 	text_opt3: autoDraw = False
454.7876 	EXP 	text_2: autoDraw = True
454.9134 	EXP 	Device response: <KeyPress from None: t=454.7771272000391, value=1, duration=0.12922520004212856>
456.7797 	EXP 	text_2: autoDraw = False
456.7797 	EXP 	text_2: autoDraw = False
456.7797 	EXP 	text_feedback: text = 'Correct!'
456.7797 	EXP 	text_feedback: autoDraw = True
459.7672 	EXP 	New trial (rep=0, index=41): <Trial 41 (41 in rep 0) data={'math_eq': '25 - 14', 'CorrAns': np.int64(11), 'dstr1': np.int64(2), 'dstr2': np.int64(6), 'CorrAns_key': np.int64(1), 'thisN': 41, 'thisTrialN': 41, 'thisRepN': 0}>
459.7755 	EXP 	text_feedback: autoDraw = False
459.7755 	EXP 	text_feedback: autoDraw = False
459.7755 	EXP 	text_equation: height = np.float64(0.1)
459.7755 	EXP 	text_equation: height = np.float64(0.1)
459.7755 	EXP 	text_equation: height = np.float64(0.1)
459.7755 	EXP 	text_equation: text = '25 - 14'
459.7755 	EXP 	text_opt1: height = np.float64(0.05)
459.7755 	EXP 	text_opt1: height = np.float64(0.05)
459.7755 	EXP 	text_opt1: height = np.float64(0.05)
459.7755 	EXP 	text_opt1: text = '1. 11'
459.7755 	EXP 	text_opt2: height = np.float64(0.05)
459.7755 	EXP 	text_opt2: height = np.float64(0.05)
459.7755 	EXP 	text_opt2: height = np.float64(0.05)
459.7755 	EXP 	text_opt2: text = '2. 2'
459.7755 	EXP 	text_opt3: height = np.float64(0.05)
459.7755 	EXP 	text_opt3: height = np.float64(0.05)
459.7755 	EXP 	text_opt3: height = np.float64(0.05)
459.7755 	EXP 	text_opt3: text = '3. 6'
459.7755 	EXP 	text_equation: autoDraw = True
459.7755 	EXP 	text_opt1: autoDraw = True
459.7755 	EXP 	text_opt2: autoDraw = True
459.7755 	EXP 	text_opt3: autoDraw = True
464.7134 	EXP 	Device response: <KeyPress from None: t=464.7129514000844, value=1, duration=None>
464.7146 	DATA 	Keypress: 1
464.7211 	EXP 	text_equation: autoDraw = False
464.7211 	EXP 	text_opt1: autoDraw = False
464.7211 	EXP 	text_opt2: autoDraw = False
464.7211 	EXP 	text_opt3: autoDraw = False
464.7211 	EXP 	text_2: autoDraw = True
464.9219 	EXP 	Device response: <KeyPress from None: t=464.7129514000844, value=1, duration=0.20753699995111674>
466.7128 	EXP 	text_2: autoDraw = False
466.7128 	EXP 	text_2: autoDraw = False
466.7128 	EXP 	text_feedback: text = 'Correct!'
466.7128 	EXP 	text_feedback: autoDraw = True
469.7004 	EXP 	New trial (rep=0, index=42): <Trial 42 (42 in rep 0) data={'math_eq': '100 / 4', 'CorrAns': np.int64(25), 'dstr1': np.int64(20), 'dstr2': np.int64(22), 'CorrAns_key': np.int64(3), 'thisN': 42, 'thisTrialN': 42, 'thisRepN': 0}>
469.7092 	EXP 	text_feedback: autoDraw = False
469.7092 	EXP 	text_feedback: autoDraw = False
469.7092 	EXP 	text_equation: height = np.float64(0.1)
469.7092 	EXP 	text_equation: height = np.float64(0.1)
469.7092 	EXP 	text_equation: height = np.float64(0.1)
469.7092 	EXP 	text_equation: text = '100 / 4'
469.7092 	EXP 	text_opt1: height = np.float64(0.05)
469.7092 	EXP 	text_opt1: height = np.float64(0.05)
469.7092 	EXP 	text_opt1: height = np.float64(0.05)
469.7092 	EXP 	text_opt1: text = '1. 20'
469.7092 	EXP 	text_opt2: height = np.float64(0.05)
469.7092 	EXP 	text_opt2: height = np.float64(0.05)
469.7092 	EXP 	text_opt2: height = np.float64(0.05)
469.7092 	EXP 	text_opt2: text = '2. 22'
469.7092 	EXP 	text_opt3: height = np.float64(0.05)
469.7092 	EXP 	text_opt3: height = np.float64(0.05)
469.7092 	EXP 	text_opt3: height = np.float64(0.05)
469.7092 	EXP 	text_opt3: text = '3. 25'
469.7092 	EXP 	text_equation: autoDraw = True
469.7092 	EXP 	text_opt1: autoDraw = True
469.7092 	EXP 	text_opt2: autoDraw = True
469.7092 	EXP 	text_opt3: autoDraw = True
472.8634 	EXP 	Device response: <KeyPress from None: t=472.8571044000564, value=1, duration=None>
472.8644 	DATA 	Keypress: 1
472.8716 	EXP 	text_equation: autoDraw = False
472.8716 	EXP 	text_opt1: autoDraw = False
472.8716 	EXP 	text_opt2: autoDraw = False
472.8716 	EXP 	text_opt3: autoDraw = False
472.8716 	EXP 	text_2: autoDraw = True
473.0971 	EXP 	Device response: <KeyPress from None: t=472.8571044000564, value=1, duration=0.2395873999921605>
474.8629 	EXP 	text_2: autoDraw = False
474.8629 	EXP 	text_2: autoDraw = False
474.8629 	EXP 	text_feedback: height = np.float64(0.05)
474.8629 	EXP 	text_feedback: height = np.float64(0.05)
474.8629 	EXP 	text_feedback: height = np.float64(0.05)
474.8629 	EXP 	text_feedback: text = 'Incorrect!'
474.8629 	EXP 	text_feedback: autoDraw = True
477.8511 	EXP 	New trial (rep=0, index=43): <Trial 43 (43 in rep 0) data={'math_eq': '58 - 13', 'CorrAns': np.int64(45), 'dstr1': np.int64(55), 'dstr2': np.int64(44), 'CorrAns_key': np.int64(3), 'thisN': 43, 'thisTrialN': 43, 'thisRepN': 0}>
477.8601 	EXP 	text_feedback: autoDraw = False
477.8601 	EXP 	text_feedback: autoDraw = False
477.8601 	EXP 	text_equation: height = np.float64(0.1)
477.8601 	EXP 	text_equation: height = np.float64(0.1)
477.8601 	EXP 	text_equation: height = np.float64(0.1)
477.8601 	EXP 	text_equation: text = '58 - 13'
477.8601 	EXP 	text_opt1: height = np.float64(0.05)
477.8601 	EXP 	text_opt1: height = np.float64(0.05)
477.8601 	EXP 	text_opt1: height = np.float64(0.05)
477.8601 	EXP 	text_opt1: text = '1. 55'
477.8601 	EXP 	text_opt2: height = np.float64(0.05)
477.8601 	EXP 	text_opt2: height = np.float64(0.05)
477.8601 	EXP 	text_opt2: height = np.float64(0.05)
477.8601 	EXP 	text_opt2: text = '2. 44'
477.8601 	EXP 	text_opt3: height = np.float64(0.05)
477.8601 	EXP 	text_opt3: height = np.float64(0.05)
477.8601 	EXP 	text_opt3: height = np.float64(0.05)
477.8601 	EXP 	text_opt3: text = '3. 45'
477.8601 	EXP 	text_equation: autoDraw = True
477.8601 	EXP 	text_opt1: autoDraw = True
477.8601 	EXP 	text_opt2: autoDraw = True
477.8601 	EXP 	text_opt3: autoDraw = True
484.0306 	EXP 	Device response: <KeyPress from None: t=484.02510200010147, value=3, duration=None>
484.0317 	DATA 	Keypress: 3
484.0382 	EXP 	text_equation: autoDraw = False
484.0382 	EXP 	text_opt1: autoDraw = False
484.0382 	EXP 	text_opt2: autoDraw = False
484.0382 	EXP 	text_opt3: autoDraw = False
484.0382 	EXP 	text_2: autoDraw = True
484.1554 	EXP 	Device response: <KeyPress from None: t=484.02510200010147, value=3, duration=0.12825359997805208>
486.0300 	EXP 	text_2: autoDraw = False
486.0300 	EXP 	text_2: autoDraw = False
486.0300 	EXP 	text_feedback: height = np.float64(0.05)
486.0300 	EXP 	text_feedback: height = np.float64(0.05)
486.0300 	EXP 	text_feedback: height = np.float64(0.05)
486.0300 	EXP 	text_feedback: text = 'Correct!'
486.0300 	EXP 	text_feedback: autoDraw = True
489.0178 	EXP 	New trial (rep=0, index=44): <Trial 44 (44 in rep 0) data={'math_eq': '33 + 22', 'CorrAns': np.int64(55), 'dstr1': np.int64(52), 'dstr2': np.int64(53), 'CorrAns_key': np.int64(2), 'thisN': 44, 'thisTrialN': 44, 'thisRepN': 0}>
489.0260 	EXP 	text_feedback: autoDraw = False
489.0260 	EXP 	text_feedback: autoDraw = False
489.0260 	EXP 	text_equation: height = np.float64(0.1)
489.0260 	EXP 	text_equation: height = np.float64(0.1)
489.0260 	EXP 	text_equation: height = np.float64(0.1)
489.0260 	EXP 	text_equation: text = '33 + 22'
489.0260 	EXP 	text_opt1: height = np.float64(0.05)
489.0260 	EXP 	text_opt1: height = np.float64(0.05)
489.0260 	EXP 	text_opt1: height = np.float64(0.05)
489.0260 	EXP 	text_opt1: text = '1. 52'
489.0260 	EXP 	text_opt2: height = np.float64(0.05)
489.0260 	EXP 	text_opt2: height = np.float64(0.05)
489.0260 	EXP 	text_opt2: height = np.float64(0.05)
489.0260 	EXP 	text_opt2: text = '2. 55'
489.0260 	EXP 	text_opt3: height = np.float64(0.05)
489.0260 	EXP 	text_opt3: height = np.float64(0.05)
489.0260 	EXP 	text_opt3: height = np.float64(0.05)
489.0260 	EXP 	text_opt3: text = '3. 53'
489.0260 	EXP 	text_equation: autoDraw = True
489.0260 	EXP 	text_opt1: autoDraw = True
489.0260 	EXP 	text_opt2: autoDraw = True
489.0260 	EXP 	text_opt3: autoDraw = True
490.9221 	EXP 	Device response: <KeyPress from None: t=490.9211072000908, value=2, duration=None>
490.9231 	DATA 	Keypress: 2
490.9301 	EXP 	text_equation: autoDraw = False
490.9301 	EXP 	text_opt1: autoDraw = False
490.9301 	EXP 	text_opt2: autoDraw = False
490.9301 	EXP 	text_opt3: autoDraw = False
490.9301 	EXP 	text_2: autoDraw = True
491.0388 	EXP 	Device response: <KeyPress from None: t=490.9211072000908, value=2, duration=0.11132349993567914>
492.9221 	EXP 	text_2: autoDraw = False
492.9221 	EXP 	text_2: autoDraw = False
492.9221 	EXP 	text_feedback: text = 'Correct!'
492.9221 	EXP 	text_feedback: autoDraw = True
495.9092 	EXP 	New trial (rep=0, index=45): <Trial 45 (45 in rep 0) data={'math_eq': '24 - 14', 'CorrAns': np.int64(10), 'dstr1': np.int64(20), 'dstr2': np.int64(11), 'CorrAns_key': np.int64(2), 'thisN': 45, 'thisTrialN': 45, 'thisRepN': 0}>
495.9179 	EXP 	text_feedback: autoDraw = False
495.9179 	EXP 	text_feedback: autoDraw = False
495.9179 	EXP 	text_equation: height = np.float64(0.1)
495.9179 	EXP 	text_equation: height = np.float64(0.1)
495.9179 	EXP 	text_equation: height = np.float64(0.1)
495.9179 	EXP 	text_equation: text = '24 - 14'
495.9179 	EXP 	text_opt1: height = np.float64(0.05)
495.9179 	EXP 	text_opt1: height = np.float64(0.05)
495.9179 	EXP 	text_opt1: height = np.float64(0.05)
495.9179 	EXP 	text_opt1: text = '1. 20'
495.9179 	EXP 	text_opt2: height = np.float64(0.05)
495.9179 	EXP 	text_opt2: height = np.float64(0.05)
495.9179 	EXP 	text_opt2: height = np.float64(0.05)
495.9179 	EXP 	text_opt2: text = '2. 10'
495.9179 	EXP 	text_opt3: height = np.float64(0.05)
495.9179 	EXP 	text_opt3: height = np.float64(0.05)
495.9179 	EXP 	text_opt3: height = np.float64(0.05)
495.9179 	EXP 	text_opt3: text = '3. 11'
495.9179 	EXP 	text_equation: autoDraw = True
495.9179 	EXP 	text_opt1: autoDraw = True
495.9179 	EXP 	text_opt2: autoDraw = True
495.9179 	EXP 	text_opt3: autoDraw = True
500.1391 	EXP 	Device response: <KeyPress from None: t=500.13661620009225, value=2, duration=None>
500.1402 	DATA 	Keypress: 2
500.1469 	EXP 	text_equation: autoDraw = False
500.1469 	EXP 	text_opt1: autoDraw = False
500.1469 	EXP 	text_opt2: autoDraw = False
500.1469 	EXP 	text_opt3: autoDraw = False
500.1469 	EXP 	text_2: autoDraw = True
500.2720 	EXP 	Device response: <KeyPress from None: t=500.13661620009225, value=2, duration=0.12866329995449632>
502.1386 	EXP 	text_2: autoDraw = False
502.1386 	EXP 	text_2: autoDraw = False
502.1386 	EXP 	text_feedback: text = 'Correct!'
502.1386 	EXP 	text_feedback: autoDraw = True
505.1263 	EXP 	New trial (rep=0, index=46): <Trial 46 (46 in rep 0) data={'math_eq': '118 / 2', 'CorrAns': np.int64(59), 'dstr1': np.int64(55), 'dstr2': np.int64(57), 'CorrAns_key': np.int64(3), 'thisN': 46, 'thisTrialN': 46, 'thisRepN': 0}>
505.1351 	EXP 	text_feedback: autoDraw = False
505.1351 	EXP 	text_feedback: autoDraw = False
505.1351 	EXP 	text_equation: height = np.float64(0.1)
505.1351 	EXP 	text_equation: height = np.float64(0.1)
505.1351 	EXP 	text_equation: height = np.float64(0.1)
505.1351 	EXP 	text_equation: text = '118 / 2'
505.1351 	EXP 	text_opt1: height = np.float64(0.05)
505.1351 	EXP 	text_opt1: height = np.float64(0.05)
505.1351 	EXP 	text_opt1: height = np.float64(0.05)
505.1351 	EXP 	text_opt1: text = '1. 55'
505.1351 	EXP 	text_opt2: height = np.float64(0.05)
505.1351 	EXP 	text_opt2: height = np.float64(0.05)
505.1351 	EXP 	text_opt2: height = np.float64(0.05)
505.1351 	EXP 	text_opt2: text = '2. 57'
505.1351 	EXP 	text_opt3: height = np.float64(0.05)
505.1351 	EXP 	text_opt3: height = np.float64(0.05)
505.1351 	EXP 	text_opt3: height = np.float64(0.05)
505.1351 	EXP 	text_opt3: text = '3. 59'
505.1351 	EXP 	text_equation: autoDraw = True
505.1351 	EXP 	text_opt1: autoDraw = True
505.1351 	EXP 	text_opt2: autoDraw = True
505.1351 	EXP 	text_opt3: autoDraw = True
510.8479 	EXP 	Device response: <KeyPress from None: t=510.84132170001976, value=3, duration=None>
510.8490 	DATA 	Keypress: 3
510.8556 	EXP 	text_equation: autoDraw = False
510.8556 	EXP 	text_opt1: autoDraw = False
510.8556 	EXP 	text_opt2: autoDraw = False
510.8556 	EXP 	text_opt3: autoDraw = False
510.8556 	EXP 	text_2: autoDraw = True
510.9558 	EXP 	Device response: <KeyPress from None: t=510.84132170001976, value=3, duration=0.11141540005337447>
512.8468 	EXP 	text_2: autoDraw = False
512.8468 	EXP 	text_2: autoDraw = False
512.8468 	EXP 	text_feedback: text = 'Correct!'
512.8468 	EXP 	text_feedback: autoDraw = True
515.8349 	EXP 	New trial (rep=0, index=47): <Trial 47 (47 in rep 0) data={'math_eq': '14 * 2', 'CorrAns': np.int64(28), 'dstr1': np.int64(38), 'dstr2': np.int64(16), 'CorrAns_key': np.int64(1), 'thisN': 47, 'thisTrialN': 47, 'thisRepN': 0}>
515.8435 	EXP 	text_feedback: autoDraw = False
515.8435 	EXP 	text_feedback: autoDraw = False
515.8435 	EXP 	text_equation: height = np.float64(0.1)
515.8435 	EXP 	text_equation: height = np.float64(0.1)
515.8435 	EXP 	text_equation: height = np.float64(0.1)
515.8435 	EXP 	text_equation: text = '14 * 2'
515.8435 	EXP 	text_opt1: height = np.float64(0.05)
515.8435 	EXP 	text_opt1: height = np.float64(0.05)
515.8435 	EXP 	text_opt1: height = np.float64(0.05)
515.8435 	EXP 	text_opt1: text = '1. 28'
515.8435 	EXP 	text_opt2: height = np.float64(0.05)
515.8435 	EXP 	text_opt2: height = np.float64(0.05)
515.8435 	EXP 	text_opt2: height = np.float64(0.05)
515.8435 	EXP 	text_opt2: text = '2. 38'
515.8435 	EXP 	text_opt3: height = np.float64(0.05)
515.8435 	EXP 	text_opt3: height = np.float64(0.05)
515.8435 	EXP 	text_opt3: height = np.float64(0.05)
515.8435 	EXP 	text_opt3: text = '3. 16'
515.8435 	EXP 	text_equation: autoDraw = True
515.8435 	EXP 	text_opt1: autoDraw = True
515.8435 	EXP 	text_opt2: autoDraw = True
515.8435 	EXP 	text_opt3: autoDraw = True
520.2809 	EXP 	Device response: <KeyPress from None: t=520.280396600021, value=1, duration=None>
520.2821 	DATA 	Keypress: 1
520.2887 	EXP 	text_equation: autoDraw = False
520.2887 	EXP 	text_opt1: autoDraw = False
520.2887 	EXP 	text_opt2: autoDraw = False
520.2887 	EXP 	text_opt3: autoDraw = False
520.2887 	EXP 	text_2: autoDraw = True
520.4894 	EXP 	Device response: <KeyPress from None: t=520.280396600021, value=1, duration=0.2080466999905184>
522.2806 	EXP 	text_2: autoDraw = False
522.2806 	EXP 	text_2: autoDraw = False
522.2806 	EXP 	text_feedback: text = 'Correct!'
522.2806 	EXP 	text_feedback: autoDraw = True
525.2687 	EXP 	New trial (rep=0, index=48): <Trial 48 (48 in rep 0) data={'math_eq': '23 * 4', 'CorrAns': np.int64(92), 'dstr1': np.int64(82), 'dstr2': np.int64(87), 'CorrAns_key': np.int64(3), 'thisN': 48, 'thisTrialN': 48, 'thisRepN': 0}>
525.2774 	EXP 	text_feedback: autoDraw = False
525.2774 	EXP 	text_feedback: autoDraw = False
525.2774 	EXP 	text_equation: height = np.float64(0.1)
525.2774 	EXP 	text_equation: height = np.float64(0.1)
525.2774 	EXP 	text_equation: height = np.float64(0.1)
525.2774 	EXP 	text_equation: text = '23 * 4'
525.2774 	EXP 	text_opt1: height = np.float64(0.05)
525.2774 	EXP 	text_opt1: height = np.float64(0.05)
525.2774 	EXP 	text_opt1: height = np.float64(0.05)
525.2774 	EXP 	text_opt1: text = '1. 82'
525.2774 	EXP 	text_opt2: height = np.float64(0.05)
525.2774 	EXP 	text_opt2: height = np.float64(0.05)
525.2774 	EXP 	text_opt2: height = np.float64(0.05)
525.2774 	EXP 	text_opt2: text = '2. 87'
525.2774 	EXP 	text_opt3: height = np.float64(0.05)
525.2774 	EXP 	text_opt3: height = np.float64(0.05)
525.2774 	EXP 	text_opt3: height = np.float64(0.05)
525.2774 	EXP 	text_opt3: text = '3. 92'
525.2774 	EXP 	text_equation: autoDraw = True
525.2774 	EXP 	text_opt1: autoDraw = True
525.2774 	EXP 	text_opt2: autoDraw = True
525.2774 	EXP 	text_opt3: autoDraw = True
531.0061 	EXP 	Device response: <KeyPress from None: t=531.0005054000067, value=3, duration=None>
531.0071 	DATA 	Keypress: 3
531.0144 	EXP 	text_equation: autoDraw = False
531.0144 	EXP 	text_opt1: autoDraw = False
531.0144 	EXP 	text_opt2: autoDraw = False
531.0144 	EXP 	text_opt3: autoDraw = False
531.0144 	EXP 	text_2: autoDraw = True
531.1144 	EXP 	Device response: <KeyPress from None: t=531.0005054000067, value=3, duration=0.11257910006679595>
533.0058 	EXP 	text_2: autoDraw = False
533.0058 	EXP 	text_2: autoDraw = False
533.0058 	EXP 	text_feedback: text = 'Correct!'
533.0058 	EXP 	text_feedback: autoDraw = True
535.9933 	EXP 	New trial (rep=0, index=49): <Trial 49 (49 in rep 0) data={'math_eq': '25 + 19', 'CorrAns': np.int64(44), 'dstr1': np.int64(53), 'dstr2': np.int64(38), 'CorrAns_key': np.int64(1), 'thisN': 49, 'thisTrialN': 49, 'thisRepN': 0}>
536.0020 	EXP 	text_feedback: autoDraw = False
536.0020 	EXP 	text_feedback: autoDraw = False
536.0020 	EXP 	text_equation: height = np.float64(0.1)
536.0020 	EXP 	text_equation: height = np.float64(0.1)
536.0020 	EXP 	text_equation: height = np.float64(0.1)
536.0020 	EXP 	text_equation: text = '25 + 19'
536.0020 	EXP 	text_opt1: height = np.float64(0.05)
536.0020 	EXP 	text_opt1: height = np.float64(0.05)
536.0020 	EXP 	text_opt1: height = np.float64(0.05)
536.0020 	EXP 	text_opt1: text = '1. 44'
536.0020 	EXP 	text_opt2: height = np.float64(0.05)
536.0020 	EXP 	text_opt2: height = np.float64(0.05)
536.0020 	EXP 	text_opt2: height = np.float64(0.05)
536.0020 	EXP 	text_opt2: text = '2. 53'
536.0020 	EXP 	text_opt3: height = np.float64(0.05)
536.0020 	EXP 	text_opt3: height = np.float64(0.05)
536.0020 	EXP 	text_opt3: height = np.float64(0.05)
536.0020 	EXP 	text_opt3: text = '3. 38'
536.0020 	EXP 	text_equation: autoDraw = True
536.0020 	EXP 	text_opt1: autoDraw = True
536.0020 	EXP 	text_opt2: autoDraw = True
536.0020 	EXP 	text_opt3: autoDraw = True
540.8477 	EXP 	Device response: <KeyPress from None: t=540.8405323000625, value=1, duration=None>
540.8488 	DATA 	Keypress: 1
540.8557 	EXP 	text_equation: autoDraw = False
540.8557 	EXP 	text_opt1: autoDraw = False
540.8557 	EXP 	text_opt2: autoDraw = False
540.8557 	EXP 	text_opt3: autoDraw = False
540.8557 	EXP 	text_2: autoDraw = True
540.9231 	EXP 	Device response: <KeyPress from None: t=540.8405323000625, value=1, duration=0.08029169996734709>
542.8475 	EXP 	text_2: autoDraw = False
542.8475 	EXP 	text_2: autoDraw = False
542.8475 	EXP 	text_feedback: text = 'Correct!'
542.8475 	EXP 	text_feedback: autoDraw = True
545.8313 	EXP 	New trial (rep=0, index=0): <Trial 0 (0 in rep 0) data={'thisN': 0, 'thisTrialN': 0, 'thisRepN': 0}>
545.8393 	EXP 	text_feedback: autoDraw = False
545.8393 	EXP 	text_feedback: autoDraw = False
545.8393 	EXP 	text: autoDraw = True
555.8312 	EXP 	text: autoDraw = False
555.8312 	EXP 	text: autoDraw = False
555.8312 	EXP 	text_q1: autoDraw = True
576.5235 	EXP 	Device response: <KeyPress from None: t=576.5212462000782, value=3, duration=None>
576.5251 	DATA 	Keypress: 3
576.5315 	EXP 	text_q1: autoDraw = False
576.5315 	EXP 	text_endscreen: autoDraw = True
576.6067 	EXP 	Device response: <KeyPress from None: t=576.5212462000782, value=3, duration=0.0800400999141857>
591.5233 	EXP 	text_endscreen: autoDraw = False
591.5233 	EXP 	text_endscreen: autoDraw = False
591.5234 	EXP 	arithmetic_task: status = STOPPED
