run,thisN,thisTrialN,thisRepN,scene_stimulus,scene_cat,scene_label,item_stimulus,item_cat,item_type,congruency,key_resp_remember.keys,key_resp_context.keys,key_resp_context.corr,key_resp_context.rt,key_resp_context.duration,key_resp_context_conf.keys,key_resp_scenes.keys,key_resp_scenes.corr,key_resp_scenes.rt,key_resp_scenes.duration,key_resp_scene_conf.keys,key_resp_scene_conf.rt,key_resp_scene_conf.duration,key_resp_context_conf.rt,key_resp_context_conf.duration,runs.thisRepN,runs.thisTrialN,runs.thisN,runs.thisIndex,trials.thisRepN,trials.thisTrialN,trials.thisN,trials.thisIndex,show_rest_screen.thisRepN,show_rest_screen.thisTrialN,show_rest_screen.thisN,show_rest_screen.thisIndex,thisRow.t,notes,piloting,subs_rand_vars.started,subs_rand_vars.stopped,set_instructions.started,set_instructions.stopped,ret_inst_scr.started,text_instructions.started,key_resp_start.started,ret_inst_scr.stopped,key_resp_start.keys,key_resp_start.rt,key_resp_start.duration,ret_inst2.started,text_instructions_2.started,key_resp_start_2.started,ret_inst2.stopped,key_resp_start_2.keys,key_resp_start_2.rt,key_resp_start_2.duration,scene_names_reminder.started,text_reminder.started,image1.started,image2.started,image3.started,image4.started,textbox1.started,textbox2.started,textbox3.started,textbox4.started,key_reminder.started,scene_names_reminder.stopped,key_reminder.keys,key_reminder.rt,key_reminder.duration,blank3000_2.started,text_3.started,text_3.stopped,blank3000_2.stopped,create_runs_stim_div.started,create_runs_stim_div.stopped,set_rows.started,set_rows.stopped,item_imagine_scene.started,item_cue.started,item_imagine_scene.stopped,trials.key_resp_remember.keys,blank1000.started,blank1000.stopped,select_context.started,text_context_headline.started,text_sea.started,text_jungle.started,key_resp_context.started,select_context.stopped,trials.key_resp_context.keys,trials.key_resp_context.corr,trials.key_resp_context.rt,trials.key_resp_context.duration,blank500.started,text_blank.started,text_blank.stopped,blank500.stopped,context_confidence.started,text_context_choice.started,slider_context_conf.started,key_resp_context_conf.started,text_context_choice.stopped,slider_context_conf.stopped,key_resp_context_conf.stopped,context_confidence.stopped,trials.key_resp_context_conf.keys,select_scene_name.started,text_scene_headline.started,text_actual_context.started,text_q_scene.started,text_labels.started,select_scene_name.stopped,trials.key_resp_scenes.keys,trials.key_resp_scenes.corr,trials.key_resp_scenes.rt,trials.key_resp_scenes.duration,scene_confidence.started,text_chosen_scene.started,slider_scene_conf.started,key_resp_scene_conf.started,scene_confidence.stopped,trials.key_resp_scene_conf.keys,trials.key_resp_scene_conf.rt,trials.key_resp_scene_conf.duration,blank3000.started,blank3000.stopped,trials.key_resp_context_conf.rt,trials.key_resp_context_conf.duration,item_cue.stopped,text_context_headline.stopped,text_sea.stopped,text_jungle.stopped,key_resp_context.stopped,text_scene_headline.stopped,text_actual_context.stopped,text_q_scene.stopped,text_labels.stopped,text_chosen_scene.stopped,slider_scene_conf.stopped,key_resp_scene_conf.stopped,is_last.started,is_last.stopped,rest_between_runs.started,text_run_rest.started,key_resp_run_rest.started,rest_between_runs.stopped,show_rest_screen.key_resp_run_rest.keys,show_rest_screen.key_resp_run_rest.rt,show_rest_screen.key_resp_run_rest.duration,ret_end_screen.started,text_endSet.started,key_resp_continue.started,text_endSet.stopped,key_resp_continue.stopped,ret_end_screen.stopped,key_resp_continue.keys,forked_instructions.started,text_end_inst.started,key_resp_end.started,forked_instructions.stopped,key_resp_end.keys,key_resp_end.rt,key_resp_end.duration,participant,session,delay,group,date,expName,expVersion,psychopyVersion,frameRate,expStart,
,,,,,,,,,,,,,,,,,,,,,,,,,,,,,,,,,,,,,,,,False,0.02941750001627952,0.029764799983240664,,,,,,,,,,,,,,,,,,,,,,,,,,,,,,,,,,,,,,,,,,,,,,,,,,,,,,,,,,,,,,,,,,,,,,,,,,,,,,,,,,,,,,,,,,,,,,,,,,,,,,,,,,,,,,,,,,,,,,,,,,,,,,201,1,short,A,2026-07-09_14h33.31.993,SBL_superimposed_retrieval,,2026.1.3,120.98174265619122,2026-07-09 14h33.32.386092 -0400,
,,,,,,,,,,,,,,,,,,,,,,,,,,,,,,,,,,,,,,,,,,,0.029801800032146275,0.030004300002474338,,,,,,,,,,,,,,,,,,,,,,,,,,,,,,,,,,,,,,,,,,,,,,,,,,,,,,,,,,,,,,,,,,,,,,,,,,,,,,,,,,,,,,,,,,,,,,,,,,,,,,,,,,,,,,,,,,,,,,,,,,,,201,1,short,A,2026-07-09_14h33.31.993,SBL_superimposed_retrieval,,2026.1.3,120.98174265619122,2026-07-09 14h33.32.386092 -0400,
,,,,,,,,,,,,,,,,,,,,,,,,,,,,,,,,,,,,,,,,,,,,,0.030027300002984703,0.03302179998718202,1.022655000037048,11.3113805000321,space,10.269269199983682,None,,,,,,,,,,,,,,,,,,,,,,,,,,,,,,,,,,,,,,,,,,,,,,,,,,,,,,,,,,,,,,,,,,,,,,,,,,,,,,,,,,,,,,,,,,,,,,,,,,,,,,,,,,,,,,,,,,,,,201,1,short,A,2026-07-09_14h33.31.993,SBL_superimposed_retrieval,,2026.1.3,120.98174265619122,2026-07-09 14h33.32.386092 -0400,
,,,,,,,,,,,,,,,,,,,,,,,,,,,,,,,,,,,,,,,,,,,,,,,,,,,,11.311426100030076,11.314206500013825,13.305835400009528,27.940477400028612,space,14.626321599993389,None,,,,,,,,,,,,,,,,,,,,,,,,,,,,,,,,,,,,,,,,,,,,,,,,,,,,,,,,,,,,,,,,,,,,,,,,,,,,,,,,,,,,,,,,,,,,,,,,,,,,,,,,,,,,,,201,1,short,A,2026-07-09_14h33.31.993,SBL_superimposed_retrieval,,2026.1.3,120.98174265619122,2026-07-09 14h33.32.386092 -0400,
,,,,,,,,,,,,,,,,,,,,,,,,,,,,,,,,,,,,,,,,,,,,,,,,,,,,,,,,,,,28.166267800028436,28.234317800030112,28.234317800030112,28.234317800030112,28.234317800030112,28.234317800030112,28.234317800030112,28.234317800030112,28.234317800030112,28.234317800030112,29.939455999992788,153.3418939000112,space,123.40060699998867,None,,,,,,,,,,,,,,,,,,,,,,,,,,,,,,,,,,,,,,,,,,,,,,,,,,,,,,,,,,,,,,,,,,,,,,,,,,,,,,,,,,,,,,,,,,,,,,,201,1,short,A,2026-07-09_14h33.31.993,SBL_superimposed_retrieval,,2026.1.3,120.98174265619122,2026-07-09 14h33.32.386092 -0400,
,,,,,,,,,,,,,,,,,,,,,,,,,,,,,,,,,,,,,,,,,,,,,,,,,,,,,,,,,,,,,,,,,,,,,,,,,,153.3419420000282,153.34953860001406,156.39846920000855,156.333810799988,,,,,,,,,,,,,,,,,,,,,,,,,,,,,,,,,,,,,,,,,,,,,,,,,,,,,,,,,,,,,,,,,,,,,,,,,,,,,,,,,,,,,,,,,,,201,1,short,A,2026-07-09_14h33.31.993,SBL_superimposed_retrieval,,2026.1.3,120.98174265619122,2026-07-09 14h33.32.386092 -0400,
,,,,,,,,,,,,,,,,,,,,,,,,,,,,,,,,,,,,,,,,,,,,,,,,,,,,,,,,,,,,,,,,,,,,,,,,,,,,,,156.33403840003302,156.3342418000102,,,,,,,,,,,,,,,,,,,,,,,,,,,,,,,,,,,,,,,,,,,,,,,,,,,,,,,,,,,,,,,,,,,,,,,,,,,,,,,,,,,,,,,,,201,1,short,A,2026-07-09_14h33.31.993,SBL_superimposed_retrieval,,2026.1.3,120.98174265619122,2026-07-09 14h33.32.386092 -0400,
0,0,0,0,stimuli/scenes/scene_J2.jpg,Jungle,Somar,stimuli/items/undersea_object_16.png,Undersea,object,si,None,2,1,1.158493000024464,None,None,1,1,1.8011989999795333,None,2,1.059649599948898,None,,,0,0,0,0,0,0,0,0,,,,,156.39846920000855,,,,,,,,,,,,,,,,,,,,,,,,,,,,,,,,,,,,,,,,,,156.36409190000268,156.3643435999984,156.39380920003168,156.39846920000855,160.36657350003952,None,165.0176031999872,166.00880399998277,161.3648933999939,161.3685994000407,161.3685994000407,161.3685994000407,0.0005714999861083925,162.52532010001596,2,1,1.158493000024464,None,167.82535160001134,167.8331329000066,168.3278148000245,168.31652699998813,163.01970790000632,163.02888769999845,163.02888769999845,163.02888769999845,165.0246274000383,165.0246274000383,165.0246274000383,165.0175571999862,None,166.0139507999993,166.01833890000125,166.01833890000125,166.01833890000125,166.01833890000125,167.82528739998816,1,1,1.8011989999795333,None,168.31897299998673,168.3278148000245,168.3278148000245,168.3278148000245,169.39221170003293,2,1.059649599948898,None,169.39227519999258,172.38358590001008,,,,,,,,,,,,,,,,,,,,,,,,,,,,,,,,,,,,,,201,1,short,A,2026-07-09_14h33.31.993,SBL_superimposed_retrieval,,2026.1.3,120.98174265619122,2026-07-09 14h33.32.386092 -0400,
0,1,1,0,stimuli/scenes/scene_J2.jpg,Jungle,Somar,stimuli/items/undersea_animal_8.png,Undersea,animal,si,None,2,1,0.8272220999933779,None,2,1,1,1.3328357000136748,None,2,1.6272752999793738,None,0.8544481999706477,None,0,0,0,0,0,1,1,1,,,,,172.41124849999323,,,,,,,,,,,,,,,,,,,,,,,,,,,,,,,,,,,,,,,,,,,,172.40865170001052,172.41124849999323,176.39964660000987,None,179.58414059999632,180.57507700001588,177.39275310002267,177.40015659999335,177.40015659999335,177.40015659999335,0.0005235999706201255,178.22564760001842,2,1,0.8272220999933779,None,181.9172769000288,181.92472710000584,182.41631300002337,182.40860690001864,178.7177939999965,178.72494320000987,178.72494320000987,178.72494320000987,,,,179.58407740003895,2,180.57553159998497,180.58340539998608,180.58340539998608,180.58340539998608,180.58340539998608,181.91720200004056,1,1,1.3328357000136748,None,182.40951399999904,182.41631300002337,182.41631300002337,182.41631300002337,184.0507343999925,2,1.6272752999793738,None,184.05079410003964,187.04183500004,0.8544481999706477,None,,,,,,,,,,,,,,,,,,,,,,,,,,,,,,,,,,,,201,1,short,A,2026-07-09_14h33.31.993,SBL_superimposed_retrieval,,2026.1.3,120.98174265619122,2026-07-09 14h33.32.386092 -0400,
0,2,2,0,stimuli/scenes/scene_J2.jpg,Jungle,Somar,stimuli/items/jungle_animal_8.png,Jungle,animal,sc,None,2,1,0.6642452999949455,None,3,1,1,1.3482847000123002,None,3,0.5537860000040382,None,0.7790020999964327,None,0,0,0,0,0,2,2,2,,,,,187.07573109999066,,,,,,,,,,,,,,,,,,,,,,,,,,,,,,,,,,,,,,,,,,,,187.07322970003588,187.07573109999066,191.05883560003713,None,194.000999699987,194.99196389998542,192.05136149999453,192.05858150002314,192.05858150002314,192.05858150002314,0.0006133000133559108,192.717679399997,2,1,0.6642452999949455,None,196.35062089998974,196.35853730002418,196.85029000003124,196.84266870003194,193.20988590002526,193.21657689998392,193.21657689998392,193.21657689998392,,,,194.00093680003192,3,194.9924006999936,194.9998937000055,194.9998937000055,194.9998937000055,194.9998937000055,196.35055380000267,1,1,1.3482847000123002,None,196.84358640003484,196.85029000003124,196.85029000003124,196.85029000003124,197.40941850002855,3,0.5537860000040382,None,197.40947850001976,200.40041170001496,0.7790020999964327,None,,,,,,,,,,,,,,,,,,,,,,,,,,,,,,,,,,,,201,1,short,A,2026-07-09_14h33.31.993,SBL_superimposed_retrieval,,2026.1.3,120.98174265619122,2026-07-09 14h33.32.386092 -0400,
0,3,3,0,stimuli/scenes/scene_J2.jpg,Jungle,Somar,stimuli/items/undersea_animal_15.png,Undersea,animal,si,None,2,1,1.178661399986595,None,3,2,0,1.4743030999670736,None,3,0.5056091000442393,None,1.1440065000206232,None,0,0,0,0,0,3,3,3,,,,,200.43237340002088,,,,,,,,,,,,,,,,,,,,,,,,,,,,,,,,,,,,,,,,,,,,200.43017120001605,200.43237340002088,204.4173240000382,None,208.2427963000373,209.23397230001865,205.40966790000675,205.41688840003917,205.41688840003917,205.41688840003917,0.0002351000439375639,206.59256389999064,2,1,1.178661399986595,None,210.7176085000392,210.7258978000027,211.21844490000512,211.20879559998866,207.08497080003144,207.0916084999917,207.0916084999917,207.0916084999917,,,,208.2427316000103,3,209.23442330001853,209.2418918000185,209.2418918000185,209.2418918000185,209.2418918000185,210.71754179999698,2,0,1.4743030999670736,None,211.21142180002062,211.21844490000512,211.21844490000512,211.21844490000512,211.7263597000274,3,0.5056091000442393,None,211.72642319998704,214.71750339999562,1.1440065000206232,None,,,,,,,,,,,,,,,,,,,,,,,,,,,,,,,,,,,,201,1,short,A,2026-07-09_14h33.31.993,SBL_superimposed_retrieval,,2026.1.3,120.98174265619122,2026-07-09 14h33.32.386092 -0400,
0,4,4,0,stimuli/scenes/scene_J1.jpg,Jungle,Malbow,stimuli/items/jungle_object_8.png,Jungle,object,sc,None,2,1,0.8297536000027321,None,3,2,1,0.7548720000195317,None,3,0.8879550999845378,None,0.36093890003394336,None,0,0,0,0,0,4,4,4,,,,,214.74600919999648,,,,,,,,,,,,,,,,,,,,,,,,,,,,,,,,,,,,,,,,,,,,214.74373819999164,214.74600919999648,218.73401190002915,None,221.42671750002773,222.41745020000963,219.72662299999502,219.7339414000162,219.7339414000162,219.7339414000162,0.0002455000067129731,220.5594498999999,2,1,0.8297536000027321,None,223.18468980002217,223.19202319998294,223.6835996999871,223.67583140003262,221.0519626000314,221.0586609999882,221.0586609999882,221.0586609999882,,,,221.42665530001977,3,222.41788190003717,222.42538189998595,222.42538189998595,222.42538189998595,222.42538189998595,223.18462310003815,2,1,0.7548720000195317,None,223.67675550002605,223.6835996999871,223.6835996999871,223.6835996999871,224.57678750000196,3,0.8879550999845378,None,224.5768490000046,227.56778159999521,0.36093890003394336,None,,,,,,,,,,,,,,,,,,,,,,,,,,,,,,,,,,,,201,1,short,A,2026-07-09_14h33.31.993,SBL_superimposed_retrieval,,2026.1.3,120.98174265619122,2026-07-09 14h33.32.386092 -0400,
0,5,5,0,stimuli/scenes/scene_J1.jpg,Jungle,Malbow,stimuli/items/undersea_object_19.png,Undersea,object,si,None,2,1,0.9389559000264853,None,3,2,1,1.0794192000175826,None,1,1.1919017999898642,None,0.8902280000038445,None,0,0,0,0,0,5,5,5,,,,,227.61067970003933,,,,,,,,,,,,,,,,,,,,,,,,,,,,,,,,,,,,,,,,,,,,227.6080188000342,227.61067970003933,231.58421210001688,None,234.90982400003122,235.9011316000251,232.5766183999949,232.58397620002506,232.58397620002506,232.58397620002506,-0.0001841000048443675,233.5177938999841,2,1,0.9389559000264853,None,236.9933756000246,237.00064179999754,237.49232650001068,237.48428869998315,234.010614000028,234.0173644000315,234.0173644000315,234.0173644000315,,,,234.90976210002555,3,235.90156359999673,235.90896030003205,235.90896030003205,235.90896030003205,235.90896030003205,236.99330949998694,2,1,1.0794192000175826,None,237.4851887000259,237.49232650001068,237.49232650001068,237.49232650001068,238.6931639999966,1,1.1919017999898642,None,238.69322499999544,241.68432780000148,0.8902280000038445,None,,,,,,,,,,,,,,,,,,,,,,,,,,,,,,,,,,,,201,1,short,A,2026-07-09_14h33.31.993,SBL_superimposed_retrieval,,2026.1.3,120.98174265619122,2026-07-09 14h33.32.386092 -0400,
0,6,6,0,stimuli/scenes/scene_J2.jpg,Jungle,Somar,stimuli/items/jungle_object_16.png,Jungle,object,sc,None,2,1,0.6950227000052109,None,3,1,1,1.016059799992945,None,3,0.2657871999545023,None,0.3750599999912083,None,0,0,0,0,0,6,6,6,,,,,241.7036131999921,,,,,,,,,,,,,,,,,,,,,,,,,,,,,,,,,,,,,,,,,,,,241.70139470003778,241.7036131999921,245.69325050001498,None,248.2688218000112,249.25941340002464,246.6850618000026,246.6925912000006,246.6925912000006,246.6925912000006,-0.0005522000137716532,247.39377650001552,2,1,0.6950227000052109,None,250.28527540003415,250.29248920001555,250.78567220002878,250.77621059998637,247.88568160001887,247.89240020001307,247.89240020001307,247.89240020001307,,,,248.2687583999941,3,249.25986590003595,249.26747680001426,249.26747680001426,249.26747680001426,249.26747680001426,250.28520969999954,1,1,1.016059799992945,None,250.77874290000182,250.78567220002878,250.78567220002878,250.78567220002878,251.06049519998487,3,0.2657871999545023,None,251.06055470003048,254.05124729999807,0.3750599999912083,None,245.7010855000117,,,,,,,,,,,,,,,,,,,,,,,,,,,,,,,,,,,201,1,short,A,2026-07-09_14h33.31.993,SBL_superimposed_retrieval,,2026.1.3,120.98174265619122,2026-07-09 14h33.32.386092 -0400,
0,7,7,0,stimuli/scenes/scene_J2.jpg,Jungle,Somar,stimuli/items/undersea_animal_1.png,Undersea,animal,si,None,2,1,1.0629352999967523,None,3,1,1,2.3697522999718785,None,2,1.4942801999859512,None,1.0020078999805264,None,0,0,0,0,0,7,7,7,,,,,254.08344100002432,,,,,,,,,,,,,,,,,,,,,,,,,,,,,,,,,,,,,,,,,,,,254.08092020003824,254.08344100002432,258.06793130002916,None,261.63567620003596,262.62683170003584,259.06069140002364,259.06782009999733,259.06782009999733,259.06782009999733,0.0001810999820008874,260.12722080003005,2,1,1.0629352999967523,None,265.0106130000204,265.0178679000237,265.5095217000344,265.5019743000157,260.61911070003407,260.6259030000074,260.6259030000074,260.6259030000074,,,,261.63561340002343,3,262.62727769999765,262.6345785000012,262.6345785000012,262.6345785000012,262.6345785000012,265.0105482999934,1,1,2.3697522999718785,None,265.50289629999315,265.5095217000344,265.5095217000344,265.5095217000344,267.0106417000061,2,1.4942801999859512,None,267.0107022000011,270.00149039999815,1.0020078999805264,None,,,,,,,,,,,,,,,,,,,,,,,,,,,,,,,,,,,,201,1,short,A,2026-07-09_14h33.31.993,SBL_superimposed_retrieval,,2026.1.3,120.98174265619122,2026-07-09 14h33.32.386092 -0400,
0,8,8,0,stimuli/scenes/scene_U1.jpg,Undersea,Negvi,stimuli/items/jungle_animal_10.png,Jungle,animal,si,None,1,1,1.865454700018745,None,3,2,1,1.0935002999613062,None,3,0.5175754000083543,None,0.9049770999699831,None,0,0,0,0,0,8,8,8,,,,,270.0450062000309,,,,,,,,,,,,,,,,,,,,,,,,,,,,,,,,,,,,,,,,,,,,270.0428337000194,270.0450062000309,274.0181132000289,None,278.28575869998895,279.2767585000256,275.01083220000146,275.0180306000402,275.0180306000402,275.0180306000402,0.0001734999823383987,276.8773458999931,1,1,1.865454700018745,None,280.38562270003604,280.39298270002473,280.8862331000273,280.8768776000361,277.37118369998643,277.37861449999036,277.37861449999036,277.37861449999036,,,,278.28569320001407,3,279.2827276000171,279.28603790001944,279.28603790001944,279.28603790001944,279.28603790001944,280.385557600006,2,1,1.0935002999613062,None,280.87928930000635,280.8862331000273,280.8862331000273,280.8862331000273,281.4106170000159,3,0.5175754000083543,None,281.4106789000216,284.4016657000175,0.9049770999699831,None,,,,,,,,,,,,,,,,,,,,,,,,,,,,,,,,,,,,201,1,short,A,2026-07-09_14h33.31.993,SBL_superimposed_retrieval,,2026.1.3,120.98174265619122,2026-07-09 14h33.32.386092 -0400,
0,9,9,0,stimuli/scenes/scene_J1.jpg,Jungle,Malbow,stimuli/items/jungle_animal_20.png,Jungle,animal,sc,None,2,1,0.8088701000087894,None,3,2,1,0.610621900006663,None,3,0.2921123999985866,None,0.6601377000333741,None,0,0,0,0,0,9,9,9,,,,,284.4510332000209,,,,,,,,,,,,,,,,,,,,,,,,,,,,,,,,,,,,,,,,,,,,284.4487696000142,284.4510332000209,288.41858830000274,None,291.3942270000116,292.38561669999035,289.41071339999326,289.41797250002855,289.41797250002855,289.41797250002855,8.040003012865782e-05,290.22708450001664,2,1,0.8088701000087894,None,293.0105532000307,293.01844369998435,293.5115799999912,293.5019275000086,290.72138140001334,290.728274299996,290.728274299996,290.728274299996,,,,291.3941622999846,3,292.3901881999918,292.3935583999846,292.3935583999846,292.3935583999846,292.3935583999846,293.01048560003983,2,1,0.610621900006663,None,293.5045124000171,293.5115799999912,293.5115799999912,293.5115799999912,293.81076120003127,3,0.2921123999985866,None,293.81082020001486,296.8019455000176,0.6601377000333741,None,,,,,,,,,,,,,,,,,,,,,,,,,,,,,,,,,,,,201,1,short,A,2026-07-09_14h33.31.993,SBL_superimposed_retrieval,,2026.1.3,120.98174265619122,2026-07-09 14h33.32.386092 -0400,
0,10,10,0,stimuli/scenes/scene_U1.jpg,Undersea,Negvi,stimuli/items/jungle_animal_3.png,Jungle,animal,si,None,1,1,1.705582000024151,None,3,1,0,1.5522177999955602,None,3,1.1084141999599524,None,1.8150711000198498,None,0,0,0,0,0,10,10,10,,,,,296.8272868000204,,,,,,,,,,,,,,,,,,,,,,,,,,,,,,,,,,,,,,,,,,,,296.8249447999988,296.8272868000204,300.8103860000265,None,305.84415840002475,306.83525440003723,301.8028689000057,301.8098675000365,301.8098675000365,301.8098675000365,-0.0008747999672777951,303.5188482000376,1,1,1.705582000024151,None,308.4030636000098,308.4102769999881,308.9034890999901,308.89387840003474,304.0134809000301,304.02058050001506,304.02058050001506,304.02058050001506,,,,305.8440962000168,3,306.83968010003446,306.8431873000227,306.8431873000227,306.8431873000227,306.8431873000227,308.40299770003185,1,0,1.5522177999955602,None,308.8964363000123,308.9034890999901,308.9034890999901,308.9034890999901,310.01950450002914,3,1.1084141999599524,None,310.01956970000174,313.0109048000304,1.8150711000198498,None,300.8184135000338,,,,,,,,,,,,,,,,,,,,,,,,,,,,,,,,,,,201,1,short,A,2026-07-09_14h33.31.993,SBL_superimposed_retrieval,,2026.1.3,120.98174265619122,2026-07-09 14h33.32.386092 -0400,
0,11,11,0,stimuli/scenes/scene_U1.jpg,Undersea,Negvi,stimuli/items/jungle_object_19.png,Jungle,object,si,None,1,1,2.167919199971948,None,3,1,0,0.9492672000196762,None,3,0.23493080004118383,None,0.8221739999717101,None,0,0,0,0,0,11,11,11,,,,,313.0363293000264,,,,,,,,,,,,,,,,,,,,,,,,,,,,,,,,,,,,,,,,,,,,313.0338545999839,313.0363293000264,317.02747020003153,None,321.51983200001996,322.51113050000276,318.0197824999923,318.02685460000066,318.02685460000066,318.02685460000066,0.0002589999930933118,320.19457970000803,1,1,2.167919199971948,None,323.4693039000267,323.4769159000134,323.96843320003245,323.9607328000129,320.68649140000343,320.6935366000398,320.6935366000398,320.6935366000398,,,,321.5197690000059,3,322.51158250001026,322.51899220002815,322.51899220002815,322.51899220002815,322.51899220002815,323.46923650003737,1,0,0.9492672000196762,None,323.9616456000367,323.96843320003245,323.96843320003245,323.96843320003245,324.2114157000324,3,0.23493080004118383,None,324.21147470001597,327.2027907000156,0.8221739999717101,None,,,,,,,,,,,,,,,,,,,,,,,,,,,,,,,,,,,,201,1,short,A,2026-07-09_14h33.31.993,SBL_superimposed_retrieval,,2026.1.3,120.98174265619122,2026-07-09 14h33.32.386092 -0400,
0,12,12,0,stimuli/scenes/scene_U2.jpg,Undersea,Tulon,stimuli/items/undersea_animal_12.png,Undersea,animal,sc,None,1,1,1.1136788000003435,None,3,2,0,1.8575628999969922,None,3,0.34423739998601377,None,0.9844241000246257,None,0,0,0,0,0,12,12,12,,,,,327.22566820000065,,,,,,,,,,,,,,,,,,,,,,,,,,,,,,,,,,,,,,,,,,,,327.2231152000022,327.22566820000065,331.21141500002705,None,334.82032870000694,335.81096720002824,332.2034192000283,332.2106196000241,332.2106196000241,332.2106196000241,-0.000775999971665442,333.3277155000251,1,1,1.1136788000003435,None,337.6779416000354,337.68575920001604,338.179200100014,338.1696349999984,333.8200116000371,333.8269692999893,333.8269692999893,333.8269692999893,,,,334.8202629000298,3,335.81141690001823,335.8186551000108,335.8186551000108,335.8186551000108,335.8186551000108,337.67787549999775,2,0,1.8575628999969922,None,338.1724202000187,338.179200100014,338.179200100014,338.179200100014,338.52817290002713,3,0.34423739998601377,None,338.528232200013,341.5193079999881,0.9844241000246257,None,331.2191968000261,,,,,,,,,,,,,,,,,,,,,,,,,,,,,,,,,,,201,1,short,A,2026-07-09_14h33.31.993,SBL_superimposed_retrieval,,2026.1.3,120.98174265619122,2026-07-09 14h33.32.386092 -0400,
0,13,13,0,stimuli/scenes/scene_J1.jpg,Jungle,Malbow,stimuli/items/jungle_object_17.png,Jungle,object,sc,None,2,1,1.6111296000308357,None,3,2,1,0.7209297000081278,None,3,0.3897389000048861,None,0.7262016999884509,None,0,0,0,0,0,13,13,13,,,,,341.5654073000187,,,,,,,,,,,,,,,,,,,,,,,,,,,,,,,,,,,,,,,,,,,,341.56317640002817,341.5654073000187,345.5360145000159,None,349.4301098000142,350.41958540002815,346.52833840000676,346.5356564000249,346.5356564000249,346.5356564000249,0.0001523000537417829,348.14518550003413,2,1,1.6111296000308357,None,351.15310709999176,351.16077790001873,351.6542656000238,351.64438960002735,348.638854800025,348.64572800003225,348.64572800003225,348.64572800003225,,,,349.4300460999948,3,350.42398040002445,350.4273552999948,350.4273552999948,350.4273552999948,350.4273552999948,351.15304140001535,2,1,0.7209297000081278,None,351.6469609999913,351.6542656000238,351.6542656000238,351.6542656000238,352.04511190002086,3,0.3897389000048861,None,352.0451729000197,355.03648650000105,0.7262016999884509,None,,,,,,,,,,,,,,,,,,,,,,,,,,,,,,,,,,,,201,1,short,A,2026-07-09_14h33.31.993,SBL_superimposed_retrieval,,2026.1.3,120.98174265619122,2026-07-09 14h33.32.386092 -0400,
0,14,14,0,stimuli/scenes/scene_U1.jpg,Undersea,Negvi,stimuli/items/undersea_animal_2.png,Undersea,animal,sc,None,1,1,2.2548200000310317,None,3,2,1,1.3025178000098094,None,3,0.2925445000291802,None,0.8714206000440754,None,0,0,0,0,0,14,14,14,,,,,355.10740030003944,,,,,,,,,,,,,,,,,,,,,,,,,,,,,,,,,,,,,,,,,,,,355.1034088000306,355.10740030003944,359.0529025000287,None,363.6787176000071,364.6699466999853,360.04549280001083,360.0524951000116,360.0524951000116,360.0524951000116,0.00036480004200711846,362.3032882999978,1,1,2.2548200000310317,None,365.9868595000007,365.99435860000085,366.4873610000359,366.4781229000073,362.7975526000373,362.8044937000377,362.8044937000377,362.8044937000377,,,,363.678654599993,3,364.6745033999905,364.6775684999884,364.6775684999884,364.6775684999884,364.6775684999884,365.9867938000243,2,1,1.3025178000098094,None,366.48054190003313,366.4873610000359,366.4873610000359,366.4873610000359,366.7868382000015,3,0.2925445000291802,None,366.7868987999973,369.7780777000007,0.8714206000440754,None,,,,,,,,,,,,,,,,,,,,,,,,,,,,,,,,,,,,201,1,short,A,2026-07-09_14h33.31.993,SBL_superimposed_retrieval,,2026.1.3,120.98174265619122,2026-07-09 14h33.32.386092 -0400,
0,15,15,0,stimuli/scenes/scene_U2.jpg,Undersea,Tulon,stimuli/items/jungle_animal_13.png,Jungle,animal,si,None,1,1,1.0481007000198588,None,3,1,1,1.025178199983202,None,3,0.6335018999525346,None,1.2595371999777853,None,0,0,0,0,0,15,15,15,,,,,369.80733849998796,,,,,,,,,,,,,,,,,,,,,,,,,,,,,,,,,,,,,,,,,,,,369.8050642000162,369.80733849998796,373.79455150000285,None,377.60400089999894,378.59497070004,374.78731390001485,374.79448189999675,374.79448189999675,374.79448189999675,0.0004596999497152865,375.8372175000259,1,1,1.0481007000198588,None,379.6289613000117,379.63640170003055,380.1302553000278,380.1201902999892,376.3291120000067,376.33589360001497,376.33589360001497,376.33589360001497,,,,377.6039378999849,3,378.5954253000091,378.6029692000011,378.6029692000011,378.6029692000011,378.6029692000011,379.6288944000262,1,1,1.025178199983202,None,380.12297269998817,380.1302553000278,380.1302553000278,380.1302553000278,380.7707941000117,3,0.6335018999525346,None,380.7708575000288,383.7613895999966,1.2595371999777853,None,,,,,,,,,,,,,,,,,,,,,,,,,,,,,,,,,,,,201,1,short,A,2026-07-09_14h33.31.993,SBL_superimposed_retrieval,,2026.1.3,120.98174265619122,2026-07-09 14h33.32.386092 -0400,
0,16,16,0,stimuli/scenes/scene_J2.jpg,Jungle,Somar,stimuli/items/jungle_animal_9.png,Jungle,animal,sc,None,2,1,1.9288757999893278,None,3,1,1,1.2239178000018,None,3,0.3608102999860421,None,0.6141127999871969,None,0,0,0,0,0,16,16,16,,,,,383.8091391000198,,,,,,,,,,,,,,,,,,,,,,,,,,,,,,,,,,,,,,,,,,,,383.80662420002045,383.8091391000198,387.778215600003,None,391.8207048000186,392.8121282000211,388.77077410003403,388.7782019000151,388.7782019000151,388.7782019000151,-3.6999990697950125e-05,390.70374040002935,2,1,1.9288757999893278,None,394.0455640000291,394.05316890001995,394.5466194000328,394.53704200003995,391.19775970000774,391.2052362000104,391.2052362000104,391.2052362000104,,,,391.8206452000304,3,392.81644470000174,392.81966320000356,392.81966320000356,392.81966320000356,392.81966320000356,394.0454779000138,1,1,1.2239178000018,None,394.539564500039,394.5466194000328,394.5466194000328,394.5466194000328,394.912767300033,3,0.3608102999860421,None,394.91282460000366,397.9038411999936,0.6141127999871969,None,,,,,,,,,,,,,,,,,,,,,,,,,,,,,,,,,,,,201,1,short,A,2026-07-09_14h33.31.993,SBL_superimposed_retrieval,,2026.1.3,120.98174265619122,2026-07-09 14h33.32.386092 -0400,
0,17,17,0,stimuli/scenes/scene_U1.jpg,Undersea,Negvi,stimuli/items/undersea_animal_16.png,Undersea,animal,sc,None,1,1,0.9395773999858648,None,3,2,1,1.8088176000164822,None,3,0.5793958000140265,None,0.6163962000282481,None,0,0,0,0,0,17,17,17,,,,,397.94315950002056,,,,,,,,,,,,,,,,,,,,,,,,,,,,,,,,,,,,,,,,,,,,397.940651300014,397.94315950002056,401.91999030002626,None,404.9793943000259,405.97067609999795,402.9128175000078,402.9199935999932,402.9199935999932,402.9199935999932,3.93999507650733e-05,403.85405960003845,1,1,0.9395773999858648,None,407.7958370000124,407.80336920003174,408.29633149999427,408.28694760001963,404.3479882000247,404.35519410000416,404.35519410000416,404.35519410000416,,,,404.9793324000202,3,405.97534200001974,405.9785797999939,405.9785797999939,405.9785797999939,405.9785797999939,407.7957725999877,2,1,1.8088176000164822,None,408.28934280003887,408.29633149999427,408.29633149999427,408.29633149999427,408.8792470000335,3,0.5793958000140265,None,408.8793057000148,411.8707369000185,0.6163962000282481,None,,,,,,,,,,,,,,,,,,,,,,,,,,,,,,,,,,,,201,1,short,A,2026-07-09_14h33.31.993,SBL_superimposed_retrieval,,2026.1.3,120.98174265619122,2026-07-09 14h33.32.386092 -0400,
0,18,18,0,stimuli/scenes/scene_U2.jpg,Undersea,Tulon,stimuli/items/jungle_animal_15.png,Jungle,animal,si,None,None,0,,,None,None,0,,,None,,,,,0,0,0,0,0,18,18,18,,,,,411.9182997000171,,,,,,,,,,,,,,,,,,,,,,,,,,,,,,,,,,,,,,,,,,,,411.916105900018,411.9182997000171,415.8870435000281,None,421.862913799996,422.8541978999856,416.879374000011,416.8867356000119,416.8867356000119,416.8867356000119,0.00011220003943890333,419.37059770000633,None,0,,,425.35428420000244,425.3704350999906,425.86194530001376,425.8537356000161,419.86532320000697,419.8726278000395,419.8726278000395,419.8726278000395,421.87035450001713,421.87035450001713,421.87035450001713,421.8628661999828,None,422.8546506999992,422.87017150002066,422.87017150002066,422.87017150002066,422.87017150002066,425.3542259000242,None,0,,,425.85670870001195,425.87032180000097,425.87032180000097,425.87032180000097,427.85475150001,None,,,427.8547989000217,430.854289000039,,,,419.37863550003385,419.37863550003385,419.37863550003385,2.4909965000115335,425.36186800000723,425.36186800000723,425.36186800000723,425.36186800000723,427.8619881999912,427.8619881999912,427.8619881999912,,,,,,,,,,,,,,,,,,,,,,,,201,1,short,A,2026-07-09_14h33.31.993,SBL_superimposed_retrieval,,2026.1.3,120.98174265619122,2026-07-09 14h33.32.386092 -0400,
0,19,19,0,stimuli/scenes/scene_U2.jpg,Undersea,Tulon,stimuli/items/jungle_object_1.png,Jungle,object,si,None,1,1,0.8536010999814607,None,3,1,1,1.1231014000368305,None,2,0.6644166000187397,None,0.2932617000187747,None,0,0,0,0,0,19,19,19,,,,,430.8826924000168,,,,,,,,,,,,,,,,,,,,,,,,,,,,,,,,,,,,,,,,,,,,430.88047239999287,430.8826924000168,434.87097560003167,None,437.537975299987,438.5289119000081,435.8628966000397,435.8704958999879,435.8704958999879,435.8704958999879,-0.00047769997036084533,436.7377528999932,1,1,0.8536010999814607,None,439.6626993000391,439.6705190000357,440.16358940000646,440.15416070003994,437.23184480000054,437.23876050004037,437.23876050004037,437.23876050004037,,,,437.5379157999996,3,438.52935520000756,438.5370168000227,438.5370168000227,438.5370168000227,438.5370168000227,439.66263520001667,1,1,1.1231014000368305,None,440.15670729998965,440.16358940000646,440.16358940000646,440.16358940000646,440.829728599987,2,0.6644166000187397,None,440.8297870000242,443.8211335000233,0.2932617000187747,None,434.8785538999946,,,,,,,,,,,,,,,,,,,,,,,,,,,,,,,,,,,201,1,short,A,2026-07-09_14h33.31.993,SBL_superimposed_retrieval,,2026.1.3,120.98174265619122,2026-07-09 14h33.32.386092 -0400,
1,0,0,0,stimuli/scenes/scene_J2.jpg,Jungle,Somar,stimuli/items/undersea_object_5.png,Undersea,object,si,None,2,1,1.2723931000218727,None,3,2,0,1.032726300007198,None,2,0.5687682999996468,None,1.222650000010617,None,0,1,1,1,0,0,0,0,0,0,0,0,466.2500856000115,,,,,,,,,,,,,,,,,,,,,,,,,,,,,,,,,,,,,,,,,,466.1811897000298,466.1814139999915,466.24602560000494,466.2500856000115,470.1879011000274,None,474.18885350000346,475.1796901000198,471.1800262000179,471.1878512999974,471.1878512999974,471.1878512999974,0.006578699976671487,472.463616300025,2,1,1.2723931000218727,None,476.22156869998435,476.2295770000201,476.7232817999902,476.71316630003275,472.957876200031,472.96504670003196,472.96504670003196,472.96504670003196,,,,474.18879190000007,3,475.18398919998435,475.18740470003104,475.18740470003104,475.18740470003104,475.18740470003104,476.2215031000087,2,0,1.032726300007198,None,476.7157729000319,476.7232817999902,476.7232817999902,476.7232817999902,477.2972776000388,2,0.5687682999996468,None,477.2973374000285,480.28838869999163,1.222650000010617,None,,,,,,,,,,,,,443.82389180001337,443.8241166000371,443.82431510003516,443.8289442000096,444.82081090001157,466.18022889998974,space,21.35143869998865,None,,,,,,,,,,,,,,,201,1,short,A,2026-07-09_14h33.31.993,SBL_superimposed_retrieval,,2026.1.3,120.98174265619122,2026-07-09 14h33.32.386092 -0400,
1,1,1,0,stimuli/scenes/scene_U2.jpg,Undersea,Tulon,stimuli/items/undersea_object_15.png,Undersea,object,sc,None,1,1,0.4908053000108339,None,3,1,1,2.0512945000082254,None,3,0.29125299997394904,None,0.2333896000054665,None,0,1,1,1,0,1,1,1,,,,,480.3412743000081,,,,,,,,,,,,,,,,,,,,,,,,,,,,,,,,,,,,,,,,,,,,480.33906379999826,480.3412743000081,484.30461520003155,None,486.5303628999973,487.5213825000101,485.297191700025,485.30475130002014,485.30475130002014,485.30475130002014,-0.00010060000931844115,485.7888892000192,1,1,0.4908053000108339,None,489.5886976000038,489.59612709999783,490.08904370001983,490.0795954000205,486.28319290000945,486.2901963000186,486.2901963000186,486.2901963000186,,,,486.53030059998855,3,487.525876300002,487.5292899000342,487.5292899000342,487.5292899000342,487.5292899000342,489.58863020001445,1,1,2.0512945000082254,None,490.08213980001165,490.08904370001983,490.08904370001983,490.08904370001983,490.3886824999936,3,0.29125299997394904,None,490.3887432999909,493.3798979999847,0.2333896000054665,None,,,,,,,,,,,,,,,,,,,,,,,,,,,,,,,,,,,,201,1,short,A,2026-07-09_14h33.31.993,SBL_superimposed_retrieval,,2026.1.3,120.98174265619122,2026-07-09 14h33.32.386092 -0400,
1,2,2,0,stimuli/scenes/scene_J1.jpg,Jungle,Malbow,stimuli/items/jungle_animal_6.png,Jungle,animal,sc,None,2,1,1.4152672999771312,None,3,2,1,0.8538972999667749,None,3,0.4527766000246629,None,0.5369102999684401,None,0,1,1,1,0,2,2,2,,,,,493.41102910001064,,,,,,,,,,,,,,,,,,,,,,,,,,,,,,,,,,,,,,,,,,,,493.4088453000295,493.41102910001064,497.39653000002727,None,500.847869899997,501.83869130001403,498.3887885999866,498.3967241999926,498.3967241999926,498.3967241999926,9.039998985826969e-05,499.8054151000106,2,1,1.4152672999771312,None,502.705593199993,502.71298230002867,503.2067558999988,503.19721870002104,500.2998814000166,500.306861900026,500.306861900026,500.306861900026,,,,500.8478080999921,3,501.8430073999916,501.84630450000986,501.84630450000986,501.84630450000986,501.84630450000986,502.70552690001205,2,1,0.8538972999667749,None,503.19981090002693,503.2067558999988,503.2067558999988,503.2067558999988,503.66386140004033,3,0.4527766000246629,None,503.66392190003535,506.6553277000203,0.5369102999684401,None,,,,,,,,,,,,,,,,,,,,,,,,,,,,,,,,,,,,201,1,short,A,2026-07-09_14h33.31.993,SBL_superimposed_retrieval,,2026.1.3,120.98174265619122,2026-07-09 14h33.32.386092 -0400,
1,3,3,0,stimuli/scenes/scene_U1.jpg,Undersea,Negvi,stimuli/items/jungle_object_2.png,Jungle,object,si,None,2,0,1.6287295000511222,None,1,None,0,,,1,1.4942975000012666,None,1.6402189999935217,None,0,1,1,1,0,3,3,3,,,,,506.6738273000228,,,,,,,,,,,,,,,,,,,,,,,,,,,,,,,,,,,,,,,,,,,,506.67131240002345,506.6738273000228,510.6638485000003,None,515.4390948000364,516.4308216000209,511.6562321000383,511.6632738999906,511.6632738999906,511.6632738999906,-0.00045250001130625606,513.297622299986,2,0,1.6287295000511222,None,518.9220423999941,518.930242100032,519.4218216000008,519.413922799984,513.789474899997,513.7962907000328,513.7962907000328,513.7962907000328,,,,515.4390325000277,1,516.4352271000389,516.4382746000192,516.4382746000192,516.4382746000192,516.4382746000192,518.9219922000193,None,0,,,519.4168779000174,519.4297436000197,519.4297436000197,519.4297436000197,520.9310629999964,1,1.4942975000012666,None,520.931124499999,523.9222248999868,1.6402189999935217,None,510.67145600001095,,,,,518.930242100032,518.930242100032,518.930242100032,518.930242100032,,,,,,,,,,,,,,,,,,,,,,,,,,,201,1,short,A,2026-07-09_14h33.31.993,SBL_superimposed_retrieval,,2026.1.3,120.98174265619122,2026-07-09 14h33.32.386092 -0400,
1,4,4,0,stimuli/scenes/scene_U1.jpg,Undersea,Negvi,stimuli/items/undersea_object_2.png,Undersea,object,sc,None,1,1,0.5847412999719381,None,3,2,1,0.7689036999945529,None,3,0.4050097999861464,None,0.7084275999804959,None,0,1,1,1,0,4,4,4,,,,,523.9787112000049,,,,,,,,,,,,,,,,,,,,,,,,,,,,,,,,,,,,,,,,,,,,523.97638800001,523.9787112000049,527.9389364999952,None,530.7397072000313,531.7307478000293,528.9310704999953,528.9387066999916,528.9387066999916,528.9387066999916,-8.000002708286047e-06,529.5226628000382,1,1,0.5847412999719381,None,532.514275500027,532.521823499992,533.0145875000162,533.0054320000345,530.0167510000174,530.0237634000368,530.0237634000368,530.0237634000368,,,,530.7396454000263,3,531.7311834000284,531.7386098999996,531.7386098999996,531.7386098999996,531.7386098999996,532.5142110000015,2,1,0.7689036999945529,None,533.0078967000009,533.0145875000162,533.0145875000162,533.0145875000162,533.4228265000274,3,0.4050097999861464,None,533.4228865000186,536.4140094000031,0.7084275999804959,None,,,,,,,,,,,,,,,,,,,,,,,,,,,,,,,,,,,,201,1,short,A,2026-07-09_14h33.31.993,SBL_superimposed_retrieval,,2026.1.3,120.98174265619122,2026-07-09 14h33.32.386092 -0400,
1,5,5,0,stimuli/scenes/scene_J2.jpg,Jungle,Somar,stimuli/items/undersea_animal_4.png,Undersea,animal,si,None,2,1,1.5813345999922603,None,2,None,0,,,1,1.7574005000060424,None,1.336645400035195,None,0,1,1,1,0,5,5,5,,,,,536.443390600034,,,,,,,,,,,,,,,,,,,,,,,,,,,,,,,,,,,,,,,,,,,,536.4411844999995,536.443390600034,540.4307382000261,None,544.8481690000044,545.839022500033,541.4228896999848,541.4305021000328,541.4305021000328,541.4305021000328,4.7600013203918934e-05,543.0058246999979,2,1,1.5813345999922603,None,548.3310839000042,548.338726099988,548.8304678000277,548.8225114000379,543.5002613000106,543.5076783000259,543.5076783000259,543.5076783000259,,,,544.8481094000163,2,545.8433452000027,545.8468556000153,545.8468556000153,545.8468556000153,545.8468556000153,548.3310332000256,None,0,,,548.8254789999919,548.8469350000378,548.8469350000378,548.8469350000378,550.6063078999869,1,1.7574005000060424,None,550.6063718000078,553.5973151000217,1.336645400035195,None,,,,,,548.338726099988,548.338726099988,548.338726099988,548.338726099988,,,,,,,,,,,,,,,,,,,,,,,,,,,201,1,short,A,2026-07-09_14h33.31.993,SBL_superimposed_retrieval,,2026.1.3,120.98174265619122,2026-07-09 14h33.32.386092 -0400,
1,6,6,0,stimuli/scenes/scene_U1.jpg,Undersea,Negvi,stimuli/items/undersea_animal_13.png,Undersea,animal,sc,None,1,1,0.83022159995744,None,3,2,1,1.240681700001005,None,2,0.7618417000048794,None,1.0153135000145994,None,0,1,1,1,0,6,6,6,,,,,553.6141124999849,,,,,,,,,,,,,,,,,,,,,,,,,,,,,,,,,,,,,,,,,,,,553.6116799000301,553.6141124999849,557.5975008000387,None,560.9570967000327,561.9476699000224,558.5896642000298,558.5972944000387,558.5972944000387,558.5972944000387,-0.0008957000100053847,559.4397906000377,1,1,0.83022159995744,None,563.198309600004,563.2059818999842,563.6985588000389,563.6892547000316,559.9336506000254,559.9406286000158,559.9406286000158,559.9406286000158,,,,560.9570358000346,3,561.9522900999873,561.9555995999835,561.9555995999835,561.9555995999835,561.9555995999835,563.1982434000238,2,1,1.240681700001005,None,563.6916707000346,563.6985588000389,563.6985588000389,563.6985588000389,564.4649405000382,2,0.7618417000048794,None,564.4650004000287,567.4561313000158,1.0153135000145994,None,557.6056191000389,,,,,,,,,,,,,,,,,,,,,,,,,,,,,,,,,,,201,1,short,A,2026-07-09_14h33.31.993,SBL_superimposed_retrieval,,2026.1.3,120.98174265619122,2026-07-09 14h33.32.386092 -0400,
1,7,7,0,stimuli/scenes/scene_U2.jpg,Undersea,Tulon,stimuli/items/undersea_animal_20.png,Undersea,animal,sc,None,1,1,1.3225943999714218,None,3,2,0,0.9143881999771111,None,2,0.3136257999576628,None,0.8105218999553472,None,0,1,1,1,0,7,7,7,,,,,567.4988806000329,,,,,,,,,,,,,,,,,,,,,,,,,,,,,,,,,,,,,,,,,,,,567.4965104000294,567.4988806000329,571.4726882000105,None,575.1069753000047,576.0982302000048,572.465422200039,572.4725024999934,572.4725024999934,572.4725024999934,0.00046710000606253743,573.7897802999942,1,1,1.3225943999714218,None,577.0231588000315,577.0312010000343,577.522606100014,577.5148970999871,574.2819723000284,574.2891648000223,574.2891648000223,574.2891648000223,,,,575.1069146000082,3,576.0986654000008,576.1059332999866,576.1059332999866,576.1059332999866,576.1059332999866,577.0230947000091,2,0,0.9143881999771111,None,577.5158090000041,577.522606100014,577.522606100014,577.522606100014,577.8402811000124,2,0.3136257999576628,None,577.8403405999998,580.8310770000098,0.8105218999553472,None,,,,,,,,,,,,,,,,,,,,,,,,,,,,,,,,,,,,201,1,short,A,2026-07-09_14h33.31.993,SBL_superimposed_retrieval,,2026.1.3,120.98174265619122,2026-07-09 14h33.32.386092 -0400,
1,8,8,0,stimuli/scenes/scene_J1.jpg,Jungle,Malbow,stimuli/items/jungle_object_10.png,Jungle,object,sc,None,2,1,1.2122625999618322,None,3,2,1,0.8666058000526391,None,3,0.25066329998662695,None,0.5336419999948703,None,0,1,1,1,0,8,8,8,,,,,580.8552571000182,,,,,,,,,,,,,,,,,,,,,,,,,,,,,,,,,,,,,,,,,,,,580.8528733000276,580.8552571000182,584.8396611000062,None,588.0988205000176,589.0899529000162,585.8323799000354,585.8397448000032,585.8397448000032,585.8397448000032,-0.000431500026024878,587.0566847000155,2,1,1.2122625999618322,None,589.96517640003,589.9725360000157,590.4655583000276,590.4562738999957,587.5508421999984,587.5577880000346,587.5577880000346,587.5577880000346,,,,588.0987609000294,3,589.0942670000368,589.0977009999915,589.0977009999915,589.0977009999915,589.0977009999915,589.9651100999909,2,1,0.8666058000526391,None,590.4587933000294,590.4655583000276,590.4655583000276,590.4655583000276,590.7237522000214,3,0.25066329998662695,None,590.7238113000058,593.7151009000372,0.5336419999948703,None,584.8476040000096,,,,,,,,,,,,,,,,,,,,,,,,,,,,,,,,,,,201,1,short,A,2026-07-09_14h33.31.993,SBL_superimposed_retrieval,,2026.1.3,120.98174265619122,2026-07-09 14h33.32.386092 -0400,
1,9,9,0,stimuli/scenes/scene_U2.jpg,Undersea,Tulon,stimuli/items/jungle_object_13.png,Jungle,object,si,None,1,1,0.8400389999733306,None,3,1,1,0.5277617999818176,None,3,0.22901240002829581,None,1.0649832999915816,None,0,1,1,1,0,9,9,9,,,,,593.7337762000388,,,,,,,,,,,,,,,,,,,,,,,,,,,,,,,,,,,,,,,,,,,,593.7313001999864,593.7337762000388,597.7232723000343,None,601.1403518000152,602.1318655000068,598.7153159999871,598.7233053999953,598.7233053999953,598.7233053999953,-0.0003196000470779836,599.5653285000008,1,1,0.8400389999733306,None,602.67367009999,602.6812273000251,603.1746089000371,603.1652101000072,600.0601910999976,600.0671108000097,600.0671108000097,600.0671108000097,,,,601.1402926000301,3,602.1364912000136,602.139704900037,602.139704900037,602.139704900037,602.139704900037,602.6736033000052,1,1,0.5277617999818176,None,603.1677149999887,603.1746089000371,603.1746089000371,603.1746089000371,603.4070884000394,3,0.22901240002829581,None,603.40714570001,606.3986078000162,1.0649832999915816,None,597.7310728000011,,,,,,,,,,,,,,,,,,,,,,,,,,,,,,,,,,,201,1,short,A,2026-07-09_14h33.31.993,SBL_superimposed_retrieval,,2026.1.3,120.98174265619122,2026-07-09 14h33.32.386092 -0400,
1,10,10,0,stimuli/scenes/scene_U2.jpg,Undersea,Tulon,stimuli/items/undersea_animal_10.png,Undersea,animal,sc,None,1,1,0.9241523999953642,None,3,1,1,0.5317434999742545,None,3,0.2657832999830134,None,0.6123419999494217,None,0,1,1,1,0,10,10,10,,,,,606.4315506999847,,,,,,,,,,,,,,,,,,,,,,,,,,,,,,,,,,,,,,,,,,,,606.4290050999844,606.4315506999847,610.4150473999907,None,613.457707100024,614.4484296999872,611.4077800000086,611.4147599000135,611.4147599000135,611.4147599000135,0.0006791000487282872,612.3406684999936,1,1,0.9241523999953642,None,614.9903606000007,614.9981062000152,615.4897377000307,615.4819033000385,612.8328000000329,612.8399456000188,612.8399456000188,612.8399456000188,,,,613.4576477000373,3,614.4488625000231,614.4564184999908,614.4564184999908,614.4564184999908,614.4564184999908,614.9902969000395,1,1,0.5317434999742545,None,615.4828268000274,615.4897377000307,615.4897377000307,615.4897377000307,615.7576934000244,3,0.2657832999830134,None,615.7577519000042,618.7483513000188,0.6123419999494217,None,,,,,,,,,,,,,,,,,,,,,,,,,,,,,,,,,,,,201,1,short,A,2026-07-09_14h33.31.993,SBL_superimposed_retrieval,,2026.1.3,120.98174265619122,2026-07-09 14h33.32.386092 -0400,
1,11,11,0,stimuli/scenes/scene_J2.jpg,Jungle,Somar,stimuli/items/jungle_animal_4.png,Jungle,animal,sc,None,2,1,0.998770699952729,None,3,1,1,0.5010013999999501,None,3,0.24229409999679774,None,0.5536338000092655,None,0,1,1,1,0,11,11,11,,,,,618.7722732999828,,,,,,,,,,,,,,,,,,,,,,,,,,,,,,,,,,,,,,,,,,,,618.769712999987,618.7722732999828,622.7571920999908,None,625.8241067000199,626.815607400029,623.749039700022,623.7565367000061,623.7565367000061,623.7565367000061,0.0071629000012762845,624.7654654000071,2,1,0.998770699952729,None,627.3323129999917,627.3400668000104,627.833455200016,627.8239425999927,625.2593980000238,625.2663737999974,625.2663737999974,625.2663737999974,,,,625.8240452000173,3,626.8201781000243,626.8233308999916,626.8233308999916,626.8233308999916,626.8233308999916,627.3322516999906,1,1,0.5010013999999501,None,627.8264129000017,627.833455200016,627.833455200016,627.833455200016,628.0826699000318,3,0.24229409999679774,None,628.0827291000169,631.0739166000276,0.5536338000092655,None,622.7649662999902,,,,,,,,,,,,,,,,,,,,,,,,,,,,,,,,,,,201,1,short,A,2026-07-09_14h33.31.993,SBL_superimposed_retrieval,,2026.1.3,120.98174265619122,2026-07-09 14h33.32.386092 -0400,
1,12,12,0,stimuli/scenes/scene_U1.jpg,Undersea,Negvi,stimuli/items/undersea_animal_6.png,Undersea,animal,sc,None,1,1,0.3620062000118196,None,3,2,1,0.6145091999787837,None,3,0.48784330004127696,None,0.437401500006672,None,0,1,1,1,0,12,12,12,,,,,631.0962512000115,,,,,,,,,,,,,,,,,,,,,,,,,,,,,,,,,,,,,,,,,,,,631.0940528000356,631.0962512000115,635.0822786000208,None,637.3914541000267,638.3822027000133,636.0744827000308,636.0821701000095,636.0821701000095,636.0821701000095,-0.00039249996189028025,636.4492339999997,1,1,0.3620062000118196,None,639.007340000011,639.0150501999888,639.5086005000048,639.4990649000392,636.9430571999983,636.9504078000318,636.9504078000318,636.9504078000318,,,,637.3913949999842,3,638.3865309000248,638.3899642000324,638.3899642000324,638.3899642000324,638.3899642000324,639.0072758999886,2,1,0.6145091999787837,None,639.5014676999999,639.5086005000048,639.5086005000048,639.5086005000048,639.9991903000046,3,0.48784330004127696,None,639.9992500999942,642.9908605000237,0.437401500006672,None,635.0902999000391,,,,,,,,,,,,,,,,,,,,,,,,,,,,,,,,,,,201,1,short,A,2026-07-09_14h33.31.993,SBL_superimposed_retrieval,,2026.1.3,120.98174265619122,2026-07-09 14h33.32.386092 -0400,
1,13,13,0,stimuli/scenes/scene_J1.jpg,Jungle,Malbow,stimuli/items/undersea_object_7.png,Undersea,object,si,None,2,1,1.7887431000126526,None,3,2,1,0.6443656000192277,None,3,0.5483138999552466,None,0.7273326000431553,None,0,1,1,1,0,13,13,13,,,,,643.009959899995,,,,,,,,,,,,,,,,,,,,,,,,,,,,,,,,,,,,,,,,,,,,643.0075046999846,643.009959899995,646.999425499991,None,651.02462869999,652.0155155000393,647.9912324000034,647.9986399000045,647.9986399000045,647.9986399000045,-0.00044460000935941935,649.7910811000038,2,1,1.7887431000126526,None,652.6742255000281,652.6821679000277,653.1754063999979,653.1658344999887,650.2853402000037,650.2922109999927,650.2922109999927,650.2922109999927,,,,651.0245682999957,3,652.019786800025,652.0237456000177,652.0237456000177,652.0237456000177,652.0237456000177,652.6741654000361,2,1,0.6443656000192277,None,653.1683983000112,653.1754063999979,653.1754063999979,653.1754063999979,653.7248278000043,3,0.5483138999552466,None,653.7248876999947,656.7157962000347,0.7273326000431553,None,647.0068807000061,,,,,,,,,,,,,,,,,,,,,,,,,,,,,,,,,,,201,1,short,A,2026-07-09_14h33.31.993,SBL_superimposed_retrieval,,2026.1.3,120.98174265619122,2026-07-09 14h33.32.386092 -0400,
1,14,14,0,stimuli/scenes/scene_J2.jpg,Jungle,Somar,stimuli/items/undersea_object_4.png,Undersea,object,si,None,1,0,1.1035271000000648,None,1,None,0,,,2,0.7391503000399098,None,1.1098477999912575,None,0,1,1,1,0,14,14,14,,,,,656.7471876000054,,,,,,,,,,,,,,,,,,,,,,,,,,,,,,,,,,,,,,,,,,,,656.7448693999904,656.7471876000054,660.7321557000396,None,664.4498616000055,665.4407762000337,661.7247476000339,661.7321501999977,661.7321501999977,661.7321501999977,-9.400001727044582e-05,662.8331972000306,1,0,1.1035271000000648,None,667.9330885999952,667.9405503000016,668.4323767999886,668.4244424999924,663.3272073999979,663.3340628999867,663.3340628999867,663.3340628999867,,,,664.4498026000219,1,665.4412099000183,665.4489492999855,665.4489492999855,665.4489492999855,665.4489492999855,667.9330373000121,None,0,,,668.4274422000162,668.4403984000091,668.4403984000091,668.4403984000091,669.1830645999871,2,0.7391503000399098,None,669.1831251000403,672.1744271999924,1.1098477999912575,None,,,,,,667.9405503000016,667.9405503000016,667.9405503000016,667.9405503000016,,,,,,,,,,,,,,,,,,,,,,,,,,,201,1,short,A,2026-07-09_14h33.31.993,SBL_superimposed_retrieval,,2026.1.3,120.98174265619122,2026-07-09 14h33.32.386092 -0400,
1,15,15,0,stimuli/scenes/scene_U2.jpg,Undersea,Tulon,stimuli/items/jungle_animal_17.png,Jungle,animal,si,None,1,1,1.0534134000190534,None,3,1,1,0.7092981999740005,None,3,0.25941850000526756,None,0.8393980000400916,None,0,1,1,1,0,15,15,15,,,,,672.1905495999963,,,,,,,,,,,,,,,,,,,,,,,,,,,,,,,,,,,,,,,,,,,,672.1879048999981,672.1905495999963,676.1747210000176,None,679.583398799994,680.5743095999933,677.166639300005,677.1742890999885,677.1742890999885,677.1742890999885,-0.0006816000095568597,678.2414134999854,1,1,1.0534134000190534,None,681.2997000000323,681.3074690999929,681.8004780000192,681.7910919000278,678.7336001000367,678.7404519999982,678.7404519999982,678.7404519999982,,,,679.5833386000013,3,680.5786120999837,680.5821547000087,680.5821547000087,680.5821547000087,680.5821547000087,681.2996360000107,1,1,0.7092981999740005,None,681.7935439000139,681.8004780000192,681.8004780000192,681.8004780000192,682.0670813000179,3,0.25941850000526756,None,682.0671402000007,685.058063500037,0.8393980000400916,None,676.1824503000244,,,,,,,,,,,,,,,,,,,,,,,,,,,,,,,,,,,201,1,short,A,2026-07-09_14h33.31.993,SBL_superimposed_retrieval,,2026.1.3,120.98174265619122,2026-07-09 14h33.32.386092 -0400,
1,16,16,0,stimuli/scenes/scene_J2.jpg,Jungle,Somar,stimuli/items/jungle_object_4.png,Jungle,object,sc,None,2,1,0.35347520001232624,None,3,1,1,0.2942485000239685,None,3,0.3237835999461822,None,0.4370673000230454,None,0,1,1,1,0,16,16,16,,,,,685.076304199989,,,,,,,,,,,,,,,,,,,,,,,,,,,,,,,,,,,,,,,,,,,,685.0738188000396,685.076304199989,689.0661047000322,None,691.375391700014,692.3662993999897,690.0586203000275,690.065788900014,690.065788900014,690.065788900014,0.00712049996946007,690.4334773999872,2,1,0.35347520001232624,None,692.6750679000397,692.6827312000096,693.1758004000294,693.1663753000321,690.9277678999933,690.9348607999855,690.9348607999855,690.9348607999855,,,,691.375330800016,3,692.3707965000067,692.3741211000015,692.3741211000015,692.3741211000015,692.3741211000015,692.6750065000379,1,1,0.2942485000239685,None,693.1688439000282,693.1758004000294,693.1758004000294,693.1758004000294,693.508476499992,3,0.3237835999461822,None,693.508535400033,696.5003640000359,0.4370673000230454,None,689.0741672000149,,,,,,,,,,,,,,,,,,,,,,,,,,,,,,,,,,,201,1,short,A,2026-07-09_14h33.31.993,SBL_superimposed_retrieval,,2026.1.3,120.98174265619122,2026-07-09 14h33.32.386092 -0400,
1,17,17,0,stimuli/scenes/scene_U2.jpg,Undersea,Tulon,stimuli/items/jungle_object_14.png,Jungle,object,si,None,1,1,1.3676867000176571,None,3,1,1,0.8388504000031389,None,3,0.6629857000079937,None,1.3630298000061885,None,0,1,1,1,0,17,17,17,,,,,696.5174075000104,,,,,,,,,,,,,,,,,,,,,,,,,,,,,,,,,,,,,,,,,,,,696.5151406000368,696.5174075000104,700.5003177000326,None,704.7505954999942,705.7417293000035,701.4918863000348,701.4996999999858,701.4996999999858,701.4996999999858,-0.0005816000048071146,702.8832308999845,1,1,1.3676867000176571,None,706.5918693999993,706.5994201999856,707.0931036000256,707.0835718000308,703.378101499984,703.3850284999935,703.3850284999935,703.3850284999935,,,,704.7505359000061,3,705.746094800008,705.7495001000352,705.7495001000352,705.7495001000352,705.7495001000352,706.5918060000404,1,1,0.8388504000031389,None,707.0860920000123,707.0931036000256,707.0931036000256,707.0931036000256,707.7590428999974,3,0.6629857000079937,None,707.7591025999864,710.7499762999942,1.3630298000061885,None,700.507891300018,,,,,,,,,,,,,,,,,,,,,,,,,,,,,,,,,,,201,1,short,A,2026-07-09_14h33.31.993,SBL_superimposed_retrieval,,2026.1.3,120.98174265619122,2026-07-09 14h33.32.386092 -0400,
1,18,18,0,stimuli/scenes/scene_U1.jpg,Undersea,Negvi,stimuli/items/jungle_animal_5.png,Jungle,animal,si,None,1,1,1.5661382999969646,None,3,1,0,1.0768239000462927,None,3,1.1419441000325605,None,0.7629937999881804,None,0,1,1,1,0,18,18,18,,,,,710.7733258000226,,,,,,,,,,,,,,,,,,,,,,,,,,,,,,,,,,,,,,,,,,,,710.7710667999927,710.7733258000226,714.7583880000166,None,718.5927216000273,719.583420000039,715.7504726999905,715.7580553999869,715.7580553999869,715.7580553999869,-0.0008860999951139092,717.3254502000054,1,1,1.5661382999969646,None,720.675759100006,720.6831677000155,721.174492900027,721.1668306000065,717.8173960000277,717.8247355000349,717.8247355000349,717.8247355000349,,,,718.5926597000216,3,719.5838687000214,719.5915215000277,719.5915215000277,719.5915215000277,719.5915215000277,720.6756955999881,1,0,1.0768239000462927,None,721.1677341000177,721.174492900027,721.174492900027,721.174492900027,722.317673499987,3,1.1419441000325605,None,722.3177327000303,725.308328700019,0.7629937999881804,None,714.7665153000271,,,,,,,,,,,,,,,,,,,,,,,,,,,,,,,,,,,201,1,short,A,2026-07-09_14h33.31.993,SBL_superimposed_retrieval,,2026.1.3,120.98174265619122,2026-07-09 14h33.32.386092 -0400,
1,19,19,0,stimuli/scenes/scene_U1.jpg,Undersea,Negvi,stimuli/items/jungle_object_3.png,Jungle,object,si,None,1,1,0.4943638000404462,None,3,2,1,0.690446799970232,None,3,0.29782999999588355,None,0.7111701999674551,None,0,1,1,1,0,19,19,19,,,,,725.3352754000225,,,,,,,,,,,,,,,,,,,,,,,,,,,,,,,,,,,,,,,,,,,,725.3327456000261,725.3352754000225,729.3249875000329,None,732.034295600024,733.0252423000056,730.3178900000057,730.3251850000233,730.3251850000233,730.3251850000233,0.0002041999832727015,730.8175764000043,1,1,0.4943638000404462,None,733.7257936000242,733.7330675999983,734.2262593000196,734.2169579000329,731.3098111000145,731.3165236000204,731.3165236000204,731.3165236000204,,,,732.0342324000085,3,733.0256827999838,733.0333738999907,733.0333738999907,733.0333738999907,733.0333738999907,733.7257261000341,2,1,0.690446799970232,None,734.2194136999897,734.2262593000196,734.2262593000196,734.2262593000196,734.5258961000363,3,0.29782999999588355,None,734.5259569000336,737.5171155999997,0.7111701999674551,None,,,,,,,,,,,,,,,,,,,,,,,,,,,,,,,,,,,,201,1,short,A,2026-07-09_14h33.31.993,SBL_superimposed_retrieval,,2026.1.3,120.98174265619122,2026-07-09 14h33.32.386092 -0400,
2,0,0,0,stimuli/scenes/scene_J2.jpg,Jungle,Somar,stimuli/items/undersea_object_14.png,Undersea,object,si,None,2,1,0.9742149999947287,None,2,1,1,1.4456066000275314,None,2,0.7410826000268571,None,1.52921939996304,None,0,2,2,2,0,0,0,0,0,0,0,0,772.3926318000304,,,,,,,,,,,,,,,,,,,,,,,,,,,,,,,,,,,,,,,,,,772.3356758999871,772.3358981999918,772.389975500002,772.3926318000304,776.3423097000341,None,780.3518220999977,781.342935600027,777.3348204999929,777.3419851000072,777.3419851000072,777.3419851000072,0.006139900011476129,778.3180350000039,2,1,0.9742149999947287,None,782.801529599994,782.8090420000372,783.3027783000143,783.2932230000151,778.8116779000266,778.8188164000167,778.8188164000167,778.8188164000167,,,,780.351762300008,2,781.3475132000167,781.3507822999964,781.3507822999964,781.3507822999964,781.3507822999964,782.8014650000259,1,1,1.4456066000275314,None,783.2956810999895,783.3027783000143,783.3027783000143,783.3027783000143,784.0514384999988,2,0.7410826000268571,None,784.0514974000398,787.042663900007,1.52921939996304,None,,,,,,,,,,,,,737.5199155000155,737.5201537000248,737.5203642999986,737.5247668999946,738.5168526000343,772.3346834999975,space,33.815559300011955,None,,,,,,,,,,,,,,,201,1,short,A,2026-07-09_14h33.31.993,SBL_superimposed_retrieval,,2026.1.3,120.98174265619122,2026-07-09 14h33.32.386092 -0400,
2,1,1,0,stimuli/scenes/scene_J2.jpg,Jungle,Somar,stimuli/items/jungle_object_6.png,Jungle,object,sc,None,2,1,1.1138671999797225,None,3,1,1,0.6243301999638788,None,3,0.2678273000055924,None,0.5839187000528909,None,0,2,2,2,0,1,1,1,,,,,787.0598660000251,,,,,,,,,,,,,,,,,,,,,,,,,,,,,,,,,,,,,,,,,,,,787.0576030000229,787.0598660000251,791.0425504000159,None,794.2607178000035,795.2513928000117,792.0351672000252,792.0424650000059,792.0424650000059,792.0424650000059,-0.0007192000048235059,793.1682580999914,2,1,1.1138671999797225,None,795.8849969999865,795.8927251999849,796.3839480000315,796.3763180000242,793.6602874000091,793.6675119000138,793.6675119000138,793.6675119000138,,,,794.26065750001,3,795.2518318000366,795.2594940999988,795.2594940999988,795.2594940999988,795.2594940999988,795.8849332000245,1,1,0.6243301999638788,None,796.3772202000255,796.3839480000315,796.3839480000315,796.3839480000315,796.6599398000399,3,0.2678273000055924,None,796.6599980000174,799.6518611999927,0.5839187000528909,None,791.050640600035,,,,,,,,,,,,,,,,,,,,,,,,,,,,,,,,,,,201,1,short,A,2026-07-09_14h33.31.993,SBL_superimposed_retrieval,,2026.1.3,120.98174265619122,2026-07-09 14h33.32.386092 -0400,
2,2,2,0,stimuli/scenes/scene_U1.jpg,Undersea,Negvi,stimuli/items/undersea_object_6.png,Undersea,object,sc,None,1,1,1.6235449999803677,None,3,2,1,0.547608399996534,None,3,0.3431643000221811,None,0.6016445999848656,None,0,2,2,2,0,2,2,2,,,,,799.7670047000283,,,,,,,,,,,,,,,,,,,,,,,,,,,,,,,,,,,,,,,,,,,,799.7632078999886,799.7670047000283,803.6676241999958,None,807.3938511000015,808.3849024000228,804.6604472000035,804.6678203000338,804.6678203000338,804.6678203000338,0.0004935000324621797,806.2849415999954,1,1,1.6235449999803677,None,808.9432667000219,808.951092400006,809.444438400038,809.4349682999891,806.7791843999876,806.7859694000217,806.7859694000217,806.7859694000217,,,,807.3937919000164,3,808.3894923999906,808.3925219000084,808.3925219000084,808.3925219000084,808.3925219000084,808.9432041000109,2,1,0.547608399996534,None,809.437396400026,809.444438400038,809.444438400038,809.444438400038,809.7936269000056,3,0.3431643000221811,None,809.7936853999854,812.7848745000083,0.6016445999848656,None,,,,,,,,,,,,,,,,,,,,,,,,,,,,,,,,,,,,201,1,short,A,2026-07-09_14h33.31.993,SBL_superimposed_retrieval,,2026.1.3,120.98174265619122,2026-07-09 14h33.32.386092 -0400,
2,3,3,0,stimuli/scenes/scene_J1.jpg,Jungle,Malbow,stimuli/items/undersea_object_1.png,Undersea,object,si,None,2,1,1.3865860999794677,None,3,2,1,0.6604441999807023,None,3,0.42034210002748296,None,1.078505400044378,None,0,2,2,2,0,3,3,3,,,,,812.8121908000321,,,,,,,,,,,,,,,,,,,,,,,,,,,,,,,,,,,,,,,,,,,,812.809656700003,812.8121908000321,816.8011459000409,None,820.7688403000357,821.7602718999842,817.7937336000032,817.8011581000173,817.8011581000173,817.8011581000173,9.370001498609781e-05,819.1850931000081,2,1,1.3865860999794677,None,822.435598800017,822.4429352000006,822.9360616999911,822.9265267000301,819.678940200014,819.6858453000314,819.6858453000314,819.6858453000314,,,,820.768779999984,3,821.7645463999943,821.7676225000178,821.7676225000178,821.7676225000178,821.7676225000178,822.4355363000068,2,1,0.6604441999807023,None,822.9290935000172,822.9360616999911,822.9360616999911,822.9360616999911,823.3610651000054,3,0.42034210002748296,None,823.3611231000395,826.3519490000326,1.078505400044378,None,,,,,,,,,,,,,,,,,,,,,,,,,,,,,,,,,,,,201,1,short,A,2026-07-09_14h33.31.993,SBL_superimposed_retrieval,,2026.1.3,120.98174265619122,2026-07-09 14h33.32.386092 -0400,
2,4,4,0,stimuli/scenes/scene_U2.jpg,Undersea,Tulon,stimuli/items/undersea_animal_7.png,Undersea,animal,sc,None,1,1,0.8998154000146315,None,3,1,1,0.4497416000231169,None,3,0.3146155999857001,None,0.8424837999627925,None,0,2,2,2,0,4,4,4,,,,,826.3755328000407,,,,,,,,,,,,,,,,,,,,,,,,,,,,,,,,,,,,,,,,,,,,826.3728295000037,826.3755328000407,830.3600980000338,None,833.6189100000192,834.6101784000057,831.3525780999917,831.3596777000348,831.3596777000348,831.3596777000348,0.007202800014056265,832.269026599999,1,1,0.8998154000146315,None,835.0694077000371,835.0765945999883,835.5695773999905,835.5599901000387,832.7627645999892,832.7698102000286,832.7698102000286,832.7698102000286,,,,833.6188501000288,3,834.6145475000376,834.6178559000255,834.6178559000255,834.6178559000255,834.6178559000255,835.0693452000269,1,1,0.4497416000231169,None,835.5625074999989,835.5695773999905,835.5695773999905,835.5695773999905,835.8855695000384,3,0.3146155999857001,None,835.885628900025,838.8769422000041,0.8424837999627925,None,830.3681936000357,,,,,,,,,,,,,,,,,,,,,,,,,,,,,,,,,,,201,1,short,A,2026-07-09_14h33.31.993,SBL_superimposed_retrieval,,2026.1.3,120.98174265619122,2026-07-09 14h33.32.386092 -0400,
2,5,5,0,stimuli/scenes/scene_J2.jpg,Jungle,Somar,stimuli/items/jungle_object_7.png,Jungle,object,sc,None,2,1,1.7591191999963485,None,3,1,1,2.0346570999827236,None,3,0.5631888000061736,None,0.4510553000145592,None,0,2,2,2,0,5,5,5,,,,,838.9007920000004,,,,,,,,,,,,,,,,,,,,,,,,,,,,,,,,,,,,,,,,,,,,838.8984799000318,838.9007920000004,842.8851131999982,None,846.6110057000187,847.6021249000332,843.8778338999837,843.8849106000271,843.8849106000271,843.8849106000271,-0.0006250999867916107,845.6525187999941,2,1,1.7591191999963485,None,849.6525462000282,849.6598827000125,850.1532221999951,850.1436318000196,846.1460119999829,846.1529006999917,846.1529006999917,846.1529006999917,,,,846.6109465000336,3,847.6063905000337,847.6097117000027,847.6097117000027,847.6097117000027,847.6097117000027,849.6524825000088,1,1,2.0346570999827236,None,850.1460867000278,850.1532221999951,850.1532221999951,850.1532221999951,850.7191508000251,3,0.5631888000061736,None,850.7192084999988,853.7105647000135,0.4510553000145592,None,842.8933593999827,,,,,,,,,,,,,,,,,,,,,,,,,,,,,,,,,,,201,1,short,A,2026-07-09_14h33.31.993,SBL_superimposed_retrieval,,2026.1.3,120.98174265619122,2026-07-09 14h33.32.386092 -0400,
2,6,6,0,stimuli/scenes/scene_U2.jpg,Undersea,Tulon,stimuli/items/undersea_animal_5.png,Undersea,animal,sc,None,1,1,0.9398390999995172,None,3,1,1,1.7630916999769397,None,3,0.2784111999790184,None,0.4257075000205077,None,0,2,2,2,0,6,6,6,,,,,853.7385259000002,,,,,,,,,,,,,,,,,,,,,,,,,,,,,,,,,,,,,,,,,,,,853.735845200019,853.7385259000002,857.7271927000256,None,860.5949574999977,861.5853942999966,858.7197892999975,858.7268738999846,858.7268738999846,858.7268738999846,0.0006262999959290028,859.6612415999989,1,1,0.9398390999995172,None,863.3609663000097,863.3685880000121,863.8616985999979,863.8521231000195,860.1547027000342,860.1619484000257,860.1619484000257,860.1619484000257,,,,860.5948957999935,3,861.5899980000104,861.5932478000177,861.5932478000177,861.5932478000177,861.5932478000177,863.360899900028,1,1,1.7630916999769397,None,863.8546267999918,863.8616985999979,863.8616985999979,863.8616985999979,864.1442180000013,3,0.2784111999790184,None,864.14427660004,867.1356786999968,0.4257075000205077,None,,,,,,,,,,,,,,,,,,,,,,,,,,,,,,,,,,,,201,1,short,A,2026-07-09_14h33.31.993,SBL_superimposed_retrieval,,2026.1.3,120.98174265619122,2026-07-09 14h33.32.386092 -0400,
2,7,7,0,stimuli/scenes/scene_J2.jpg,Jungle,Somar,stimuli/items/jungle_object_12.png,Jungle,object,sc,None,1,0,2.187227099959273,None,1,1,1,1.5122999000013806,None,3,0.4691330000059679,None,1.225170599995181,None,0,2,2,2,0,7,7,7,,,,,867.1694895999972,,,,,,,,,,,,,,,,,,,,,,,,,,,,,,,,,,,,,,,,,,,,867.1671612000209,867.1694895999972,871.1519843999995,None,876.0615456000087,877.0523138000281,872.1445745000383,872.1518461999949,872.1518461999949,872.1518461999949,0.0003449000068940222,874.336126499984,1,0,2.187227099959273,None,878.5781397999963,878.5851900000125,879.0784951000242,879.0690599000081,874.8281894000247,874.8350403000368,874.8350403000368,874.8350403000368,,,,876.0614850000129,1,877.056578800024,877.0600731000304,877.0600731000304,877.0600731000304,877.0600731000304,878.5780752000283,1,1,1.5122999000013806,None,879.0715129000018,879.0784951000242,879.0784951000242,879.0784951000242,879.5532744000084,3,0.4691330000059679,None,879.553358300007,882.5442751999944,1.225170599995181,None,,,,,,,,,,,,,,,,,,,,,,,,,,,,,,,,,,,,201,1,short,A,2026-07-09_14h33.31.993,SBL_superimposed_retrieval,,2026.1.3,120.98174265619122,2026-07-09 14h33.32.386092 -0400,
2,8,8,0,stimuli/scenes/scene_U1.jpg,Undersea,Negvi,stimuli/items/undersea_animal_9.png,Undersea,animal,sc,None,1,1,1.0518967999960296,None,3,2,1,0.5512829999788664,None,3,0.27520919998642057,None,0.5496512000099756,None,0,2,2,2,0,8,8,8,,,,,882.562229800038,,,,,,,,,,,,,,,,,,,,,,,,,,,,,,,,,,,,,,,,,,,,882.5596794000012,882.562229800038,886.5523894000216,None,889.6616441000369,890.6528689000406,887.5449504000135,887.552405400027,887.552405400027,887.552405400027,-0.0008723000064492226,888.6115880000289,1,1,1.0518967999960296,None,891.2195639000274,891.2272803999949,891.721066500002,891.7112060000072,889.1038466999889,889.1105611000094,889.1105611000094,889.1105611000094,,,,889.6615835999837,3,890.6571340000373,890.6606479000184,890.6606479000184,890.6606479000184,890.6606479000184,891.219498099992,2,1,0.5512829999788664,None,891.7138163000345,891.721066500002,891.721066500002,891.721066500002,892.0031407999923,3,0.27520919998642057,None,892.0031995000318,894.9945463000331,0.5496512000099756,None,886.5608336000005,,,,,,,,,,,,,,,,,,,,,,,,,,,,,,,,,,,201,1,short,A,2026-07-09_14h33.31.993,SBL_superimposed_retrieval,,2026.1.3,120.98174265619122,2026-07-09 14h33.32.386092 -0400,
2,9,9,0,stimuli/scenes/scene_U1.jpg,Undersea,Negvi,stimuli/items/jungle_animal_18.png,Jungle,animal,si,None,1,1,0.8737773000029847,None,3,2,1,0.6459911999991164,None,3,0.5042534000240266,None,0.5073809999739751,None,0,2,2,2,0,9,9,9,,,,,895.0198854000191,,,,,,,,,,,,,,,,,,,,,,,,,,,,,,,,,,,,,,,,,,,,895.0176296000136,895.0198854000191,899.0027726000408,None,901.8868718000012,902.8777779000229,899.9949537999928,900.0024577000295,900.0024577000295,900.0024577000295,-0.0005487999878823757,900.878449300013,1,1,0.8737773000029847,None,903.536377899989,903.544504999998,904.0359046999947,904.028157200024,901.3702270000358,901.3770895000198,901.3770895000198,901.3770895000198,,,,901.8868115000078,3,902.8782039000071,902.8858786000055,902.8858786000055,902.8858786000055,902.8858786000055,903.536313700024,2,1,0.6459911999991164,None,904.0290853999904,904.0359046999947,904.0359046999947,904.0359046999947,904.5450438000262,3,0.5042534000240266,None,904.5451021000044,907.5365419000154,0.5073809999739751,None,899.0105205000145,,,,,,,,,,,,,,,,,,,,,,,,,,,,,,,,,,,201,1,short,A,2026-07-09_14h33.31.993,SBL_superimposed_retrieval,,2026.1.3,120.98174265619122,2026-07-09 14h33.32.386092 -0400,
2,10,10,0,stimuli/scenes/scene_U1.jpg,Undersea,Negvi,stimuli/items/jungle_object_18.png,Jungle,object,si,None,1,1,0.3151649999781512,None,3,2,1,1.8128060000017285,None,1,1.0158459999947809,None,0.3468912999960594,None,0,2,2,2,0,10,10,10,,,,,907.556234800024,,,,,,,,,,,,,,,,,,,,,,,,,,,,,,,,,,,,,,,,,,,,907.5539176000166,907.556234800024,911.5444346999866,None,913.7117555000004,914.7032151999883,912.5368529999978,912.5441774000064,912.5441774000064,912.5441774000064,-0.0007566999993287027,912.8614746000385,1,1,0.3151649999781512,None,916.5283141999971,916.5360121999984,917.0276895000134,917.0197933000163,913.3540532999905,913.3608897000086,913.3608897000086,913.3608897000086,,,,913.7116987000336,3,914.7036534000072,914.7109665999888,914.7109665999888,914.7109665999888,914.7109665999888,916.5282497000298,2,1,1.8128060000017285,None,917.0207310999976,917.0276895000134,917.0276895000134,917.0276895000134,918.0460185999982,1,1.0158459999947809,None,918.0460770000354,921.0364580000169,0.3468912999960594,None,911.5525797000155,,,,,,,,,,,,,,,,,,,,,,,,,,,,,,,,,,,201,1,short,A,2026-07-09_14h33.31.993,SBL_superimposed_retrieval,,2026.1.3,120.98174265619122,2026-07-09 14h33.32.386092 -0400,
2,11,11,0,stimuli/scenes/scene_J1.jpg,Jungle,Malbow,stimuli/items/undersea_object_20.png,Undersea,object,si,None,2,1,0.8872248999541625,None,2,2,1,1.7156989999930374,None,2,0.6334627000032924,None,1.4940300000016578,None,0,2,2,2,0,11,11,11,,,,,921.0609242999926,,,,,,,,,,,,,,,,,,,,,,,,,,,,,,,,,,,,,,,,,,,,921.0586936000036,921.0609242999926,925.044856499997,None,928.9459341000183,929.9368721999926,926.0369907999993,926.0446467000293,926.0446467000293,926.0446467000293,0.006647099973633885,926.9454926000326,2,1,0.8872248999541625,None,931.6622357000015,931.6698812000104,932.1626147000352,932.1532050000387,927.439030700014,927.4459723000182,927.4459723000182,927.4459723000182,,,,928.9458751000348,2,929.9413852000143,929.9446956000174,929.9446956000174,929.9446956000174,929.9446956000174,931.6621633000323,2,1,1.7156989999930374,None,932.1557142999955,932.1626147000352,932.1626147000352,932.1626147000352,932.8038571000216,2,0.6334627000032924,None,932.8039159000036,935.7952733000275,1.4940300000016578,None,925.0529176000273,,,,,,,,,,,,,,,,,,,,,,,,,,,,,,,,,,,201,1,short,A,2026-07-09_14h33.31.993,SBL_superimposed_retrieval,,2026.1.3,120.98174265619122,2026-07-09 14h33.32.386092 -0400,
2,12,12,0,stimuli/scenes/scene_U2.jpg,Undersea,Tulon,stimuli/items/jungle_animal_19.png,Jungle,animal,si,None,1,1,1.0477746999822557,None,3,1,1,2.176752800005488,None,2,1.4754863000125624,None,0.841192299965769,None,0,2,2,2,0,12,12,12,,,,,935.8522050000029,,,,,,,,,,,,,,,,,,,,,,,,,,,,,,,,,,,,,,,,,,,,935.8497219000128,935.8522050000029,939.8117930000299,None,943.2037846000167,944.1948712000158,940.8041076000081,940.8115528000053,940.8115528000053,940.8115528000053,0.00023629999486729503,941.8538008999894,1,1,1.0477746999822557,None,946.3874814999872,946.3948283999925,946.8883124000276,946.8783872000058,942.3484544000239,942.3551749000326,942.3551749000326,942.3551749000326,,,,943.2037239000201,3,944.1995064000366,944.2028481999878,944.2028481999878,944.2028481999878,944.2028481999878,946.3874161000131,1,1,2.176752800005488,None,946.8808721000096,946.8883124000276,946.8883124000276,946.8883124000276,948.3706705000368,2,1.4754863000125624,None,948.3707296000211,951.3618740999955,0.841192299965769,None,,,,,,,,,,,,,,,,,,,,,,,,,,,,,,,,,,,,201,1,short,A,2026-07-09_14h33.31.993,SBL_superimposed_retrieval,,2026.1.3,120.98174265619122,2026-07-09 14h33.32.386092 -0400,
2,13,13,0,stimuli/scenes/scene_J1.jpg,Jungle,Malbow,stimuli/items/undersea_animal_17.png,Undersea,animal,si,None,2,1,1.240725299983751,None,3,2,1,1.0590593999950215,None,2,0.6740116999717429,None,0.2342519999947399,None,0,2,2,2,0,13,13,13,,,,,951.3895817000302,,,,,,,,,,,,,,,,,,,,,,,,,,,,,,,,,,,,,,,,,,,,951.3868941999972,951.3895817000302,955.3782291000243,None,958.354272800032,959.3451442000223,956.3708702999866,956.378402900009,956.378402900009,956.378402900009,0.0001857000170275569,957.6123977000243,2,1,1.240725299983751,None,960.4209139000159,960.4286877000122,960.9217291999958,960.9121898000012,958.1064685999881,958.1132651999942,958.1132651999942,958.1132651999942,,,,958.3542112000287,3,959.3496061000042,959.3530240000109,959.3530240000109,959.3530240000109,959.3530240000109,960.4208513000049,2,1,1.0590593999950215,None,960.9148383000284,960.9217291999958,960.9217291999958,960.9217291999958,961.6041094000102,2,0.6740116999717429,None,961.6041685999953,964.5953674000339,0.2342519999947399,None,,,,,,,,,,,,,,,,,,,,,,,,,,,,,,,,,,,,201,1,short,A,2026-07-09_14h33.31.993,SBL_superimposed_retrieval,,2026.1.3,120.98174265619122,2026-07-09 14h33.32.386092 -0400,
2,14,14,0,stimuli/scenes/scene_J1.jpg,Jungle,Malbow,stimuli/items/undersea_animal_14.png,Undersea,animal,si,None,2,1,1.0478582000359893,None,3,2,1,1.6544930000090972,None,3,0.280306099972222,None,0.2985931999864988,None,0,2,2,2,0,14,14,14,,,,,964.6114129000343,,,,,,,,,,,,,,,,,,,,,,,,,,,,,,,,,,,,,,,,,,,,964.6087467999896,964.6114129000343,968.5954713000101,None,971.4548047999851,972.4460836999933,969.5876755000209,969.595230899984,969.595230899984,969.595230899984,-0.00048560003051534295,970.6539621999837,2,1,1.0478582000359893,None,974.1126492000185,974.1206423999975,974.6115707000135,974.6038859999971,971.1463870999869,971.153259099985,971.153259099985,971.153259099985,,,,971.4547453999985,3,972.4465205000015,972.4535921000061,972.4535921000061,972.4535921000061,972.4535921000061,974.1125860000029,2,1,1.6544930000090972,None,974.6047907000175,974.6115707000135,974.6115707000135,974.6115707000135,974.8962322000298,3,0.280306099972222,None,974.8962906000088,977.887301300012,0.2985931999864988,None,968.6032519,,,,,,,,,,,,,,,,,,,,,,,,,,,,,,,,,,,201,1,short,A,2026-07-09_14h33.31.993,SBL_superimposed_retrieval,,2026.1.3,120.98174265619122,2026-07-09 14h33.32.386092 -0400,
2,15,15,0,stimuli/scenes/scene_U1.jpg,Undersea,Negvi,stimuli/items/jungle_animal_1.png,Jungle,animal,si,None,1,1,1.5791120000067167,None,3,None,0,,,2,0.8221175999497063,None,0.27957279997644946,None,0,2,2,2,0,15,15,15,,,,,977.9365515999962,,,,,,,,,,,,,,,,,,,,,,,,,,,,,,,,,,,,,,,,,,,,977.9342315000249,977.9365515999962,981.903853100026,None,985.2629453000263,986.2542435000069,982.8967400999973,982.9038059000159,982.9038059000159,982.9038059000159,0.0004955000476911664,984.4796255000401,1,1,1.5791120000067167,None,988.7460690999869,988.7538418000331,989.2452631000197,989.2372704999871,984.9735212000087,984.9804642000236,984.9804642000236,984.9804642000236,,,,985.2628909000196,3,986.2588542000158,986.2621684999904,986.2621684999904,986.2621684999904,986.2621684999904,988.7460185000091,None,0,,,989.240200900007,989.2536767999991,989.2536767999991,989.2536767999991,990.0800130999996,2,0.8221175999497063,None,990.0800746000023,993.0708176000044,0.27957279997644946,None,,,,,,988.7538418000331,988.7538418000331,988.7538418000331,988.7538418000331,,,,,,,,,,,,,,,,,,,,,,,,,,,201,1,short,A,2026-07-09_14h33.31.993,SBL_superimposed_retrieval,,2026.1.3,120.98174265619122,2026-07-09 14h33.32.386092 -0400,
2,16,16,0,stimuli/scenes/scene_J1.jpg,Jungle,Malbow,stimuli/items/jungle_animal_12.png,Jungle,animal,sc,None,2,1,0.7646757999900728,None,3,2,1,0.9956183999893256,None,3,0.6452260999940336,None,0.5687742999871261,None,0,2,2,2,0,16,16,16,,,,,993.1087513000239,,,,,,,,,,,,,,,,,,,,,,,,,,,,,,,,,,,,,,,,,,,,993.1064161999966,993.1087513000239,997.087620300008,None,999.9217656000401,1000.9129471000051,998.0799241000204,998.0876064000186,998.0876064000186,998.0876064000186,-0.00010550004662945867,998.8464079999831,2,1,0.7646757999900728,None,1001.9212944000028,1001.9292681000079,1002.4231502999901,1002.4124300000258,999.3400221000193,999.3471004000166,999.3471004000166,999.3471004000166,,,,999.9217049999861,3,1000.9174209000194,1000.9207111999858,1000.9207111999858,1000.9207111999858,1000.9207111999858,1001.9212257000036,2,1,0.9956183999893256,None,1002.4150467999862,1002.4231502999901,1002.4231502999901,1002.4231502999901,1003.0717142000212,3,0.6452260999940336,None,1003.0717715999926,1006.0629323000321,0.5687742999871261,None,,,,,,,,,,,,,,,,,,,,,,,,,,,,,,,,,,,,201,1,short,A,2026-07-09_14h33.31.993,SBL_superimposed_retrieval,,2026.1.3,120.98174265619122,2026-07-09 14h33.32.386092 -0400,
2,17,17,0,stimuli/scenes/scene_U2.jpg,Undersea,Tulon,stimuli/items/jungle_animal_7.png,Jungle,animal,si,None,1,1,0.6202800999744795,None,3,1,1,2.1764537999988534,None,2,0.43500369996763766,None,0.1982793000061065,None,0,2,2,2,0,17,17,17,,,,,1006.1008839000133,,,,,,,,,,,,,,,,,,,,,,,,,,,,,,,,,,,,,,,,,,,,1006.0982353999862,1006.1008839000133,1010.0791178999934,None,1012.404908400029,1013.3958820999833,1011.0719774999889,1011.0792463000398,1011.0792463000398,1011.0792463000398,0.00025019998429343104,1011.6963419000385,1,1,0.6202800999744795,None,1015.5887193999952,1015.5959098000312,1016.0893471000018,1016.0797786000185,1012.1911165000056,1012.1981116000097,1012.1981116000097,1012.1981116000097,,,,1012.4048500999925,3,1013.4002156000352,1013.4037917000242,1013.4037917000242,1013.4037917000242,1013.4037917000242,1015.5886570999864,1,1,2.1764537999988534,None,1016.0823029000312,1016.0893471000018,1016.0893471000018,1016.0893471000018,1016.5299798999913,2,0.43500369996763766,None,1016.530038100027,1019.5210409000283,0.1982793000061065,None,,,,,,,,,,,,,,,,,,,,,,,,,,,,,,,,,,,,201,1,short,A,2026-07-09_14h33.31.993,SBL_superimposed_retrieval,,2026.1.3,120.98174265619122,2026-07-09 14h33.32.386092 -0400,
2,18,18,0,stimuli/scenes/scene_J1.jpg,Jungle,Malbow,stimuli/items/jungle_animal_2.png,Jungle,animal,sc,None,2,1,1.193592900002841,None,2,2,1,2.307129300024826,None,3,0.47220649995142594,None,0.6917986999615096,None,0,2,2,2,0,18,18,18,,,,,1019.549539300031,,,,,,,,,,,,,,,,,,,,,,,,,,,,,,,,,,,,,,,,,,,,1019.5473562999978,1019.549539300031,1023.5375541000394,None,1026.9301302999957,1027.9214905999834,1024.5299965000013,1024.5374324999866,1024.5374324999866,1024.5374324999866,2.900022082030773e-06,1025.7301881000167,2,1,1.193592900002841,None,1030.238322500023,1030.2460063000326,1030.7396808000049,1030.7300572000095,1026.2246702000266,1026.2317138999933,1026.2317138999933,1026.2317138999933,,,,1026.9300712000113,2,1027.9260272000101,1027.9293126999983,1027.9293126999983,1027.9293126999983,1027.9293126999983,1030.2382604000159,2,1,2.307129300024826,None,1030.7326294000377,1030.7396808000049,1030.7396808000049,1030.7396808000049,1031.2135191999841,3,0.47220649995142594,None,1031.2135751000023,1034.204846800014,0.6917986999615096,None,,,,,,,,,,,,,,,,,,,,,,,,,,,,,,,,,,,,201,1,short,A,2026-07-09_14h33.31.993,SBL_superimposed_retrieval,,2026.1.3,120.98174265619122,2026-07-09 14h33.32.386092 -0400,
2,19,19,0,stimuli/scenes/scene_U1.jpg,Undersea,Negvi,stimuli/items/undersea_object_3.png,Undersea,object,sc,None,1,1,0.7022418999695219,None,3,2,1,0.6467613999848254,None,3,0.32682620000559837,None,0.21278180001536384,None,0,2,2,2,0,19,19,19,,,,,1034.2335105999955,,,,,,,,,,,,,,,,,,,,,,,,,,,,,,,,,,,,,,,,,,,,1034.2309578999993,1034.2335105999955,1038.2213068000274,None,1040.6389681000146,1041.6298212000402,1039.2140460000373,1039.2213759000297,1039.2213759000297,1039.2213759000297,0.0005157000268809497,1039.9220452000154,1,1,0.7022418999695219,None,1042.2886797999963,1042.2962630999973,1042.7895876999828,1042.7801328999922,1040.416066500009,1040.4231399000273,1040.4231399000273,1040.4231399000273,,,,1040.6389097000356,3,1041.6342035999987,1041.6375872000353,1041.6375872000353,1041.6375872000353,1041.6375872000353,1042.288621500018,2,1,0.6467613999848254,None,1042.7825422000024,1042.7895876999828,1042.7895876999828,1042.7895876999828,1043.1222220000345,3,0.32682620000559837,None,1043.1222771999892,1046.1133008000324,0.21278180001536384,None,,,,,,,,,,,,,,,,,,,,,,,,,,,,,,,,,,,,201,1,short,A,2026-07-09_14h33.31.993,SBL_superimposed_retrieval,,2026.1.3,120.98174265619122,2026-07-09 14h33.32.386092 -0400,
3,0,0,0,stimuli/scenes/scene_U1.jpg,Undersea,Negvi,stimuli/items/jungle_object_11.png,Jungle,object,si,None,1,1,1.3637617999920622,None,3,1,0,0.8972548000165261,None,2,0.21484349999809638,None,0.21797049994347617,None,0,3,3,3,0,0,0,0,0,0,0,0,1084.6946147999843,,,,,,,,,,,,,,,,,,,,,,,,,,,,,,,,,,,,,,,,,,1084.6567020000075,1084.6569219999947,1084.691866500012,1084.6946147999843,1088.6636243000394,None,1091.7481673000148,1092.739294900035,1089.656170500035,1089.663727200008,1089.663727200008,1089.663727200008,-0.0007369000231847167,1091.0227273000055,1,1,1.3637617999920622,None,1093.6475288000074,1093.6553134000278,1094.1487976000062,1094.139237400028,1091.51474350004,1091.5216728000087,1091.5216728000087,1091.5216728000087,,,,1091.7481119000004,3,1092.7397444000235,1092.747343200026,1092.747343200026,1092.747343200026,1092.747343200026,1093.6474554000306,1,0,0.8972548000165261,None,1094.1417830000282,1094.1487976000062,1094.1487976000062,1094.1487976000062,1094.364684500033,2,0.21484349999809638,None,1094.3647404999938,1097.3561878000037,0.21797049994347617,None,,,,,,,,,,,,,1046.115844600019,1046.116069199983,1046.1162683999864,1046.121293300006,1047.1132944999845,1084.655721499992,space,37.53908829996362,None,,,,,,,,,,,,,,,201,1,short,A,2026-07-09_14h33.31.993,SBL_superimposed_retrieval,,2026.1.3,120.98174265619122,2026-07-09 14h33.32.386092 -0400,
3,1,1,0,stimuli/scenes/scene_J2.jpg,Jungle,Somar,stimuli/items/undersea_animal_11.png,Undersea,animal,si,None,2,1,1.7267382999998517,None,3,2,0,0.5339480999973603,None,2,0.8427111000055447,None,0.22963250003522262,None,0,3,3,3,0,1,1,1,,,,,1097.3823731000302,,,,,,,,,,,,,,,,,,,,,,,,,,,,,,,,,,,,,,,,,,,,1097.380135799991,1097.3823731000302,1101.3723110000137,None,1104.8320607999922,1105.822351699986,1102.3648804000113,1102.3725163000054,1102.3725163000054,1102.3725163000054,0.0001843999489210546,1104.0976465999847,2,1,1.7267382999998517,None,1106.3650266000186,1106.3720990000293,1106.8655646000407,1106.8559235000284,1104.5916066000354,1104.5986019999837,1104.5986019999837,1104.5986019999837,,,,1104.8320052000345,3,1105.8266135000158,1105.8302750000148,1105.8302750000148,1105.8302750000148,1105.8302750000148,1106.3649641000084,2,0,0.5339480999973603,None,1106.8584625000367,1106.8655646000407,1106.8655646000407,1106.8655646000407,1107.7148359999992,2,0.8427111000055447,None,1107.7148949999828,1110.7062778000254,0.22963250003522262,None,,,,,,,,,,,,,,,,,,,,,,,,,,,,,,,,,,,,201,1,short,A,2026-07-09_14h33.31.993,SBL_superimposed_retrieval,,2026.1.3,120.98174265619122,2026-07-09 14h33.32.386092 -0400,
3,2,2,0,stimuli/scenes/scene_J1.jpg,Jungle,Malbow,stimuli/items/undersea_animal_3.png,Undersea,animal,si,None,2,1,0.7765598999685608,None,3,1,0,0.544109100010246,None,3,0.22851689998060465,None,0.3424324000370689,None,0,3,3,3,0,2,2,2,,,,,1110.7336919000372,,,,,,,,,,,,,,,,,,,,,,,,,,,,,,,,,,,,,,,,,,,,1110.7311944999965,1110.7336919000372,1114.7227275000187,None,1117.3487628999865,1118.3397328000283,1115.7153572000097,1115.7222522000084,1115.7222522000084,1115.7222522000084,0.000507800024934113,1116.497891100007,2,1,0.7765598999685608,None,1118.8983981999918,1118.9055564000155,1119.3994133000378,1119.389914600004,1116.9905894999974,1116.9972763000405,1116.9972763000405,1116.9972763000405,,,,1117.3487032999983,3,1118.3401803000015,1118.347480700002,1118.347480700002,1118.347480700002,1118.347480700002,1118.8983369999914,1,0,0.544109100010246,None,1119.39240479999,1119.3994133000378,1119.3994133000378,1119.3994133000378,1119.631867900025,3,0.22851689998060465,None,1119.631938799983,1122.6230832000147,0.3424324000370689,None,,,,,,,,,,,,,,,,,,,,,,,,,,,,,,,,,,,,201,1,short,A,2026-07-09_14h33.31.993,SBL_superimposed_retrieval,,2026.1.3,120.98174265619122,2026-07-09 14h33.32.386092 -0400,
3,3,3,0,stimuli/scenes/scene_U2.jpg,Undersea,Tulon,stimuli/items/undersea_object_13.png,Undersea,object,sc,None,1,1,0.33244540001032874,None,3,1,1,0.3534495999920182,None,3,0.2771632000221871,None,0.8586225000326522,None,0,3,3,3,0,3,3,3,,,,,1122.6593625000096,,,,,,,,,,,,,,,,,,,,,,,,,,,,,,,,,,,,,,,,,,,,1122.6568685999955,1122.6593625000096,1126.6393143000314,None,1129.331988400023,1130.3230682000285,1127.631818599999,1127.6389772000257,1127.6389772000257,1127.6389772000257,-7.499998901039362e-05,1127.9650908000185,1,1,0.33244540001032874,None,1130.6900756999967,1130.697616200021,1131.190807200037,1131.1812821000349,1128.4588128000032,1128.4657063999912,1128.4657063999912,1128.4657063999912,,,,1129.3319300999865,3,1130.3274097000249,1130.33074569999,1130.33074569999,1130.33074569999,1130.33074569999,1130.6900140999933,1,1,0.3534495999920182,None,1131.1837803000235,1131.190807200037,1131.190807200037,1131.190807200037,1131.4736485999892,3,0.2771632000221871,None,1131.4737058000173,1134.4644953000243,0.8586225000326522,None,,,,,,,,,,,,,,,,,,,,,,,,,,,,,,,,,,,,201,1,short,A,2026-07-09_14h33.31.993,SBL_superimposed_retrieval,,2026.1.3,120.98174265619122,2026-07-09 14h33.32.386092 -0400,
3,4,4,0,stimuli/scenes/scene_J1.jpg,Jungle,Malbow,stimuli/items/undersea_animal_18.png,Undersea,animal,si,None,2,1,2.10684379999293,None,3,2,1,0.7758578000357375,None,1,0.4982601000228897,None,1.0805238999892026,None,0,3,3,3,0,4,4,4,,,,,1134.4838786000037,,,,,,,,,,,,,,,,,,,,,,,,,,,,,,,,,,,,,,,,,,,,1134.4816588000394,1134.4838786000037,1138.4732776000164,None,1143.1656306000077,1144.156784299994,1139.4656342000235,1139.4726859999937,1139.4726859999937,1139.4726859999937,-0.0009434999665245414,1141.5816280000145,2,1,2.10684379999293,None,1144.9486256000237,1144.9561754000024,1145.4497057000408,1145.4401892999886,1142.075550300011,1142.0829977000249,1142.0829977000249,1142.0829977000249,,,,1143.1655717000249,3,1144.1612776999827,1144.164564500039,1144.164564500039,1144.164564500039,1144.164564500039,1144.9485630000127,2,1,0.7758578000357375,None,1145.4427025000332,1145.4497057000408,1145.4497057000408,1145.4497057000408,1145.9571722000255,1,0.4982601000228897,None,1145.9572309000068,1148.948154999991,1.0805238999892026,None,1138.4809856000356,,,,,,,,,,,,,,,,,,,,,,,,,,,,,,,,,,,201,1,short,A,2026-07-09_14h33.31.993,SBL_superimposed_retrieval,,2026.1.3,120.98174265619122,2026-07-09 14h33.32.386092 -0400,
3,5,5,0,stimuli/scenes/scene_J1.jpg,Jungle,Malbow,stimuli/items/jungle_animal_14.png,Jungle,animal,sc,None,2,1,0.32598830002825707,None,3,2,1,0.5950943999923766,None,3,0.359799700032454,None,0.6789033000241034,None,0,3,3,3,0,5,5,5,,,,,1149.0066657999996,,,,,,,,,,,,,,,,,,,,,,,,,,,,,,,,,,,,,,,,,,,,1149.0044918000349,1149.0066657999996,1152.9649420999922,None,1155.4740900000324,1156.4649655999965,1153.9575553000323,1153.9644657000317,1153.9644657000317,1153.9644657000317,0.0003692999598570168,1154.2901042000158,2,1,0.32598830002825707,None,1157.0737327000243,1157.0814391000313,1157.572605399997,1157.5649466000032,1154.7828246999998,1154.7894746999955,1154.7894746999955,1154.7894746999955,,,,1155.474032500002,3,1156.4654204000253,1156.4733084000181,1156.4733084000181,1156.4733084000181,1156.4733084000181,1157.073669800011,2,1,0.5950943999923766,None,1157.5658750000293,1157.572605399997,1157.572605399997,1157.572605399997,1157.9405002000276,3,0.359799700032454,None,1157.940558400005,1160.9315803000354,0.6789033000241034,None,,,,,,,,,,,,,,,,,,,,,,,,,,,,,,,,,,,,201,1,short,A,2026-07-09_14h33.31.993,SBL_superimposed_retrieval,,2026.1.3,120.98174265619122,2026-07-09 14h33.32.386092 -0400,
3,6,6,0,stimuli/scenes/scene_J1.jpg,Jungle,Malbow,stimuli/items/undersea_animal_19.png,Undersea,animal,si,None,2,1,0.8397499999846332,None,3,1,0,1.7302356999716721,None,2,0.4869954000459984,None,0.6028406000114046,None,0,3,3,3,0,6,6,6,,,,,1160.9671445999993,,,,,,,,,,,,,,,,,,,,,,,,,,,,,,,,,,,,,,,,,,,,1160.964865099988,1160.9671445999993,1164.948197700025,None,1167.890784599993,1168.8821106000105,1165.94063550001,1165.9480212000199,1165.9480212000199,1165.9480212000199,0.00012169999536126852,1166.7823059000075,2,1,0.8397499999846332,None,1170.6238322000136,1170.6312575000338,1171.124647299992,1171.115419000038,1167.2742293000338,1167.2810730999918,1167.2810730999918,1167.2810730999918,,,,1167.8907252000063,3,1168.8825656000408,1168.8898908999981,1168.8898908999981,1168.8898908999981,1168.8898908999981,1170.6237686999957,1,0,1.7302356999716721,None,1171.1178583999863,1171.124647299992,1171.124647299992,1171.124647299992,1171.6159276000108,2,0.4869954000459984,None,1171.6159869999974,1174.606785800017,0.6028406000114046,None,,,,,,,,,,,,,,,,,,,,,,,,,,,,,,,,,,,,201,1,short,A,2026-07-09_14h33.31.993,SBL_superimposed_retrieval,,2026.1.3,120.98174265619122,2026-07-09 14h33.32.386092 -0400,
3,7,7,0,stimuli/scenes/scene_U1.jpg,Undersea,Negvi,stimuli/items/undersea_object_9.png,Undersea,object,sc,None,1,1,1.8356177000096068,None,3,1,0,2.1181436000042595,None,1,0.8680238000233658,None,0.2133519999915734,None,0,3,3,3,0,7,7,7,,,,,1174.649578600016,,,,,,,,,,,,,,,,,,,,,,,,,,,,,,,,,,,,,,,,,,,,1174.6472250000224,1174.649578600016,1178.6234497000114,None,1182.1742651000386,1183.1656152000069,1179.6159167999867,1179.6230703000329,1179.6230703000329,1179.6230703000329,-2.600002335384488e-05,1181.457277300011,1,1,1.8356177000096068,None,1185.2995500999968,1185.3068628000328,1185.799921500031,1185.790511100029,1181.9518731000135,1181.9589233000297,1181.9589233000297,1181.9589233000297,,,,1182.174209400022,3,1183.1699872000027,1183.1734419999993,1183.1734419999993,1183.1734419999993,1183.1734419999993,1185.2994868000387,1,0,2.1181436000042595,None,1185.7929497000296,1185.799921500031,1185.799921500031,1185.799921500031,1186.6743174000294,1,0.8680238000233658,None,1186.6743796000374,1189.6652848999947,0.2133519999915734,None,,,,,,,,,,,,,,,,,,,,,,,,,,,,,,,,,,,,201,1,short,A,2026-07-09_14h33.31.993,SBL_superimposed_retrieval,,2026.1.3,120.98174265619122,2026-07-09 14h33.32.386092 -0400,
3,8,8,0,stimuli/scenes/scene_U2.jpg,Undersea,Tulon,stimuli/items/jungle_object_15.png,Jungle,object,si,None,1,1,1.6586553999804892,None,3,1,1,0.5825124999973923,None,1,0.4753871000139043,None,0.33964350004680455,None,0,3,3,3,0,8,8,8,,,,,1189.6839336000266,,,,,,,,,,,,,,,,,,,,,,,,,,,,,,,,,,,,,,,,,,,,1189.681507100002,1189.6839336000266,1193.6737482000026,None,1197.1828549000202,1198.17411740002,1194.666197500017,1194.6735054000164,1194.6735054000164,1194.6735054000164,-0.0007893000147305429,1196.3405719000148,1,1,1.6586553999804892,None,1198.7659791000187,1198.7735343000386,1199.265126399987,1199.2575511999894,1196.8333506000345,1196.8400018000393,1196.8400018000393,1196.8400018000393,,,,1197.1827944000252,3,1198.1745558999828,1198.181813800009,1198.181813800009,1198.181813800009,1198.181813800009,1198.7659169000108,1,1,0.5825124999973923,None,1199.2584716000129,1199.265126399987,1199.265126399987,1199.265126399987,1199.749424699985,1,0.4753871000139043,None,1199.7494976000162,1202.740700400027,0.33964350004680455,None,1193.6817294000066,,,,,,,,,,,,,,,,,,,,,,,,,,,,,,,,,,,201,1,short,A,2026-07-09_14h33.31.993,SBL_superimposed_retrieval,,2026.1.3,120.98174265619122,2026-07-09 14h33.32.386092 -0400,
3,9,9,0,stimuli/scenes/scene_U2.jpg,Undersea,Tulon,stimuli/items/undersea_object_18.png,Undersea,object,sc,None,1,1,1.5274138000095263,None,3,1,1,0.5486415000050329,None,3,0.2508041999535635,None,0.4227614999981597,None,0,3,3,3,0,9,9,9,,,,,1202.7597965000314,,,,,,,,,,,,,,,,,,,,,,,,,,,,,,,,,,,,,,,,,,,,1202.757538500009,1202.7597965000314,1206.7493581000017,None,1210.2079958000104,1211.1991090000374,1207.7415470000124,1207.7486904000398,1207.7486904000398,1207.7486904000398,-0.0007301999721676111,1209.2829808000242,1,1,1.5274138000095263,None,1211.7577076000161,1211.7654427000089,1212.257052400033,1212.2493822000106,1209.7751049000071,1209.781782999984,1209.781782999984,1209.781782999984,,,,1210.207936700026,3,1211.1995595000335,1211.2072841000045,1211.2072841000045,1211.2072841000045,1211.2072841000045,1211.7576449000044,1,1,0.5486415000050329,None,1212.250288899988,1212.257052400033,1212.257052400033,1212.257052400033,1212.5166519000195,3,0.2508041999535635,None,1212.5167089999886,1215.5077192999888,0.4227614999981597,None,1206.7568968000123,,,,,,,,,,,,,,,,,,,,,,,,,,,,,,,,,,,201,1,short,A,2026-07-09_14h33.31.993,SBL_superimposed_retrieval,,2026.1.3,120.98174265619122,2026-07-09 14h33.32.386092 -0400,
3,10,10,0,stimuli/scenes/scene_J2.jpg,Jungle,Somar,stimuli/items/jungle_animal_16.png,Jungle,animal,sc,None,2,1,1.5992489000200294,None,3,1,1,0.9148288000142202,None,3,0.23258979996899143,None,0.6345727000152692,None,0,3,3,3,0,10,10,10,,,,,1215.530435200024,,,,,,,,,,,,,,,,,,,,,,,,,,,,,,,,,,,,,,,,,,,,1215.5281487000175,1215.530435200024,1219.516377300024,None,1223.2667446000269,1224.2579015000374,1220.5081968000159,1220.5154815000133,1220.5154815000133,1220.5154815000133,0.007595899980515242,1222.124553200032,2,1,1.5992489000200294,None,1225.1828779000207,1225.1906787999906,1225.6837549000047,1225.6742373000016,1222.6186308999895,1222.6255564999883,1222.6255564999883,1222.6255564999883,,,,1223.2666862999904,3,1224.2623152000015,1224.2657345000189,1224.2657345000189,1224.2657345000189,1224.2657345000189,1225.182815600012,1,1,0.9148288000142202,None,1225.6766997000086,1225.6837549000047,1225.6837549000047,1225.6837549000047,1225.92506899999,3,0.23258979996899143,None,1225.9251259000157,1228.9162502000108,0.6345727000152692,None,1219.5239575000014,,,,,,,,,,,,,,,,,,,,,,,,,,,,,,,,,,,201,1,short,A,2026-07-09_14h33.31.993,SBL_superimposed_retrieval,,2026.1.3,120.98174265619122,2026-07-09 14h33.32.386092 -0400,
3,11,11,0,stimuli/scenes/scene_J2.jpg,Jungle,Somar,stimuli/items/undersea_object_11.png,Undersea,object,si,None,2,1,1.366872799990233,None,3,1,1,0.8211152000003494,None,2,0.5045993999810889,None,0.5968362999847159,None,0,3,3,3,0,11,11,11,,,,,1228.944469399983,,,,,,,,,,,,,,,,,,,,,,,,,,,,,,,,,,,,,,,,,,,,1228.9419502000092,1228.944469399983,1232.9326553000137,None,1236.4003426000127,1237.3915313000325,1233.9251759999897,1233.9323346000165,1233.9323346000165,1233.9323346000165,9.640003554522991e-05,1235.2999269000138,2,1,1.366872799990233,None,1238.2249420000007,1238.2327065999852,1238.7238575000083,1238.71605680004,1235.7921804999933,1235.7988695999957,1235.7988695999957,1235.7988695999957,,,,1236.400284500036,3,1237.3919673000346,1237.3990603000275,1237.3990603000275,1237.3990603000275,1237.3990603000275,1238.2248787999852,1,1,0.8211152000003494,None,1238.7169962000335,1238.7238575000083,1238.7238575000083,1238.7238575000083,1239.2337407000014,2,0.5045993999810889,None,1239.2337980000302,1242.2244109000312,0.5968362999847159,None,,,,,,,,,,,,,,,,,,,,,,,,,,,,,,,,,,,,201,1,short,A,2026-07-09_14h33.31.993,SBL_superimposed_retrieval,,2026.1.3,120.98174265619122,2026-07-09 14h33.32.386092 -0400,
3,12,12,0,stimuli/scenes/scene_U2.jpg,Undersea,Tulon,stimuli/items/jungle_object_9.png,Jungle,object,si,None,1,1,0.35559180000564083,None,3,1,1,0.7875922999810427,None,3,0.32660410000244156,None,0.9185223000240512,None,0,3,3,3,0,12,12,12,,,,,1242.2426005000016,,,,,,,,,,,,,,,,,,,,,,,,,,,,,,,,,,,,,,,,,,,,1242.240460400004,1242.2426005000016,1246.2333786000381,None,1249.0251906000194,1250.0163453000132,1247.2252828000346,1247.2326074999874,1247.2326074999874,1247.2326074999874,0.007152199978008866,1247.6000313000404,1,1,0.35559180000564083,None,1250.816747200035,1250.824389800022,1251.3173634000123,1251.3079695000197,1248.0944192000316,1248.1014312999905,1248.1014312999905,1248.1014312999905,,,,1249.0251302000252,3,1250.0212420999887,1250.0246990000014,1250.0246990000014,1250.0246990000014,1250.0246990000014,1250.8166845000233,1,1,0.7875922999810427,None,1251.3104242000263,1251.3173634000123,1251.3173634000123,1251.3173634000123,1251.6501789999893,3,0.32660410000244156,None,1251.650236400019,1254.6414960999973,0.9185223000240512,None,1246.2409469999839,,,,,,,,,,,,,,,,,,,,,,,,,,,,,,,,,,,201,1,short,A,2026-07-09_14h33.31.993,SBL_superimposed_retrieval,,2026.1.3,120.98174265619122,2026-07-09 14h33.32.386092 -0400,
3,13,13,0,stimuli/scenes/scene_U2.jpg,Undersea,Tulon,stimuli/items/undersea_object_17.png,Undersea,object,sc,None,1,1,0.9375385999446735,None,3,1,1,1.8282214000355452,None,3,0.26261340000201017,None,0.5208283999818377,None,0,3,3,3,0,13,13,13,,,,,1254.6706178000313,,,,,,,,,,,,,,,,,,,,,,,,,,,,,,,,,,,,,,,,,,,,1254.6681339000352,1254.6706178000313,1258.6582134999917,None,1261.6173499000142,1262.6085087000392,1259.6508254000219,1259.6578403000021,1259.6578403000021,1259.6578403000021,0.0006341999978758395,1260.5918970000348,1,1,0.9375385999446735,None,1264.4505609000335,1264.4580504000187,1264.9494707999984,1264.9418256999925,1261.084208699991,1261.0909940000274,1261.0909940000274,1261.0909940000274,,,,1261.6172913000337,3,1262.6089393000002,1262.6160697999876,1262.6160697999876,1262.6160697999876,1262.6160697999876,1264.4504983000224,1,1,1.8282214000355452,None,1264.9427350999904,1264.9494707999984,1264.9494707999984,1264.9494707999984,1265.2171716000303,3,0.26261340000201017,None,1265.2172265999834,1268.2082653000252,0.5208283999818377,None,,,,,,,,,,,,,,,,,,,,,,,,,,,,,,,,,,,,201,1,short,A,2026-07-09_14h33.31.993,SBL_superimposed_retrieval,,2026.1.3,120.98174265619122,2026-07-09 14h33.32.386092 -0400,
3,14,14,0,stimuli/scenes/scene_J1.jpg,Jungle,Malbow,stimuli/items/undersea_object_8.png,Undersea,object,si,None,2,1,1.3714189999736845,None,3,2,1,1.7946960999979638,None,3,1.4129447999875993,None,0.9508951000170782,None,0,3,3,3,0,14,14,14,,,,,1268.2268401000183,,,,,,,,,,,,,,,,,,,,,,,,,,,,,,,,,,,,,,,,,,,,1268.2245613000123,1268.2268401000183,1272.2169589000405,None,1276.0507400000351,1277.0420830000076,1273.2091252999962,1273.2163729000022,1273.2163729000022,1273.2163729000022,-0.0007747000199742615,1274.5924047000008,2,1,1.3714189999736845,None,1278.8504738000338,1278.8580439999932,1279.35151030001,1279.3420449999976,1275.0857686999952,1275.092853499984,1275.092853499984,1275.092853499984,,,,1276.0506784000318,3,1277.0465586000355,1277.0497659000102,1277.0497659000102,1277.0497659000102,1277.0497659000102,1278.8504061999847,2,1,1.7946960999979638,None,1279.3445540000102,1279.35151030001,1279.35151030001,1279.35151030001,1280.767700300028,3,1.4129447999875993,None,1280.7677606000216,1283.7584071999881,0.9508951000170782,None,1272.2247668000055,,,,,,,,,,,,,,,,,,,,,,,,,,,,,,,,,,,201,1,short,A,2026-07-09_14h33.31.993,SBL_superimposed_retrieval,,2026.1.3,120.98174265619122,2026-07-09 14h33.32.386092 -0400,
3,15,15,0,stimuli/scenes/scene_U2.jpg,Undersea,Tulon,stimuli/items/undersea_object_10.png,Undersea,object,sc,None,None,0,,,1,1,1,1.5844351000268944,None,3,0.2909104999853298,None,1.506562699971255,None,0,3,3,3,0,15,15,15,,,,,1283.7772025000304,,,,,,,,,,,,,,,,,,,,,,,,,,,,,,,,,,,,,,,,,,,,1283.7749729999923,1283.7772025000304,1287.7675104000373,None,1293.2846395000233,1294.275620600034,1288.75957200001,1288.7666776000406,1288.7666776000406,1288.7666776000406,0.007472400029655546,1291.2672466000076,None,0,,,1295.8755502999993,1295.883376199985,1296.3769519000198,1296.3673626999953,1291.7623060999904,1291.768982700014,1291.768982700014,1291.768982700014,,,,1293.2845795000321,1,1294.2799354000017,1294.2832505999831,1294.2832505999831,1294.2832505999831,1294.2832505999831,1295.8754843000206,1,1,1.5844351000268944,None,1296.369889500027,1296.3769519000198,1296.3769519000198,1296.3769519000198,1296.67594809999,3,0.2909104999853298,None,1296.676005300018,1299.6671391000273,1.506562699971255,None,1287.7750036999932,1291.2583911000402,1291.2583911000402,1291.2583911000402,2.4991807999904267,,,,,,,,,,,,,,,,,,,,,,,,,,,,,,,201,1,short,A,2026-07-09_14h33.31.993,SBL_superimposed_retrieval,,2026.1.3,120.98174265619122,2026-07-09 14h33.32.386092 -0400,
3,16,16,0,stimuli/scenes/scene_J2.jpg,Jungle,Somar,stimuli/items/jungle_animal_11.png,Jungle,animal,sc,None,2,1,1.2564106000354514,None,3,1,1,1.4756487000267953,None,3,0.5148232000065036,None,0.360779199982062,None,0,3,3,3,0,16,16,16,,,,,1299.7233165000216,,,,,,,,,,,,,,,,,,,,,,,,,,,,,,,,,,,,,,,,,,,,1299.7210382000194,1299.7233165000216,1303.6842039999901,None,1306.8011803000118,1307.7922480999841,1304.6759459000314,1304.6836604999844,1304.6836604999844,1304.6836604999844,-1.3999990187585354e-05,1305.9344306000276,2,1,1.2564106000354514,None,1309.2844691000064,1309.2920077000163,1309.7854920999962,1309.776125000033,1306.4279949000338,1306.4347975000273,1306.4347975000273,1306.4347975000273,,,,1306.801121400029,3,1307.796606399992,1307.7999377000378,1307.7999377000378,1307.7999377000378,1307.7999377000378,1309.2844050999847,1,1,1.4756487000267953,None,1309.7785524000064,1309.7854920999962,1309.7854920999962,1309.7854920999962,1310.3095600000233,3,0.5148232000065036,None,1310.3096174999955,1313.30049470003,0.360779199982062,None,,,,,,,,,,,,,,,,,,,,,,,,,,,,,,,,,,,,201,1,short,A,2026-07-09_14h33.31.993,SBL_superimposed_retrieval,,2026.1.3,120.98174265619122,2026-07-09 14h33.32.386092 -0400,
3,17,17,0,stimuli/scenes/scene_J1.jpg,Jungle,Malbow,stimuli/items/jungle_object_5.png,Jungle,object,sc,None,2,1,0.5671033000107855,None,3,2,1,1.2376440999796614,None,3,0.35814940003911033,None,0.5645206999615766,None,0,3,3,3,0,17,17,17,,,,,1313.3214991000132,,,,,,,,,,,,,,,,,,,,,,,,,,,,,,,,,,,,,,,,,,,,1313.3191854000324,1313.3214991000132,1317.3089671999915,None,1319.951409500034,1320.9426438999944,1318.3016530000023,1318.308753499994,1318.308753499994,1318.308753499994,-0.0006957000005058944,1318.8842016999843,2,1,0.5671033000107855,None,1322.192897800007,1322.2005774999852,1322.6938448,1322.6843051000033,1319.3770129000186,1319.383762900019,1319.383762900019,1319.383762900019,,,,1319.9513479000307,3,1320.9430985000217,1320.9508439000347,1320.9508439000347,1320.9508439000347,1320.9508439000347,1322.1928348999936,2,1,1.2376440999796614,None,1322.6869106999948,1322.6938448,1322.6938448,1322.6938448,1323.0601884000353,3,0.35814940003911033,None,1323.0602444999968,1326.0508562999894,0.5645206999615766,None,1317.3173110000207,,,,,,,,,,,,,,,,,,,,,,,,,,,,,,,,,,,201,1,short,A,2026-07-09_14h33.31.993,SBL_superimposed_retrieval,,2026.1.3,120.98174265619122,2026-07-09 14h33.32.386092 -0400,
3,18,18,0,stimuli/scenes/scene_J1.jpg,Jungle,Malbow,stimuli/items/jungle_object_20.png,Jungle,object,sc,None,2,1,0.6566397999995388,None,3,2,1,0.9965049999882467,None,3,0.5204541999846697,None,0.5547726000077091,None,0,3,3,3,0,18,18,18,,,,,1326.0747162000043,,,,,,,,,,,,,,,,,,,,,,,,,,,,,,,,,,,,,,,,,,,,1326.072231500002,1326.0747162000043,1330.0593719999888,None,1332.785041199997,1333.776186400035,1331.0516383000067,1331.058834800031,1331.058834800031,1331.058834800031,0.006968499976210296,1331.7265908000409,2,1,0.6566397999995388,None,1334.784572500037,1334.7922458000248,1335.283975200029,1335.276316900039,1332.218374499993,1332.2252177000046,1332.2252177000046,1332.2252177000046,,,,1332.7849822000135,3,1333.7766438000253,1333.7839546999894,1333.7839546999894,1333.7839546999894,1333.7839546999894,1334.7845105000306,2,1,0.9965049999882467,None,1335.2772390000173,1335.283975200029,1335.283975200029,1335.283975200029,1335.8103343999828,3,0.5204541999846697,None,1335.8103899999987,1338.8012893000268,0.5547726000077091,None,1330.0671853999957,,,,,,,,,,,,,,,,,,,,,,,,,,,,,,,,,,,201,1,short,A,2026-07-09_14h33.31.993,SBL_superimposed_retrieval,,2026.1.3,120.98174265619122,2026-07-09 14h33.32.386092 -0400,
3,19,19,0,stimuli/scenes/scene_U1.jpg,Undersea,Negvi,stimuli/items/undersea_object_12.png,Undersea,object,sc,None,1,1,0.8098430999671109,None,3,2,1,0.39142229995923117,None,3,0.20113659999333322,None,0.18010579998372123,None,0,3,3,3,0,19,19,19,,,,,1338.832359699998,,,,,,,,,,,,,,,,,,,,,,,,,,,,,,,,,,,,,,,,,,,,1338.829842200037,1338.832359699998,1342.8175464000087,None,1345.3101841000025,1346.3013784000068,1343.8104052999988,1343.8175994000048,1343.8175994000048,1343.8175994000048,6.0699996538460255e-05,1344.6266624000273,1,1,0.8098430999671109,None,1346.7016042000032,1346.7092416000087,1347.202837000019,1347.1931747000199,1345.1209310999839,1345.1279197999975,1345.1279197999975,1345.1279197999975,,,,1345.3101274000364,3,1346.305697200005,1346.3089978999924,1346.3089978999924,1346.3089978999924,1346.3089978999924,1346.70154129999,2,1,0.39142229995923117,None,1347.1955717999954,1347.202837000019,1347.202837000019,1347.202837000019,1347.4100266000023,3,0.20113659999333322,None,1347.410084400035,1350.4010933000245,0.18010579998372123,None,,,,,,,,,,,,,,,,,,,,,,,,,,,,,,,,,,,,201,1,short,A,2026-07-09_14h33.31.993,SBL_superimposed_retrieval,,2026.1.3,120.98174265619122,2026-07-09 14h33.32.386092 -0400,
,,,,,,,,,,,,,,,,,,,,,,,,,,,,,,,,,,,,,,,,,,,,,,,,,,,,,,,,,,,,,,,,,,,,,,,,,,,,,,,,,,,,,,,,,,,,,,,,,,,,,,,,,,,,,,,,,,,,,,,,,,,,,,,,,,,,,,,,,,,,,,,,,1350.4036723999889,1350.4039051000145,,,,,,,,1350.4047286999994,1350.4092399000074,1350.4092399000074,1355.4015465999837,1355.4015465999837,1355.393359000038,None,,,,,,,,201,1,short,A,2026-07-09_14h33.31.993,SBL_superimposed_retrieval,,2026.1.3,120.98174265619122,2026-07-09 14h33.32.386092 -0400,
,,,,,,,,,,,,,,,,,,,,,,,,,,,,,,,,,,,,,,,,,,,,,,,,,,,,,,,,,,,,,,,,,,,,,,,,,,,,,,,,,,,,,,,,,,,,,,,,,,,,,,,,,,,,,,,,,,,,,,,,,,,,,,,,,,,,,,,,,,,,,,,,,,,,,,,,,,,,,,,,,1355.399116399989,1355.4015465999837,1355.4015465999837,1425.502569400007,space,70.09896809997736,None,201,1,short,A,2026-07-09_14h33.31.993,SBL_superimposed_retrieval,,2026.1.3,120.98174265619122,2026-07-09 14h33.32.386092 -0400,
