run,thisN,thisTrialN,thisRepN,scene_stimulus,scene_cat,scene_label,item_stimulus,item_cat,item_type,congruency,key_resp_remember.keys,key_resp_context.keys,key_resp_context.corr,key_resp_context.rt,key_resp_context.duration,key_resp_context_conf.keys,key_resp_context_conf.rt,key_resp_context_conf.duration,key_resp_scenes.keys,key_resp_scenes.corr,key_resp_scene_conf.keys,key_resp_scene_conf.rt,key_resp_scene_conf.duration,key_resp_scenes.rt,key_resp_scenes.duration,runs.thisRepN,runs.thisTrialN,runs.thisN,runs.thisIndex,trials.thisRepN,trials.thisTrialN,trials.thisN,trials.thisIndex,show_rest_screen.thisRepN,show_rest_screen.thisTrialN,show_rest_screen.thisN,show_rest_screen.thisIndex,thisRow.t,notes,piloting,subs_rand_vars.started,subs_rand_vars.stopped,set_instructions.started,set_instructions.stopped,ret_inst_scr.started,text_instructions.started,key_resp_start.started,ret_inst_scr.stopped,key_resp_start.keys,key_resp_start.rt,key_resp_start.duration,ret_inst2.started,text_instructions_2.started,key_resp_start_2.started,ret_inst2.stopped,key_resp_start_2.keys,key_resp_start_2.rt,key_resp_start_2.duration,scene_names_reminder.started,text_reminder.started,image1.started,image2.started,image3.started,image4.started,textbox1.started,textbox2.started,textbox3.started,textbox4.started,key_reminder.started,scene_names_reminder.stopped,key_reminder.keys,key_reminder.rt,key_reminder.duration,blank3000_2.started,text_3.started,text_3.stopped,blank3000_2.stopped,create_runs_stim_div.started,create_runs_stim_div.stopped,set_rows.started,set_rows.stopped,item_imagine_scene.started,item_cue.started,item_imagine_scene.stopped,trials.key_resp_remember.keys,blank1000.started,blank1000.stopped,select_context.started,text_context_headline.started,text_sea.started,text_jungle.started,key_resp_context.started,select_context.stopped,trials.key_resp_context.keys,trials.key_resp_context.corr,trials.key_resp_context.rt,trials.key_resp_context.duration,blank500.started,text_blank.started,text_blank.stopped,blank500.stopped,context_confidence.started,text_context_choice.started,slider_context_conf.started,key_resp_context_conf.started,context_confidence.stopped,trials.key_resp_context_conf.keys,trials.key_resp_context_conf.rt,trials.key_resp_context_conf.duration,select_scene_name.started,text_scene_headline.started,text_actual_context.started,text_q_scene.started,text_labels.started,text_scene_headline.stopped,text_actual_context.stopped,text_q_scene.stopped,text_labels.stopped,select_scene_name.stopped,trials.key_resp_scenes.keys,trials.key_resp_scenes.corr,scene_confidence.started,text_chosen_scene.started,slider_scene_conf.started,key_resp_scene_conf.started,scene_confidence.stopped,trials.key_resp_scene_conf.keys,trials.key_resp_scene_conf.rt,trials.key_resp_scene_conf.duration,blank3000.started,blank3000.stopped,trials.key_resp_scenes.rt,trials.key_resp_scenes.duration,item_cue.stopped,is_last.started,is_last.stopped,rest_between_runs.started,text_run_rest.started,key_resp_run_rest.started,rest_between_runs.stopped,show_rest_screen.key_resp_run_rest.keys,show_rest_screen.key_resp_run_rest.rt,show_rest_screen.key_resp_run_rest.duration,ret_end_screen.started,text_endSet.started,key_resp_continue.started,text_endSet.stopped,key_resp_continue.stopped,ret_end_screen.stopped,key_resp_continue.keys,forked_instructions.started,text_end_inst.started,key_resp_end.started,forked_instructions.stopped,key_resp_end.keys,key_resp_end.rt,key_resp_end.duration,participant,session,delay,group,date,expName,expVersion,psychopyVersion,frameRate,expStart,
,,,,,,,,,,,,,,,,,,,,,,,,,,,,,,,,,,,,,,,,False,0.044021499808877707,0.0443527998868376,,,,,,,,,,,,,,,,,,,,,,,,,,,,,,,,,,,,,,,,,,,,,,,,,,,,,,,,,,,,,,,,,,,,,,,,,,,,,,,,,,,,,,,,,,,,,,,,,,,,,,,,,,,,,,,,,,,,202,1,short,A,2026-07-10_10h20.21.318,SBL_superimposed_retrieval,,2026.1.3,120.20155404525094,2026-07-10 10h20.21.740686 -0400,
,,,,,,,,,,,,,,,,,,,,,,,,,,,,,,,,,,,,,,,,,,,0.044383199885487556,0.044587899930775166,,,,,,,,,,,,,,,,,,,,,,,,,,,,,,,,,,,,,,,,,,,,,,,,,,,,,,,,,,,,,,,,,,,,,,,,,,,,,,,,,,,,,,,,,,,,,,,,,,,,,,,,,,,,,,,,,,202,1,short,A,2026-07-10_10h20.21.318,SBL_superimposed_retrieval,,2026.1.3,120.20155404525094,2026-07-10 10h20.21.740686 -0400,
,,,,,,,,,,,,,,,,,,,,,,,,,,,,,,,,,,,,,,,,,,,,,0.04460949986241758,0.04752369993366301,1.0433429998811334,6.755986999953166,space,5.69359129993245,None,,,,,,,,,,,,,,,,,,,,,,,,,,,,,,,,,,,,,,,,,,,,,,,,,,,,,,,,,,,,,,,,,,,,,,,,,,,,,,,,,,,,,,,,,,,,,,,,,,,,,,,,,,,202,1,short,A,2026-07-10_10h20.21.318,SBL_superimposed_retrieval,,2026.1.3,120.20155404525094,2026-07-10 10h20.21.740686 -0400,
,,,,,,,,,,,,,,,,,,,,,,,,,,,,,,,,,,,,,,,,,,,,,,,,,,,,6.756031199824065,6.758603899972513,8.752155599882826,23.74470549984835,space,14.991890599951148,None,,,,,,,,,,,,,,,,,,,,,,,,,,,,,,,,,,,,,,,,,,,,,,,,,,,,,,,,,,,,,,,,,,,,,,,,,,,,,,,,,,,,,,,,,,,,,,,,,,,,202,1,short,A,2026-07-10_10h20.21.318,SBL_superimposed_retrieval,,2026.1.3,120.20155404525094,2026-07-10 10h20.21.740686 -0400,
,,,,,,,,,,,,,,,,,,,,,,,,,,,,,,,,,,,,,,,,,,,,,,,,,,,,,,,,,,,24.002064500004053,24.075252800015733,24.075252800015733,24.075252800015733,24.075252800015733,24.075252800015733,24.075252800015733,24.075252800015733,24.075252800015733,24.075252800015733,25.73583949985914,68.02040259982459,space,42.28044279990718,None,,,,,,,,,,,,,,,,,,,,,,,,,,,,,,,,,,,,,,,,,,,,,,,,,,,,,,,,,,,,,,,,,,,,,,,,,,,,,,,,,,,,,202,1,short,A,2026-07-10_10h20.21.318,SBL_superimposed_retrieval,,2026.1.3,120.20155404525094,2026-07-10 10h20.21.740686 -0400,
,,,,,,,,,,,,,,,,,,,,,,,,,,,,,,,,,,,,,,,,,,,,,,,,,,,,,,,,,,,,,,,,,,,,,,,,,,68.02044539991766,68.02795179979876,71.07539059990086,71.01194339990616,,,,,,,,,,,,,,,,,,,,,,,,,,,,,,,,,,,,,,,,,,,,,,,,,,,,,,,,,,,,,,,,,,,,,,,,,,,,,,,,,202,1,short,A,2026-07-10_10h20.21.318,SBL_superimposed_retrieval,,2026.1.3,120.20155404525094,2026-07-10 10h20.21.740686 -0400,
,,,,,,,,,,,,,,,,,,,,,,,,,,,,,,,,,,,,,,,,,,,,,,,,,,,,,,,,,,,,,,,,,,,,,,,,,,,,,,71.01215989980847,71.01240139990114,,,,,,,,,,,,,,,,,,,,,,,,,,,,,,,,,,,,,,,,,,,,,,,,,,,,,,,,,,,,,,,,,,,,,,,,,,,,,,,202,1,short,A,2026-07-10_10h20.21.318,SBL_superimposed_retrieval,,2026.1.3,120.20155404525094,2026-07-10 10h20.21.740686 -0400,
0,0,0,0,stimuli/scenes/scene_J2.jpg,Jungle,Somar,stimuli/items/undersea_animal_1.png,Undersea,animal,si,None,1,0,0.8775206001009792,None,1,0.8157497998327017,None,None,0,1,1.1146549000404775,None,,,0,0,0,0,0,0,0,0,,,,,71.07539059990086,,,,,,,,,,,,,,,,,,,,,,,,,,,,,,,,,,,,,,,,,,71.03523279982619,71.03547489992343,71.0697972998023,71.07539059990086,75.03670879988931,None,78.24577599996701,79.23712349985726,76.03511439985596,76.03923340002075,76.03923340002075,76.03923340002075,-0.0003432000521570444,76.92042779992335,1,0,0.8775206001009792,None,81.73724719998427,81.74473979999311,82.23671470000409,82.22831879998557,77.41492059989832,77.42447389988229,77.42447389988229,77.42447389988229,78.24571659998037,1,0.8157497998327017,None,79.2425886997953,79.24672909989022,79.24672909989022,79.24672909989022,79.24672909989022,81.74473979999311,81.74473979999311,81.74473979999311,81.74473979999311,81.73719459981658,None,0,82.23120879987255,82.24530139984563,82.24530139984563,82.24530139984563,83.36267649987713,1,1.1146549000404775,None,83.3627396998927,86.35357529995963,,,,,,,,,,,,,,,,,,,,,,,,,,,202,1,short,A,2026-07-10_10h20.21.318,SBL_superimposed_retrieval,,2026.1.3,120.20155404525094,2026-07-10 10h20.21.740686 -0400,
0,1,1,0,stimuli/scenes/scene_J2.jpg,Jungle,Somar,stimuli/items/jungle_animal_15.png,Jungle,animal,sc,None,2,1,0.733986800070852,None,3,1.5227028999943286,None,1,1,3,1.2212245999835432,None,0.9360690999310464,None,0,0,0,0,0,1,1,1,,,,,86.39569519995712,,,,,,,,,,,,,,,,,,,,,,,,,,,,,,,,,,,,,,,,,,,,86.39321989985183,86.39569519995712,90.37015869980678,None,94.1296877998393,95.12043869984336,91.36259279982187,91.37002349994145,91.37002349994145,91.37002349994145,-0.00010309997014701366,92.10445619979873,2,1,0.733986800070852,None,96.07117439992726,96.07830819999799,96.57128669996746,96.56202339986339,92.59836429986171,92.6055025998503,92.6055025998503,92.6055025998503,94.12962799984962,3,1.5227028999943286,None,95.12084759981371,95.12835289980285,95.12835289980285,95.12835289980285,95.12835289980285,,,,,96.0711072999984,1,1,96.56446379981935,96.57128669996746,96.57128669996746,96.57128669996746,97.79619559994899,3,1.2212245999835432,None,97.7962570998352,100.78737809997983,0.9360690999310464,None,,,,,,,,,,,,,,,,,,,,,,,,,202,1,short,A,2026-07-10_10h20.21.318,SBL_superimposed_retrieval,,2026.1.3,120.20155404525094,2026-07-10 10h20.21.740686 -0400,
0,2,2,0,stimuli/scenes/scene_J2.jpg,Jungle,Somar,stimuli/items/jungle_animal_3.png,Jungle,animal,sc,None,2,1,1.0359626999124885,None,3,0.6478984002023935,None,1,1,3,0.6679685998242348,None,0.9487698001321405,None,0,0,0,0,0,2,2,2,,,,,100.81664039986208,,,,,,,,,,,,,,,,,,,,,,,,,,,,,,,,,,,,,,,,,,,,100.8144711998757,100.81664039986208,104.80390980001539,None,107.98787929979153,108.97935249982402,105.79618349997327,105.80361499986611,105.80361499986611,105.80361499986611,-2.9999995604157448e-05,106.83753709984012,2,1,1.0359626999124885,None,109.93781389994547,109.9451864999719,110.436868699966,110.42946149990894,107.33012069994584,107.33677439996973,107.33677439996973,107.33677439996973,107.98781839990988,3,0.6478984002023935,None,108.97976139979437,108.98732889979146,108.98732889979146,108.98732889979146,108.98732889979146,,,,,109.93774609989487,1,1,110.43036409979686,110.436868699966,110.436868699966,110.436868699966,111.11286519980058,3,0.6679685998242348,None,111.11292639980093,114.10393769992515,0.9487698001321405,None,,,,,,,,,,,,,,,,,,,,,,,,,202,1,short,A,2026-07-10_10h20.21.318,SBL_superimposed_retrieval,,2026.1.3,120.20155404525094,2026-07-10 10h20.21.740686 -0400,
0,3,3,0,stimuli/scenes/scene_U2.jpg,Undersea,Malbow,stimuli/items/undersea_animal_16.png,Undersea,animal,sc,None,1,1,0.48782770009711385,None,3,1.0471180002205074,None,2,1,3,0.7752725000027567,None,1.238082499941811,None,0,0,0,0,0,3,3,3,,,,,114.12224259995855,,,,,,,,,,,,,,,,,,,,,,,,,,,,,,,,,,,,,,,,,,,,114.11981179984286,114.12224259995855,118.11280419980176,None,121.15476919990033,122.14616989996284,119.10445829993114,119.11246529989876,119.11246529989876,119.11246529989876,-0.00028740009292960167,119.60436019999906,1,1,0.48782770009711385,None,123.3966043998953,123.40391069999896,123.89702669996768,123.8874405999668,120.09871169994585,120.10551329981536,120.10551329981536,120.10551329981536,121.15470929979347,3,1.0471180002205074,None,122.15146989980713,122.15478260000236,122.15478260000236,122.15478260000236,122.15478260000236,,,,,123.39653749996796,2,1,123.88998529990204,123.89702669996768,123.89702669996768,123.89702669996768,124.67973929992877,3,0.7752725000027567,None,124.67979859979823,127.67096229991876,1.238082499941811,None,118.1206525999587,,,,,,,,,,,,,,,,,,,,,,,,202,1,short,A,2026-07-10_10h20.21.318,SBL_superimposed_retrieval,,2026.1.3,120.20155404525094,2026-07-10 10h20.21.740686 -0400,
0,4,4,0,stimuli/scenes/scene_U1.jpg,Undersea,Tulon,stimuli/items/jungle_animal_6.png,Jungle,animal,si,None,1,1,0.42503099981695414,None,3,0.47661929996684194,None,1,1,2,0.5339556999970227,None,1.520620500203222,None,0,0,0,0,0,4,4,4,,,,,127.6950782998465,,,,,,,,,,,,,,,,,,,,,,,,,,,,,,,,,,,,,,,,,,,,127.69256909983233,127.6950782998465,131.67984649981372,None,134.0886964998208,135.07947249989957,132.67181480000727,132.67886199988425,132.67886199988425,132.67886199988425,-0.0008578000124543905,133.10477989981882,1,1,0.42503099981695414,None,136.61295819981024,136.6208269998897,137.11430309992284,137.10485749994405,133.59709039982408,133.60383999999613,133.60383999999613,133.60383999999613,134.08863629982807,3,0.47661929996684194,None,135.07988450000994,135.08765869983472,135.08765869983472,135.08765869983472,135.08765869983472,,,,,136.61289269989356,1,1,137.1075651999563,137.11430309992284,137.11430309992284,137.11430309992284,137.6554380999878,2,0.5339556999970227,None,137.65549609996378,140.64639679994434,1.520620500203222,None,131.68746509985067,,,,,,,,,,,,,,,,,,,,,,,,202,1,short,A,2026-07-10_10h20.21.318,SBL_superimposed_retrieval,,2026.1.3,120.20155404525094,2026-07-10 10h20.21.740686 -0400,
0,5,5,0,stimuli/scenes/scene_J2.jpg,Jungle,Somar,stimuli/items/jungle_animal_18.png,Jungle,animal,sc,None,2,1,0.8089350000955164,None,1,0.3716085001360625,None,2,0,1,0.2621396000031382,None,0.4713870999403298,None,0,0,0,0,0,5,5,5,,,,,140.6777497997973,,,,,,,,,,,,,,,,,,,,,,,,,,,,,,,,,,,,,,,,,,,,140.6754828998819,140.6777497997973,144.6627809999045,None,147.34687289991416,148.337924499996,145.65571949980222,145.6626771998126,145.6626771998126,145.6626771998126,0.0002663000486791134,146.47210629982874,2,1,0.8089350000955164,None,148.82165389996953,148.82967699994333,149.32243279996328,149.312760300003,146.9657668999862,146.97302819998004,146.97302819998004,146.97302819998004,147.34681609994732,1,0.3716085001360625,None,148.34218029980548,148.3457533000037,148.3457533000037,148.3457533000037,148.3457533000037,,,,,148.82158949994482,2,0,149.3151236998383,149.32243279996328,149.32243279996328,149.32243279996328,149.58891369984485,1,0.2621396000031382,None,149.58897069981322,152.58000599988736,0.4713870999403298,None,,,,,,,,,,,,,,,,,,,,,,,,,202,1,short,A,2026-07-10_10h20.21.318,SBL_superimposed_retrieval,,2026.1.3,120.20155404525094,2026-07-10 10h20.21.740686 -0400,
0,6,6,0,stimuli/scenes/scene_U2.jpg,Undersea,Malbow,stimuli/items/undersea_object_4.png,Undersea,object,sc,None,1,1,0.4910424000117928,None,3,0.6744613000191748,None,2,1,2,0.5955930999480188,None,2.192902200156823,None,0,0,0,0,0,6,6,6,,,,,152.62157099996693,,,,,,,,,,,,,,,,,,,,,,,,,,,,,,,,,,,,,,,,,,,,152.61940759979188,152.62157099996693,156.59664409980178,None,159.27236179984175,160.26354889990762,157.58893159986474,157.59613629989326,157.59613629989326,157.59613629989326,4.200031980872154e-06,158.08837949996814,1,1,0.4910424000117928,None,162.47241179994307,162.47968109999783,162.97279839986004,162.96329589979723,158.58322269981727,158.59018129995093,158.59018129995093,158.59018129995093,159.2723008999601,3,0.6744613000191748,None,160.2684155998286,160.27150649996474,160.27150649996474,160.27150649996474,160.27150649996474,,,,,162.47234410000965,2,1,162.9658309998922,162.97279839986004,162.97279839986004,162.97279839986004,163.5720611999277,2,0.5955930999480188,None,163.57212049979717,166.5633582000155,2.192902200156823,None,,,,,,,,,,,,,,,,,,,,,,,,,202,1,short,A,2026-07-10_10h20.21.318,SBL_superimposed_retrieval,,2026.1.3,120.20155404525094,2026-07-10 10h20.21.740686 -0400,
0,7,7,0,stimuli/scenes/scene_J1.jpg,Jungle,Negvi,stimuli/items/jungle_object_8.png,Jungle,object,sc,None,2,1,0.9562299998942763,None,3,0.5049592000432312,None,2,1,3,0.5694722000043839,None,1.1749772999901325,None,0,0,0,0,0,7,7,7,,,,,166.59444129979238,,,,,,,,,,,,,,,,,,,,,,,,,,,,,,,,,,,,,,,,,,,,166.59223299985752,166.59444129979238,170.57967479992658,None,173.53903119987808,174.53012069989927,171.5724479998462,171.57977349986322,171.57977349986322,171.57977349986322,0.00037020002491772175,172.53046019980684,2,1,0.9562299998942763,None,175.7139659000095,175.72172119980678,176.21491029998288,176.20539919985458,173.02453219983727,173.03146629990079,173.03146629990079,173.03146629990079,173.5389643998351,3,0.5049592000432312,None,174.53435809980147,174.537887299899,174.537887299899,174.537887299899,174.537887299899,,,,,175.71389869996347,2,1,176.20781779987738,176.21491029998288,176.21491029998288,176.21491029998288,176.7890427999664,3,0.5694722000043839,None,176.7891025999561,179.78024439979345,1.1749772999901325,None,,,,,,,,,,,,,,,,,,,,,,,,,202,1,short,A,2026-07-10_10h20.21.318,SBL_superimposed_retrieval,,2026.1.3,120.20155404525094,2026-07-10 10h20.21.740686 -0400,
0,8,8,0,stimuli/scenes/scene_J1.jpg,Jungle,Negvi,stimuli/items/jungle_animal_13.png,Jungle,animal,sc,None,1,0,0.635960599873215,None,2,0.40384990000166,None,1,0,1,0.24542110017500818,None,2.2776291999034584,None,0,0,0,0,0,8,8,8,,,,,179.80160309979692,,,,,,,,,,,,,,,,,,,,,,,,,,,,,,,,,,,,,,,,,,,,179.79914479982108,179.80160309979692,183.7891048998572,None,186.33989619999193,187.33043959992938,184.78092559985816,184.78824719996192,184.78824719996192,184.78824719996192,-0.000687899999320507,185.43062339979224,1,0,0.635960599873215,None,189.6226923998911,189.62995139998384,190.12325229984708,190.11389159993269,185.92530429991893,185.93228019983508,185.93228019983508,185.93228019983508,186.33983999979682,2,0.40384990000166,None,187.33087900001556,187.33871399983764,187.33871399983764,187.33871399983764,187.33871399983764,,,,,189.62262309994549,1,0,190.11635079979897,190.12325229984708,190.12325229984708,190.12325229984708,190.3726907998789,1,0.24542110017500818,None,190.3727479998488,193.36395319993608,2.2776291999034584,None,183.79662679997273,,,,,,,,,,,,,,,,,,,,,,,,202,1,short,A,2026-07-10_10h20.21.318,SBL_superimposed_retrieval,,2026.1.3,120.20155404525094,2026-07-10 10h20.21.740686 -0400,
0,9,9,0,stimuli/scenes/scene_U2.jpg,Undersea,Malbow,stimuli/items/jungle_animal_11.png,Jungle,animal,si,None,1,1,0.5873328000307083,None,2,0.7772826999425888,None,1,0,2,0.438345099799335,None,0.5454738000407815,None,0,0,0,0,0,9,9,9,,,,,193.41618359996937,,,,,,,,,,,,,,,,,,,,,,,,,,,,,,,,,,,,,,,,,,,,193.41404419997707,193.41618359996937,197.38069199980237,None,200.24783709994517,201.23925350001082,198.37299059983343,198.38026519981213,198.38026519981213,198.38026519981213,0.0002853998448699713,198.9644682998769,1,1,0.5873328000307083,None,201.7979437999893,201.80556819983758,202.29807529994287,202.28899529995397,199.45666809985414,199.46339569985867,199.46339569985867,199.46339569985867,200.24777589994483,2,0.7772826999425888,None,201.24369499995373,201.2467699998524,201.2467699998524,201.2467699998524,201.2467699998524,,,,,201.79788069985807,1,0,202.29134609992616,202.29807529994287,202.29807529994287,202.29807529994287,202.73976909997873,2,0.438345099799335,None,202.73982909996994,205.7309418998193,0.5454738000407815,None,,,,,,,,,,,,,,,,,,,,,,,,,202,1,short,A,2026-07-10_10h20.21.318,SBL_superimposed_retrieval,,2026.1.3,120.20155404525094,2026-07-10 10h20.21.740686 -0400,
0,10,10,0,stimuli/scenes/scene_U2.jpg,Undersea,Malbow,stimuli/items/undersea_animal_5.png,Undersea,animal,sc,None,1,1,0.749502900056541,None,2,1.3551664999686182,None,1,0,2,0.5199716999195516,None,1.829302900005132,None,0,0,0,0,0,10,10,10,,,,,205.75232449988835,,,,,,,,,,,,,,,,,,,,,,,,,,,,,,,,,,,,,,,,,,,,205.7500997998286,205.75232449988835,209.73894710000604,None,213.34870759979822,214.33918119990267,210.73159509990364,210.73881929996423,210.73881929996423,210.73881929996423,-0.000844400143250823,211.48937710002065,1,1,0.749502900056541,None,216.18145939987153,216.1891322999727,216.68079050001688,216.6724956999533,211.98211149987765,211.98916539992206,211.98916539992206,211.98916539992206,213.34864729992114,2,1.3551664999686182,None,214.3395991998259,214.34734559990466,214.34734559990466,214.34734559990466,214.34734559990466,,,,,216.1813905998133,1,0,216.67341669998132,216.68079050001688,216.68079050001688,216.68079050001688,217.20647570001893,2,0.5199716999195516,None,217.20653389999643,220.19752059993334,1.829302900005132,None,209.74718539998867,,,,,,,,,,,,,,,,,,,,,,,,202,1,short,A,2026-07-10_10h20.21.318,SBL_superimposed_retrieval,,2026.1.3,120.20155404525094,2026-07-10 10h20.21.740686 -0400,
0,11,11,0,stimuli/scenes/scene_U1.jpg,Undersea,Tulon,stimuli/items/undersea_animal_2.png,Undersea,animal,sc,None,1,1,0.4258250999264419,None,3,0.45334409992210567,None,1,1,2,0.3629715999122709,None,1.1072889999486506,None,0,0,0,0,0,11,11,11,,,,,220.2514950998593,,,,,,,,,,,,,,,,,,,,,,,,,,,,,,,,,,,,,,,,,,,,220.2493787999265,220.2514950998593,224.21459589991719,None,226.59868739987724,227.5892524998635,225.20690179988742,225.21412030002102,225.21412030002102,225.21412030002102,0.00041079986840486526,225.6395258998964,1,1,0.4258250999264419,None,228.70638410001993,228.71426199981943,229.20563529990613,229.1980013998691,226.13187649985775,226.1388822000008,226.1388822000008,226.1388822000008,226.59862599987537,3,0.45334409992210567,None,227.58970030001365,227.59747059992515,227.59747059992515,227.59747059992515,227.59747059992515,,,,,228.70631669997238,1,1,229.1989203998819,229.20563529990613,229.20563529990613,229.20563529990613,229.57404399989173,2,0.3629715999122709,None,229.5741030999925,232.56473669991829,1.1072889999486506,None,,,,,,,,,,,,,,,,,,,,,,,,,202,1,short,A,2026-07-10_10h20.21.318,SBL_superimposed_retrieval,,2026.1.3,120.20155404525094,2026-07-10 10h20.21.740686 -0400,
0,12,12,0,stimuli/scenes/scene_U1.jpg,Undersea,Tulon,stimuli/items/jungle_object_15.png,Jungle,object,si,None,1,1,0.4584663000423461,None,3,0.7735281998757273,None,2,0,3,0.3943449000362307,None,0.9660924000199884,None,0,0,0,0,0,12,12,12,,,,,232.61616609990597,,,,,,,,,,,,,,,,,,,,,,,,,,,,,,,,,,,,,,,,,,,,232.61392019991763,232.61616609990597,236.58116489998065,None,239.31556529994123,240.3063678999897,237.57350279996172,237.58092119987123,237.58092119987123,237.58092119987123,-0.00055720005184412,238.0403195999097,1,1,0.4584663000423461,None,241.28191479993984,241.28939149994403,241.78238619980402,241.77292199991643,238.532128599938,238.53907239995897,238.53907239995897,238.53907239995897,239.31550129991956,3,0.7735281998757273,None,240.3067828998901,240.31461679982021,240.31461679982021,240.31461679982021,240.31461679982021,,,,,241.28184619988315,2,0,241.77550300001167,241.78238619980402,241.78238619980402,241.78238619980402,242.1818136998918,3,0.3943449000362307,None,242.18187159998342,245.17335689999163,0.9660924000199884,None,,,,,,,,,,,,,,,,,,,,,,,,,202,1,short,A,2026-07-10_10h20.21.318,SBL_superimposed_retrieval,,2026.1.3,120.20155404525094,2026-07-10 10h20.21.740686 -0400,
0,13,13,0,stimuli/scenes/scene_J2.jpg,Jungle,Somar,stimuli/items/jungle_object_6.png,Jungle,object,sc,None,2,1,0.4107848000712693,None,3,0.580989700043574,None,1,1,3,0.4584560999646783,None,1.5752411000430584,None,0,0,0,0,0,13,13,13,,,,,245.18912100000307,,,,,,,,,,,,,,,,,,,,,,,,,,,,,,,,,,,,,,,,,,,,245.18665459984913,245.18912100000307,249.17333699995652,None,251.68218020000495,252.67328919982538,250.16568679991178,250.1727506997995,250.1727506997995,250.1727506997995,-0.0004610000178217888,250.5987384999171,2,1,0.4107848000712693,None,254.25715669989586,254.26467969990335,254.7580141997896,254.7482868998777,251.09248270001262,251.09938409994356,251.09938409994356,251.09938409994356,251.6821225997992,3,0.580989700043574,None,252.67765239998698,252.6810079999268,252.6810079999268,252.6810079999268,252.6810079999268,,,,,254.25709019997157,1,1,254.75091409985907,254.7580141997896,254.7580141997896,254.7580141997896,255.22386489994824,3,0.4584560999646783,None,255.22392669995315,258.21530619985424,1.5752411000430584,None,249.18125809985213,,,,,,,,,,,,,,,,,,,,,,,,202,1,short,A,2026-07-10_10h20.21.318,SBL_superimposed_retrieval,,2026.1.3,120.20155404525094,2026-07-10 10h20.21.740686 -0400,
0,14,14,0,stimuli/scenes/scene_J2.jpg,Jungle,Somar,stimuli/items/undersea_animal_15.png,Undersea,animal,si,None,2,1,1.3845248001161963,None,2,0.5657647999469191,None,1,1,2,0.37182459980249405,None,0.7752040000632405,None,0,0,0,0,0,14,14,14,,,,,258.25745579996146,,,,,,,,,,,,,,,,,,,,,,,,,,,,,,,,,,,,,,,,,,,,258.2549200998619,258.25745579996146,262.2314481998328,None,265.6825002999976,266.6738146999851,263.2239526999183,263.23142670001835,263.23142670001835,263.23142670001835,7.050018757581711e-05,264.6157376000192,2,1,1.3845248001161963,None,267.4656789000146,267.47309649991803,267.9646128998138,267.95694749988616,265.1080225999467,265.11459359992296,265.11459359992296,265.11459359992296,265.68244039989077,2,0.5657647999469191,None,266.6742288998794,266.6816834998317,266.6816834998317,266.6816834998317,266.6816834998317,,,,,267.46561279986054,1,1,267.95801559998654,267.9646128998138,267.9646128998138,267.9646128998138,268.3408411999699,2,0.37182459980249405,None,268.3408987999428,271.3318451999221,0.7752040000632405,None,,,,,,,,,,,,,,,,,,,,,,,,,202,1,short,A,2026-07-10_10h20.21.318,SBL_superimposed_retrieval,,2026.1.3,120.20155404525094,2026-07-10 10h20.21.740686 -0400,
0,15,15,0,stimuli/scenes/scene_J1.jpg,Jungle,Negvi,stimuli/items/undersea_animal_3.png,Undersea,animal,si,None,2,1,0.8759161001071334,None,1,0.6613724001217633,None,1,0,1,0.28320199996232986,None,0.4826040000189096,None,0,0,0,0,0,15,15,15,,,,,271.3634361999575,,,,,,,,,,,,,,,,,,,,,,,,,,,,,,,,,,,,,,,,,,,,271.36051399982534,271.3634361999575,275.34837349993177,None,278.3911762998905,279.3821611998137,276.34074579994194,276.34830289985985,276.34830289985985,276.34830289985985,-0.00011039990931749344,277.2237112999428,2,1,0.8759161001071334,None,279.8739794997964,279.8817443998996,280.37327689980157,280.3658184998203,277.7160816998221,277.7234230998438,277.7234230998438,277.7234230998438,278.39111429988407,1,0.6613724001217633,None,279.3825764998328,279.3900869998615,279.3900869998615,279.3900869998615,279.3900869998615,,,,,279.87391449999996,1,0,280.36673769983463,280.37327689980157,280.37327689980157,280.37327689980157,280.6576152998023,1,0.28320199996232986,None,280.65767279989086,283.649211099837,0.4826040000189096,None,,,,,,,,,,,,,,,,,,,,,,,,,202,1,short,A,2026-07-10_10h20.21.318,SBL_superimposed_retrieval,,2026.1.3,120.20155404525094,2026-07-10 10h20.21.740686 -0400,
0,16,16,0,stimuli/scenes/scene_U2.jpg,Undersea,Malbow,stimuli/items/jungle_object_14.png,Jungle,object,si,None,1,1,0.44658710015937686,None,2,0.7599003999494016,None,2,1,2,0.30639049992896616,None,0.8670275001786649,None,0,0,0,0,0,16,16,16,,,,,283.67510989983566,,,,,,,,,,,,,,,,,,,,,,,,,,,,,,,,,,,,,,,,,,,,283.67260319995694,283.67510989983566,287.66532309981994,None,290.3745820999611,291.36541709979065,288.6580020999536,288.6652931999415,288.6652931999415,288.6652931999415,0.0003715998027473688,289.10742739983834,1,1,0.44658710015937686,None,292.2496076999232,292.2572716998402,292.7502942997962,292.740866499953,289.6016472999472,289.6085482998751,289.6085482998751,289.6085482998751,290.37452199985273,2,0.7599003999494016,None,291.36988119990565,291.37365129985847,291.37365129985847,291.37365129985847,291.37365129985847,,,,,292.24954320001416,2,1,292.7433803000022,292.7502942997962,292.7502942997962,292.7502942997962,293.05779559980147,2,0.30639049992896616,None,293.0578521999996,296.0491413997952,0.8670275001786649,None,,,,,,,,,,,,,,,,,,,,,,,,,202,1,short,A,2026-07-10_10h20.21.318,SBL_superimposed_retrieval,,2026.1.3,120.20155404525094,2026-07-10 10h20.21.740686 -0400,
0,17,17,0,stimuli/scenes/scene_J2.jpg,Jungle,Somar,stimuli/items/undersea_object_10.png,Undersea,object,si,None,1,0,2.287834699964151,None,1,0.27937300014309585,None,1,1,1,0.2614555999170989,None,0.6287533000577241,None,0,0,0,0,0,17,17,17,,,,,296.07253609993495,,,,,,,,,,,,,,,,,,,,,,,,,,,,,,,,,,,,,,,,,,,,296.0703103998676,296.07253609993495,300.05763289984316,None,304.13339530001394,305.12433000002056,301.0497653000057,301.05700259981677,301.05700259981677,301.05700259981677,-0.0007740999571979046,303.3496512998827,1,0,2.287834699964151,None,305.76640199986286,305.77394029987045,306.2669027999509,306.2573164999485,303.8419047999196,303.8487052000128,303.8487052000128,303.8487052000128,304.1333399999421,1,0.27937300014309585,None,305.12845359998755,305.13177310000174,305.13177310000174,305.13177310000174,305.13177310000174,,,,,305.7663380999584,1,1,306.2596666999161,306.2669027999509,306.2669027999509,306.2669027999509,306.5329383998178,1,0.2614555999170989,None,306.53299320000224,309.5242091999389,0.6287533000577241,None,300.0657249998767,,,,,,,,,,,,,,,,,,,,,,,,202,1,short,A,2026-07-10_10h20.21.318,SBL_superimposed_retrieval,,2026.1.3,120.20155404525094,2026-07-10 10h20.21.740686 -0400,
0,18,18,0,stimuli/scenes/scene_J1.jpg,Jungle,Negvi,stimuli/items/jungle_object_5.png,Jungle,object,sc,None,2,1,0.79505670000799,None,3,1.1425780998542905,None,2,1,3,0.5471258000470698,None,0.6259234000463039,None,0,0,0,0,0,18,18,18,,,,,309.5543114999309,,,,,,,,,,,,,,,,,,,,,,,,,,,,,,,,,,,,,,,,,,,,309.5517633999698,309.5543114999309,313.5409188999329,None,316.98312899982557,317.97436159988865,314.533577399794,314.5406894998159,314.5406894998159,314.5406894998159,0.0006261998787522316,315.33348489995115,2,1,0.79505670000799,None,318.6165506998077,318.6240718998015,319.117197799962,319.1076111998409,315.8270464998204,315.83404829981737,315.83404829981737,315.83404829981737,316.9830696999561,3,1.1425780998542905,None,317.9748939999845,317.9824347998947,317.9824347998947,317.9824347998947,317.9824347998947,,,,,318.61648650001734,2,1,319.1100054997951,319.117197799962,319.117197799962,319.117197799962,319.66650729998946,3,0.5471258000470698,None,319.66656499984674,322.65824829996563,0.6259234000463039,None,,,,,,,,,,,,,,,,,,,,,,,,,202,1,short,A,2026-07-10_10h20.21.318,SBL_superimposed_retrieval,,2026.1.3,120.20155404525094,2026-07-10 10h20.21.740686 -0400,
0,19,19,0,stimuli/scenes/scene_J2.jpg,Jungle,Somar,stimuli/items/undersea_animal_19.png,Undersea,animal,si,None,2,1,1.6141849998384714,None,1,0.37757450016215444,None,1,1,1,0.2627346001099795,None,0.3542814999818802,None,0,0,0,0,0,19,19,19,,,,,322.67380539979786,,,,,,,,,,,,,,,,,,,,,,,,,,,,,,,,,,,,,,,,,,,,322.6715318998322,322.67380539979786,326.6579481998924,None,330.16674919985235,331.15790559980087,327.6503020999953,327.65768139995635,327.65768139995635,327.65768139995635,-0.00048719998449087143,329.2832364998758,2,1,1.6141849998384714,None,331.5255910998676,331.53272349992767,332.0259253999684,332.01650469982997,329.77530310000293,329.78240449982695,329.78240449982695,329.78240449982695,330.166691099992,1,0.37757450016215444,None,331.15833409992047,331.16592899989337,331.16592899989337,331.16592899989337,331.16592899989337,,,,,331.52552649984136,1,1,332.0191539998632,332.0259253999684,332.0259253999684,332.0259253999684,332.29178539989516,1,0.2627346001099795,None,332.29184079985134,335.2830366999842,0.3542814999818802,None,326.6662101999391,,,,,,,,,,,,,,,,,,,,,,,,202,1,short,A,2026-07-10_10h20.21.318,SBL_superimposed_retrieval,,2026.1.3,120.20155404525094,2026-07-10 10h20.21.740686 -0400,
1,0,0,0,stimuli/scenes/scene_U2.jpg,Undersea,Malbow,stimuli/items/undersea_object_20.png,Undersea,object,sc,None,1,1,0.9809972001239657,None,2,0.6655294999945909,None,1,0,2,0.2604688999708742,None,0.943711900152266,None,0,1,1,1,0,0,0,0,0,0,0,0,338.30345579981804,,,,,,,,,,,,,,,,,,,,,,,,,,,,,,,,,,,,,,,,,,338.25945679983124,338.2596779000014,338.30069179995917,338.30345579981804,342.2660619998351,None,345.4172928999178,346.40880919992924,343.2589034999255,343.26622049999423,343.26622049999423,343.26622049999423,-0.0007586998399347067,344.2415807999205,1,1,0.9809972001239657,None,347.3673599998001,347.3747444998007,347.86746619991027,347.85806619981304,344.7361647998914,344.7430314999074,344.7430314999074,344.7430314999074,345.41723559983075,2,0.6655294999945909,None,346.41312569985166,346.4168335997965,346.4168335997965,346.4168335997965,346.4168335997965,,,,,347.3672874998301,1,0,347.8606070999522,347.86746619991027,347.86746619991027,347.86746619991027,348.1337895998731,2,0.2604688999708742,None,348.1338506999891,351.12485889997333,0.943711900152266,None,,335.28562799980864,335.28584609995596,335.2860493999906,335.291436499916,336.2827704998199,338.25814659986645,space,1.973307500127703,None,,,,,,,,,,,,,,,202,1,short,A,2026-07-10_10h20.21.318,SBL_superimposed_retrieval,,2026.1.3,120.20155404525094,2026-07-10 10h20.21.740686 -0400,
1,1,1,0,stimuli/scenes/scene_J1.jpg,Jungle,Negvi,stimuli/items/jungle_animal_10.png,Jungle,animal,sc,None,2,1,0.7301762001588941,None,3,0.5997518000658602,None,2,1,3,0.2765468000434339,None,0.5777414001058787,None,0,1,1,1,0,1,1,1,,,,,351.1558044999838,,,,,,,,,,,,,,,,,,,,,,,,,,,,,,,,,,,,,,,,,,,,351.1534724999219,351.1558044999838,355.1411504999269,None,357.9756548998412,358.96702699991874,356.13397059985436,356.14142180001363,356.14142180001363,356.14142180001363,0.00016329996287822723,356.8671180999372,2,1,0.7301762001588941,None,359.55874489992857,359.5667572999373,360.0595139998477,360.0502683999948,357.3618167999666,357.3685928999912,357.3685928999912,357.3685928999912,357.9755970998667,3,0.5997518000658602,None,358.97125479998067,358.9745989998337,358.9745989998337,358.9745989998337,358.9745989998337,,,,,359.55868179979734,2,1,360.05263769999146,360.0595139998477,360.0595139998477,360.0595139998477,360.34228260000236,3,0.2765468000434339,None,360.3423391999677,363.3338846999686,0.5777414001058787,None,,,,,,,,,,,,,,,,,,,,,,,,,202,1,short,A,2026-07-10_10h20.21.318,SBL_superimposed_retrieval,,2026.1.3,120.20155404525094,2026-07-10 10h20.21.740686 -0400,
1,2,2,0,stimuli/scenes/scene_J1.jpg,Jungle,Negvi,stimuli/items/jungle_object_20.png,Jungle,object,sc,None,2,1,0.6188171000685543,None,2,0.8061521998606622,None,2,1,3,0.2793727999087423,None,0.6607774998992682,None,0,1,1,1,0,2,2,2,,,,,363.3508516999427,,,,,,,,,,,,,,,,,,,,,,,,,,,,,,,,,,,,,,,,,,,,363.3483746999409,363.3508516999427,367.3340678999666,None,370.2760280999355,371.2673016998451,368.3259805999696,368.3334539998323,368.3334539998323,368.3334539998323,-0.0006273000035434961,368.96734239999205,2,1,0.6188171000685543,None,371.9422606998123,371.9501441998873,372.4414100998547,372.4338907999918,369.4597868998535,369.4664554998744,369.4664554998744,369.4664554998744,370.27596919983625,2,0.8061521998606622,None,371.26771999988705,371.2752855999861,371.2752855999861,371.2752855999861,371.2752855999861,,,,,371.94219679990783,2,1,372.43480649986304,372.4414100998547,372.4414100998547,372.4414100998547,372.72608920000494,3,0.2793727999087423,None,372.7261466998607,375.71739019989036,0.6607774998992682,None,367.3417662999127,,,,,,,,,,,,,,,,,,,,,,,,202,1,short,A,2026-07-10_10h20.21.318,SBL_superimposed_retrieval,,2026.1.3,120.20155404525094,2026-07-10 10h20.21.740686 -0400,
1,3,3,0,stimuli/scenes/scene_U1.jpg,Undersea,Tulon,stimuli/items/undersea_animal_7.png,Undersea,animal,sc,None,1,1,0.5860968001652509,None,3,0.7261985000222921,None,1,1,3,0.34260270022787154,None,0.5620158000383526,None,0,1,1,1,0,3,3,3,,,,,375.74453369993716,,,,,,,,,,,,,,,,,,,,,,,,,,,,,,,,,,,,,,,,,,,,375.74230949999765,375.74453369993716,379.7337694999296,None,382.551490199985,383.54230239987373,380.72623009979725,380.7335669999011,380.7335669999011,380.7335669999011,0.00012740003876388073,381.31771759991534,1,1,0.5860968001652509,None,384.1177891998086,384.1249910998158,384.6180994999595,384.6088715000078,381.81163849984296,381.81862289994024,381.81862289994024,381.81862289994024,382.55143129988573,3,0.7261985000222921,None,383.5466738999821,383.54994719987735,383.54994719987735,383.54994719987735,383.54994719987735,,,,,384.1177275998052,1,1,384.6112387999892,384.6180994999595,384.6180994999595,384.6180994999595,384.96774699981324,3,0.34260270022787154,None,384.9678026000038,387.95908089983277,0.5620158000383526,None,,,,,,,,,,,,,,,,,,,,,,,,,202,1,short,A,2026-07-10_10h20.21.318,SBL_superimposed_retrieval,,2026.1.3,120.20155404525094,2026-07-10 10h20.21.740686 -0400,
1,4,4,0,stimuli/scenes/scene_U1.jpg,Undersea,Tulon,stimuli/items/undersea_animal_9.png,Undersea,animal,sc,None,1,1,0.568524899892509,None,2,0.3588255001232028,None,1,1,1,0.8891288000158966,None,0.47229569987393916,None,0,1,1,1,0,4,4,4,,,,,387.9906386998482,,,,,,,,,,,,,,,,,,,,,,,,,,,,,,,,,,,,,,,,,,,,387.98849989986047,387.9906386998482,391.9757363998797,None,394.40170059981756,395.3927263999358,392.9678344000131,392.9754519998096,392.9754519998096,392.9754519998096,7.409998215734959e-05,393.5425917999819,1,1,0.568524899892509,None,395.8765638999175,395.8837190999184,396.37516229995526,396.36737159988843,394.0351005999837,394.04180229990743,394.04180229990743,394.04180229990743,394.4016443998553,2,0.3588255001232028,None,395.393134099897,395.4004756999202,395.4004756999202,395.4004756999202,395.4004756999202,,,,,395.87649909988977,1,1,396.36826099990867,396.37516229995526,396.37516229995526,396.37516229995526,397.26796219986863,1,0.8891288000158966,None,397.26802089996636,400.25928729982115,0.47229569987393916,None,,,,,,,,,,,,,,,,,,,,,,,,,202,1,short,A,2026-07-10_10h20.21.318,SBL_superimposed_retrieval,,2026.1.3,120.20155404525094,2026-07-10 10h20.21.740686 -0400,
1,5,5,0,stimuli/scenes/scene_U2.jpg,Undersea,Malbow,stimuli/items/jungle_object_3.png,Jungle,object,si,None,1,1,0.5408158001955599,None,2,0.5866539999842644,None,2,1,2,0.24656589981168509,None,0.7717785998247564,None,0,1,1,1,0,5,5,5,,,,,400.28328139986843,,,,,,,,,,,,,,,,,,,,,,,,,,,,,,,,,,,,,,,,,,,,400.281033199979,400.28328139986843,404.2675532998983,None,406.90177310002036,407.8926708998624,405.2598237998318,405.2676064998377,405.2676064998377,405.2676064998377,-0.00033900002017617226,405.80958469980396,1,1,0.5408158001955599,None,408.67626929981634,408.6841116999276,409.17759560002014,409.16750959982164,406.30231189983897,406.3094295999035,406.3094295999035,406.3094295999035,406.9017149999272,2,0.5866539999842644,None,407.8930879998952,407.90047529991716,407.90047529991716,407.90047529991716,407.90047529991716,,,,,408.6761953998357,2,1,409.17029949999414,409.17759560002014,409.17759560002014,409.17759560002014,409.4266921998933,2,0.24656589981168509,None,409.4267461998388,412.41764539992437,0.7717785998247564,None,404.27570719993673,,,,,,,,,,,,,,,,,,,,,,,,202,1,short,A,2026-07-10_10h20.21.318,SBL_superimposed_retrieval,,2026.1.3,120.20155404525094,2026-07-10 10h20.21.740686 -0400,
1,6,6,0,stimuli/scenes/scene_U1.jpg,Undersea,Tulon,stimuli/items/undersea_animal_13.png,Undersea,animal,sc,None,1,1,0.5091531001962721,None,2,0.5505792000330985,None,2,0,2,0.44145999988541007,None,0.4718121998012066,None,0,1,1,1,0,6,6,6,,,,,412.4471363998018,,,,,,,,,,,,,,,,,,,,,,,,,,,,,,,,,,,,,,,,,,,,412.444868999999,412.4471363998018,416.43426959984936,None,418.9938150998205,419.98461469984613,417.4271076999139,417.433970999904,417.433970999904,417.433970999904,0.0004037001635879278,417.94307999988087,1,1,0.5091531001962721,None,420.46827670000494,420.47586459992453,420.9672202998772,420.95950709981844,418.43521319981664,418.4422724000178,418.4422724000178,418.4422724000178,418.99375779996626,2,0.5505792000330985,None,419.98504079994746,419.99264139984734,419.99264139984734,419.99264139984734,419.99264139984734,,,,,420.4682128999848,2,0,420.9604101998266,420.9672202998772,420.9672202998772,420.9672202998772,421.41021349979565,2,0.44145999988541007,None,421.4102698999923,424.40187009982765,0.4718121998012066,None,,,,,,,,,,,,,,,,,,,,,,,,,202,1,short,A,2026-07-10_10h20.21.318,SBL_superimposed_retrieval,,2026.1.3,120.20155404525094,2026-07-10 10h20.21.740686 -0400,
1,7,7,0,stimuli/scenes/scene_J1.jpg,Jungle,Negvi,stimuli/items/jungle_animal_5.png,Jungle,animal,sc,None,1,0,0.4621653000358492,None,2,0.2658591999206692,None,2,1,1,0.34657990001142025,None,1.5581992999650538,None,0,1,1,1,0,7,7,7,,,,,424.42924649990164,,,,,,,,,,,,,,,,,,,,,,,,,,,,,,,,,,,,,,,,,,,,424.4265754998196,424.42924649990164,428.4180053998716,None,430.64399779983796,431.63489250000566,429.41051389998756,429.4176727000158,429.4176727000158,429.4176727000158,0.00028600008226931095,429.8771305999253,1,0,0.4621653000358492,None,433.2020680999849,433.2095367999282,433.70226980000734,433.69301049993373,430.3693429999985,430.3758320999332,430.3758320999332,430.3758320999332,430.64394139987417,2,0.2658591999206692,None,431.6391117000021,431.64253089996055,431.64253089996055,431.64253089996055,431.64253089996055,,,,,433.2020026999526,2,1,433.6954319998622,433.70226980000734,433.70226980000734,433.70226980000734,434.051904699998,1,0.34657990001142025,None,434.0519635998644,437.0432904998306,1.5581992999650538,None,,,,,,,,,,,,,,,,,,,,,,,,,202,1,short,A,2026-07-10_10h20.21.318,SBL_superimposed_retrieval,,2026.1.3,120.20155404525094,2026-07-10 10h20.21.740686 -0400,
1,8,8,0,stimuli/scenes/scene_J2.jpg,Jungle,Somar,stimuli/items/jungle_object_12.png,Jungle,object,sc,None,2,1,0.6838502001482993,None,3,0.7075398000888526,None,1,1,3,0.35967490007169545,None,0.6887378001119941,None,0,1,1,1,0,8,8,8,,,,,437.08753829984926,,,,,,,,,,,,,,,,,,,,,,,,,,,,,,,,,,,,,,,,,,,,437.08533729985356,437.08753829984926,441.0595791998785,None,443.9606760998722,444.95184240001254,442.05261519993655,442.05981689994223,442.05981689994223,442.05981689994223,0.0006947999354451895,442.74362659989856,2,1,0.6838502001482993,None,445.65246439981274,445.6596805998124,446.15267009986565,446.1432147999294,443.23752019996755,443.2443371999543,443.2443371999543,443.2443371999543,443.9606209998019,3,0.7075398000888526,None,444.9522406999022,444.95964779984206,444.95964779984206,444.95964779984206,444.95964779984206,,,,,445.65239889989607,1,1,446.14561539981514,446.15267009986565,446.15267009986565,446.15267009986565,446.51874019997194,3,0.35967490007169545,None,446.51879449980333,449.5098495997954,0.6887378001119941,None,,,,,,,,,,,,,,,,,,,,,,,,,202,1,short,A,2026-07-10_10h20.21.318,SBL_superimposed_retrieval,,2026.1.3,120.20155404525094,2026-07-10 10h20.21.740686 -0400,
1,9,9,0,stimuli/scenes/scene_U2.jpg,Undersea,Malbow,stimuli/items/undersea_object_16.png,Undersea,object,sc,None,1,1,0.9226031999569386,None,3,0.35904900007881224,None,2,1,3,0.3631579999346286,None,0.6582881000358611,None,0,1,1,1,0,9,9,9,,,,,449.53447279985994,,,,,,,,,,,,,,,,,,,,,,,,,,,,,,,,,,,,,,,,,,,,449.53190299985,449.53447279985994,453.51836479990743,None,456.3111244000029,457.301602399908,454.51086329994723,454.5181972999126,454.5181972999126,454.5181972999126,-0.0005141999572515488,455.4438306998927,1,1,0.9226031999569386,None,457.96896869991906,457.97653829981573,458.46972289984114,458.46019139979035,455.93822369980626,455.94515169993974,455.94515169993974,455.94515169993974,456.31106909993105,3,0.35904900007881224,None,457.3059042999521,457.3098081999924,457.3098081999924,457.3098081999924,457.3098081999924,,,,,457.9689062999096,2,1,458.4627876000013,458.46972289984114,458.46972289984114,458.46972289984114,458.8356737999711,3,0.3631579999346286,None,458.8357270997949,461.8269826998003,0.6582881000358611,None,453.5265108998865,,,,,,,,,,,,,,,,,,,,,,,,202,1,short,A,2026-07-10_10h20.21.318,SBL_superimposed_retrieval,,2026.1.3,120.20155404525094,2026-07-10 10h20.21.740686 -0400,
1,10,10,0,stimuli/scenes/scene_J1.jpg,Jungle,Negvi,stimuli/items/undersea_object_15.png,Undersea,object,si,None,2,1,0.5720084998756647,None,3,0.39277049992233515,None,2,1,3,0.26175049995072186,None,0.7707947001326829,None,0,1,1,1,0,10,10,10,,,,,461.9371664999053,,,,,,,,,,,,,,,,,,,,,,,,,,,,,,,,,,,,,,,,,,,,461.93374629993923,461.9371664999053,465.84366859984584,None,468.31099509983324,469.3023674997967,466.8364235998597,466.8434470000211,466.8434470000211,466.8434470000211,0.0007384000346064568,467.4106413999107,2,1,0.5720084998756647,None,470.0857059999835,470.09349549980834,470.5867743999697,470.57739959983155,467.9048036998138,467.91168689983897,467.91168689983897,467.91168689983897,468.31093899998814,3,0.39277049992233515,None,469.30662209982984,469.3099014000036,469.3099014000036,469.3099014000036,469.3099014000036,,,,,470.0856414998416,2,1,470.57981689996086,470.5867743999697,470.5867743999697,470.5867743999697,470.85288029978983,3,0.26175049995072186,None,470.8529347998556,473.84390349988826,0.7707947001326829,None,,,,,,,,,,,,,,,,,,,,,,,,,202,1,short,A,2026-07-10_10h20.21.318,SBL_superimposed_retrieval,,2026.1.3,120.20155404525094,2026-07-10 10h20.21.740686 -0400,
1,11,11,0,stimuli/scenes/scene_J1.jpg,Jungle,Negvi,stimuli/items/undersea_animal_17.png,Undersea,animal,si,None,2,1,0.4123196001164615,None,2,0.2479503999929875,None,2,1,2,0.28039329987950623,None,1.8295579000841826,None,0,1,1,1,0,11,11,11,,,,,473.86764529999346,,,,,,,,,,,,,,,,,,,,,,,,,,,,,,,,,,,,,,,,,,,,473.86504169995897,473.86764529999346,477.8524044000078,None,480.01989099988714,481.01092789997347,478.8446945999749,478.85208909981884,478.85208909981884,478.85208909981884,-0.000714499969035387,479.2695062998682,2,1,0.4123196001164615,None,482.8528157998808,482.86033649998717,483.35182929993607,483.34416769980453,479.7613588999957,479.76850939984433,479.76850939984433,479.76850939984433,480.01983639993705,2,0.2479503999929875,None,481.0113360998221,481.01894139987417,481.01894139987417,481.01894139987417,481.01894139987417,,,,,482.85275059984997,2,1,483.3450745998416,483.35182929993607,483.35182929993607,483.35182929993607,483.6362635998521,2,0.28039329987950623,None,483.6363204999361,486.6277338999789,1.8295579000841826,None,477.8602814998012,,,,,,,,,,,,,,,,,,,,,,,,202,1,short,A,2026-07-10_10h20.21.318,SBL_superimposed_retrieval,,2026.1.3,120.20155404525094,2026-07-10 10h20.21.740686 -0400,
1,12,12,0,stimuli/scenes/scene_J2.jpg,Jungle,Somar,stimuli/items/jungle_object_7.png,Jungle,object,sc,None,2,1,0.4132491999771446,None,3,0.6170834000222385,None,1,1,3,0.36225000000558794,None,0.7920702998526394,None,0,1,1,1,0,12,12,12,,,,,486.6526918997988,,,,,,,,,,,,,,,,,,,,,,,,,,,,,,,,,,,,,,,,,,,,486.65042879991233,486.6526918997988,490.6359186999034,None,493.1701567999553,494.16110019991174,491.62807399989106,491.6356041999534,491.6356041999534,491.6356041999534,-0.000588499940931797,492.0531788999215,2,1,0.4132491999771446,None,494.9615588998422,494.9687693999149,495.4623475999106,495.4529755997937,492.54525309987366,492.5518906998914,492.5518906998914,492.5518906998914,493.1701020000037,3,0.6170834000222385,None,494.1615263998974,494.16875929990783,494.16875929990783,494.16875929990783,494.16875929990783,,,,,494.9614952998236,1,1,495.45541349984705,495.4623475999106,495.4623475999106,495.4623475999106,495.8284716999624,3,0.36225000000558794,None,495.828540999908,498.81954469997436,0.7920702998526394,None,490.6437782999128,,,,,,,,,,,,,,,,,,,,,,,,202,1,short,A,2026-07-10_10h20.21.318,SBL_superimposed_retrieval,,2026.1.3,120.20155404525094,2026-07-10 10h20.21.740686 -0400,
1,13,13,0,stimuli/scenes/scene_J1.jpg,Jungle,Negvi,stimuli/items/undersea_object_18.png,Undersea,object,si,None,2,1,1.061277899891138,None,1,0.42199349985457957,None,2,1,1,0.2588171998504549,None,0.7086722999811172,None,0,1,1,1,0,13,13,13,,,,,498.8405127997976,,,,,,,,,,,,,,,,,,,,,,,,,,,,,,,,,,,,,,,,,,,,498.83790809987113,498.8405127997976,502.8278323998675,None,505.8289222000167,506.8196066999808,503.8200906999409,503.8273736999836,503.8273736999836,503.8273736999836,0.00714859995059669,504.9032641998492,2,1,1.061277899891138,None,507.5447039999999,507.5525091998279,508.045368099818,508.0361362998374,505.39509279979393,505.40212619979866,505.40212619979866,505.40212619979866,505.8288651998155,1,0.42199349985457957,None,506.8200228998903,506.82745879981667,506.82745879981667,506.82745879981667,506.82745879981667,,,,,507.5446413999889,2,1,508.03861059993505,508.045368099818,508.045368099818,508.045368099818,508.3114189999178,1,0.2588171998504549,None,508.31147759989835,511.3030616999604,0.7086722999811172,None,502.83581499988213,,,,,,,,,,,,,,,,,,,,,,,,202,1,short,A,2026-07-10_10h20.21.318,SBL_superimposed_retrieval,,2026.1.3,120.20155404525094,2026-07-10 10h20.21.740686 -0400,
1,14,14,0,stimuli/scenes/scene_U1.jpg,Undersea,Tulon,stimuli/items/jungle_animal_20.png,Jungle,animal,si,None,1,1,0.7282016000244766,None,2,0.26192309986799955,None,2,0,2,0.24261429999023676,None,0.7250581998378038,None,0,1,1,1,0,14,14,14,,,,,511.33473789994605,,,,,,,,,,,,,,,,,,,,,,,,,,,,,,,,,,,,,,,,,,,,511.33209709986113,511.33473789994605,515.3194343999494,None,517.8118237999734,518.8031932997983,516.3122127999086,516.3192047998309,516.3192047998309,516.3192047998309,0.0007801998872309923,517.045182999922,1,1,0.7282016000244766,None,519.5449179999996,519.5527194999158,520.0455373998266,520.036053400021,517.5391480999533,517.5460837997962,517.5460837997962,517.5460837997962,517.8117688999046,2,0.26192309986799955,None,518.808033999987,518.8113410999067,518.8113410999067,518.8113410999067,518.8113410999067,,,,,519.5448511999566,2,0,520.0385886000004,520.0455373998266,520.0455373998266,520.0455373998266,520.2953232999425,2,0.24261429999023676,None,520.2953782998957,523.2863286999054,0.7250581998378038,None,,,,,,,,,,,,,,,,,,,,,,,,,202,1,short,A,2026-07-10_10h20.21.318,SBL_superimposed_retrieval,,2026.1.3,120.20155404525094,2026-07-10 10h20.21.740686 -0400,
1,15,15,0,stimuli/scenes/scene_U1.jpg,Undersea,Tulon,stimuli/items/jungle_object_2.png,Jungle,object,si,None,1,1,0.6418550000526011,None,2,0.5723113000858575,None,1,1,1,0.24519549985416234,None,1.0285803999286145,None,0,1,1,1,0,15,15,15,,,,,523.3080726999324,,,,,,,,,,,,,,,,,,,,,,,,,,,,,,,,,,,,,,,,,,,,523.3058068999089,523.3080726999324,527.2948702999856,None,530.0205237998161,531.011532299919,528.2870341998059,528.2942528999411,528.2942528999411,528.2942528999411,0.007316699950024486,528.945299499901,1,1,0.6418550000526011,None,532.0535810999572,532.061262199888,532.5548850998748,532.5452804998495,529.4372276000213,529.4442083998583,529.4442083998583,529.4442083998583,530.0204483999405,2,0.5723113000858575,None,531.0119788998272,531.0194966997951,531.0194966997951,531.0194966997951,531.0194966997951,,,,,532.0535081999842,1,1,532.5480463998392,532.5548850998748,532.5548850998748,532.5548850998748,532.8038609998766,1,0.24519549985416234,None,532.8039208999835,535.7948244998697,1.0285803999286145,None,527.3027653999161,,,,,,,,,,,,,,,,,,,,,,,,202,1,short,A,2026-07-10_10h20.21.318,SBL_superimposed_retrieval,,2026.1.3,120.20155404525094,2026-07-10 10h20.21.740686 -0400,
1,16,16,0,stimuli/scenes/scene_U2.jpg,Undersea,Malbow,stimuli/items/jungle_animal_4.png,Jungle,animal,si,None,1,1,0.9891961000394076,None,3,1.1932613998651505,None,2,1,2,0.7130231999326497,None,0.48187520005740225,None,0,1,1,1,0,16,16,16,,,,,535.815466,,,,,,,,,,,,,,,,,,,,,,,,,,,,,,,,,,,,,,,,,,,,535.813259499846,535.815466,539.8033243999816,None,543.4956729998812,544.486482599983,540.795449799858,540.803035199875,540.803035199875,540.803035199875,-0.0007980000227689743,541.7952713000122,1,1,0.9891961000394076,None,544.9786111998837,544.9862339999527,545.4793910998851,545.4698665000033,542.2877526998054,542.2947408999316,542.2947408999316,542.2947408999316,543.4956125000026,3,1.1932613998651505,None,544.4869199998211,544.49453669996,544.49453669996,544.49453669996,544.49453669996,,,,,544.9785445998423,2,1,545.4725738998968,545.4793910998851,545.4793910998851,545.4793910998851,546.1956531999167,2,0.7130231999326497,None,546.1957119000144,549.1866199998185,0.48187520005740225,None,539.8113138999324,,,,,,,,,,,,,,,,,,,,,,,,202,1,short,A,2026-07-10_10h20.21.318,SBL_superimposed_retrieval,,2026.1.3,120.20155404525094,2026-07-10 10h20.21.740686 -0400,
1,17,17,0,stimuli/scenes/scene_U1.jpg,Undersea,Tulon,stimuli/items/jungle_object_13.png,Jungle,object,si,None,1,1,0.4939264999702573,None,2,0.7102991999126971,None,None,0,1,0.8816627999767661,None,,,0,1,1,1,0,17,17,17,,,,,549.2044310998172,,,,,,,,,,,,,,,,,,,,,,,,,,,,,,,,,,,,,,,,,,,,549.2022839998826,549.2044310998172,553.1950664999895,None,555.9125226999167,556.9034051999915,554.1873637998942,554.194736899808,554.194736899808,554.194736899808,-0.000896400073543191,554.6953828998376,1,1,0.4939264999702573,None,559.3952456999104,559.4031680999324,559.8949277999345,559.8869546998758,555.1875642999075,555.1946169999428,555.1946169999428,555.1946169999428,555.9124650999438,2,0.7102991999126971,None,556.9038327999879,556.9115791998338,556.9115791998338,556.9115791998338,556.9115791998338,559.4031680999324,559.4031680999324,559.4031680999324,559.4031680999324,559.3951951998752,None,0,559.8899681000039,559.9031750999857,559.9031750999857,559.9031750999857,560.7876347999554,1,0.8816627999767661,None,560.7876955999527,563.7785240998492,,,553.2032023000065,,,,,,,,,,,,,,,,,,,,,,,,202,1,short,A,2026-07-10_10h20.21.318,SBL_superimposed_retrieval,,2026.1.3,120.20155404525094,2026-07-10 10h20.21.740686 -0400,
1,18,18,0,stimuli/scenes/scene_U2.jpg,Undersea,Malbow,stimuli/items/jungle_object_19.png,Jungle,object,si,None,1,1,0.5410609999671578,None,3,0.355875400127843,None,2,1,1,0.24452419998124242,None,0.8853170000948012,None,0,1,1,1,0,18,18,18,,,,,563.8050008998252,,,,,,,,,,,,,,,,,,,,,,,,,,,,,,,,,,,,,,,,,,,,563.8027460998856,563.8050008998252,567.7952809999697,None,570.1960817999206,571.1869992997963,568.787587299943,568.7949124998413,568.7949124998413,568.7949124998413,-6.230012513697147e-05,569.3372527998872,1,1,0.5410609999671578,None,572.0874752998352,572.0950829999056,572.5878626999911,572.5786472000182,569.8294430999085,569.8365131998435,569.8365131998435,569.8365131998435,570.1960235999431,3,0.355875400127843,None,571.187432799954,571.1950786998495,571.1950786998495,571.1950786998495,571.1950786998495,,,,,572.0874079999048,2,1,572.581251999829,572.5878626999911,572.5878626999911,572.5878626999911,572.8377690999769,1,0.24452419998124242,None,572.8378275998402,575.8286897998769,0.8853170000948012,None,,,,,,,,,,,,,,,,,,,,,,,,,202,1,short,A,2026-07-10_10h20.21.318,SBL_superimposed_retrieval,,2026.1.3,120.20155404525094,2026-07-10 10h20.21.740686 -0400,
1,19,19,0,stimuli/scenes/scene_J2.jpg,Jungle,Somar,stimuli/items/jungle_animal_17.png,Jungle,animal,sc,None,2,1,0.8264669999480247,None,3,0.340683699818328,None,1,1,3,0.2642510000150651,None,1.056184499990195,None,0,1,1,1,0,19,19,19,,,,,575.8651707998943,,,,,,,,,,,,,,,,,,,,,,,,,,,,,,,,,,,,,,,,,,,,575.862827999983,575.8651707998943,579.8455513999797,None,582.5212798998691,583.512109000003,580.8379351999611,580.8452688998077,580.8452688998077,580.8452688998077,0.00015210011042654514,581.6709719998762,2,1,0.8264669999480247,None,584.5794055999722,584.5871070998255,585.080061199842,585.0706609999761,582.1649461998604,582.1718049999326,582.1718049999326,582.1718049999326,582.5212193999905,3,0.340683699818328,None,583.5163740999997,583.520139799919,583.520139799919,583.520139799919,583.520139799919,,,,,584.5793407999445,1,1,585.0731466999277,585.080061199842,585.080061199842,585.080061199842,585.3462669998407,3,0.2642510000150651,None,585.3463295998517,588.3372758999467,1.056184499990195,None,,,,,,,,,,,,,,,,,,,,,,,,,202,1,short,A,2026-07-10_10h20.21.318,SBL_superimposed_retrieval,,2026.1.3,120.20155404525094,2026-07-10 10h20.21.740686 -0400,
2,0,0,0,stimuli/scenes/scene_U1.jpg,Undersea,Tulon,stimuli/items/undersea_object_11.png,Undersea,object,sc,None,1,1,1.368151499889791,None,1,0.30793979996815324,None,1,1,1,0.24862820003181696,None,0.272679700050503,None,0,2,2,2,0,0,0,0,0,0,0,0,655.3179854999762,,,,,,,,,,,,,,,,,,,,,,,,,,,,,,,,,,,,,,,,,,655.2734108997975,655.273636699887,655.3151840998325,655.3179854999762,659.2802064998541,None,662.4728991999291,663.4637307999656,660.2725517000072,660.2799050998874,660.2799050998874,660.2799050998874,0.006324999965727329,661.6557634999044,1,1,1.368151499889791,None,663.7474080999382,663.7550013998989,664.2479451999534,664.2387577998452,662.1496860999614,662.1567596998066,662.1567596998066,662.1567596998066,662.4728384998161,1,0.30793979996815324,None,663.4686191999353,663.4717911998741,663.4717911998741,663.4717911998741,663.4717911998741,,,,,663.7473395999987,1,1,664.2412272999063,664.2479451999534,664.2479451999534,664.2479451999534,664.4976605998818,1,0.24862820003181696,None,664.4977217998821,667.4887643998954,0.272679700050503,None,,588.339788199868,588.3401040998287,588.3403053998481,588.3452424998395,589.3369539999403,655.2724056998268,space,65.92739439988509,None,,,,,,,,,,,,,,,202,1,short,A,2026-07-10_10h20.21.318,SBL_superimposed_retrieval,,2026.1.3,120.20155404525094,2026-07-10 10h20.21.740686 -0400,
2,1,1,0,stimuli/scenes/scene_U2.jpg,Undersea,Malbow,stimuli/items/undersea_animal_12.png,Undersea,animal,sc,None,1,1,0.4146847000811249,None,2,0.2670923999976367,None,2,1,2,0.42666140012443066,None,0.4087497000582516,None,0,2,2,2,0,1,1,1,,,,,667.5145528998692,,,,,,,,,,,,,,,,,,,,,,,,,,,,,,,,,,,,,,,,,,,,667.5121176999528,667.5145528998692,671.5052218998317,None,673.6815340998583,674.6721965000033,672.49772019987,672.5051787998527,672.5051787998527,672.5051787998527,4.460010677576065e-05,672.9142245999537,1,1,0.4146847000811249,None,675.0895853999536,675.0968672998715,675.589898499893,675.5806997998152,673.4063843998592,673.413387299981,673.413387299981,673.413387299981,673.6814737999812,2,0.2670923999976367,None,674.6726477998309,674.6801141998731,674.6801141998731,674.6801141998731,674.6801141998731,,,,,675.089518299792,2,1,675.5832559999544,675.589898499893,675.589898499893,675.589898499893,676.0227715999354,2,0.42666140012443066,None,676.022830999922,679.0139822999481,0.4087497000582516,None,,,,,,,,,,,,,,,,,,,,,,,,,202,1,short,A,2026-07-10_10h20.21.318,SBL_superimposed_retrieval,,2026.1.3,120.20155404525094,2026-07-10 10h20.21.740686 -0400,
2,2,2,0,stimuli/scenes/scene_U1.jpg,Undersea,Tulon,stimuli/items/undersea_animal_10.png,Undersea,animal,sc,None,1,1,0.44173469999805093,None,3,0.3081688000820577,None,1,1,2,0.2828875998966396,None,0.7916407000739127,None,0,2,2,2,0,2,2,2,,,,,679.0296219999436,,,,,,,,,,,,,,,,,,,,,,,,,,,,,,,,,,,,,,,,,,,,679.0271585998125,679.0296219999436,683.0140567999333,None,685.2813943999354,686.2724821998272,684.0064779999666,684.0137933997903,684.0137933997903,684.0137933997903,-0.000589500181376934,684.4727341998369,1,1,0.44173469999805093,None,687.0728124999441,687.0805883000139,687.5734218999278,687.5641006999649,684.9649960999377,684.9719328999054,684.9719328999054,684.9719328999054,685.2813356998377,3,0.3081688000820577,None,686.2729140999727,686.2804206998553,686.2804206998553,686.2804206998553,686.2804206998553,,,,,687.0727442000061,1,1,687.5666467999108,687.5734218999278,687.5734218999278,687.5734218999278,687.864656599937,2,0.2828875998966396,None,687.8647159999236,690.8558201999404,0.7916407000739127,None,683.022378299851,,,,,,,,,,,,,,,,,,,,,,,,202,1,short,A,2026-07-10_10h20.21.318,SBL_superimposed_retrieval,,2026.1.3,120.20155404525094,2026-07-10 10h20.21.740686 -0400,
2,3,3,0,stimuli/scenes/scene_J2.jpg,Jungle,Somar,stimuli/items/undersea_object_6.png,Undersea,object,si,None,2,1,0.4236242000479251,None,3,0.2503527000080794,None,1,1,2,0.21706410008482635,None,0.8653305000625551,None,0,2,2,2,0,3,3,3,,,,,690.8904052998405,,,,,,,,,,,,,,,,,,,,,,,,,,,,,,,,,,,,,,,,,,,,690.8880452997983,690.8904052998405,694.8723704000004,None,697.048502399819,698.0393297998235,695.8647880998906,695.8721627998166,695.8721627998166,695.8721627998166,0.00011710007674992085,696.289628499886,2,1,0.4236242000479251,None,698.9150531999767,698.9221907998435,699.415272400016,699.4060709998012,696.783542299876,696.7903228998184,696.7903228998184,696.7903228998184,697.0484425998293,3,0.2503527000080794,None,698.0436551999301,698.0472055999562,698.0472055999562,698.0472055999562,698.0472055999562,,,,,698.9149878998287,1,1,699.4085072998423,699.415272400016,699.415272400016,699.415272400016,699.6400450000074,2,0.21706410008482635,None,699.6401040998753,702.6309997998178,0.8653305000625551,None,,,,,,,,,,,,,,,,,,,,,,,,,202,1,short,A,2026-07-10_10h20.21.318,SBL_superimposed_retrieval,,2026.1.3,120.20155404525094,2026-07-10 10h20.21.740686 -0400,
2,4,4,0,stimuli/scenes/scene_J2.jpg,Jungle,Somar,stimuli/items/undersea_animal_4.png,Undersea,animal,si,None,1,0,0.5376898001413792,None,1,0.2624983999412507,None,1,1,1,0.21278940001502633,None,0.29269860009662807,None,0,2,2,2,0,4,4,4,,,,,702.654346199939,,,,,,,,,,,,,,,,,,,,,,,,,,,,,,,,,,,,,,,,,,,,702.6520639997907,702.654346199939,706.6394874998368,None,708.9486628999002,709.939493799815,707.6317423,707.6390608998481,707.6390608998481,707.6390608998481,-0.0009643000084906816,708.1814248999581,1,0,0.5376898001413792,None,710.2482304999139,710.2559078999329,710.7474593999796,710.739665000001,708.6755101999734,708.6823319999967,708.6823319999967,708.6823319999967,708.9486035997979,1,0.2624983999412507,None,709.9399362998083,709.9475503999274,709.9475503999274,709.9475503999274,709.9475503999274,,,,,710.248152300017,1,1,710.7405732998159,710.7474593999796,710.7474593999796,710.7474593999796,710.9651845998596,1,0.21278940001502633,None,710.9652482999954,713.9562571998686,0.29269860009662807,None,706.647401999915,,,,,,,,,,,,,,,,,,,,,,,,202,1,short,A,2026-07-10_10h20.21.318,SBL_superimposed_retrieval,,2026.1.3,120.20155404525094,2026-07-10 10h20.21.740686 -0400,
2,5,5,0,stimuli/scenes/scene_U2.jpg,Undersea,Malbow,stimuli/items/jungle_object_11.png,Jungle,object,si,None,1,1,0.4124019998125732,None,2,0.2795544001273811,None,2,1,2,0.41879520006477833,None,1.0758128999732435,None,0,2,2,2,0,5,5,5,,,,,713.9755791998468,,,,,,,,,,,,,,,,,,,,,,,,,,,,,,,,,,,,,,,,,,,,713.9732791997958,713.9755791998468,717.9647016997915,None,720.1652937999461,721.1564790999983,718.9569593998604,718.9643098998349,718.9643098998349,718.9643098998349,-0.0008525000885128975,719.3817714999896,1,1,0.4124019998125732,None,722.2487617000006,722.2560174998362,722.7494481999893,722.7396713998169,719.8740077998955,719.8808587999083,719.8808587999083,719.8808587999083,720.1652341999579,2,0.2795544001273811,None,721.1610156998504,721.1642630000133,721.1642630000133,721.1642630000133,721.1642630000133,,,,,722.2486945998389,2,1,722.742243199842,722.7494481999893,722.7494481999893,722.7494481999893,723.1737469998188,2,0.41879520006477833,None,723.1738066999242,726.1649034998845,1.0758128999732435,None,717.9725927999243,,,,,,,,,,,,,,,,,,,,,,,,202,1,short,A,2026-07-10_10h20.21.318,SBL_superimposed_retrieval,,2026.1.3,120.20155404525094,2026-07-10 10h20.21.740686 -0400,
2,6,6,0,stimuli/scenes/scene_J2.jpg,Jungle,Somar,stimuli/items/undersea_animal_18.png,Undersea,animal,si,None,2,1,0.31578589999116957,None,2,0.6498528998345137,None,2,0,1,0.4411695001181215,None,0.44882050016894937,None,0,2,2,2,0,6,6,6,,,,,726.1892554999795,,,,,,,,,,,,,,,,,,,,,,,,,,,,,,,,,,,,,,,,,,,,726.1868900998961,726.1892554999795,730.1733169998042,None,732.6488413999323,733.640140199801,731.1657044999301,731.1728320999537,731.1728320999537,731.1728320999537,-0.000897000078111887,731.4903710000217,2,1,0.31578589999116957,None,734.098622799851,734.1062485999428,734.5990915999282,734.5899038999341,731.9841173000168,731.9908188998234,731.9908188998234,731.9908188998234,732.6487814998254,2,0.6498528998345137,None,733.6444554999471,733.6478251998778,733.6478251998778,733.6478251998778,733.6478251998778,,,,,734.0985528999008,2,0,734.592290099943,734.5990915999282,734.5990915999282,734.5990915999282,735.0491041999776,1,0.4411695001181215,None,735.0491628998425,738.0398812999483,0.44882050016894937,None,730.181169499876,,,,,,,,,,,,,,,,,,,,,,,,202,1,short,A,2026-07-10_10h20.21.318,SBL_superimposed_retrieval,,2026.1.3,120.20155404525094,2026-07-10 10h20.21.740686 -0400,
2,7,7,0,stimuli/scenes/scene_U2.jpg,Undersea,Malbow,stimuli/items/jungle_object_1.png,Jungle,object,si,None,1,1,0.5834596001077443,None,3,0.5619145000819117,None,1,0,2,0.30853360006585717,None,0.6780730998143554,None,0,2,2,2,0,7,7,7,,,,,738.0670656999573,,,,,,,,,,,,,,,,,,,,,,,,,,,,,,,,,,,,,,,,,,,,738.0649110998493,738.0670656999573,742.0566053998191,None,744.7076323998626,745.6984810999129,743.0491932998411,743.0565658998676,743.0565658998676,743.0565658998676,7.54999928176403e-05,743.6405226998031,1,1,0.5834596001077443,None,746.3908078998793,746.398302400019,746.8919358998537,746.8822579998523,744.1350863999687,744.1424072999507,744.1424072999507,744.1424072999507,744.7075720999856,3,0.5619145000819117,None,745.7029831998516,745.7065689999145,745.7065689999145,745.7065689999145,745.7065689999145,,,,,746.390737199923,1,0,746.884844899876,746.8919358998537,746.8919358998537,746.8919358998537,747.207462299848,2,0.30853360006585717,None,747.2075249999762,750.1987488998566,0.6780730998143554,None,,,,,,,,,,,,,,,,,,,,,,,,,202,1,short,A,2026-07-10_10h20.21.318,SBL_superimposed_retrieval,,2026.1.3,120.20155404525094,2026-07-10 10h20.21.740686 -0400,
2,8,8,0,stimuli/scenes/scene_J1.jpg,Jungle,Negvi,stimuli/items/jungle_object_17.png,Jungle,object,sc,None,2,1,0.488694200059399,None,3,0.3284833000507206,None,1,0,1,1.240896999835968,None,1.5567751999478787,None,0,2,2,2,0,8,8,8,,,,,750.2386843999848,,,,,,,,,,,,,,,,,,,,,,,,,,,,,,,,,,,,,,,,,,,,750.2360311998054,750.2386843999848,754.2149368999526,None,756.5327581998426,757.5236350998748,755.2074880998116,755.2148374998942,755.2148374998942,755.2148374998942,8.200062438845634e-06,755.6989922998473,2,1,0.488694200059399,None,759.0909990998916,759.0983841998968,759.5915649998933,759.5821338999085,756.1928822000045,756.1997888998594,756.1997888998594,756.1997888998594,756.5326977998484,3,0.3284833000507206,None,757.5278864998836,757.5315604999196,757.5315604999196,757.5315604999196,757.5315604999196,,,,,759.0909337999765,1,0,759.5846574997995,759.5915649998933,759.5915649998933,759.5915649998933,760.8409964998718,1,1.240896999835968,None,760.8410563999787,763.8322144998237,1.5567751999478787,None,,,,,,,,,,,,,,,,,,,,,,,,,202,1,short,A,2026-07-10_10h20.21.318,SBL_superimposed_retrieval,,2026.1.3,120.20155404525094,2026-07-10 10h20.21.740686 -0400,
2,9,9,0,stimuli/scenes/scene_J1.jpg,Jungle,Negvi,stimuli/items/jungle_animal_1.png,Jungle,animal,sc,None,2,1,0.5681584998965263,None,3,0.42132769990712404,None,2,1,2,0.2736750999465585,None,0.7088015999179333,None,0,2,2,2,0,9,9,9,,,,,763.8540635998361,,,,,,,,,,,,,,,,,,,,,,,,,,,,,,,,,,,,,,,,,,,,763.8518571997993,763.8540635998361,767.840751899872,None,770.3413662000094,771.3323807998095,768.8328070999123,768.8402215999085,768.8402215999085,768.8402215999085,-0.000754999928176403,769.4157806998119,2,1,0.5681584998965263,None,772.0575289998669,772.0651899999939,772.5583193998318,772.5490906999912,769.9080617998261,769.9151269998401,769.9151269998401,769.9151269998401,770.341307599796,3,0.42132769990712404,None,771.3328371997923,771.340193499811,771.340193499811,771.340193499811,771.340193499811,,,,,772.0574628999457,2,1,772.5515617998317,772.5583193998318,772.5583193998318,772.5583193998318,772.8330063999165,2,0.2736750999465585,None,772.8330668997951,775.8239026998635,0.7088015999179333,None,767.8487543999217,,,,,,,,,,,,,,,,,,,,,,,,202,1,short,A,2026-07-10_10h20.21.318,SBL_superimposed_retrieval,,2026.1.3,120.20155404525094,2026-07-10 10h20.21.740686 -0400,
2,10,10,0,stimuli/scenes/scene_U1.jpg,Undersea,Tulon,stimuli/items/undersea_object_19.png,Undersea,object,sc,None,1,1,0.44768320000730455,None,3,0.4249493000097573,None,1,1,2,0.3097360001411289,None,1.3445584999863058,None,0,2,2,2,0,10,10,10,,,,,775.9000722998753,,,,,,,,,,,,,,,,,,,,,,,,,,,,,,,,,,,,,,,,,,,,775.8964469998609,775.9000722998753,779.8403715998866,None,782.2164553999901,783.2076365998946,780.8328896998428,780.8404647998977,780.8404647998977,780.8404647998977,-0.00013160007074475288,781.2829385998193,1,1,0.44768320000730455,None,784.5661368998699,784.5741842999123,785.0668874999974,785.0573618998751,781.7769195998553,781.7837020999286,781.7837020999286,781.7837020999286,782.2163988999091,3,0.4249493000097573,None,783.2122267999221,783.2155372998677,783.2155372998677,783.2155372998677,783.2155372998677,,,,,784.5660714998376,1,1,785.0598633999471,785.0668874999974,785.0668874999974,785.0668874999974,785.383204099955,2,0.3097360001411289,None,785.3832608999219,788.374205699889,1.3445584999863058,None,,,,,,,,,,,,,,,,,,,,,,,,,202,1,short,A,2026-07-10_10h20.21.318,SBL_superimposed_retrieval,,2026.1.3,120.20155404525094,2026-07-10 10h20.21.740686 -0400,
2,11,11,0,stimuli/scenes/scene_J1.jpg,Jungle,Negvi,stimuli/items/undersea_animal_11.png,Undersea,animal,si,None,2,1,0.6024974999018013,None,3,0.3562568000052124,None,2,1,2,0.2624063999392092,None,1.6876989000011235,None,0,2,2,2,0,11,11,11,,,,,788.394774899818,,,,,,,,,,,,,,,,,,,,,,,,,,,,,,,,,,,,,,,,,,,,788.3924987998325,788.394774899818,792.3827483998612,None,794.8500268999487,795.8408896999899,793.375043899985,793.38231359981,793.38231359981,793.38231359981,-0.0008677002042531967,793.9912914999295,2,1,0.6024974999018013,None,797.5414087998215,797.5491575999185,798.0421435998287,798.0328523998614,794.4858097999822,794.4926232998259,794.4926232998259,794.4926232998259,794.8499694999773,3,0.3562568000052124,None,795.8450597999617,795.8489500000142,795.8489500000142,795.8489500000142,795.8489500000142,,,,,797.5413424998987,2,1,798.0352644999512,798.0421435998287,798.0421435998287,798.0421435998287,798.3083762999158,2,0.2624063999392092,None,798.3084327999968,801.2994412998669,1.6876989000011235,None,792.3906926999334,,,,,,,,,,,,,,,,,,,,,,,,202,1,short,A,2026-07-10_10h20.21.318,SBL_superimposed_retrieval,,2026.1.3,120.20155404525094,2026-07-10 10h20.21.740686 -0400,
2,12,12,0,stimuli/scenes/scene_J1.jpg,Jungle,Negvi,stimuli/items/undersea_object_3.png,Undersea,object,si,None,2,1,0.6843177999835461,None,3,0.42098090006038547,None,2,1,2,0.2479633002076298,None,0.5959507999941707,None,0,2,2,2,0,12,12,12,,,,,801.3119759999681,,,,,,,,,,,,,,,,,,,,,,,,,,,,,,,,,,,,,,,,,,,,801.3098455998115,801.3119759999681,805.2995531000197,None,807.9252573999111,808.916286499938,806.2919530000072,806.2991430999245,806.2991430999245,806.2991430999245,-0.0006492000538855791,806.9998507997952,2,1,0.6843177999835461,None,809.5250806999393,809.5324792999309,810.0241690999828,810.0163753998931,807.4921806999482,807.4991121999919,807.4991121999919,807.4991121999919,807.9251992998179,3,0.42098090006038547,None,808.9167183998507,808.9242417998612,808.9242417998612,808.9242417998612,808.9242417998612,,,,,809.525014200015,2,1,810.0173074000049,810.0241690999828,810.0241690999828,810.0241690999828,810.2750911999028,2,0.2479633002076298,None,810.2751630998682,813.2664570999332,0.5959507999941707,None,805.3076996000018,,,,,,,,,,,,,,,,,,,,,,,,202,1,short,A,2026-07-10_10h20.21.318,SBL_superimposed_retrieval,,2026.1.3,120.20155404525094,2026-07-10 10h20.21.740686 -0400,
2,13,13,0,stimuli/scenes/scene_U2.jpg,Undersea,Malbow,stimuli/items/jungle_animal_16.png,Jungle,animal,si,None,1,1,0.4619764999952167,None,1,1.349639399908483,None,1,0,1,0.2816274999640882,None,0.4325752998702228,None,0,2,2,2,0,13,13,13,,,,,813.2867278999183,,,,,,,,,,,,,,,,,,,,,,,,,,,,,,,,,,,,,,,,,,,,813.2845343998633,813.2867278999183,817.2747916998342,None,820.6006202998105,821.5913521000184,818.2670410999563,818.2743898998015,818.2743898998015,818.2743898998015,-0.0006845998577773571,818.7419224998448,1,1,0.4619764999952167,None,822.0335045999382,822.0411247999873,822.5343456999399,822.5248588998802,819.2359622998629,819.2427624999546,819.2427624999546,819.2427624999546,820.6005603999365,1,1.349639399908483,None,821.595732799964,821.5994008998387,821.5994008998387,821.5994008998387,821.5994008998387,,,,,822.0334399999119,1,0,822.5274381998461,822.5343456999399,822.5343456999399,822.5343456999399,822.8172526999842,1,0.2816274999640882,None,822.8173139998689,825.8081972999498,0.4325752998702228,None,817.2826940999366,,,,,,,,,,,,,,,,,,,,,,,,202,1,short,A,2026-07-10_10h20.21.318,SBL_superimposed_retrieval,,2026.1.3,120.20155404525094,2026-07-10 10h20.21.740686 -0400,
2,14,14,0,stimuli/scenes/scene_J1.jpg,Jungle,Negvi,stimuli/items/undersea_object_17.png,Undersea,object,si,None,2,1,1.024142500013113,None,2,0.761170000070706,None,2,1,2,0.22974810004234314,None,1.0291071999818087,None,0,2,2,2,0,14,14,14,,,,,825.8270456998143,,,,,,,,,,,,,,,,,,,,,,,,,,,,,,,,,,,,,,,,,,,,825.8248684999999,825.8270456998143,829.8166853999719,None,833.1090155998245,834.1003698999994,830.8091078000143,830.816291899886,830.816291899886,830.816291899886,-0.0009419999551028013,831.8419802999124,2,1,1.024142500013113,None,835.1421298999339,835.1498562998604,835.6428678999655,835.6333835998084,832.336395499995,832.34333279985,832.34333279985,832.34333279985,833.108956299955,2,0.761170000070706,None,834.1046279999427,834.1078792000189,834.1078792000189,834.1078792000189,834.1078792000189,,,,,835.1420644000173,2,1,835.6358621998224,835.6428678999655,835.6428678999655,835.6428678999655,835.8758898999076,2,0.22974810004234314,None,835.8759509997908,838.8668114999309,1.0291071999818087,None,829.8249476000201,,,,,,,,,,,,,,,,,,,,,,,,202,1,short,A,2026-07-10_10h20.21.318,SBL_superimposed_retrieval,,2026.1.3,120.20155404525094,2026-07-10 10h20.21.740686 -0400,
2,15,15,0,stimuli/scenes/scene_J2.jpg,Jungle,Somar,stimuli/items/jungle_object_4.png,Jungle,object,sc,None,2,1,0.9096353000495583,None,2,0.884882900165394,None,1,1,2,1.4025173999834806,None,1.0254013000521809,None,0,2,2,2,0,15,15,15,,,,,838.8817880998831,,,,,,,,,,,,,,,,,,,,,,,,,,,,,,,,,,,,,,,,,,,,838.8795737000182,838.8817880998831,842.8667607000098,None,846.1843092998024,847.1752371999901,843.8592312999535,843.8665539999492,843.8665539999492,843.8665539999492,-0.0008314000442624092,844.7922382999677,2,1,0.9096353000495583,None,848.2093846998177,848.2165578999557,848.7097125998698,848.7004252998158,845.2846992998384,845.291459799977,845.291459799977,845.291459799977,846.1842322999146,2,0.884882900165394,None,847.1756980998907,847.1832740998361,847.1832740998361,847.1832740998361,847.1832740998361,,,,,848.2093181000091,1,1,848.7029320998117,848.7097125998698,848.7097125998698,848.7097125998698,850.1175745998044,2,1.4025173999834806,None,850.1176371998154,853.1086620998103,1.0254013000521809,None,842.8749247000087,,,,,,,,,,,,,,,,,,,,,,,,202,1,short,A,2026-07-10_10h20.21.318,SBL_superimposed_retrieval,,2026.1.3,120.20155404525094,2026-07-10 10h20.21.740686 -0400,
2,16,16,0,stimuli/scenes/scene_U1.jpg,Undersea,Tulon,stimuli/items/jungle_object_18.png,Jungle,object,si,None,1,1,0.42794369999319315,None,3,0.8849750000517815,None,1,1,2,0.43939359998330474,None,1.9390853999648243,None,0,2,2,2,0,16,16,16,,,,,853.131655999925,,,,,,,,,,,,,,,,,,,,,,,,,,,,,,,,,,,,,,,,,,,,853.1294764999766,853.131655999925,857.1171271000057,None,859.9430264998227,860.9337126999162,858.1094123998191,858.1167961999308,858.1167961999308,858.1167961999308,-0.0007590001914650202,858.5507871999871,1,1,0.42794369999319315,None,862.8844682998024,862.891878399998,863.3849920998327,863.3755404998083,859.0448452997953,859.0518652999308,859.0518652999308,859.0518652999308,859.9429656998254,3,0.8849750000517815,None,860.9381963999476,860.9417738998309,860.9417738998309,860.9417738998309,860.9417738998309,,,,,862.8844025998842,1,1,863.3780793999322,863.3849920998327,863.3849920998327,863.3849920998327,863.8261580998078,2,0.43939359998330474,None,863.8262157998979,866.8175917998888,1.9390853999648243,None,857.1251381000038,,,,,,,,,,,,,,,,,,,,,,,,202,1,short,A,2026-07-10_10h20.21.318,SBL_superimposed_retrieval,,2026.1.3,120.20155404525094,2026-07-10 10h20.21.740686 -0400,
2,17,17,0,stimuli/scenes/scene_J2.jpg,Jungle,Somar,stimuli/items/undersea_object_12.png,Undersea,object,si,None,2,1,0.6696096998639405,None,2,0.4871094000991434,None,2,0,2,0.6128662000410259,None,0.4364008998963982,None,0,2,2,2,0,17,17,17,,,,,866.8555453999434,,,,,,,,,,,,,,,,,,,,,,,,,,,,,,,,,,,,,,,,,,,,866.8532707998529,866.8555453999434,870.8338040998206,None,873.4930670999456,874.4842141999397,871.8263631998561,871.8337546999101,871.8337546999101,871.8337546999101,0.0001922999508678913,872.501234699972,2,1,0.6696096998639405,None,874.9346651998349,874.9419944998808,875.4351476999,875.4258077999111,872.9949206998572,873.0018924998585,873.0018924998585,873.0018924998585,873.4930079998448,2,0.4871094000991434,None,874.4886396999937,874.4919574998785,874.4919574998785,874.4919574998785,874.4919574998785,,,,,874.9345988999121,2,0,875.4282643999904,875.4351476999,875.4351476999,875.4351476999,876.0514741998632,2,0.6128662000410259,None,876.0515330999624,879.0424654998351,0.4364008998963982,None,,,,,,,,,,,,,,,,,,,,,,,,,202,1,short,A,2026-07-10_10h20.21.318,SBL_superimposed_retrieval,,2026.1.3,120.20155404525094,2026-07-10 10h20.21.740686 -0400,
2,18,18,0,stimuli/scenes/scene_J1.jpg,Jungle,Negvi,stimuli/items/undersea_animal_14.png,Undersea,animal,si,None,2,1,0.7330675998236984,None,2,0.532070699846372,None,2,1,2,0.2960643998812884,None,0.2625855999067426,None,0,2,2,2,0,18,18,18,,,,,879.0688480997924,,,,,,,,,,,,,,,,,,,,,,,,,,,,,,,,,,,,,,,,,,,,879.0665276998188,879.0688480997924,883.0591181998607,None,885.8266641998198,886.8177485999186,884.0517810999881,884.0589399999008,884.0589399999008,884.0589399999008,0.0002927999012172222,884.7928567000199,2,1,0.7330675998236984,None,887.0931017999537,887.1006404999644,887.5921947997995,887.5843678999227,885.2853731999639,885.2921217998955,885.2921217998955,885.2921217998955,885.8266054999549,2,0.532070699846372,None,886.818296100013,886.8256518999115,886.8256518999115,886.8256518999115,886.8256518999115,,,,,887.0930355999153,2,1,887.5853114000056,887.5921947997995,887.5921947997995,887.5921947997995,887.8934638998471,2,0.2960643998812884,None,887.8935231999494,890.8843427998945,0.2625855999067426,None,,,,,,,,,,,,,,,,,,,,,,,,,202,1,short,A,2026-07-10_10h20.21.318,SBL_superimposed_retrieval,,2026.1.3,120.20155404525094,2026-07-10 10h20.21.740686 -0400,
2,19,19,0,stimuli/scenes/scene_U2.jpg,Undersea,Malbow,stimuli/items/undersea_animal_6.png,Undersea,animal,sc,None,1,1,0.4121517001185566,None,3,0.42182559985667467,None,2,1,3,0.24588720011524856,None,0.8704067000653595,None,0,2,2,2,0,19,19,19,,,,,890.9085685999598,,,,,,,,,,,,,,,,,,,,,,,,,,,,,,,,,,,,,,,,,,,,890.9063568999991,890.9085685999598,894.8929823997896,None,897.2352419998497,898.2261715999339,895.8853091998026,895.8924834998325,895.8924834998325,895.8924834998325,-0.0009602000936865807,896.3100319998339,1,1,0.4121517001185566,None,899.1100598999765,899.11768629984,899.6107351998799,899.6011745999567,896.8038761999924,896.8107561999932,896.8107561999932,896.8107561999932,897.2351833998691,3,0.42182559985667467,None,898.2308124999981,898.2342570999172,898.2342570999172,898.2342570999172,898.2342570999172,,,,,899.109994399827,2,1,899.6037442998495,899.6107351998799,899.6107351998799,899.6107351998799,899.8602469998877,3,0.24588720011524856,None,899.8603047998622,902.8513954998925,0.8704067000653595,None,894.9009733998682,,,,,,,,,,,,,,,,,,,,,,,,202,1,short,A,2026-07-10_10h20.21.318,SBL_superimposed_retrieval,,2026.1.3,120.20155404525094,2026-07-10 10h20.21.740686 -0400,
3,0,0,0,stimuli/scenes/scene_U1.jpg,Undersea,Tulon,stimuli/items/jungle_animal_14.png,Jungle,animal,si,None,2,0,1.3573213000781834,None,1,1.0496810998301953,None,2,0,1,0.2797327002044767,None,0.33732679998502135,None,0,3,3,3,0,0,0,0,0,0,0,0,931.8632508998271,,,,,,,,,,,,,,,,,,,,,,,,,,,,,,,,,,,,,,,,,,931.8287547999062,931.828979199985,931.8604921000078,931.8632508998271,935.8349503998179,None,939.7525374998804,940.7435492000077,936.827362400014,936.8348266999237,936.8348266999237,936.8348266999237,0.005902100121602416,938.1939071000088,2,0,1.3573213000781834,None,941.0940244998783,941.1016237998847,941.5931645999663,941.5851840998512,938.6877688998356,938.6946029998362,938.6946029998362,938.6946029998362,939.7524792999029,1,1.0496810998301953,None,940.7439782000147,940.751591600012,940.751591600012,940.751591600012,940.751591600012,,,,,941.0939578998368,2,0,941.586116499966,941.5931645999663,941.5931645999663,941.5931645999663,941.8776065998245,1,0.2797327002044767,None,941.8776665998157,944.8688195999712,0.33732679998502135,None,,902.8539911999833,902.8542192999739,902.8544182998594,902.8592044999823,903.8510261999909,931.8271956997924,space,27.973556999815628,None,,,,,,,,,,,,,,,202,1,short,A,2026-07-10_10h20.21.318,SBL_superimposed_retrieval,,2026.1.3,120.20155404525094,2026-07-10 10h20.21.740686 -0400,
3,1,1,0,stimuli/scenes/scene_J1.jpg,Jungle,Negvi,stimuli/items/jungle_animal_7.png,Jungle,animal,sc,None,2,1,1.1799126998521388,None,1,0.2806708998978138,None,2,1,1,0.4359150999225676,None,0.2933414001017809,None,0,3,3,3,0,1,1,1,,,,,944.8859839998186,,,,,,,,,,,,,,,,,,,,,,,,,,,,,,,,,,,,,,,,,,,,944.8837994998321,944.8859839998186,948.8688109999057,None,951.8446311999578,952.8354710999411,949.8611876999494,949.8684610999189,949.8684610999189,949.8684610999189,-0.0006633999291807413,951.0611067998689,2,1,1.1799126998521388,None,953.1442189998925,953.1519423997961,953.6447792998515,953.6354824998416,951.5529455000069,951.5600015998352,951.5600015998352,951.5600015998352,951.8445729999803,1,0.2806708998978138,None,952.8397144998889,952.843364899978,952.843364899978,952.843364899978,952.843364899978,,,,,953.1441543998662,2,1,953.6379352000076,953.6447792998515,953.6447792998515,953.6447792998515,954.0860497998074,1,0.4359150999225676,None,954.0861082999036,957.0773229999468,0.2933414001017809,None,948.8767895998899,,,,,,,,,,,,,,,,,,,,,,,,202,1,short,A,2026-07-10_10h20.21.318,SBL_superimposed_retrieval,,2026.1.3,120.20155404525094,2026-07-10 10h20.21.740686 -0400,
3,2,2,0,stimuli/scenes/scene_U2.jpg,Undersea,Malbow,stimuli/items/jungle_animal_8.png,Jungle,animal,si,None,2,0,0.37816409999504685,None,2,0.2800400999840349,None,None,0,1,1.076704500010237,None,,,0,3,3,3,0,2,2,2,,,,,957.1102296998724,,,,,,,,,,,,,,,,,,,,,,,,,,,,,,,,,,,,,,,,,,,,957.107910499908,957.1102296998724,961.0937796998769,None,963.2529519000091,964.244170299964,962.0863737999462,962.0935470999684,962.0935470999684,962.0935470999684,0.000309899915009737,962.4693115998525,2,0,0.37816409999504685,None,966.7357492998708,966.7440925999545,967.2354033999145,967.2275449999142,962.9617430998478,962.9685587999411,962.9685587999411,962.9685587999411,963.2528933999129,2,0.2800400999840349,None,964.2485755998641,964.2519255999941,964.2519255999941,964.2519255999941,964.2519255999941,966.7440925999545,966.7440925999545,966.7440925999545,966.7440925999545,966.7357001998462,None,0,967.2305930999573,967.2436948998366,967.2436948998366,967.2436948998366,968.328179899836,1,1.076704500010237,None,968.3282410998363,971.3192647998221,,,,,,,,,,,,,,,,,,,,,,,,,,,202,1,short,A,2026-07-10_10h20.21.318,SBL_superimposed_retrieval,,2026.1.3,120.20155404525094,2026-07-10 10h20.21.740686 -0400,
3,3,3,0,stimuli/scenes/scene_J1.jpg,Jungle,Negvi,stimuli/items/undersea_object_9.png,Undersea,object,si,None,2,1,1.5439641000702977,None,1,0.8231252999976277,None,None,0,1,1.374662899877876,None,,,0,3,3,3,0,3,3,3,,,,,971.3507306999527,,,,,,,,,,,,,,,,,,,,,,,,,,,,,,,,,,,,,,,,,,,,971.3485096998047,971.3507306999527,975.3355725000147,None,979.2033513998613,980.1944027999416,976.3282248999458,976.3357058998663,976.3357058998663,976.3357058998663,2.8099864721298218e-05,977.8781437999569,2,1,1.5439641000702977,None,982.6861741999164,982.6941421998199,983.185645799851,983.1778676998802,978.3702439998742,978.3771614998113,978.3771614998113,978.3771614998113,979.2032923998777,1,0.8231252999976277,None,980.1986192998011,980.2021888999734,980.2021888999734,980.2021888999734,980.2021888999734,982.6941421998199,982.6941421998199,982.6941421998199,982.6941421998199,982.6861244000029,None,0,983.1787709000055,983.2022459998261,983.2022459998261,983.2022459998261,984.5785968999844,1,1.374662899877876,None,984.5786575998645,987.5695048000198,,,,,,,,,,,,,,,,,,,,,,,,,,,202,1,short,A,2026-07-10_10h20.21.318,SBL_superimposed_retrieval,,2026.1.3,120.20155404525094,2026-07-10 10h20.21.740686 -0400,
3,4,4,0,stimuli/scenes/scene_U1.jpg,Undersea,Tulon,stimuli/items/undersea_object_5.png,Undersea,object,sc,None,1,1,1.1183678000234067,None,3,0.7250190998893231,None,None,0,2,1.0733329998329282,None,,,0,3,3,3,0,4,4,4,,,,,987.6113571999595,,,,,,,,,,,,,,,,,,,,,,,,,,,,,,,,,,,,,,,,,,,,987.6092181999702,987.6113571999595,991.5861289999448,None,994.9369922999758,995.9281821998302,992.5784217999317,992.5859805999789,992.5859805999789,992.5859805999789,-0.0001916999462991953,993.7036625999026,1,1,1.1183678000234067,None,998.419594499981,998.4360436999705,998.927471099887,998.9196213998366,994.1977056998294,994.2046179999597,994.2046179999597,994.2046179999597,994.9369355998933,3,0.7250190998893231,None,995.9326898998115,995.93623929983,995.93623929983,995.93623929983,995.93623929983,998.427668399876,998.427668399876,998.427668399876,998.427668399876,998.4195439999457,None,0,998.9205840998329,998.927471099887,998.927471099887,998.927471099887,1000.0035478000063,2,1.0733329998329282,None,1000.0036074998789,1002.9948683998082,,,,,,,,,,,,,,,,,,,,,,,,,,,202,1,short,A,2026-07-10_10h20.21.318,SBL_superimposed_retrieval,,2026.1.3,120.20155404525094,2026-07-10 10h20.21.740686 -0400,
3,5,5,0,stimuli/scenes/scene_J2.jpg,Jungle,Somar,stimuli/items/undersea_object_2.png,Undersea,object,si,None,2,1,0.540575799997896,None,1,0.84294190001674,None,1,1,1,0.5204980000853539,None,1.089975900016725,None,0,3,3,3,0,5,5,5,,,,,1003.0342631000094,,,,,,,,,,,,,,,,,,,,,,,,,,,,,,,,,,,,,,,,,,,,1003.032108000014,1003.0342631000094,1007.0113094998524,None,1009.8954671998508,1010.8866160998587,1008.0036873999052,1008.0112271998078,1008.0112271998078,1008.0112271998078,0.0001246999017894268,1008.5451654000208,2,1,0.540575799997896,None,1011.9869823998306,1011.9947977999691,1012.4876101999544,1012.4781433998141,1009.038924699882,1009.045780699933,1009.045780699933,1009.045780699933,1009.8954093998764,1,0.84294190001674,None,1010.8908000998199,1010.8944039000198,1010.8944039000198,1010.8944039000198,1010.8944039000198,,,,,1011.9869154999033,1,1,1012.4806110998616,1012.4876101999544,1012.4876101999544,1012.4876101999544,1013.0122795000207,1,0.5204980000853539,None,1013.0123401999008,1016.0032186999451,1.089975900016725,None,,,,,,,,,,,,,,,,,,,,,,,,,202,1,short,A,2026-07-10_10h20.21.318,SBL_superimposed_retrieval,,2026.1.3,120.20155404525094,2026-07-10 10h20.21.740686 -0400,
3,6,6,0,stimuli/scenes/scene_J2.jpg,Jungle,Somar,stimuli/items/undersea_object_13.png,Undersea,object,si,None,1,0,0.6356272001285106,None,2,0.4378201998770237,None,1,1,1,0.3136694000568241,None,1.6053359000943601,None,0,3,3,3,0,6,6,6,,,,,1016.0304344999604,,,,,,,,,,,,,,,,,,,,,,,,,,,,,,,,,,,,,,,,,,,,1016.0282178998459,1016.0304344999604,1020.0199615999591,None,1022.5961397998035,1023.5868277999107,1021.0124409999698,1021.0196942000184,1021.0196942000184,1021.0196942000184,0.00014739995822310448,1021.6536683000159,1,0,0.6356272001285106,None,1025.2040107999928,1025.2114158999175,1025.7029823998455,1025.6952223000117,1022.1479410999455,1022.1549352998845,1022.1549352998845,1022.1549352998845,1022.5960844999645,2,0.4378201998770237,None,1023.5872663999908,1023.5947645998094,1023.5947645998094,1023.5947645998094,1023.5947645998094,,,,,1025.203931799857,1,1,1025.696152499877,1025.7029823998455,1025.7029823998455,1025.7029823998455,1026.0207972999196,1,0.3136694000568241,None,1026.0208575997967,1029.0119288999122,1.6053359000943601,None,,,,,,,,,,,,,,,,,,,,,,,,,202,1,short,A,2026-07-10_10h20.21.318,SBL_superimposed_retrieval,,2026.1.3,120.20155404525094,2026-07-10 10h20.21.740686 -0400,
3,7,7,0,stimuli/scenes/scene_J1.jpg,Jungle,Negvi,stimuli/items/undersea_animal_8.png,Undersea,animal,si,None,2,1,0.3165956998709589,None,2,0.23426340008154511,None,1,0,1,0.3414332999382168,None,1.201987799955532,None,0,3,3,3,0,7,7,7,,,,,1029.0372607999016,,,,,,,,,,,,,,,,,,,,,,,,,,,,,,,,,,,,,,,,,,,,1029.0350214999635,1029.0372607999016,1033.0201816998888,None,1035.0792048999574,1036.0702525998931,1034.0125858997926,1034.0199651999865,1034.0199651999865,1034.0199651999865,-0.0008159000426530838,1034.3372823998798,2,1,0.3165956998709589,None,1037.2874406999908,1037.295140199829,1037.7865477998275,1037.7787208999507,1034.831457799999,1034.8383710999042,1034.8383710999042,1034.8383710999042,1035.0791483998764,2,0.23426340008154511,None,1036.07068419992,1036.0782599998638,1036.0782599998638,1036.0782599998638,1036.0782599998638,,,,,1037.2873738999479,1,0,1037.779654899845,1037.7865477998275,1037.7865477998275,1037.7865477998275,1038.1293921999168,1,0.3414332999382168,None,1038.1294499000069,1041.120423699962,1.201987799955532,None,1033.0285571999848,,,,,,,,,,,,,,,,,,,,,,,,202,1,short,A,2026-07-10_10h20.21.318,SBL_superimposed_retrieval,,2026.1.3,120.20155404525094,2026-07-10 10h20.21.740686 -0400,
3,8,8,0,stimuli/scenes/scene_J2.jpg,Jungle,Somar,stimuli/items/jungle_object_16.png,Jungle,object,sc,None,2,1,0.5912641999311745,None,3,0.5641505001112819,None,1,1,3,0.23597569996491075,None,1.1410620000679046,None,0,3,3,3,0,8,8,8,,,,,1041.1523753998335,,,,,,,,,,,,,,,,,,,,,,,,,,,,,,,,,,,,,,,,,,,,1041.150106899906,1041.1523753998335,1045.1371198999695,None,1047.7961983999703,1048.787207199959,1046.129477399867,1046.1368535999209,1046.1368535999209,1046.1368535999209,7.240008562803268e-05,1046.7292663999833,2,1,0.5912641999311745,None,1049.9380469999742,1049.945242199814,1050.4368088999763,1050.4289659999777,1047.221477399813,1047.2283673000056,1047.2283673000056,1047.2283673000056,1047.7961387999821,3,0.5641505001112819,None,1048.7876485998277,1048.7953113999683,1048.7953113999683,1048.7953113999683,1048.7953113999683,,,,,1049.937978599919,1,1,1050.4299438998569,1050.4368088999763,1050.4368088999763,1050.4368088999763,1050.6796930998098,3,0.23597569996491075,None,1050.6797678999137,1053.670588399982,1.1410620000679046,None,,,,,,,,,,,,,,,,,,,,,,,,,202,1,short,A,2026-07-10_10h20.21.318,SBL_superimposed_retrieval,,2026.1.3,120.20155404525094,2026-07-10 10h20.21.740686 -0400,
3,9,9,0,stimuli/scenes/scene_U1.jpg,Undersea,Tulon,stimuli/items/jungle_animal_12.png,Jungle,animal,si,None,1,1,0.47305560018867254,None,3,0.569249999942258,None,2,0,2,0.2960838999133557,None,1.748161399969831,None,0,3,3,3,0,9,9,9,,,,,1053.7067992999218,,,,,,,,,,,,,,,,,,,,,,,,,,,,,,,,,,,,,,,,,,,,1053.7045413998421,1053.7067992999218,1057.6870983999688,None,1060.2297759000212,1061.2207751998212,1058.6795520999003,1058.6871574998368,1058.6871574998368,1058.6871574998368,-0.00015620002523064613,1059.1544508999214,1,1,0.47305560018867254,None,1062.9794973998796,1062.9872284999583,1063.4804426999763,1063.4709200998768,1059.6484047998674,1059.6553703998215,1059.6553703998215,1059.6553703998215,1060.229715499794,3,0.569249999942258,None,1061.225377799943,1061.2286416999996,1061.2286416999996,1061.2286416999996,1061.2286416999996,,,,,1062.9794312999584,2,0,1063.473464799812,1063.4804426999763,1063.4804426999763,1063.4804426999763,1063.7797120998148,2,0.2960838999133557,None,1063.7797691999003,1066.7711396999657,1.748161399969831,None,,,,,,,,,,,,,,,,,,,,,,,,,202,1,short,A,2026-07-10_10h20.21.318,SBL_superimposed_retrieval,,2026.1.3,120.20155404525094,2026-07-10 10h20.21.740686 -0400,
3,10,10,0,stimuli/scenes/scene_U1.jpg,Undersea,Tulon,stimuli/items/undersea_object_7.png,Undersea,object,sc,None,1,1,0.47730170004069805,None,3,0.5181709001772106,None,None,0,3,0.11488289991393685,None,,,0,3,3,3,0,10,10,10,,,,,1066.7914914998692,,,,,,,,,,,,,,,,,,,,,,,,,,,,,,,,,,,,,,,,,,,,1066.789125100011,1066.7914914998692,1070.7793883997947,None,1073.2884350998793,1074.279283599928,1071.7720422998536,1071.778959200019,1071.778959200019,1071.778959200019,-0.0007162999827414751,1072.263041799888,1,1,0.47730170004069805,None,1076.771437899908,1076.7792669998016,1077.2707582998555,1077.2628507998306,1072.7554026998114,1072.7621470999438,1072.7621470999438,1072.7621470999438,1073.2883740998805,3,0.5181709001772106,None,1074.2797267998103,1074.2873030998744,1074.2873030998744,1074.2873030998744,1074.2873030998744,1076.7792669998016,1076.7792669998016,1076.7792669998016,1076.7792669998016,1076.7713875998743,None,0,1077.2661686998326,1077.2789735000115,1077.2789735000115,1077.2789735000115,1077.3967424000148,3,0.11488289991393685,None,1077.3968059998006,1080.3877999999095,,,1070.787288499996,,,,,,,,,,,,,,,,,,,,,,,,202,1,short,A,2026-07-10_10h20.21.318,SBL_superimposed_retrieval,,2026.1.3,120.20155404525094,2026-07-10 10h20.21.740686 -0400,
3,11,11,0,stimuli/scenes/scene_U2.jpg,Undersea,Malbow,stimuli/items/undersea_animal_20.png,Undersea,animal,sc,None,1,1,0.5238303001970053,None,1,0.31696689990349114,None,1,0,1,0.5059901000931859,None,1.1903042001649737,None,0,3,3,3,0,11,11,11,,,,,1080.4240923000034,,,,,,,,,,,,,,,,,,,,,,,,,,,,,,,,,,,,,,,,,,,,1080.4216632999014,1080.4240923000034,1084.4046563999727,None,1086.7391491997987,1087.7297339998186,1085.396909700008,1085.4041836999822,1085.4041836999822,1085.4041836999822,0.0001501000951975584,1085.9216750999913,1,1,0.5238303001970053,None,1088.929906599922,1088.9379077998456,1089.4306276999414,1089.4211907999124,1086.4139886999037,1086.4208608998451,1086.4208608998451,1086.4208608998451,1086.7390906999353,1,0.31696689990349114,None,1087.7301789999474,1087.7377986998763,1087.7377986998763,1087.7377986998763,1087.7377986998763,,,,,1088.929842100013,1,0,1089.4236731999554,1089.4306276999414,1089.4306276999414,1089.4306276999414,1089.9388539998326,1,0.5059901000931859,None,1089.9389094000217,1092.9300722999033,1.1903042001649737,None,,,,,,,,,,,,,,,,,,,,,,,,,202,1,short,A,2026-07-10_10h20.21.318,SBL_superimposed_retrieval,,2026.1.3,120.20155404525094,2026-07-10 10h20.21.740686 -0400,
3,12,12,0,stimuli/scenes/scene_U2.jpg,Undersea,Malbow,stimuli/items/undersea_object_8.png,Undersea,object,sc,None,1,1,0.4783962001092732,None,3,0.5351788001134992,None,1,0,2,0.23147049988619983,None,0.9458643000107259,None,0,3,3,3,0,12,12,12,,,,,1092.9507617999334,,,,,,,,,,,,,,,,,,,,,,,,,,,,,,,,,,,,,,,,,,,,1092.9484480998944,1092.9507617999334,1096.9386405998375,None,1099.4638714999892,1100.4551163997967,1097.9303021999076,1097.9379300000146,1097.9379300000146,1097.9379300000146,-0.0009049000218510628,1098.4222015999258,1,1,0.4783962001092732,None,1101.4143754998222,1101.4213789999485,1101.9127365997992,1101.9049115998205,1098.914396799868,1098.92108609993,1098.92108609993,1098.92108609993,1099.463814899791,3,0.5351788001134992,None,1100.455521499971,1100.462875599973,1100.462875599973,1100.462875599973,1100.462875599973,,,,,1101.4143128998112,1,0,1101.9058145999443,1101.9127365997992,1101.9127365997992,1101.9127365997992,1102.1474160000216,2,0.23147049988619983,None,1102.147468799958,1105.1385224999394,0.9458643000107259,None,1096.9466176999267,,,,,,,,,,,,,,,,,,,,,,,,202,1,short,A,2026-07-10_10h20.21.318,SBL_superimposed_retrieval,,2026.1.3,120.20155404525094,2026-07-10 10h20.21.740686 -0400,
3,13,13,0,stimuli/scenes/scene_U1.jpg,Undersea,Tulon,stimuli/items/jungle_animal_2.png,Jungle,animal,si,None,2,0,0.39702380006201565,None,1,0.5520360998343676,None,1,1,1,0.2815068999771029,None,1.1556956998538226,None,0,3,3,3,0,13,13,13,,,,,1105.1667549998965,,,,,,,,,,,,,,,,,,,,,,,,,,,,,,,,,,,,,,,,,,,,1105.1646141000092,1105.1667549998965,1109.1548581998795,None,1111.605804799823,1112.5970190998632,1110.1476739000063,1110.154903799994,1110.154903799994,1110.154903799994,0.0002492000348865986,1110.547411999898,2,0,0.39702380006201565,None,1113.764268099796,1113.7718220998067,1114.2629809000064,1114.2553075000178,1111.0417147998232,1111.0486543998122,1111.0486543998122,1111.0486543998122,1111.6057472999673,1,0.5520360998343676,None,1112.5974691999145,1112.6047769999132,1112.6047769999132,1112.6047769999132,1112.6047769999132,,,,,1113.7642026999965,1,1,1114.2562011999544,1114.2629809000064,1114.2629809000064,1114.2629809000064,1114.5479496999178,1,0.2815068999771029,None,1114.5480055999942,1117.538909099996,1.1556956998538226,None,,,,,,,,,,,,,,,,,,,,,,,,,202,1,short,A,2026-07-10_10h20.21.318,SBL_superimposed_retrieval,,2026.1.3,120.20155404525094,2026-07-10 10h20.21.740686 -0400,
3,14,14,0,stimuli/scenes/scene_U2.jpg,Undersea,Malbow,stimuli/items/undersea_object_14.png,Undersea,object,sc,None,1,1,1.1733265998773277,None,3,0.32909250003285706,None,2,1,3,0.3548399999272078,None,0.7089013999793679,None,0,3,3,3,0,14,14,14,,,,,1117.5636181998998,,,,,,,,,,,,,,,,,,,,,,,,,,,,,,,,,,,,,,,,,,,,1117.561491200002,1117.5636181998998,1121.5471254999284,None,1124.5643161998596,1125.5557957999408,1122.5395351999905,1122.5467920999508,1122.5467920999508,1122.5467920999508,0.007280000019818544,1123.7307934998535,1,1,1.1733265998773277,None,1126.281178599922,1126.2884626998566,1126.7821980998851,1126.772118799854,1124.2251346998382,1124.2319892998785,1124.2319892998785,1124.2319892998785,1124.5642618997954,3,0.32909250003285706,None,1125.5562256998383,1125.5633844998665,1125.5633844998665,1125.5633844998665,1125.5633844998665,,,,,1126.2811171999201,2,1,1126.77534199995,1126.7821980998851,1126.7821980998851,1126.7821980998851,1127.1392107999418,3,0.3548399999272078,None,1127.1392671999056,1130.1306772998068,0.7089013999793679,None,1121.55529509997,,,,,,,,,,,,,,,,,,,,,,,,202,1,short,A,2026-07-10_10h20.21.318,SBL_superimposed_retrieval,,2026.1.3,120.20155404525094,2026-07-10 10h20.21.740686 -0400,
3,15,15,0,stimuli/scenes/scene_J2.jpg,Jungle,Somar,stimuli/items/jungle_animal_19.png,Jungle,animal,sc,None,2,1,0.796903399983421,None,3,0.26392979989759624,None,1,1,3,0.2628220999613404,None,0.8873221999965608,None,0,3,3,3,0,15,15,15,,,,,1130.1777665999252,,,,,,,,,,,,,,,,,,,,,,,,,,,,,,,,,,,,,,,,,,,,1130.1752113997936,1130.1777665999252,1134.146981399972,None,1136.7066644998267,1137.6975010999013,1135.1395378999878,1135.1468749998603,1135.1468749998603,1135.1468749998603,0.00031429994851350784,1135.9395045998972,2,1,0.796903399983421,None,1138.5980417998508,1138.605272299843,1139.098205999937,1139.0890187998302,1136.4333630998153,1136.4406993999146,1136.4406993999146,1136.4406993999146,1136.7066100998782,3,0.26392979989759624,None,1137.7018027999438,1137.705137499841,1137.705137499841,1137.705137499841,1137.705137499841,,,,,1138.597979299957,1,1,1139.0913348998874,1139.098205999937,1139.098205999937,1139.098205999937,1139.3648742998485,3,0.2628220999613404,None,1139.36493219994,1142.3559911998454,0.8873221999965608,None,,,,,,,,,,,,,,,,,,,,,,,,,202,1,short,A,2026-07-10_10h20.21.318,SBL_superimposed_retrieval,,2026.1.3,120.20155404525094,2026-07-10 10h20.21.740686 -0400,
3,16,16,0,stimuli/scenes/scene_U2.jpg,Undersea,Malbow,stimuli/items/jungle_animal_9.png,Jungle,animal,si,None,2,0,1.8034836000297219,None,1,1.144344599917531,None,2,1,1,0.4366882999893278,None,1.3938893000595272,None,0,3,3,3,0,16,16,16,,,,,1142.4025160998572,,,,,,,,,,,,,,,,,,,,,,,,,,,,,,,,,,,,,,,,,,,,1142.40007600002,1142.4025160998572,1146.3719607999083,None,1150.8235398000106,1151.8147817999125,1147.364946599817,1147.3722998998128,1147.3722998998128,1147.3722998998128,6.050011143088341e-05,1149.1732326999772,2,0,1.8034836000297219,None,1153.2230297999922,1153.2304968999233,1153.724017799832,1153.714515700005,1149.665257500019,1149.6719583999366,1149.6719583999366,1149.6719583999366,1150.823482699925,1,1.144344599917531,None,1151.8194829998538,1151.822768599959,1151.822768599959,1151.822768599959,1151.822768599959,,,,,1153.222965199966,2,1,1153.7170563999098,1153.724017799832,1153.724017799832,1153.724017799832,1154.1649629999883,1,0.4366882999893278,None,1154.1650175999384,1157.1561710999813,1.3938893000595272,None,,,,,,,,,,,,,,,,,,,,,,,,,202,1,short,A,2026-07-10_10h20.21.318,SBL_superimposed_retrieval,,2026.1.3,120.20155404525094,2026-07-10 10h20.21.740686 -0400,
3,17,17,0,stimuli/scenes/scene_J1.jpg,Jungle,Negvi,stimuli/items/jungle_object_10.png,Jungle,object,sc,None,2,1,0.8752719999756664,None,3,0.24522239994257689,None,2,1,2,0.24856219999492168,None,1.1066425000317395,None,0,3,3,3,0,17,17,17,,,,,1157.1854075000156,,,,,,,,,,,,,,,,,,,,,,,,,,,,,,,,,,,,,,,,,,,,1157.1829662998207,1157.1854075000156,1161.1725538999308,None,1163.7986865998246,1164.7892565999646,1162.1651459999848,1162.1725106998347,1162.1725106998347,1162.1725106998347,0.0001721000298857689,1163.0483368998393,2,1,0.8752719999756664,None,1165.9063506999519,1165.9140909998678,1166.407577099977,1166.3981460998766,1163.5404766998254,1163.5471403999254,1163.5471403999254,1163.5471403999254,1163.7986320999917,3,0.24522239994257689,None,1164.7934836000204,1164.7977028000169,1164.7977028000169,1164.7977028000169,1164.7977028000169,,,,,1165.9062732998282,2,1,1166.400567199802,1166.407577099977,1166.407577099977,1166.407577099977,1166.6652857000008,2,0.24856219999492168,None,1166.6653437998611,1169.6564460999798,1.1066425000317395,None,,,,,,,,,,,,,,,,,,,,,,,,,202,1,short,A,2026-07-10_10h20.21.318,SBL_superimposed_retrieval,,2026.1.3,120.20155404525094,2026-07-10 10h20.21.740686 -0400,
3,18,18,0,stimuli/scenes/scene_U1.jpg,Undersea,Tulon,stimuli/items/jungle_object_9.png,Jungle,object,si,None,1,1,0.6468159998767078,None,3,0.2322180001065135,None,1,1,3,0.24692309997044504,None,0.9128086999990046,None,0,3,3,3,0,18,18,18,,,,,1169.683546199929,,,,,,,,,,,,,,,,,,,,,,,,,,,,,,,,,,,,,,,,,,,,1169.6813022999559,1169.683546199929,1173.6728236000054,None,1176.0570396999829,1177.0482049998827,1174.6656970998738,1174.672787499847,1174.672787499847,1174.672787499847,0.00039579998701810837,1175.3148917998187,1,1,0.6468159998767078,None,1177.973427399993,1177.9814910998102,1178.4738018999342,1178.4645171999,1175.808916799957,1175.8158729998395,1175.8158729998395,1175.8158729998395,1176.0569853999186,3,0.2322180001065135,None,1177.0525521999225,1177.0557291998994,1177.0557291998994,1177.0557291998994,1177.0557291998994,,,,,1177.9733611999545,1,1,1178.4669910999946,1178.4738018999342,1178.4738018999342,1178.4738018999342,1178.723427399993,3,0.24692309997044504,None,1178.7234806998167,1181.7148248997983,0.9128086999990046,None,,,,,,,,,,,,,,,,,,,,,,,,,202,1,short,A,2026-07-10_10h20.21.318,SBL_superimposed_retrieval,,2026.1.3,120.20155404525094,2026-07-10 10h20.21.740686 -0400,
3,19,19,0,stimuli/scenes/scene_U1.jpg,Undersea,Tulon,stimuli/items/undersea_object_1.png,Undersea,object,sc,None,1,1,0.39697159989736974,None,3,0.34527449985034764,None,2,0,2,0.30785789992660284,None,1.427259200019762,None,0,3,3,3,0,19,19,19,,,,,1181.7421728998888,,,,,,,,,,,,,,,,,,,,,,,,,,,,,,,,,,,,,,,,,,,,1181.7399220999796,1181.7421728998888,1185.7317494999152,None,1187.9739760998636,1188.9650039998814,1186.723849199945,1186.731389499968,1186.731389499968,1186.731389499968,0.00042530009523034096,1187.1234305999242,1,1,0.39697159989736974,None,1190.4068771998864,1190.4147381999064,1190.9082830999978,1190.89838589984,1187.6160304998048,1187.6227108999155,1187.6227108999155,1187.6227108999155,1187.9739176000003,3,0.34527449985034764,None,1188.965440099826,1188.972902999958,1188.972902999958,1188.972902999958,1188.972902999958,,,,,1190.4068123998586,2,0,1190.9011482999194,1190.9082830999978,1190.9082830999978,1190.9082830999978,1191.2239955000114,2,0.30785789992660284,None,1191.2240492999554,1194.2150059000123,1.427259200019762,None,,,,,,,,,,,,,,,,,,,,,,,,,202,1,short,A,2026-07-10_10h20.21.318,SBL_superimposed_retrieval,,2026.1.3,120.20155404525094,2026-07-10 10h20.21.740686 -0400,
,,,,,,,,,,,,,,,,,,,,,,,,,,,,,,,,,,,,,,,,,,,,,,,,,,,,,,,,,,,,,,,,,,,,,,,,,,,,,,,,,,,,,,,,,,,,,,,,,,,,,,,,,,,,,,,,,,,,,,,,,,,,,,,,,,,,,,,1194.217799199978,1194.2180168998893,,,,,,,,1194.2188496999443,1194.2229308998212,1194.2229308998212,1199.2144805998541,1199.2144805998541,1199.2065879998263,None,,,,,,,,202,1,short,A,2026-07-10_10h20.21.318,SBL_superimposed_retrieval,,2026.1.3,120.20155404525094,2026-07-10 10h20.21.740686 -0400,
,,,,,,,,,,,,,,,,,,,,,,,,,,,,,,,,,,,,,,,,,,,,,,,,,,,,,,,,,,,,,,,,,,,,,,,,,,,,,,,,,,,,,,,,,,,,,,,,,,,,,,,,,,,,,,,,,,,,,,,,,,,,,,,,,,,,,,,,,,,,,,,,,,,,,,,1199.2120081998874,1199.2144805998541,1199.2144805998541,1206.3408691999502,space,7.121812600176781,None,202,1,short,A,2026-07-10_10h20.21.318,SBL_superimposed_retrieval,,2026.1.3,120.20155404525094,2026-07-10 10h20.21.740686 -0400,
