run,thisN,thisTrialN,thisRepN,scene_stimulus,scene_cat,scene_label,item_stimulus,item_cat,item_type,congruency,key_resp_remember.keys,key_resp_context.keys,key_resp_context.corr,key_resp_context.rt,key_resp_context.duration,key_resp_context_conf.keys,key_resp_context_conf.rt,key_resp_context_conf.duration,key_resp_scenes.keys,key_resp_scenes.corr,key_resp_scenes.rt,key_resp_scenes.duration,key_resp_scene_conf.keys,key_resp_scene_conf.rt,key_resp_scene_conf.duration,runs.thisRepN,runs.thisTrialN,runs.thisN,runs.thisIndex,trials.thisRepN,trials.thisTrialN,trials.thisN,trials.thisIndex,show_rest_screen.thisRepN,show_rest_screen.thisTrialN,show_rest_screen.thisN,show_rest_screen.thisIndex,thisRow.t,notes,piloting,subs_rand_vars.started,subs_rand_vars.stopped,set_instructions.started,set_instructions.stopped,ret_inst_scr.started,text_instructions.started,key_resp_start.started,ret_inst_scr.stopped,key_resp_start.keys,key_resp_start.rt,key_resp_start.duration,ret_inst2.started,text_instructions_2.started,key_resp_start_2.started,ret_inst2.stopped,key_resp_start_2.keys,key_resp_start_2.rt,key_resp_start_2.duration,scene_names_reminder.started,text_reminder.started,image1.started,image2.started,image3.started,image4.started,textbox1.started,textbox2.started,textbox3.started,textbox4.started,key_reminder.started,scene_names_reminder.stopped,key_reminder.keys,key_reminder.rt,key_reminder.duration,blank3000_2.started,text_3.started,text_3.stopped,blank3000_2.stopped,create_runs_stim_div.started,create_runs_stim_div.stopped,set_rows.started,set_rows.stopped,item_imagine_scene.started,item_cue.started,item_imagine_scene.stopped,trials.key_resp_remember.keys,blank1000.started,blank1000.stopped,select_context.started,text_context_headline.started,text_sea.started,text_jungle.started,key_resp_context.started,select_context.stopped,trials.key_resp_context.keys,trials.key_resp_context.corr,trials.key_resp_context.rt,trials.key_resp_context.duration,blank500.started,text_blank.started,text_blank.stopped,blank500.stopped,context_confidence.started,text_context_choice.started,slider_context_conf.started,key_resp_context_conf.started,context_confidence.stopped,trials.key_resp_context_conf.keys,trials.key_resp_context_conf.rt,trials.key_resp_context_conf.duration,select_scene_name.started,text_scene_headline.started,text_actual_context.started,text_q_scene.started,text_labels.started,select_scene_name.stopped,trials.key_resp_scenes.keys,trials.key_resp_scenes.corr,trials.key_resp_scenes.rt,trials.key_resp_scenes.duration,scene_confidence.started,text_chosen_scene.started,slider_scene_conf.started,key_resp_scene_conf.started,scene_confidence.stopped,trials.key_resp_scene_conf.keys,trials.key_resp_scene_conf.rt,trials.key_resp_scene_conf.duration,blank3000.started,blank3000.stopped,item_cue.stopped,text_scene_headline.stopped,text_actual_context.stopped,text_q_scene.stopped,text_labels.stopped,text_chosen_scene.stopped,slider_scene_conf.stopped,key_resp_scene_conf.stopped,is_last.started,is_last.stopped,rest_between_runs.started,text_run_rest.started,key_resp_run_rest.started,rest_between_runs.stopped,show_rest_screen.key_resp_run_rest.keys,show_rest_screen.key_resp_run_rest.rt,show_rest_screen.key_resp_run_rest.duration,text_context_choice.stopped,slider_context_conf.stopped,key_resp_context_conf.stopped,text_context_headline.stopped,text_sea.stopped,text_jungle.stopped,key_resp_context.stopped,ret_end_screen.started,text_endSet.started,key_resp_continue.started,ret_end_screen.stopped,key_resp_continue.keys,key_resp_continue.rt,key_resp_continue.duration,forked_instructions.started,text_end_inst.started,key_resp_end.started,forked_instructions.stopped,key_resp_end.keys,key_resp_end.rt,key_resp_end.duration,participant,session,delay,group,date,expName,expVersion,psychopyVersion,frameRate,expStart,
,,,,,,,,,,,,,,,,,,,,,,,,,,,,,,,,,,,,,,,,False,0.024341000011190772,0.02467600000090897,,,,,,,,,,,,,,,,,,,,,,,,,,,,,,,,,,,,,,,,,,,,,,,,,,,,,,,,,,,,,,,,,,,,,,,,,,,,,,,,,,,,,,,,,,,,,,,,,,,,,,,,,,,,,,,,,,,,,,,,,,,,,,203,1,short,A,2026-07-10_10h42.14.269,SBL_superimposed_retrieval,,2026.1.3,120.19505247720619,2026-07-10 10h42.14.672191 -0400,
,,,,,,,,,,,,,,,,,,,,,,,,,,,,,,,,,,,,,,,,,,,0.02470589999575168,0.024927400052547455,,,,,,,,,,,,,,,,,,,,,,,,,,,,,,,,,,,,,,,,,,,,,,,,,,,,,,,,,,,,,,,,,,,,,,,,,,,,,,,,,,,,,,,,,,,,,,,,,,,,,,,,,,,,,,,,,,,,,,,,,,,,203,1,short,A,2026-07-10_10h42.14.269,SBL_superimposed_retrieval,,2026.1.3,120.19505247720619,2026-07-10 10h42.14.672191 -0400,
,,,,,,,,,,,,,,,,,,,,,,,,,,,,,,,,,,,,,,,,,,,,,0.024949800048489124,0.028028400032781065,1.0194332000100985,25.241212400025688,space,24.20582440000726,None,,,,,,,,,,,,,,,,,,,,,,,,,,,,,,,,,,,,,,,,,,,,,,,,,,,,,,,,,,,,,,,,,,,,,,,,,,,,,,,,,,,,,,,,,,,,,,,,,,,,,,,,,,,,,,,,,,,,,203,1,short,A,2026-07-10_10h42.14.269,SBL_superimposed_retrieval,,2026.1.3,120.19505247720619,2026-07-10 10h42.14.672191 -0400,
,,,,,,,,,,,,,,,,,,,,,,,,,,,,,,,,,,,,,,,,,,,,,,,,,,,,25.241256900015287,25.244057800038718,27.236422000045422,36.82902380003361,space,9.589288000017405,None,,,,,,,,,,,,,,,,,,,,,,,,,,,,,,,,,,,,,,,,,,,,,,,,,,,,,,,,,,,,,,,,,,,,,,,,,,,,,,,,,,,,,,,,,,,,,,,,,,,,,,,,,,,,,,203,1,short,A,2026-07-10_10h42.14.269,SBL_superimposed_retrieval,,2026.1.3,120.19505247720619,2026-07-10 10h42.14.672191 -0400,
,,,,,,,,,,,,,,,,,,,,,,,,,,,,,,,,,,,,,,,,,,,,,,,,,,,,,,,,,,,36.93935020000208,37.00998550001532,37.00998550001532,37.00998550001532,37.00998550001532,37.00998550001532,37.00998550001532,37.00998550001532,37.00998550001532,37.00998550001532,38.81958740000846,68.42934230004903,space,29.605460299993865,None,,,,,,,,,,,,,,,,,,,,,,,,,,,,,,,,,,,,,,,,,,,,,,,,,,,,,,,,,,,,,,,,,,,,,,,,,,,,,,,,,,,,,,,,,,,,,,,203,1,short,A,2026-07-10_10h42.14.269,SBL_superimposed_retrieval,,2026.1.3,120.19505247720619,2026-07-10 10h42.14.672191 -0400,
,,,,,,,,,,,,,,,,,,,,,,,,,,,,,,,,,,,,,,,,,,,,,,,,,,,,,,,,,,,,,,,,,,,,,,,,,,68.42938460002188,68.43677359999856,71.4655097000068,71.42095890000928,,,,,,,,,,,,,,,,,,,,,,,,,,,,,,,,,,,,,,,,,,,,,,,,,,,,,,,,,,,,,,,,,,,,,,,,,,,,,,,,,,,,,,,,,,,203,1,short,A,2026-07-10_10h42.14.269,SBL_superimposed_retrieval,,2026.1.3,120.19505247720619,2026-07-10 10h42.14.672191 -0400,
,,,,,,,,,,,,,,,,,,,,,,,,,,,,,,,,,,,,,,,,,,,,,,,,,,,,,,,,,,,,,,,,,,,,,,,,,,,,,,71.42118320002919,71.42138360004174,,,,,,,,,,,,,,,,,,,,,,,,,,,,,,,,,,,,,,,,,,,,,,,,,,,,,,,,,,,,,,,,,,,,,,,,,,,,,,,,,,,,,,,,,203,1,short,A,2026-07-10_10h42.14.269,SBL_superimposed_retrieval,,2026.1.3,120.19505247720619,2026-07-10 10h42.14.672191 -0400,
0,0,0,0,stimuli/scenes/scene_J1.jpg,Jungle,Malbow,stimuli/items/undersea_animal_15.png,Undersea,animal,si,None,1,1,0.9894299000152387,None,3,1.7003198000020348,None,1,1,1.3297843999462202,None,3,0.3914465000270866,None,0,0,0,0,0,0,0,0,,,,,71.4655097000068,,,,,,,,,,,,,,,,,,,,,,,,,,,,,,,,,,,,,,,,,,71.43963590002386,71.43988860002719,71.46205460000783,71.4655097000068,75.44537370000035,None,79.64607800001977,80.63703770004213,76.44439050002256,76.44875770004,76.44875770004,76.44875770004,0.004521099966950715,77.43767030001618,1,1,0.9894299000152387,None,81.97916200000327,81.98692510003457,82.48208440002054,82.47107310005231,77.93169630004559,77.94075670000166,77.94075670000166,77.94075670000166,79.64600490004523,3,1.7003198000020348,None,80.64304789999733,80.64740770001663,80.64740770001663,80.64740770001663,80.64740770001663,81.97909470001468,1,1,1.3297843999462202,None,82.47358620003797,82.48208440002054,82.48208440002054,82.48208440002054,82.87956710002618,3,0.3914465000270866,None,82.87962560000597,85.87129080004524,,,,,,,,,,,,,,,,,,,,,,,,,,,,,,,,,,,,,,,203,1,short,A,2026-07-10_10h42.14.269,SBL_superimposed_retrieval,,2026.1.3,120.19505247720619,2026-07-10 10h42.14.672191 -0400,
0,1,1,0,stimuli/scenes/scene_U2.jpg,Undersea,Tulon,stimuli/items/undersea_object_6.png,Undersea,object,sc,None,2,1,0.6339395000250079,None,3,0.756580000044778,None,1,1,1.6062655000132509,None,3,0.7767145000398159,None,0,0,0,0,0,1,1,1,,,,,85.88666990003549,,,,,,,,,,,,,,,,,,,,,,,,,,,,,,,,,,,,,,,,,,,,85.88447340001585,85.88666990003549,89.87084350001533,None,92.77993720001541,93.77060889999848,90.86327470000833,90.87036360002821,90.87036360002821,90.87036360002821,-0.0004495999892242253,91.52103450003779,2,1,0.6339395000250079,None,95.38790550001431,95.39568150002742,95.88872170000104,95.87930590001633,92.01500430004671,92.02180930000031,92.02180930000031,92.02180930000031,92.77987970004324,3,0.756580000044778,None,93.77489830000559,93.77883910003584,93.77883910003584,93.77883910003584,93.77883910003584,95.38783970003715,1,1,1.6062655000132509,None,95.88178809999954,95.88872170000104,95.88872170000104,95.88872170000104,96.67115900001954,3,0.7767145000398159,None,96.6712194000138,99.66276600002311,89.87891640001908,,,,,,,,,,,,,,,,,,,,,,,,,,,,,,,,,,,,,,203,1,short,A,2026-07-10_10h42.14.269,SBL_superimposed_retrieval,,2026.1.3,120.19505247720619,2026-07-10 10h42.14.672191 -0400,
0,2,2,0,stimuli/scenes/scene_J1.jpg,Jungle,Malbow,stimuli/items/undersea_animal_14.png,Undersea,animal,si,None,1,1,2.02635860000737,None,2,0.5954062000382692,None,None,0,,,None,,,0,0,0,0,0,2,2,2,,,,,99.67476439999882,,,,,,,,,,,,,,,,,,,,,,,,,,,,,,,,,,,,,,,,,,,,99.67231160000665,99.67476439999882,103.6627637000056,None,107.8048689000425,108.79626020003343,104.65499160002219,104.66224530001637,104.66224530001637,104.66224530001637,-0.0001449999981559813,106.70496500004083,1,1,2.02635860000737,None,111.2878395000007,111.29573630000232,111.78728290001163,111.77959640003974,107.19900900003267,107.20577220001724,107.20577220001724,107.20577220001724,107.80481100000907,2,0.5954062000382692,None,108.80039390001912,108.80366150004556,108.80366150004556,108.80366150004556,108.80366150004556,111.28778990003048,None,0,,,111.78247750003356,111.79544440004975,111.79544440004975,111.79544440004975,113.78046239999821,None,,,113.78050920000533,116.77950460003922,103.6706890000496,111.29573630000232,111.29573630000232,111.29573630000232,111.29573630000232,113.78751890000422,113.78751890000422,113.78751890000422,,,,,,,,,,,,,,,,,,,,,,,,,,,,,,,203,1,short,A,2026-07-10_10h42.14.269,SBL_superimposed_retrieval,,2026.1.3,120.19505247720619,2026-07-10 10h42.14.672191 -0400,
0,3,3,0,stimuli/scenes/scene_J1.jpg,Jungle,Malbow,stimuli/items/jungle_object_1.png,Jungle,object,sc,None,1,1,0.7170909999986179,None,3,0.9161929000401869,None,1,1,0.4874855999951251,None,3,0.5660434000310488,None,0,0,0,0,0,3,3,3,,,,,116.80695430003107,,,,,,,,,,,,,,,,,,,,,,,,,,,,,,,,,,,,,,,,,,,,116.80473070003791,116.80695430003107,120.7965829000459,None,123.94680600002175,124.93817790003959,121.78896650002571,121.79599090002012,121.79599090002012,121.79599090002012,-0.00028899998869746923,122.52977950003697,1,1,0.7170909999986179,None,125.43817410001066,125.44599100004416,125.93903550005052,125.92972220003139,123.02217500004917,123.02886670001317,123.02886670001317,123.02886670001317,123.94674600003054,3,0.9161929000401869,None,124.93860950000817,124.94611450005323,124.94611450005323,124.94611450005323,124.94611450005323,125.4381101000472,1,1,0.4874855999951251,None,125.93227130000014,125.93903550005052,125.93903550005052,125.93903550005052,126.5133182000136,3,0.5660434000310488,None,126.51337650005007,129.5049906000495,120.80407870002091,,,,,,,,,,,,,,,,,,,,,,,,,,,,,,,,,,,,,,203,1,short,A,2026-07-10_10h42.14.269,SBL_superimposed_retrieval,,2026.1.3,120.19505247720619,2026-07-10 10h42.14.672191 -0400,
0,4,4,0,stimuli/scenes/scene_U2.jpg,Undersea,Tulon,stimuli/items/jungle_object_20.png,Jungle,object,si,None,2,1,1.0005667000077665,None,3,1.2100101999822073,None,2,0,1.9240635999594815,None,3,1.1129489000304602,None,0,0,0,0,0,4,4,4,,,,,129.51874790003058,,,,,,,,,,,,,,,,,,,,,,,,,,,,,,,,,,,,,,,,,,,,129.51651300000958,129.51874790003058,133.50487370003248,None,137.2305901000509,138.22177540004486,134.4972521000309,134.50444730004529,134.50444730004529,134.50444730004529,-0.0007463000365532935,135.51395270001376,2,1,1.0005667000077665,None,140.15501129999757,140.16308440000284,140.65601279999828,140.6464831000194,136.00808250001865,136.01494000002276,136.01494000002276,136.01494000002276,137.2305288000498,3,1.2100101999822073,None,138.22655780002242,138.2299922000384,138.2299922000384,138.2299922000384,138.2299922000384,140.15494490001583,2,0,1.9240635999594815,None,140.6489907000214,140.65601279999828,140.65601279999828,140.65601279999828,141.7720119000296,3,1.1129489000304602,None,141.7720722000231,144.76330970000708,133.51301100000273,,,,,,,,,,,,,,,,,,,,,,,,,,,,,,,,,,,,,,203,1,short,A,2026-07-10_10h42.14.269,SBL_superimposed_retrieval,,2026.1.3,120.19505247720619,2026-07-10 10h42.14.672191 -0400,
0,5,5,0,stimuli/scenes/scene_U2.jpg,Undersea,Tulon,stimuli/items/jungle_object_12.png,Jungle,object,si,None,2,1,0.47758479998447,None,3,0.6148733000154607,None,1,1,1.2220939000253566,None,3,0.31073700002161786,None,0,0,0,0,0,5,5,5,,,,,144.7791577000171,,,,,,,,,,,,,,,,,,,,,,,,,,,,,,,,,,,,,,,,,,,,144.77689290000126,144.7791577000171,148.7635573000298,None,151.3722459000419,152.3633405000437,149.75590320001356,149.7630771000404,149.7630771000404,149.7630771000404,-0.0006210999563336372,150.2555911000236,2,1,0.47758479998447,None,153.59733150003012,153.6048015000415,154.09816290001618,154.0886210000026,150.74732050002785,150.75431670004036,150.75431670004036,150.75431670004036,151.37218500004383,3,0.6148733000154607,None,152.36374550004257,152.37161339999875,152.37161339999875,152.37161339999875,152.37161339999875,153.5972682000138,1,1,1.2220939000253566,None,154.091069600021,154.09816290001618,154.09816290001618,154.09816290001618,154.41428850003285,3,0.31073700002161786,None,154.41434740001569,157.40521930000978,148.7712055000011,,,,,,,,,,,,,,,,,,,,,,,,,,,,,,,,,,,,,,203,1,short,A,2026-07-10_10h42.14.269,SBL_superimposed_retrieval,,2026.1.3,120.19505247720619,2026-07-10 10h42.14.672191 -0400,
0,6,6,0,stimuli/scenes/scene_U2.jpg,Undersea,Tulon,stimuli/items/jungle_animal_13.png,Jungle,animal,si,None,2,1,0.9879072000039741,None,2,0.26487060001818463,None,2,0,1.8306853999965824,None,2,0.4073138000094332,None,0,0,0,0,0,6,6,6,,,,,157.41835829999764,,,,,,,,,,,,,,,,,,,,,,,,,,,,,,,,,,,,,,,,,,,,157.41620520001743,157.41835829999764,161.4055535000516,None,164.1724996000412,165.16380880004726,162.3973651000415,162.41327360004652,162.41327360004652,162.41327360004652,-0.0009194999583996832,163.40575570001965,2,1,0.9879072000039741,None,167.00579850003123,167.01303220004775,167.50632470002165,167.49691820004955,163.89771700004349,163.90448790002847,163.90448790002847,163.90448790002847,164.1724419000093,2,0.26487060001818463,None,165.16421990003437,165.171154700045,165.171154700045,165.171154700045,165.171154700045,167.00572340004146,2,0,1.8306853999965824,None,167.49937710002996,167.50632470002165,167.50632470002165,167.50632470002165,167.92238250002265,2,0.4073138000094332,None,167.92244260001462,170.91394860000582,161.41305430000648,,,,,,,,,,,,,,,,,,,,,,,,,,,,,,,,,,,,,,203,1,short,A,2026-07-10_10h42.14.269,SBL_superimposed_retrieval,,2026.1.3,120.19505247720619,2026-07-10 10h42.14.672191 -0400,
0,7,7,0,stimuli/scenes/scene_U2.jpg,Undersea,Tulon,stimuli/items/undersea_object_12.png,Undersea,object,sc,None,2,1,0.6150360000319779,None,3,0.33102109999163076,None,1,1,1.4294114999938756,None,2,0.9498858000151813,None,0,0,0,0,0,7,7,7,,,,,170.93071040004725,,,,,,,,,,,,,,,,,,,,,,,,,,,,,,,,,,,,,,,,,,,,170.92828510003164,170.93071040004725,174.91381090000505,None,177.37292170000728,178.36380720004672,175.90609460003907,175.91346220002742,175.91346220002742,175.91346220002742,-0.00043569999979808927,176.5389471000526,2,1,0.6150360000319779,None,179.80606970004737,179.81330480001634,180.3069695000304,180.29740250000032,177.03157620003913,177.0382258000318,177.0382258000318,177.0382258000318,177.3728645000374,3,0.33102109999163076,None,178.36424130003434,178.37211070000194,178.37211070000194,178.37211070000194,178.37211070000194,179.80600400001276,1,1,1.4294114999938756,None,180.29987139999866,180.3069695000304,180.3069695000304,180.3069695000304,181.26474060001783,2,0.9498858000151813,None,181.26481670001522,184.2557036000071,174.92185159999644,,,,,,,,,,,,,,,,,,,,,,,,,,,,,,,,,,,,,,203,1,short,A,2026-07-10_10h42.14.269,SBL_superimposed_retrieval,,2026.1.3,120.19505247720619,2026-07-10 10h42.14.672191 -0400,
0,8,8,0,stimuli/scenes/scene_J2.jpg,Jungle,Negvi,stimuli/items/jungle_animal_20.png,Jungle,animal,sc,None,1,1,0.8006843999610282,None,2,1.60345180000877,None,2,1,1.3491845999960788,None,1,1.7522676999797113,None,0,0,0,0,0,8,8,8,,,,,184.27082700002939,,,,,,,,,,,,,,,,,,,,,,,,,,,,,,,,,,,,,,,,,,,,184.26854130002903,184.27082700002939,188.25587110000197,None,192.18967079999857,193.181010100001,189.2478932000231,189.26358310005162,189.26358310005162,189.26358310005162,0.007346700003836304,190.08110080001643,1,1,0.8006843999610282,None,194.53924730001017,194.5470784000354,195.04053630004637,195.03084790002322,190.5749706000206,190.58204100001603,190.58204100001603,190.58204100001603,192.1896112000104,2,1.60345180000877,None,193.18525490001775,193.1883872000035,193.1883872000035,193.1883872000035,193.1883872000035,194.53918160003377,2,1,1.3491845999960788,None,195.0332696000114,195.04053630004637,195.04053630004637,195.04053630004637,196.79809120000573,1,1.7522676999797113,None,196.79815190000227,199.7892444000463,188.2638310000184,,,,,,,,,,,,,,,,,,,,,,,,,,,,,,,,,,,,,,203,1,short,A,2026-07-10_10h42.14.269,SBL_superimposed_retrieval,,2026.1.3,120.19505247720619,2026-07-10 10h42.14.672191 -0400,
0,9,9,0,stimuli/scenes/scene_U2.jpg,Undersea,Tulon,stimuli/items/undersea_animal_9.png,Undersea,animal,sc,None,2,1,0.9241623000125401,None,3,1.0974393999786116,None,1,1,1.7835930999717675,None,2,0.5940400999970734,None,0,0,0,0,0,9,9,9,,,,,199.80232240003534,,,,,,,,,,,,,,,,,,,,,,,,,,,,,,,,,,,,,,,,,,,,199.80014100001426,199.80232240003534,203.78907410003012,None,207.3229846000322,208.31450560002122,204.7817988000461,204.78882280003745,204.78882280003745,204.78882280003745,-0.0008425000123679638,205.72264240001095,2,1,0.9241623000125401,None,210.11448170000222,210.1223289000336,210.61567510000896,210.60612370003946,206.2171441000537,206.22404910001205,206.22404910001205,206.22404910001205,207.3229238000349,3,1.0974393999786116,None,208.31894060003106,208.32224230002612,208.32224230002612,208.32224230002612,208.32224230002612,210.11441460001515,1,1,1.7835930999717675,None,210.6086022000527,210.61567510000896,210.61567510000896,210.61567510000896,211.21508740005083,2,0.5940400999970734,None,211.2151467000367,214.2065314000356,203.79710379999597,,,,,,,,,,,,,,,,,,,,,,,,,,,,,,,,,,,,,,203,1,short,A,2026-07-10_10h42.14.269,SBL_superimposed_retrieval,,2026.1.3,120.19505247720619,2026-07-10 10h42.14.672191 -0400,
0,10,10,0,stimuli/scenes/scene_U1.jpg,Undersea,Somar,stimuli/items/jungle_animal_5.png,Jungle,animal,si,None,2,1,1.9635562999756075,None,1,1.4169124999898486,None,None,0,,,1,1.3995790000190027,None,0,0,0,0,0,10,10,10,,,,,214.21976020000875,,,,,,,,,,,,,,,,,,,,,,,,,,,,,,,,,,,,,,,,,,,,214.21735040005296,214.21976020000875,218.2064507000032,None,223.10692610003753,224.0979828000418,219.19837280001957,219.2057089000009,219.2057089000009,219.2057089000009,-0.0008909999742172658,221.18162840005243,2,1,1.9635562999756075,None,226.58947760000592,226.60546390002128,227.0977890000213,227.08942309999838,221.6740369000472,221.68069590005325,221.68069590005325,221.68069590005325,223.10686610004632,1,1.4169124999898486,None,224.09840670000995,224.1058028000407,224.1058028000407,224.1058028000407,224.1058028000407,226.5894275000319,None,0,,,227.0927979000262,227.10556610004278,227.10556610004278,227.10556610004278,228.50717170001008,1,1.3995790000190027,None,228.5072345000226,231.49794260005,218.21415360004175,226.59747120004613,226.59747120004613,226.59747120004613,226.59747120004613,,,,,,,,,,,,,,,,,,,,,,,,,,,,,,,,,,203,1,short,A,2026-07-10_10h42.14.269,SBL_superimposed_retrieval,,2026.1.3,120.19505247720619,2026-07-10 10h42.14.672191 -0400,
0,11,11,0,stimuli/scenes/scene_J2.jpg,Jungle,Negvi,stimuli/items/undersea_object_19.png,Undersea,object,si,None,1,1,1.6871039000106975,None,2,0.4535125999827869,None,1,0,1.8288387000211515,None,2,0.8386937999748625,None,0,0,0,0,0,11,11,11,,,,,231.51171010005055,,,,,,,,,,,,,,,,,,,,,,,,,,,,,,,,,,,,,,,,,,,,231.50923070003046,231.51171010005055,235.49830230005318,None,239.16512890002923,240.15656240005046,236.4900890000281,236.50584650004748,236.50584650004748,236.50584650004748,0.007108500052709132,238.2066675000242,1,1,1.6871039000106975,None,241.9987850000034,242.00612710003043,242.49906760000158,242.48965230002068,238.70055180002237,238.7075311000226,238.7075311000226,238.7075311000226,239.16507040004944,2,0.4535125999827869,None,240.1608064000029,240.16417460003868,240.16417460003868,240.16417460003868,240.16417460003868,241.99872020003386,1,0,1.8288387000211515,None,242.49215320002986,242.49906760000158,242.49906760000158,242.49906760000158,243.3402833000291,2,0.8386937999748625,None,243.3403439000249,246.33146480005234,235.50618820003,,,,,,,,,,,,,,,,,,,,,,,,,,,,,,,,,,,,,,203,1,short,A,2026-07-10_10h42.14.269,SBL_superimposed_retrieval,,2026.1.3,120.19505247720619,2026-07-10 10h42.14.672191 -0400,
0,12,12,0,stimuli/scenes/scene_U2.jpg,Undersea,Tulon,stimuli/items/jungle_animal_19.png,Jungle,animal,si,None,2,1,0.606128900020849,None,3,0.2797288000001572,None,2,0,1.397420699999202,None,3,0.5683432999649085,None,0,0,0,0,0,12,12,12,,,,,246.34678429999622,,,,,,,,,,,,,,,,,,,,,,,,,,,,,,,,,,,,,,,,,,,,246.344443900045,246.34678429999622,250.3316636000527,None,252.73232560005272,253.7234847000218,251.3237924000132,251.33099180000136,251.33099180000136,251.33099180000136,-0.0007799000013619661,251.94837110000663,2,1,0.606128900020849,None,255.13211100001354,255.1395456000464,255.6325080000097,255.62312980002025,252.4422800000175,252.44927949999692,252.44927949999692,252.44927949999692,252.7322703000391,3,0.2797288000001572,None,253.72802050004248,253.73162050003884,253.73162050003884,253.73162050003884,253.73162050003884,255.13204570004018,2,0,1.397420699999202,None,255.62554400000954,255.6325080000097,255.6325080000097,255.6325080000097,256.2072765000048,3,0.5683432999649085,None,256.2073355000466,259.1988025000319,250.3395695000072,,,,,,,,,,,,,,,,,,,,,,,,,,,,,,,,,,,,,,203,1,short,A,2026-07-10_10h42.14.269,SBL_superimposed_retrieval,,2026.1.3,120.19505247720619,2026-07-10 10h42.14.672191 -0400,
0,13,13,0,stimuli/scenes/scene_U2.jpg,Undersea,Tulon,stimuli/items/jungle_object_10.png,Jungle,object,si,None,2,1,0.28228799998760223,None,3,0.36348180001368746,None,1,1,1.524486700014677,None,2,1.146499100024812,None,0,0,0,0,0,13,13,13,,,,,259.21285090001766,,,,,,,,,,,,,,,,,,,,,,,,,,,,,,,,,,,,,,,,,,,,259.210627500026,259.21285090001766,263.19841060001636,None,265.3575303000398,266.3484011000255,264.190886700002,264.19805380003527,264.19805380003527,264.19805380003527,-0.0007474999874830246,264.49056440003915,2,1,0.28228799998760223,None,267.8824550000136,267.889652700047,268.3828813,268.373596200021,264.9825383000425,264.9897242000443,264.9897242000443,264.9897242000443,265.35747300001094,3,0.36348180001368746,None,266.34884940000484,266.3563432000228,266.3563432000228,266.3563432000228,266.3563432000228,267.88239020004403,1,1,1.524486700014677,None,268.3760725000175,268.3828813,268.3828813,268.3828813,269.5321993000107,2,1.146499100024812,None,269.5322609000141,272.5234494000324,263.2065492999973,,,,,,,,,,,,,,,,,,,,,,,,,,,,,,,,,,,,,,203,1,short,A,2026-07-10_10h42.14.269,SBL_superimposed_retrieval,,2026.1.3,120.19505247720619,2026-07-10 10h42.14.672191 -0400,
0,14,14,0,stimuli/scenes/scene_U2.jpg,Undersea,Tulon,stimuli/items/undersea_animal_16.png,Undersea,animal,sc,None,2,1,0.9100206000148319,None,3,0.2293051999877207,None,1,1,0.9156619000132196,None,3,0.2517879000515677,None,0,0,0,0,0,14,14,14,,,,,272.5346561000333,,,,,,,,,,,,,,,,,,,,,,,,,,,,,,,,,,,,,,,,,,,,272.53252360003535,272.5346561000333,276.52366270002676,None,279.18232090002857,280.1734786000452,277.5160860000178,277.52316860004794,277.52316860004794,277.52316860004794,-0.0006716000498272479,278.44918660004623,2,1,0.9100206000148319,None,281.09903250000207,281.10662560001947,281.59787789999973,281.5903050000197,278.9413524999982,278.94795680005336,278.94795680005336,278.94795680005336,279.1822644000058,3,0.2293051999877207,None,280.17389220005134,280.1817512999987,280.1817512999987,280.1817512999987,280.1817512999987,281.098971600004,1,1,0.9156619000132196,None,281.5911962999962,281.59787789999973,281.59787789999973,281.59787789999973,281.857825700019,3,0.2517879000515677,None,281.8578830000479,284.8487088000402,276.53159660001984,,,,,,,,,,,,,,,,,,,,,,,,,,,,,,,,,,,,,,203,1,short,A,2026-07-10_10h42.14.269,SBL_superimposed_retrieval,,2026.1.3,120.19505247720619,2026-07-10 10h42.14.672191 -0400,
0,15,15,0,stimuli/scenes/scene_J1.jpg,Jungle,Malbow,stimuli/items/undersea_object_20.png,Undersea,object,si,None,1,1,0.6327325000311248,None,2,0.6980693000368774,None,1,1,1.766843700024765,None,1,0.26729799999156967,None,0,0,0,0,0,15,15,15,,,,,284.85916839999845,,,,,,,,,,,,,,,,,,,,,,,,,,,,,,,,,,,,,,,,,,,,284.8570794000407,284.85916839999845,288.84892519999994,None,291.6908877000096,292.6823754000361,289.8410760000115,289.8569107000367,289.8569107000367,289.8569107000367,-0.0008177999989129603,290.4908434000099,1,1,0.6327325000311248,None,294.45791420002934,294.4650914000231,294.9581474000006,294.9487313000136,290.98469130002195,290.99150620005094,290.99150620005094,290.99150620005094,291.69082990003517,2,0.6980693000368774,None,292.68662980000954,292.69020670000464,292.69020670000464,292.69020670000464,292.69020670000464,294.45785080001224,1,1,1.766843700024765,None,294.9512647000374,294.9581474000006,294.9581474000006,294.9581474000006,295.2328586000367,1,0.26729799999156967,None,295.2329130000435,298.22376060002716,288.8569233000162,,,,,,,,,,,,,,,,,,,,,,,,,,,,,,,,,,,,,,203,1,short,A,2026-07-10_10h42.14.269,SBL_superimposed_retrieval,,2026.1.3,120.19505247720619,2026-07-10 10h42.14.672191 -0400,
0,16,16,0,stimuli/scenes/scene_J2.jpg,Jungle,Negvi,stimuli/items/undersea_animal_18.png,Undersea,animal,si,None,2,0,0.712902800005395,None,3,0.5824915000121109,None,2,1,1.3136560000129975,None,3,0.2636926000122912,None,0,0,0,0,0,16,16,16,,,,,298.237151600013,,,,,,,,,,,,,,,,,,,,,,,,,,,,,,,,,,,,,,,,,,,,298.2347582000075,298.237151600013,302.2241064000409,None,305.0413864000002,306.03256520000286,303.21639620000497,303.2234055000008,303.2234055000008,303.2234055000008,-0.0007543999818153679,303.9491065000184,2,0,0.712902800005395,None,307.3579566000262,307.36499550001463,307.8582226000144,307.84895730001153,304.4434085999965,304.4504169000429,304.4504169000429,304.4504169000429,305.041328900028,3,0.5824915000121109,None,306.03300870000385,306.0401941000018,306.0401941000018,306.0401941000018,306.0401941000018,307.35789179999847,2,1,1.3136560000129975,None,307.8513581000152,307.8582226000144,307.8582226000144,307.8582226000144,308.12467150000157,3,0.2636926000122912,None,308.12472690001596,311.11626010003965,302.23213460005354,,,,,,,,,,,,,,,,,,,,,,,,,,,,,,,,,,,,,,203,1,short,A,2026-07-10_10h42.14.269,SBL_superimposed_retrieval,,2026.1.3,120.19505247720619,2026-07-10 10h42.14.672191 -0400,
0,17,17,0,stimuli/scenes/scene_U1.jpg,Undersea,Somar,stimuli/items/jungle_object_4.png,Jungle,object,si,None,2,1,0.6530279000289738,None,3,0.23161300003994256,None,2,1,0.693314400035888,None,1,0.5488981999806128,None,0,0,0,0,0,17,17,17,,,,,311.128141000052,,,,,,,,,,,,,,,,,,,,,,,,,,,,,,,,,,,,,,,,,,,,311.12579800002277,311.128141000052,315.11570640001446,None,317.51632840000093,318.50776970002335,316.10831229999894,316.11548160004895,316.11548160004895,316.11548160004895,-0.0007566999993287027,316.7826507000136,2,1,0.6530279000289738,None,319.21657760004746,319.2239959000144,319.7169203000376,319.70776950003346,317.27477840002393,317.28179239999736,317.28179239999736,317.28179239999736,317.51626699999906,3,0.23161300003994256,None,318.5121562000131,318.5155226000352,318.5155226000352,318.5155226000352,318.5155226000352,319.21651450003264,2,1,0.693314400035888,None,319.7101792000467,319.7169203000376,319.7169203000376,319.7169203000376,320.26698270003544,1,0.5488981999806128,None,320.2670425000251,323.25775030005025,315.12390570004936,,,,,,,,,,,,,,,,,,,,,,,,,,,,,,,,,,,,,,203,1,short,A,2026-07-10_10h42.14.269,SBL_superimposed_retrieval,,2026.1.3,120.19505247720619,2026-07-10 10h42.14.672191 -0400,
0,18,18,0,stimuli/scenes/scene_J2.jpg,Jungle,Negvi,stimuli/items/undersea_object_11.png,Undersea,object,si,None,1,1,0.5436804000055417,None,3,0.25987230002647266,None,2,1,1.1878906000056304,None,3,0.2622694000019692,None,0,0,0,0,0,18,18,18,,,,,323.2702456000261,,,,,,,,,,,,,,,,,,,,,,,,,,,,,,,,,,,,,,,,,,,,323.2680937999976,323.2702456000261,327.25780590000795,None,329.5830579000176,330.57462349999696,328.2500251000165,328.26592340000207,328.26592340000207,328.26592340000207,-0.0009499999578110874,328.81637850002153,1,1,0.5436804000055417,None,331.77484610001557,331.782037099998,332.2753689000383,332.26616739999736,329.3102095000213,329.3171105000074,329.3171105000074,329.3171105000074,329.5830025000032,3,0.25987230002647266,None,330.5789076000219,330.5821956000291,330.5821956000291,330.5821956000291,330.5821956000291,331.7747825999977,2,1,1.1878906000056304,None,332.268553300004,332.2753689000383,332.2753689000383,332.2753689000383,332.54194920003647,3,0.2622694000019692,None,332.542005299998,335.5328877000138,327.2656385000446,,,,,,,,,,,,,,,,,,,,,,,,,,,,,,,,,,,,,,203,1,short,A,2026-07-10_10h42.14.269,SBL_superimposed_retrieval,,2026.1.3,120.19505247720619,2026-07-10 10h42.14.672191 -0400,
0,19,19,0,stimuli/scenes/scene_U1.jpg,Undersea,Somar,stimuli/items/jungle_animal_18.png,Jungle,animal,si,None,2,1,0.5886418999871239,None,3,0.2470978000201285,None,1,0,1.3992880000150762,None,1,0.18481629999587312,None,0,0,0,0,0,19,19,19,,,,,335.5463001000462,,,,,,,,,,,,,,,,,,,,,,,,,,,,,,,,,,,,,,,,,,,,335.54387420002604,335.5463001000462,339.53278639999917,None,341.88351950002834,342.87480820005294,340.52533570001833,340.5410521000158,340.5410521000158,340.5410521000158,-0.0008830000297166407,341.13311590004014,2,1,0.5886418999871239,None,344.28349040000467,344.29085950000444,344.7840305000427,344.7745539000025,341.6269955000025,341.63396190002095,341.63396190002095,341.63396190002095,341.88346460001776,3,0.2470978000201285,None,342.8791298000142,342.8826061,342.8826061,342.8826061,342.8826061,344.2834254000336,1,0,1.3992880000150762,None,344.7770273000351,344.7840305000427,344.7840305000427,344.7840305000427,344.9754500000272,1,0.18481629999587312,None,344.97550470003625,347.9663720000535,339.54086080001434,,,,,,,,,,,,,,,,,,,,,,,,,,,,,,,,,,,,,,203,1,short,A,2026-07-10_10h42.14.269,SBL_superimposed_retrieval,,2026.1.3,120.19505247720619,2026-07-10 10h42.14.672191 -0400,
1,0,0,0,stimuli/scenes/scene_J1.jpg,Jungle,Malbow,stimuli/items/undersea_animal_11.png,Undersea,animal,si,None,1,1,0.5949037999962457,None,3,0.6464334999909624,None,1,1,1.0622525999788195,None,2,0.2617944000521675,None,0,1,1,1,0,0,0,0,0,0,0,0,353.5625517000444,,,,,,,,,,,,,,,,,,,,,,,,,,,,,,,,,,,,,,,,,,353.5344613000052,353.5346802000422,353.55961570004,353.5625517000444,357.54128820000915,None,360.28360560000874,361.2748181000352,358.53418820002116,358.5411005000351,358.5411005000351,358.5411005000351,-0.00047479994827881455,359.13352910004323,1,1,0.5949037999962457,None,362.35069460002705,362.3579755000537,362.85113260004437,362.84165650000796,359.627833000035,359.63479959999677,359.63479959999677,359.63479959999677,360.28354820003733,3,0.6464334999909624,None,361.2789681000286,361.28280480002286,361.28280480002286,361.28280480002286,361.28280480002286,362.3506318000145,1,1,1.0622525999788195,None,362.8441603000392,362.85113260004437,362.85113260004437,362.85113260004437,363.1169696000288,2,0.2617944000521675,None,363.11702570004854,366.1084232000285,,,,,,,,,347.9691492000129,347.9693991999957,347.9695948000299,347.97415620001266,348.9659806000418,353.5334717000369,space,4.563283399969805,None,,,,,,,,,,,,,,,,,,,,,,203,1,short,A,2026-07-10_10h42.14.269,SBL_superimposed_retrieval,,2026.1.3,120.19505247720619,2026-07-10 10h42.14.672191 -0400,
1,1,1,0,stimuli/scenes/scene_J1.jpg,Jungle,Malbow,stimuli/items/undersea_object_14.png,Undersea,object,si,None,1,1,0.6048795999959111,None,3,0.24858620000304654,None,1,1,1.1903992999577895,None,2,0.26690940000116825,None,0,1,1,1,0,1,1,1,,,,,366.1216798000387,,,,,,,,,,,,,,,,,,,,,,,,,,,,,,,,,,,,,,,,,,,,366.11925310001243,366.1216798000387,370.10863670002436,None,372.4757152000093,373.46676180005306,371.10082450002665,371.1079908000538,371.1079908000538,371.1079908000538,-0.00040880002779886127,371.7254213000415,1,1,0.6048795999959111,None,374.66719930002,374.67476670001633,375.1660875000525,375.1584872000385,372.21746320003876,372.2244575000368,372.2244575000368,372.2244575000368,372.47565860004397,3,0.24858620000304654,None,373.4671801000368,373.47467130003497,373.47467130003497,373.47467130003497,373.47467130003497,374.6671370000113,1,1,1.1903992999577895,None,375.15940350003075,375.1660875000525,375.1660875000525,375.1660875000525,375.4341731000459,2,0.26690940000116825,None,375.4342300000135,378.4254048000439,370.11649169999873,,,,,,,,,,,,,,,,,,,,,,,,,,,,,,,,,,,,,,203,1,short,A,2026-07-10_10h42.14.269,SBL_superimposed_retrieval,,2026.1.3,120.19505247720619,2026-07-10 10h42.14.672191 -0400,
1,2,2,0,stimuli/scenes/scene_J2.jpg,Jungle,Negvi,stimuli/items/undersea_animal_3.png,Undersea,animal,si,None,1,1,0.591818799963221,None,3,0.33318250003503636,None,2,1,0.9828048999770544,None,2,0.6023027000483125,None,0,1,1,1,0,2,2,2,,,,,378.43807220004965,,,,,,,,,,,,,,,,,,,,,,,,,,,,,,,,,,,,,,,,,,,,378.4358832000289,378.43807220004965,382.4256041000481,None,384.859212600044,385.8503697999986,383.4175612000399,383.43326970003545,383.43326970003545,383.43326970003545,-0.0008021000539883971,384.0260118000442,1,1,0.591818799963221,None,386.8424737000023,386.8500676000258,387.3430302000488,387.3336105000344,384.5177518000128,384.52472270000726,384.52472270000726,384.52472270000726,384.85915570001816,3,0.33318250003503636,None,385.8507877000375,385.85836640000343,385.85836640000343,385.85836640000343,385.85836640000343,386.8424091000343,2,1,0.9828048999770544,None,387.3363114000531,387.3430302000488,387.3430302000488,387.3430302000488,387.95125890005147,2,0.6023027000483125,None,387.9513203999959,390.9423917999957,382.43324310000753,,,,,,,,,,,,,,,,,,,,,,,,,,,,,,,,,,,,,,203,1,short,A,2026-07-10_10h42.14.269,SBL_superimposed_retrieval,,2026.1.3,120.19505247720619,2026-07-10 10h42.14.672191 -0400,
1,3,3,0,stimuli/scenes/scene_U1.jpg,Undersea,Somar,stimuli/items/undersea_animal_2.png,Undersea,animal,sc,None,1,0,1.059021599998232,None,1,0.2767636000062339,None,None,0,,,2,0.1753121000365354,None,0,1,1,1,0,3,3,3,,,,,390.9558207000373,,,,,,,,,,,,,,,,,,,,,,,,,,,,,,,,,,,,,,,,,,,,390.95367730001453,390.9558207000373,394.9420042000129,None,397.8094654000015,398.8004038000363,395.9341679000063,395.9498860000167,395.9498860000167,395.9498860000167,0.006999499979428947,397.0259045000421,1,0,1.059021599998232,None,401.2923662000103,401.3086527000414,401.8018451000098,401.79229800001485,397.5182187000173,397.5249027000391,397.5249027000391,397.5249027000391,397.8094088000362,1,0.2767636000062339,None,398.80474020005204,398.8081964000012,398.8081964000012,398.8081964000012,398.8081964000012,401.2923176000477,None,0,,,401.7951527000405,401.8018451000098,401.8018451000098,401.8018451000098,401.98434150003595,2,0.1753121000365354,None,401.9843981000013,404.97557150002103,394.9500166000216,401.30017390003195,401.30017390003195,401.30017390003195,401.30017390003195,,,,,,,,,,,,,,,,,,,,,,,,,,,,,,,,,,203,1,short,A,2026-07-10_10h42.14.269,SBL_superimposed_retrieval,,2026.1.3,120.19505247720619,2026-07-10 10h42.14.672191 -0400,
1,4,4,0,stimuli/scenes/scene_U2.jpg,Undersea,Tulon,stimuli/items/undersea_object_13.png,Undersea,object,sc,None,2,1,0.9374784000101499,None,3,0.26220980001380667,None,1,1,1.7494495999999344,None,1,0.8734464000444859,None,0,1,1,1,0,4,4,4,,,,,404.99857009999687,,,,,,,,,,,,,,,,,,,,,,,,,,,,,,,,,,,,,,,,,,,,404.99636859999737,404.99857009999687,408.98374310001964,None,411.6933626999962,412.68413590005366,409.97645600000396,409.9836684000329,409.9836684000329,409.9836684000329,-0.0005604000180028379,410.9260084000416,2,1,0.9374784000101499,None,414.4427288000006,414.45047810004326,414.943698600051,414.9342013000278,411.42005660000723,411.4268249000306,411.4268249000306,411.4268249000306,411.69330750004156,3,0.26220980001380667,None,412.6845671000192,412.69199010002194,412.69199010002194,412.69199010002194,412.69199010002194,414.4426650000387,1,1,1.7494495999999344,None,414.93696020002244,414.943698600051,414.943698600051,414.943698600051,415.8182373000309,1,0.8734464000444859,None,415.81829690001905,418.80897890002234,408.99223860003985,,,,,,,,,,,,,,,,,,,,,,,,,,,,,,,,,,,,,,203,1,short,A,2026-07-10_10h42.14.269,SBL_superimposed_retrieval,,2026.1.3,120.19505247720619,2026-07-10 10h42.14.672191 -0400,
1,5,5,0,stimuli/scenes/scene_J2.jpg,Jungle,Negvi,stimuli/items/undersea_object_16.png,Undersea,object,si,None,1,1,0.8715866999700665,None,3,0.2787228999659419,None,1,0,0.5174440999981016,None,3,0.2591312999720685,None,0,1,1,1,0,5,5,5,,,,,418.82926970004337,,,,,,,,,,,,,,,,,,,,,,,,,,,,,,,,,,,,,,,,,,,,418.82661760004703,418.82926970004337,422.8176994000096,None,425.4848791999975,426.47592510003597,423.8098639000091,423.81692770001246,423.81692770001246,423.81692770001246,0.007221700041554868,424.7010311000049,1,1,0.8715866999700665,None,427.009658200026,427.01701170002343,427.51016400003573,427.50075460004155,425.1953725000494,425.20230600005016,425.20230600005016,425.20230600005016,425.4848254999961,3,0.2787228999659419,None,426.48038220003946,426.4835321000428,426.4835321000428,426.4835321000428,426.4835321000428,427.00959580001654,1,0,0.5174440999981016,None,427.5033122000168,427.51016400003573,427.51016400003573,427.51016400003573,427.77637160004815,3,0.2591312999720685,None,427.7764265000005,430.76764890004415,422.82549160002964,,,,,,,,,,,,,,,,,,,,,,,,,,,,,,,,,,,,,,203,1,short,A,2026-07-10_10h42.14.269,SBL_superimposed_retrieval,,2026.1.3,120.19505247720619,2026-07-10 10h42.14.672191 -0400,
1,6,6,0,stimuli/scenes/scene_J1.jpg,Jungle,Malbow,stimuli/items/undersea_animal_19.png,Undersea,animal,si,None,1,1,1.0976357000181451,None,3,0.2658070999896154,None,1,1,0.9513227999559604,None,2,0.24490490002790466,None,0,1,1,1,0,6,6,6,,,,,430.782205800002,,,,,,,,,,,,,,,,,,,,,,,,,,,,,,,,,,,,,,,,,,,,430.77989420003723,430.782205800002,434.7679310000385,None,437.6431437000283,438.6343767000362,435.7599998000078,435.76731880003354,435.76731880003354,435.76731880003354,-0.0005096000386402011,436.876385200012,1,1,1.0976357000181451,None,439.60132440004963,439.60926779999863,440.10028890002286,440.09257090004394,437.3686413000105,437.3753966000513,437.3753966000513,437.3753966000513,437.64308930002153,3,0.2658070999896154,None,438.6347974000382,438.6421903000446,438.6421903000446,438.6421903000446,438.6421903000446,439.6012634000508,1,1,0.9513227999559604,None,440.09346290002577,440.10028890002286,440.10028890002286,440.10028890002286,440.3518205000437,2,0.24490490002790466,None,440.3518764000037,443.3429123000242,434.77585259999614,,,,,,,,,,,,,,,,,,,,,,,,,,,,,,,,,,,,,,203,1,short,A,2026-07-10_10h42.14.269,SBL_superimposed_retrieval,,2026.1.3,120.19505247720619,2026-07-10 10h42.14.672191 -0400,
1,7,7,0,stimuli/scenes/scene_J2.jpg,Jungle,Negvi,stimuli/items/jungle_object_13.png,Jungle,object,sc,None,1,1,0.5624927000026219,None,3,0.2316763999988325,None,2,1,0.7257762999506667,None,3,0.3552932000020519,None,0,1,1,1,0,7,7,7,,,,,443.3557363,,,,,,,,,,,,,,,,,,,,,,,,,,,,,,,,,,,,,,,,,,,,443.35350980004296,443.3557363,447.3427532000351,None,449.6602223000373,450.6514225000283,448.33533640002133,448.3426408000523,448.3426408000523,448.3426408000523,0.007484300003852695,448.9266076000058,1,1,0.5624927000026219,None,451.3932265000185,451.4008923000074,451.89416890003486,451.88460590003524,449.41864910000004,449.4255078000133,449.4255078000133,449.4255078000133,449.6601571000065,3,0.2316763999988325,None,450.6518496000208,450.65907670004526,450.65907670004526,450.65907670004526,450.65907670004526,451.3931655000197,2,1,0.7257762999506667,None,451.88746430003084,451.89416890003486,451.89416890003486,451.89416890003486,452.25154910003766,3,0.3552932000020519,None,452.2516072000144,455.24282149999635,447.3508603000082,,,,,,,,,,,,,,,,,,,,,,,,,,,,,,,,,,,,,,203,1,short,A,2026-07-10_10h42.14.269,SBL_superimposed_retrieval,,2026.1.3,120.19505247720619,2026-07-10 10h42.14.672191 -0400,
1,8,8,0,stimuli/scenes/scene_J2.jpg,Jungle,Negvi,stimuli/items/jungle_object_19.png,Jungle,object,sc,None,2,0,1.1345823999727145,None,2,1.0596863999962807,None,1,0,2.049796300008893,None,None,,,0,1,1,1,0,8,8,8,,,,,455.2542511000065,,,,,,,,,,,,,,,,,,,,,,,,,,,,,,,,,,,,,,,,,,,,455.25214890000643,455.2542511000065,459.2428212000523,None,462.96066160005284,463.9512723000371,460.23534250003286,460.2426677000476,460.2426677000476,460.2426677000476,-0.00047310005174949765,461.3933991000522,2,0,1.1345823999727145,None,466.01027160004014,466.0177543000318,466.511130400002,466.5012672000448,461.8872593000415,461.89408460003324,461.89408460003324,461.89408460003324,462.96060340001713,2,1.0596863999962807,None,463.95175649999874,463.9596235000063,463.9596235000063,463.9596235000063,463.9596235000063,466.01020870002685,1,0,2.049796300008893,None,466.5038140999968,466.511130400002,466.511130400002,466.511130400002,468.5019506000099,None,,,468.50199570000404,471.49327870004345,459.251131099998,,,,,468.5095437000273,468.5095437000273,468.5095437000273,,,,,,,,,,,,,,,,,,,,,,,,,,,,,,,203,1,short,A,2026-07-10_10h42.14.269,SBL_superimposed_retrieval,,2026.1.3,120.19505247720619,2026-07-10 10h42.14.672191 -0400,
1,9,9,0,stimuli/scenes/scene_J1.jpg,Jungle,Malbow,stimuli/items/jungle_object_2.png,Jungle,object,sc,None,1,1,0.5721205999725498,None,3,0.3749256000155583,None,1,1,0.6888945000246167,None,3,0.24964890000410378,None,0,1,1,1,0,9,9,9,,,,,471.50657540000975,,,,,,,,,,,,,,,,,,,,,,,,,,,,,,,,,,,,,,,,,,,,471.5041671000072,471.50657540000975,475.4932734000031,None,477.96904870000435,478.9602764000301,476.4857377000153,476.50123300001724,476.50123300001724,476.50123300001724,-0.0007236999808810651,477.08544430002803,1,1,0.5721205999725498,None,479.6603653000202,479.66814900003374,480.1592980000423,480.1518304000492,477.5794111000141,477.5863161000307,477.5863161000307,477.5863161000307,477.96899260004284,3,0.3749256000155583,None,478.9606951000169,478.9681803000276,478.9681803000276,478.9681803000276,478.9681803000276,479.66030410001986,1,1,0.6888945000246167,None,480.15273020003224,480.1592980000423,480.1592980000423,480.1592980000423,480.4104567000177,3,0.24964890000410378,None,480.4105112000252,483.40186760004144,475.501095900021,,,,,,,,,,,,,,,,,,,,,,,,,,,,,,,,,,,,,,203,1,short,A,2026-07-10_10h42.14.269,SBL_superimposed_retrieval,,2026.1.3,120.19505247720619,2026-07-10 10h42.14.672191 -0400,
1,10,10,0,stimuli/scenes/scene_J1.jpg,Jungle,Malbow,stimuli/items/jungle_animal_8.png,Jungle,animal,sc,None,1,1,0.7516033999854699,None,3,0.8700984999886714,None,1,1,0.9466281000059098,None,1,0.7921832999563776,None,0,1,1,1,0,10,10,10,,,,,483.41472370002884,,,,,,,,,,,,,,,,,,,,,,,,,,,,,,,,,,,,,,,,,,,,483.41255250002723,483.41472370002884,487.40187510004034,None,490.54408400005195,491.5352080000448,488.3941546000424,488.40150150004774,488.40150150004774,488.40150150004774,-0.00042050000047311187,489.1686329000513,1,1,0.7516033999854699,None,492.494104100042,492.5013762000017,492.9927985999966,492.98487040004693,489.66074600000866,489.66774980002083,489.66774980002083,489.66774980002083,490.5440265000216,3,0.8700984999886714,None,491.5356204000418,491.54291280003963,491.54291280003963,491.54291280003963,491.54291280003963,492.4940441000508,1,1,0.9466281000059098,None,492.985762300028,492.9927985999966,492.9927985999966,492.9927985999966,493.78612380003324,1,0.7921832999563776,None,493.78618019999703,496.77656250004657,487.40992659999756,,,,,,,,,,,,,,,,,,,,,,,,,,,,,,,,,,,,,,203,1,short,A,2026-07-10_10h42.14.269,SBL_superimposed_retrieval,,2026.1.3,120.19505247720619,2026-07-10 10h42.14.672191 -0400,
1,11,11,0,stimuli/scenes/scene_J1.jpg,Jungle,Malbow,stimuli/items/jungle_object_9.png,Jungle,object,sc,None,1,1,0.8168010999797843,None,3,0.1874013000051491,None,1,1,0.3241143999621272,None,3,0.23476269998354837,None,0,1,1,1,0,11,11,11,,,,,496.8003034000285,,,,,,,,,,,,,,,,,,,,,,,,,,,,,,,,,,,,,,,,,,,,496.7980558000272,496.8003034000285,500.78536960005295,None,503.2940916000516,504.2853206000291,501.77741300000343,501.78505730000325,501.78505730000325,501.78505730000325,-0.000994300004094839,502.6027910000412,1,1,0.8168010999797843,None,504.6187678000424,504.62658640003065,505.11804370000027,505.1103556000162,503.0948315000278,503.10152460000245,503.10152460000245,503.10152460000245,503.29403920000186,3,0.1874013000051491,None,504.28574580000713,504.2933142000111,504.2933142000111,504.2933142000111,504.2933142000111,504.6187084999983,1,1,0.3241143999621272,None,505.11124620004557,505.11804370000027,505.11804370000027,505.11804370000027,505.36104750004597,3,0.23476269998354837,None,505.36110090004513,508.35203920002095,500.79303560004337,,,,,,,,,,,,,,,,,,,,,,,,,,,,,,,,,,,,,,203,1,short,A,2026-07-10_10h42.14.269,SBL_superimposed_retrieval,,2026.1.3,120.19505247720619,2026-07-10 10h42.14.672191 -0400,
1,12,12,0,stimuli/scenes/scene_U1.jpg,Undersea,Somar,stimuli/items/jungle_object_6.png,Jungle,object,si,None,2,1,0.8088339000241831,None,3,0.12379669997608289,None,2,1,1.3918928999919444,None,3,0.306161799991969,None,0,1,1,1,0,12,12,12,,,,,508.36469170002965,,,,,,,,,,,,,,,,,,,,,,,,,,,,,,,,,,,,,,,,,,,,508.3622078000335,508.36469170002965,512.3524182999972,None,514.8024721000111,515.7941260000225,513.3445827999967,513.3519179000286,513.3519179000286,513.3519179000286,-0.0009132000268436968,514.1697665000102,2,1,0.8088339000241831,None,517.2026597000076,517.2100666000042,517.7029141000239,517.6937240000116,514.6632329000277,514.6701002000482,514.6701002000482,514.6701002000482,514.802419500018,3,0.12379669997608289,None,515.7984613000299,515.8018741999986,515.8018741999986,515.8018741999986,515.8018741999986,517.2025969000533,2,1,1.3918928999919444,None,517.6961145000532,517.7029141000239,517.7029141000239,517.7029141000239,518.0110303999973,3,0.306161799991969,None,518.0110904000467,521.0025458000018,512.360070499999,,,,,,,,,,,,,,,,,,,,,,,,,,,,,,,,,,,,,,203,1,short,A,2026-07-10_10h42.14.269,SBL_superimposed_retrieval,,2026.1.3,120.19505247720619,2026-07-10 10h42.14.672191 -0400,
1,13,13,0,stimuli/scenes/scene_J1.jpg,Jungle,Malbow,stimuli/items/undersea_object_5.png,Undersea,object,si,None,1,1,0.6551305999746546,None,3,0.1347725000232458,None,1,1,0.2919605000060983,None,3,0.13751349999802187,None,0,1,1,1,0,13,13,13,,,,,521.0208076999988,,,,,,,,,,,,,,,,,,,,,,,,,,,,,,,,,,,,,,,,,,,,521.018505300046,521.0208076999988,525.0105811000103,None,527.3112683000509,528.3023048000177,526.0028570000432,526.0105587000144,526.0105587000144,526.0105587000144,-0.0003169000265188515,526.6693876000354,1,1,0.6551305999746546,None,528.6026898000273,528.6103747000452,529.1037871000008,529.0942747000372,527.1633452000096,527.1702494000201,527.1702494000201,527.1702494000201,527.3112163000042,3,0.1347725000232458,None,528.3065030000289,528.3099385000532,528.3099385000532,528.3099385000532,528.3099385000532,528.6026338000083,1,1,0.2919605000060983,None,529.0968168000109,529.1037871000008,529.1037871000008,529.1037871000008,529.2444419999956,3,0.13751349999802187,None,529.2444980000146,532.2358712000423,525.0186897000531,,,,,,,,,,,,,,,,,,,,,,,,,,,,,,,,,,,,,,203,1,short,A,2026-07-10_10h42.14.269,SBL_superimposed_retrieval,,2026.1.3,120.19505247720619,2026-07-10 10h42.14.672191 -0400,
1,14,14,0,stimuli/scenes/scene_J1.jpg,Jungle,Malbow,stimuli/items/undersea_object_4.png,Undersea,object,si,None,1,1,0.5414155999897048,None,3,0.3641022000228986,None,1,1,0.6610691000241786,None,3,0.35869359999196604,None,0,1,1,1,0,14,14,14,,,,,532.2488909999956,,,,,,,,,,,,,,,,,,,,,,,,,,,,,,,,,,,,,,,,,,,,532.2463722000248,532.2488909999956,536.2359461000306,None,538.6531065000454,539.6440621000365,537.2288805000135,537.2356457000133,537.2356457000133,537.2356457000133,-0.00064439995912835,537.7862675000215,1,1,0.5414155999897048,None,540.3194321000483,540.3271431000321,540.8186794000212,540.8110541000497,538.2787179000443,538.2856848000083,538.2856848000083,538.2856848000083,538.6530525000417,3,0.3641022000228986,None,539.6444850999978,539.6522298000054,539.6522298000054,539.6522298000054,539.6522298000054,540.3193678000243,1,1,0.6610691000241786,None,540.8119519000174,540.8186794000212,540.8186794000212,540.8186794000212,541.1863378999988,3,0.35869359999196604,None,541.1864007000113,544.1775093000033,536.2439365000464,,,,,,,,,,,,,,,,,,,,,,,,,,,,,,,,,,,,,,203,1,short,A,2026-07-10_10h42.14.269,SBL_superimposed_retrieval,,2026.1.3,120.19505247720619,2026-07-10 10h42.14.672191 -0400,
1,15,15,0,stimuli/scenes/scene_J2.jpg,Jungle,Negvi,stimuli/items/jungle_object_15.png,Jungle,object,sc,None,1,1,0.7119892000337131,None,3,0.23155430000042543,None,2,1,0.8858362000319175,None,3,0.6286051999777555,None,0,1,1,1,0,15,15,15,,,,,544.1889932000195,,,,,,,,,,,,,,,,,,,,,,,,,,,,,,,,,,,,,,,,,,,,544.186756900046,544.1889932000195,548.1779243000201,None,550.6364574000472,551.6276384000084,549.1701242999989,549.1772343000048,549.1772343000048,549.1772343000048,-0.00044220004929229617,549.9028614000417,1,1,0.7119892000337131,None,552.5284492000355,552.5362086000387,553.0286926000263,553.0194942000089,550.3955104000052,550.4021701000165,550.4021701000165,550.4021701000165,550.6364046000526,3,0.23155430000042543,None,551.6280909000197,551.6356398000498,551.6356398000498,551.6356398000498,551.6356398000498,552.528377700015,2,1,0.8858362000319175,None,553.0219476000057,553.0286926000263,553.0286926000263,553.0286926000263,553.6614265000098,3,0.6286051999777555,None,553.6614826000296,556.6532389000058,548.1860492000123,,,,,,,,,,,,,,,,,,,,,,,,,,,,,,,,,,,,,,203,1,short,A,2026-07-10_10h42.14.269,SBL_superimposed_retrieval,,2026.1.3,120.19505247720619,2026-07-10 10h42.14.672191 -0400,
1,16,16,0,stimuli/scenes/scene_U1.jpg,Undersea,Somar,stimuli/items/jungle_animal_1.png,Jungle,animal,si,None,2,1,0.6207010000362061,None,2,0.2779643000103533,None,2,1,2.164180200023111,None,2,1.7038708999752998,None,0,1,1,1,0,16,16,16,,,,,556.6662096000509,,,,,,,,,,,,,,,,,,,,,,,,,,,,,,,,,,,,,,,,,,,,556.664070800005,556.6662096000509,560.6532098000171,None,563.0704737000051,564.061015000043,561.6452457000269,561.6528054000228,561.6528054000228,561.6528054000228,-0.0003524000057950616,562.2866551000043,2,1,0.6207010000362061,None,566.2365836999961,566.2445003000321,566.7376153000514,566.728191400005,562.7803991000401,562.7874993000296,562.7874993000296,562.7874993000296,563.0704167000367,2,0.2779643000103533,None,564.0655330000445,564.0688584000454,564.0688584000454,564.0688584000454,564.0688584000454,566.2365198000334,2,1,2.164180200023111,None,566.7305854000151,566.7376153000514,566.7376153000514,566.7376153000514,568.445142200042,2,1.7038708999752998,None,568.4451990000089,571.4364115000353,560.6611316000344,,,,,,,,,,,,,,,,,,,,,,,,,,,,,,,,,,,,,,203,1,short,A,2026-07-10_10h42.14.269,SBL_superimposed_retrieval,,2026.1.3,120.19505247720619,2026-07-10 10h42.14.672191 -0400,
1,17,17,0,stimuli/scenes/scene_J1.jpg,Jungle,Malbow,stimuli/items/undersea_animal_1.png,Undersea,animal,si,None,1,1,0.4934993000351824,None,2,0.22705689998110756,None,2,0,2.244349799992051,None,1,0.9800197999575175,None,0,1,1,1,0,17,17,17,,,,,571.4495012999978,,,,,,,,,,,,,,,,,,,,,,,,,,,,,,,,,,,,,,,,,,,,571.4473697000067,571.4495012999978,575.4362227000529,None,577.6791892000474,578.669548600039,576.4291099000257,576.4359434000216,576.4359434000216,576.4359434000216,-0.0007862000493332744,576.9448274000315,1,1,0.4934993000351824,None,580.9290955000324,580.9360604000394,581.4293737999978,581.4201957000187,577.4391494000447,577.4460755000473,577.4460755000473,577.4460755000473,577.6791365000536,2,0.22705689998110756,None,578.6741417000303,578.6774737000233,578.6774737000233,578.6774737000233,578.6774737000233,580.9290309000062,2,0,2.244349799992051,None,581.4225940000033,581.4293737999978,581.4293737999978,581.4293737999978,582.4121172000305,1,0.9800197999575175,None,582.4121750000049,585.4033684000024,575.4443286000169,,,,,,,,,,,,,,,,,,,,,,,,,,,,,,,,,,,,,,203,1,short,A,2026-07-10_10h42.14.269,SBL_superimposed_retrieval,,2026.1.3,120.19505247720619,2026-07-10 10h42.14.672191 -0400,
1,18,18,0,stimuli/scenes/scene_J2.jpg,Jungle,Negvi,stimuli/items/undersea_animal_8.png,Undersea,animal,si,None,1,1,0.4141500000259839,None,3,0.4740445999777876,None,2,1,0.8228499999968335,None,2,0.37737870001001284,None,0,1,1,1,0,18,18,18,,,,,585.4166278000339,,,,,,,,,,,,,,,,,,,,,,,,,,,,,,,,,,,,,,,,,,,,585.4140834000427,585.4166278000339,589.403732100036,None,591.8036546000512,592.7947590000113,590.3954477000516,590.4029386000475,590.4029386000475,590.4029386000475,-0.0005117999971844256,590.8283246000065,1,1,0.4141500000259839,None,593.628824000014,593.6364120000508,594.1279802000499,594.1203850000165,591.320927200024,591.3275198000483,591.3275198000483,591.3275198000483,591.8035997000406,3,0.4740445999777876,None,592.7951708000037,592.8031080000219,592.8031080000219,592.8031080000219,592.8031080000219,593.6287642000243,2,1,0.8228499999968335,None,594.1212886000285,594.1279802000499,594.1279802000499,594.1279802000499,594.5125072000083,2,0.37737870001001284,None,594.5125650000409,597.5037400000147,589.4113005000399,,,,,,,,,,,,,,,,,,,,,,,,,,,,,,,,,,,,,,203,1,short,A,2026-07-10_10h42.14.269,SBL_superimposed_retrieval,,2026.1.3,120.19505247720619,2026-07-10 10h42.14.672191 -0400,
1,19,19,0,stimuli/scenes/scene_U1.jpg,Undersea,Somar,stimuli/items/jungle_object_5.png,Jungle,object,si,None,2,1,0.7765192000078969,None,3,0.11652680003317073,None,2,1,0.514441600011196,None,2,0.31198149995179847,None,0,1,1,1,0,19,19,19,,,,,597.5341014000005,,,,,,,,,,,,,,,,,,,,,,,,,,,,,,,,,,,,,,,,,,,,597.5315915000392,597.5341014000005,601.5201850000303,None,603.9212497000117,604.9120208999957,602.5124538000091,602.5197281000437,602.5197281000437,602.5197281000437,-6.549997488036752e-05,603.2957027000375,2,1,0.7765192000078969,None,605.4371081000427,605.4449962000363,605.9375297000515,605.9283246000414,603.7897641000454,603.7970811999985,603.7970811999985,603.7970811999985,603.9211980000255,3,0.11652680003317073,None,604.916305700026,604.9194046000484,604.9194046000484,604.9194046000484,604.9194046000484,605.4370457000332,2,1,0.514441600011196,None,605.9307060000137,605.9375297000515,605.9375297000515,605.9375297000515,606.2542893000063,2,0.31198149995179847,None,606.2543445000192,609.2454085000209,,,,,,,,,,,,,,,,,,,,,,,,,,,,,,,,,,,,,,,203,1,short,A,2026-07-10_10h42.14.269,SBL_superimposed_retrieval,,2026.1.3,120.19505247720619,2026-07-10 10h42.14.672191 -0400,
2,0,0,0,stimuli/scenes/scene_U2.jpg,Undersea,Tulon,stimuli/items/undersea_object_3.png,Undersea,object,sc,None,2,1,1.218155000009574,None,3,1.0303914999822155,None,1,1,0.9806737000471912,None,3,0.5835202999878675,None,0,2,2,2,0,0,0,0,0,0,0,0,623.4979332000366,,,,,,,,,,,,,,,,,,,,,,,,,,,,,,,,,,,,,,,,,,623.4716940000071,623.471915800008,623.4952337000286,623.4979332000366,627.4787375000305,None,631.2294602000038,632.2206342000281,628.4709454000113,628.4786898000166,628.4786898000166,628.4786898000166,-0.0009537999867461622,629.6958722000127,2,1,1.218155000009574,None,633.2127403000486,633.2201064000255,633.7135609000106,633.7041950999992,630.1884248999995,630.1950886000413,630.1950886000413,630.1950886000413,631.2294016000233,3,1.0303914999822155,None,632.2210574000492,632.2287218000274,632.2287218000274,632.2287218000274,632.2287218000274,633.2126789000467,1,1,0.9806737000471912,None,633.7069317999994,633.7135609000106,633.7135609000106,633.7135609000106,634.3045065000188,3,0.5835202999878675,None,634.3045626000385,637.2958682000171,,,,,,,,,609.2479743000004,609.2482100000489,609.2484042000142,609.2532161000418,610.2451965000364,623.470727100037,space,13.22071959997993,None,,,,,,,,,,,,,,,,,,,,,,203,1,short,A,2026-07-10_10h42.14.269,SBL_superimposed_retrieval,,2026.1.3,120.19505247720619,2026-07-10 10h42.14.672191 -0400,
2,1,1,0,stimuli/scenes/scene_U2.jpg,Undersea,Tulon,stimuli/items/jungle_animal_17.png,Jungle,animal,si,None,2,1,0.5858016000129282,None,3,0.2935630000429228,None,1,1,1.6493892000289634,None,2,0.5245168000110425,None,0,2,2,2,0,1,1,1,,,,,637.3080733000534,,,,,,,,,,,,,,,,,,,,,,,,,,,,,,,,,,,,,,,,,,,,637.3059601000277,637.3080733000534,641.2957889000536,None,643.6966040999978,644.6874135000398,642.2880235000048,642.2953906000475,642.2953906000475,642.2953906000475,-0.0008292000275105238,642.8964327000431,2,1,0.5858016000129282,None,646.3460528000141,646.3538231000421,646.8450771000353,646.8373623000225,643.3885711000185,643.3952874000533,643.3952874000533,643.3952874000533,643.6965511000017,3,0.2935630000429228,None,644.6878301000106,644.6954901000136,644.6954901000136,644.6954901000136,644.6954901000136,646.3459898000001,1,1,1.6493892000289634,None,646.8382701000082,646.8450771000353,646.8450771000353,646.8450771000353,647.3715015000198,2,0.5245168000110425,None,647.371557800041,650.3627774000051,641.303569700045,,,,,,,,,,,,,,,,,,,,,,,,,,,,,,,,,,,,,,203,1,short,A,2026-07-10_10h42.14.269,SBL_superimposed_retrieval,,2026.1.3,120.19505247720619,2026-07-10 10h42.14.672191 -0400,
2,2,2,0,stimuli/scenes/scene_U2.jpg,Undersea,Tulon,stimuli/items/undersea_object_17.png,Undersea,object,sc,None,2,1,1.2787381000234745,None,None,,,1,1,2.167732400004752,None,2,0.9330637999810278,None,0,2,2,2,0,2,2,2,,,,,650.3760182000115,,,,,,,,,,,,,,,,,,,,,,,,,,,,,,,,,,,,,,,,,,,,650.3731474000379,650.3760182000115,654.3629580000415,None,659.1380064000259,660.1378242000355,655.3551011000527,655.3624386000447,655.3624386000447,655.3624386000447,-0.0006367000169120729,656.6550160000334,2,1,1.2787381000234745,None,662.3216386000277,662.3289363000076,662.8208826000337,662.8128962000483,657.146965300024,657.1536737999995,657.1536737999995,657.1536737999995,659.1379631000455,None,,,660.1382612000452,660.1456092000008,660.1456092000008,660.1456092000008,660.1456092000008,662.3215766000212,1,1,2.167732400004752,None,662.8138246000162,662.8208826000337,662.8208826000337,662.8208826000337,663.7553013000288,2,0.9330637999810278,None,663.7553590000025,666.746363400016,654.3708574000048,,,,,,,,,,,,,,,,,659.145615800051,659.145615800051,659.145615800051,,,,,,,,,,,,,,,,,,,203,1,short,A,2026-07-10_10h42.14.269,SBL_superimposed_retrieval,,2026.1.3,120.19505247720619,2026-07-10 10h42.14.672191 -0400,
2,3,3,0,stimuli/scenes/scene_U1.jpg,Undersea,Somar,stimuli/items/undersea_object_9.png,Undersea,object,sc,None,2,1,0.567346700001508,None,1,0.7565080000204034,None,1,0,1.7017234999802895,None,1,0.2613882000441663,None,0,2,2,2,0,3,3,3,,,,,666.7597347000265,,,,,,,,,,,,,,,,,,,,,,,,,,,,,,,,,,,,,,,,,,,,666.7573046000325,666.7597347000265,670.7461655000225,None,673.5966173000052,674.5879171999986,671.7386277000187,671.754113700008,671.754113700008,671.754113700008,0.007180699962191284,672.3380941000069,2,1,0.567346700001508,None,676.305145899998,676.3126379000023,676.8040151000023,676.7964284000336,672.8307681000442,672.8374236000236,672.8374236000236,672.8374236000236,673.5965628999984,1,0.7565080000204034,None,674.5883412000258,674.5960210000048,674.5960210000048,674.5960210000048,674.5960210000048,676.3050841000513,1,0,1.7017234999802895,None,676.7973511000164,676.8040151000023,676.8040151000023,676.8040151000023,677.0723013000097,1,0.2613882000441663,None,677.0723562000203,680.0631180000491,670.7539551000227,,,,,,,,,,,,,,,,,,,,,,,,,,,,,,,,,,,,,,203,1,short,A,2026-07-10_10h42.14.269,SBL_superimposed_retrieval,,2026.1.3,120.19505247720619,2026-07-10 10h42.14.672191 -0400,
2,4,4,0,stimuli/scenes/scene_U1.jpg,Undersea,Somar,stimuli/items/undersea_object_18.png,Undersea,object,sc,None,2,1,1.841812500031665,None,3,0.23699740000301972,None,2,1,1.1542730000219308,None,3,0.3109137999708764,None,0,2,2,2,0,4,4,4,,,,,680.0754948999966,,,,,,,,,,,,,,,,,,,,,,,,,,,,,,,,,,,,,,,,,,,,680.073285200051,680.0754948999966,684.0628619000199,None,687.664270600013,688.6548848000239,685.0554287999985,685.0709507000283,685.0709507000283,685.0709507000283,0.007301200006622821,686.9221951000509,2,1,1.841812500031665,None,689.8220160000492,689.8295701000025,690.3225491000339,690.3132691000355,687.41388560005,687.4206574000418,687.4206574000418,687.4206574000418,687.6642160000047,3,0.23699740000301972,None,688.6552982000285,688.6629156999988,688.6629156999988,688.6629156999988,688.6629156999988,689.8219545000466,2,1,1.1542730000219308,None,690.3157401000499,690.3225491000339,690.3225491000339,690.3225491000339,690.6392058000201,3,0.3109137999708764,None,690.6392623000429,693.6302604000084,684.0711298999959,,,,,,,,,,,,,,,,,,,,,,,,,,,,,,,,,,,,,,203,1,short,A,2026-07-10_10h42.14.269,SBL_superimposed_retrieval,,2026.1.3,120.19505247720619,2026-07-10 10h42.14.672191 -0400,
2,5,5,0,stimuli/scenes/scene_J1.jpg,Jungle,Malbow,stimuli/items/jungle_animal_2.png,Jungle,animal,sc,None,1,1,0.6356105000013486,None,3,0.948027300008107,None,1,1,0.856238900043536,None,2,0.18291040003532544,None,0,2,2,2,0,5,5,5,,,,,693.6659373000148,,,,,,,,,,,,,,,,,,,,,,,,,,,,,,,,,,,,,,,,,,,,693.663379900041,693.6659373000148,697.6466623000451,None,700.7306778000202,701.7215045000194,698.6391440000152,698.6461809000466,698.6461809000466,698.6461809000466,-7.499998901039362e-05,699.2802343000076,1,1,0.6356105000013486,None,702.5890126000158,702.5962578000035,703.0899251000374,703.0804301000317,699.7743631000048,699.7811835000175,699.7811835000175,699.7811835000175,700.7306202000473,3,0.948027300008107,None,701.7256775000133,701.7292752000503,701.7292752000503,701.7292752000503,701.7292752000503,702.588953700033,1,1,0.856238900043536,None,703.082901500049,703.0899251000374,703.0899251000374,703.0899251000374,703.2807646000292,2,0.18291040003532544,None,703.2808185000322,706.2716405000538,,,,,,,,,,,,,,,,,,,,,,,,,,,,,,,,,,,,,,,203,1,short,A,2026-07-10_10h42.14.269,SBL_superimposed_retrieval,,2026.1.3,120.19505247720619,2026-07-10 10h42.14.672191 -0400,
2,6,6,0,stimuli/scenes/scene_U1.jpg,Undersea,Somar,stimuli/items/undersea_animal_5.png,Undersea,animal,sc,None,2,1,0.3618123999913223,None,3,0.21274170000106096,None,2,1,0.550481700047385,None,3,0.3796227000420913,None,0,2,2,2,0,6,6,6,,,,,706.2842997999978,,,,,,,,,,,,,,,,,,,,,,,,,,,,,,,,,,,,,,,,,,,,706.2821629000246,706.2842997999978,710.2718002000474,None,712.3641565000289,713.3553402000107,711.2640814000042,711.2716947000008,711.2716947000008,711.2716947000008,-0.000755899993237108,711.6473598000011,2,1,0.3618123999913223,None,713.9141793000163,713.9214418000192,714.414202200016,714.4050466000335,712.1416276000091,712.1486035000416,712.1486035000416,712.1486035000416,712.3641042000381,3,0.21274170000106096,None,713.3595811999985,713.3628440000466,713.3628440000466,713.3628440000466,713.3628440000466,713.9141177000129,2,1,0.550481700047385,None,714.4073570000473,714.414202200016,714.414202200016,714.414202200016,714.7973473000457,3,0.3796227000420913,None,714.7974030000041,717.788365000044,710.2796604000032,,,,,,,,,,,,,,,,,,,,,,,,,,,,,,,,,,,,,,203,1,short,A,2026-07-10_10h42.14.269,SBL_superimposed_retrieval,,2026.1.3,120.19505247720619,2026-07-10 10h42.14.672191 -0400,
2,7,7,0,stimuli/scenes/scene_J2.jpg,Jungle,Negvi,stimuli/items/jungle_object_14.png,Jungle,object,sc,None,1,1,1.1316789000411518,None,3,1.2418910000124015,None,2,1,0.9613875999930315,None,3,0.1810330000007525,None,0,2,2,2,0,7,7,7,,,,,717.8016313000116,,,,,,,,,,,,,,,,,,,,,,,,,,,,,,,,,,,,,,,,,,,,717.7992241000175,717.8016313000116,721.788695700001,None,725.6810409000027,726.6717854000162,722.7810204999987,722.788229400001,722.788229400001,722.788229400001,-0.0001197000383399427,723.9308620000375,1,1,1.1316789000411518,None,727.6473173000268,727.6551171000465,728.1481709000072,728.1389141000109,724.4249145000358,724.4318902000086,724.4318902000086,724.4318902000086,725.6809845000389,3,1.2418910000124015,None,726.6760114000062,726.6796761000296,726.6796761000296,726.6796761000296,726.6796761000296,727.647254600015,2,1,0.9613875999930315,None,728.1413332000375,728.1481709000072,728.1481709000072,728.1481709000072,728.3311595999985,3,0.1810330000007525,None,728.3312125000521,731.3224439000478,721.7967804000364,,,,,,,,,,,,,,,,,,,,,,,,,,,,,,,,,,,,,,203,1,short,A,2026-07-10_10h42.14.269,SBL_superimposed_retrieval,,2026.1.3,120.19505247720619,2026-07-10 10h42.14.672191 -0400,
2,8,8,0,stimuli/scenes/scene_U1.jpg,Undersea,Somar,stimuli/items/jungle_animal_3.png,Jungle,animal,si,None,None,0,,,None,,,1,0,1.9591623000451364,None,1,0.1789238999481313,None,0,2,2,2,0,8,8,8,,,,,731.3383524000528,,,,,,,,,,,,,,,,,,,,,,,,,,,,,,,,,,,,,,,,,,,,731.3358005000046,731.3383524000528,735.32267220004,None,741.3146363000269,742.3056776000303,736.3143816000083,736.3302714000456,736.3302714000456,736.3302714000456,-0.0008702999912202358,738.8220603000373,None,0,,,744.2893973000464,744.2970061000087,744.7902379000443,744.7807757999981,739.3171274000197,739.3240342000499,739.3240342000499,739.3240342000499,741.3145870000008,None,,,742.3101668000454,742.321839900047,742.321839900047,742.321839900047,742.321839900047,744.2893369000521,1,0,1.9591623000451364,None,744.7832503000391,744.7902379000443,744.7902379000443,744.7902379000443,744.9734110000427,1,0.1789238999481313,None,744.9734659999958,747.963911400002,735.3301986000151,,,,,,,,,,,,,,,,,741.3219796000049,741.3219796000049,741.3219796000049,738.821735400008,738.821735400008,738.821735400008,2.4906144000124186,,,,,,,,,,,,,,,203,1,short,A,2026-07-10_10h42.14.269,SBL_superimposed_retrieval,,2026.1.3,120.19505247720619,2026-07-10 10h42.14.672191 -0400,
2,9,9,0,stimuli/scenes/scene_J2.jpg,Jungle,Negvi,stimuli/items/jungle_object_11.png,Jungle,object,sc,None,2,0,0.3959608000004664,None,2,0.679801199992653,None,1,0,1.5264249999891035,None,None,,,0,2,2,2,0,9,9,9,,,,,747.9906064000097,,,,,,,,,,,,,,,,,,,,,,,,,,,,,,,,,,,,,,,,,,,,747.9881093000295,747.9906064000097,751.9808817000012,None,754.5564929000102,755.5472967000096,752.9732321000192,752.9805424000369,752.9805424000369,752.9805424000369,-0.00018930004443973303,753.3729068000102,2,0,0.3959608000004664,None,757.089950900001,757.0972528000129,757.5902198000113,757.5806570000132,753.8668776000268,753.8736673000385,753.8736673000385,753.8736673000385,754.5564103000215,2,0.679801199992653,None,755.551436400041,755.5551085000043,755.5551085000043,755.5551085000043,755.5551085000043,757.0898899000022,1,0,1.5264249999891035,None,757.5832583000301,757.5902198000113,757.5902198000113,757.5902198000113,759.581174400053,None,,,759.5812221000087,762.5725061999983,,,,,,759.5889643999981,759.5889643999981,759.5889643999981,,,,,,,,,,,,,,,,,,,,,,,,,,,,,,,203,1,short,A,2026-07-10_10h42.14.269,SBL_superimposed_retrieval,,2026.1.3,120.19505247720619,2026-07-10 10h42.14.672191 -0400,
2,10,10,0,stimuli/scenes/scene_U1.jpg,Undersea,Somar,stimuli/items/undersea_animal_6.png,Undersea,animal,sc,None,2,1,0.820054900017567,None,3,0.8394809000310488,None,2,1,0.8060353000182658,None,3,0.5678445000085048,None,0,2,2,2,0,10,10,10,,,,,762.5840652000043,,,,,,,,,,,,,,,,,,,,,,,,,,,,,,,,,,,,,,,,,,,,762.5824898999999,762.5889470000402,766.5725570000359,None,769.7566325000371,770.7477802000358,767.5734635000117,767.5804139000247,767.5804139000247,767.5804139000247,-0.0007715999963693321,768.4147374000167,2,1,0.820054900017567,None,771.5645355000161,771.572630300012,772.065419599996,772.0562674000394,768.9073899000068,768.9139876000118,768.9139876000118,768.9139876000118,769.7565760000143,3,0.8394809000310488,None,770.7522941000061,770.7554058000096,770.7554058000096,770.7554058000096,770.7554058000096,771.5644749000203,2,1,0.8060353000182658,None,772.0585898000281,772.065419599996,772.065419599996,772.065419599996,772.6399017000222,3,0.5678445000085048,None,772.6399578000419,775.6316365000093,766.5805244000512,,,,,,,,,,,,,,,,,,,,,,,,,,,,,,,,,,,,,,203,1,short,A,2026-07-10_10h42.14.269,SBL_superimposed_retrieval,,2026.1.3,120.19505247720619,2026-07-10 10h42.14.672191 -0400,
2,11,11,0,stimuli/scenes/scene_J1.jpg,Jungle,Malbow,stimuli/items/jungle_object_18.png,Jungle,object,sc,None,1,1,0.5544350999989547,None,3,0.9666361000272445,None,1,1,0.49723550002090633,None,3,0.4075193000026047,None,0,2,2,2,0,11,11,11,,,,,775.6451141000143,,,,,,,,,,,,,,,,,,,,,,,,,,,,,,,,,,,,,,,,,,,,775.6429048000136,775.6451141000143,779.630867000029,None,782.673968200048,783.6648682000232,780.6235563000082,780.6311885000323,780.6311885000323,780.6311885000323,-0.0007899000192992389,781.1981439000228,1,1,0.5544350999989547,None,784.173666000017,784.1812944000121,784.6740120000322,784.6647519000107,781.691925799998,781.699115400028,781.699115400028,781.699115400028,782.6739115000237,3,0.9666361000272445,None,783.6692897000466,783.6725318999961,783.6725318999961,783.6725318999961,783.6725318999961,784.1736072000349,1,1,0.49723550002090633,None,784.6672256000456,784.6740120000322,784.6740120000322,784.6740120000322,785.0902606000309,3,0.4075193000026047,None,785.0903175999993,788.0815576000023,779.6392376000294,,,,,,,,,,,,,,,,,,,,,,,,,,,,,,,,,,,,,,203,1,short,A,2026-07-10_10h42.14.269,SBL_superimposed_retrieval,,2026.1.3,120.19505247720619,2026-07-10 10h42.14.672191 -0400,
2,12,12,0,stimuli/scenes/scene_J2.jpg,Jungle,Negvi,stimuli/items/jungle_animal_6.png,Jungle,animal,sc,None,1,1,0.7997404999914579,None,3,0.18810450000455603,None,2,1,1.2041784000466578,None,3,0.2942979999934323,None,0,2,2,2,0,12,12,12,,,,,788.0952074000379,,,,,,,,,,,,,,,,,,,,,,,,,,,,,,,,,,,,,,,,,,,,788.0930207000347,788.0952074000379,792.0812757000094,None,794.5901513000135,795.5814662000048,793.0733785000048,793.0890562999994,793.0890562999994,793.0890562999994,0.0073238000040873885,793.8981983000413,1,1,0.7997404999914579,None,796.7983879999956,796.8058408000506,797.2990817000391,797.2896929000271,794.3903628000407,794.3972597999964,794.3972597999964,794.3972597999964,794.5900930000353,3,0.18810450000455603,None,795.5819186000153,795.5892237000517,795.5892237000517,795.5892237000517,795.5892237000517,796.798314100015,2,1,1.2041784000466578,None,797.2921356000006,797.2990817000391,797.2990817000391,797.2990817000391,797.5986389000318,3,0.2942979999934323,None,797.5986971000093,800.589636400051,792.0893015000038,,,,,,,,,,,,,,,,,,,,,,,,,,,,,,,,,,,,,,203,1,short,A,2026-07-10_10h42.14.269,SBL_superimposed_retrieval,,2026.1.3,120.19505247720619,2026-07-10 10h42.14.672191 -0400,
2,13,13,0,stimuli/scenes/scene_U1.jpg,Undersea,Somar,stimuli/items/undersea_animal_20.png,Undersea,animal,sc,None,2,1,0.8838972999947146,None,3,0.9623394000227563,None,2,1,1.652687199995853,None,2,0.5649439999833703,None,0,2,2,2,0,13,13,13,,,,,800.6021910000127,,,,,,,,,,,,,,,,,,,,,,,,,,,,,,,,,,,,,,,,,,,,800.5999416999985,800.6021910000127,804.5898736000527,None,807.9655596000375,808.9563258000417,805.5818101000041,805.5976140000275,805.5976140000275,805.5976140000275,0.0072851000004448,806.49825470004,2,1,0.8838972999947146,None,810.6233734000125,810.6311578000314,811.1239828999969,811.114644300018,806.9925304000499,806.9995175000513,806.9995175000513,806.9995175000513,807.9655003000516,3,0.9623394000227563,None,808.9608644000255,808.9641975000268,808.9641975000268,808.9641975000268,808.9641975000268,810.6233097000513,2,1,1.652687199995853,None,811.1171112000011,811.1239828999969,811.1239828999969,811.1239828999969,811.6904554000357,2,0.5649439999833703,None,811.6905136000132,814.6814466000069,804.5975902000209,,,,,,,,,,,,,,,,,,,,,,,,,,,,,,,,,,,,,,203,1,short,A,2026-07-10_10h42.14.269,SBL_superimposed_retrieval,,2026.1.3,120.19505247720619,2026-07-10 10h42.14.672191 -0400,
2,14,14,0,stimuli/scenes/scene_U1.jpg,Undersea,Somar,stimuli/items/jungle_object_7.png,Jungle,object,si,None,2,1,0.6235348000191152,None,3,0.23516419995576143,None,1,0,0.3372541000135243,None,3,0.229695999994874,None,0,2,2,2,0,14,14,14,,,,,814.6944162000436,,,,,,,,,,,,,,,,,,,,,,,,,,,,,,,,,,,,,,,,,,,,814.6922309000511,814.6944162000436,818.6818718000432,None,821.0575436000363,822.048588900012,819.6742395000183,819.6815765000065,819.6815765000065,819.6815765000065,-0.0004755000118166208,820.3155776000349,2,1,0.6235348000191152,None,822.3992515000282,822.4065150000388,822.8995016000117,822.8900337000377,820.807903100038,820.8143633000436,820.8143633000436,820.8143633000436,821.0574622999993,3,0.23516419995576143,None,822.0490269000293,822.0566702000215,822.0566702000215,822.0566702000215,822.0566702000215,822.3991920000408,1,0,0.3372541000135243,None,822.8925682000117,822.8995016000117,822.8995016000117,822.8995016000117,823.1324985999963,3,0.229695999994874,None,823.1325578000396,826.1236075000488,818.68987870001,,,,,,,,,,,,,,,,,,,,,,,,,,,,,,,,,,,,,,203,1,short,A,2026-07-10_10h42.14.269,SBL_superimposed_retrieval,,2026.1.3,120.19505247720619,2026-07-10 10h42.14.672191 -0400,
2,15,15,0,stimuli/scenes/scene_J1.jpg,Jungle,Malbow,stimuli/items/undersea_object_8.png,Undersea,object,si,None,1,1,0.6609465000219643,None,3,0.9805097000207752,None,1,1,0.5359636999783106,None,2,0.21246000000974163,None,0,2,2,2,0,15,15,15,,,,,826.1360548000084,,,,,,,,,,,,,,,,,,,,,,,,,,,,,,,,,,,,,,,,,,,,826.1338244000217,826.1360548000084,830.1239127000445,None,833.2912183000008,834.2819433000404,831.1161238000495,831.1232297000242,831.1232297000242,831.1232297000242,0.007531800016295165,831.807470300002,1,1,0.6609465000219643,None,834.832315800013,834.8398380000144,835.3333103000186,835.3235277000349,832.301267700037,832.3086323000025,832.3086323000025,832.3086323000025,833.2911597000202,3,0.9805097000207752,None,834.2860934000346,834.2898750000168,834.2898750000168,834.2898750000168,834.2898750000168,834.8322563000256,1,1,0.5359636999783106,None,835.3260829000501,835.3333103000186,835.3333103000186,835.3333103000186,835.5490898000426,2,0.21246000000974163,None,835.5491442000493,838.5403815000318,830.1317144000204,,,,,,,,,,,,,,,,,,,,,,,,,,,,,,,,,,,,,,203,1,short,A,2026-07-10_10h42.14.269,SBL_superimposed_retrieval,,2026.1.3,120.19505247720619,2026-07-10 10h42.14.672191 -0400,
2,16,16,0,stimuli/scenes/scene_J2.jpg,Jungle,Negvi,stimuli/items/jungle_animal_4.png,Jungle,animal,sc,None,1,1,0.5406188999768347,None,3,1.1630705000134185,None,2,1,0.9812256000004709,None,2,0.6474744000006467,None,0,2,2,2,0,16,16,16,,,,,838.5548257000046,,,,,,,,,,,,,,,,,,,,,,,,,,,,,,,,,,,,,,,,,,,,838.5523914000369,838.5548257000046,842.5402187000145,None,845.7578469000291,846.7485296000377,843.5326900000218,843.540197400027,843.540197400027,843.540197400027,-0.0007283000159077346,844.0907465000055,1,1,0.5406188999768347,None,847.7408532000263,847.7482154000318,848.2416343000368,848.2323620000388,844.5833708000137,844.590480600018,844.590480600018,844.590480600018,845.757787700044,3,1.1630705000134185,None,846.7489857000182,846.7565337000415,846.7565337000415,846.7565337000415,846.7565337000415,847.7407880000537,2,1,0.9812256000004709,None,848.2347862000461,848.2416343000368,848.2416343000368,848.2416343000368,848.8912436999963,2,0.6474744000006467,None,848.8913013000274,851.8823783000116,842.5481694000191,,,,,,,,,,,,,,,,,,,,,,,,,,,,,,,,,,,,,,203,1,short,A,2026-07-10_10h42.14.269,SBL_superimposed_retrieval,,2026.1.3,120.19505247720619,2026-07-10 10h42.14.672191 -0400,
2,17,17,0,stimuli/scenes/scene_U2.jpg,Undersea,Tulon,stimuli/items/undersea_animal_10.png,Undersea,animal,sc,None,1,0,0.6066607999964617,None,2,1.2909505999996327,None,1,1,1.8478059999761172,None,1,0.5512373999808915,None,0,2,2,2,0,17,17,17,,,,,851.8947652000352,,,,,,,,,,,,,,,,,,,,,,,,,,,,,,,,,,,,,,,,,,,,851.8922442000476,851.8947652000352,855.8823557000142,None,859.2914726000163,860.2825279000099,856.8748125000275,856.8822209000355,856.8822209000355,856.8822209000355,-0.0006802999996580184,857.4991509999963,1,0,0.6066607999964617,None,862.1411396000185,862.1487645000452,862.6417047000141,862.6324675000506,857.9915705000167,857.9983650000067,857.9983650000067,857.9983650000067,859.2914142000373,2,1.2909505999996327,None,860.286838,860.2901298000361,860.2901298000361,860.2901298000361,860.2901298000361,862.141077200009,1,1,1.8478059999761172,None,862.6349252000218,862.6417047000141,862.6417047000141,862.6417047000141,863.1995578000206,1,0.5512373999808915,None,863.1996155000525,866.1905666000093,855.8901481000357,,,,,,,,,,,,,,,,,,,,,,,,,,,,,,,,,,,,,,203,1,short,A,2026-07-10_10h42.14.269,SBL_superimposed_retrieval,,2026.1.3,120.19505247720619,2026-07-10 10h42.14.672191 -0400,
2,18,18,0,stimuli/scenes/scene_J2.jpg,Jungle,Negvi,stimuli/items/undersea_animal_4.png,Undersea,animal,si,None,1,1,2.2021621000021696,None,1,1.574780200025998,None,2,1,2.103809699998237,None,1,0.9977252999669872,None,0,2,2,2,0,18,18,18,,,,,866.2036549000186,,,,,,,,,,,,,,,,,,,,,,,,,,,,,,,,,,,,,,,,,,,,866.2014528000145,866.2036549000186,870.1912542000064,None,875.4832010000246,876.4742730000289,871.183348599996,871.1906708000461,871.1906708000461,871.1906708000461,-0.0007301000296138227,873.4080219000462,1,1,2.2021621000021696,None,878.5915460000397,878.5988845000393,879.0918577000266,879.0824286999996,873.900454000046,873.9070909000002,873.9070909000002,873.9070909000002,875.4831426000455,1,1.574780200025998,None,876.4785300000221,876.4819186000386,876.4819186000386,876.4819186000386,876.4819186000386,878.5914835000294,2,1,2.103809699998237,None,879.0848847000161,879.0918577000266,879.0918577000266,879.0918577000266,880.0913578000036,1,0.9977252999669872,None,880.09141740005,883.082698800019,870.1992060000193,,,,,,,,,,,,,,,,,,,,,,,,,,,,,,,,,,,,,,203,1,short,A,2026-07-10_10h42.14.269,SBL_superimposed_retrieval,,2026.1.3,120.19505247720619,2026-07-10 10h42.14.672191 -0400,
2,19,19,0,stimuli/scenes/scene_U1.jpg,Undersea,Somar,stimuli/items/undersea_object_2.png,Undersea,object,sc,None,2,1,0.3513651000102982,None,3,0.5626067999983206,None,1,0,1.125575400015805,None,2,0.4347946000052616,None,0,2,2,2,0,19,19,19,,,,,883.0958277000464,,,,,,,,,,,,,,,,,,,,,,,,,,,,,,,,,,,,,,,,,,,,883.0936075000209,883.0958277000464,887.0830406000023,None,889.5169183000107,890.5083013999974,888.0750792000326,888.0824245000258,888.0824245000258,888.0824245000258,-0.0009435000247322023,888.4497603000491,2,1,0.3513651000102982,None,891.6495342000271,891.657370800036,892.1502558000502,892.1409970000386,888.944023100019,888.9509338000207,888.9509338000207,888.9509338000207,889.5168620000477,3,0.5626067999983206,None,890.5126381000155,890.5160558000207,890.5160558000207,890.5160558000207,890.5160558000207,891.6494724000222,1,0,1.125575400015805,None,892.1434377999976,892.1502558000502,892.1502558000502,892.1502558000502,892.5919696000055,2,0.4347946000052616,None,892.5920293000527,895.5825199999963,887.0904984000372,,,,,,,,,,,,,,,,,,,,,,,,,,,,,,,,,,,,,,203,1,short,A,2026-07-10_10h42.14.269,SBL_superimposed_retrieval,,2026.1.3,120.19505247720619,2026-07-10 10h42.14.672191 -0400,
3,0,0,0,stimuli/scenes/scene_J2.jpg,Jungle,Negvi,stimuli/items/jungle_animal_16.png,Jungle,animal,sc,None,2,0,1.633531800005585,None,3,1.6534617000143044,None,None,0,,,1,0.9951192999724299,None,0,3,3,3,0,0,0,0,0,0,0,0,911.8012371000368,,,,,,,,,,,,,,,,,,,,,,,,,,,,,,,,,,,,,,,,,,911.776474000013,911.7766925000469,911.7986546000466,911.8012371000368,915.7833278000471,None,920.57546740002,921.5668355000089,916.7760441999999,916.7830561000155,916.7830561000155,916.7830561000155,-0.000631699978839606,918.4169653000426,2,0,1.633531800005585,None,924.0587405000115,924.0662338000257,924.5579468000215,924.5504186000326,918.9094433000428,918.9160390000325,918.9160390000325,918.9160390000325,920.575411400001,3,1.6534617000143044,None,921.5713115000399,921.5746365000377,921.5746365000377,921.5746365000377,921.5746365000377,924.058692599996,None,0,,,924.5532791000442,924.5661434000358,924.5661434000358,924.5661434000358,925.5670852000476,1,0.9951192999724299,None,925.5671434000251,928.558447700052,,924.0662338000257,924.0662338000257,924.0662338000257,924.0662338000257,,,,895.585327800014,895.5855460000457,895.5857416000217,895.5911252000369,896.5826288000098,911.7754837000393,space,15.186731900030281,None,,,,,,,,,,,,,,,,,,,,,,203,1,short,A,2026-07-10_10h42.14.269,SBL_superimposed_retrieval,,2026.1.3,120.19505247720619,2026-07-10 10h42.14.672191 -0400,
3,1,1,0,stimuli/scenes/scene_U2.jpg,Undersea,Tulon,stimuli/items/jungle_object_8.png,Jungle,object,si,None,2,1,0.3311940999701619,None,3,0.7775296000181697,None,1,1,1.6985513999825343,None,1,0.9848708999925293,None,0,3,3,3,0,1,1,1,,,,,928.5720818000264,,,,,,,,,,,,,,,,,,,,,,,,,,,,,,,,,,,,,,,,,,,,928.569660600042,928.5720818000264,932.5586514000315,None,935.1841737000505,936.1753502000356,933.5509317000397,933.5582548000384,933.5582548000384,933.5582548000384,-0.0005310999695211649,933.9004152000416,2,1,0.3311940999701619,None,937.8837698000134,937.8915192999993,938.3848868000205,938.3749970000354,934.3925126999966,934.3994546000031,934.3994546000031,934.3994546000031,935.1841176000307,3,0.7775296000181697,None,936.1798620000482,936.183166200004,936.183166200004,936.183166200004,936.183166200004,937.883706200053,1,1,1.6985513999825343,None,938.3774603000493,938.3848868000205,938.3848868000205,938.3848868000205,939.3760063000373,1,0.9848708999925293,None,939.3760630000033,942.366839400027,932.5665546000237,,,,,,,,,,,,,,,,,,,,,,,,,,,,,,,,,,,,,,203,1,short,A,2026-07-10_10h42.14.269,SBL_superimposed_retrieval,,2026.1.3,120.19505247720619,2026-07-10 10h42.14.672191 -0400,
3,2,2,0,stimuli/scenes/scene_U1.jpg,Undersea,Somar,stimuli/items/undersea_animal_13.png,Undersea,animal,sc,None,2,1,1.0657313000410795,None,3,1.0836721999803558,None,2,1,1.6079672999912873,None,3,0.4105134000419639,None,0,3,3,3,0,2,2,2,,,,,942.379529900034,,,,,,,,,,,,,,,,,,,,,,,,,,,,,,,,,,,,,,,,,,,,942.3774265000247,942.379529900034,946.3670585000073,None,950.0263727999991,951.0170750000398,947.3592891000444,947.3750220000511,947.3750220000511,947.3750220000511,-0.0008866999996826053,948.4422841000487,2,1,1.0657313000410795,None,952.6341783000389,952.6419572000159,953.1349432000425,953.1255019000382,948.9347843000432,948.9415948000387,948.9415948000387,948.9415948000387,950.0263166000368,3,1.0836721999803558,None,951.0174992000102,951.0249752000091,951.0249752000091,951.0249752000091,951.0249752000091,952.6341164000332,2,1,1.6079672999912873,None,953.1279520000098,953.1349432000425,953.1349432000425,953.1349432000425,953.5511038000113,3,0.4105134000419639,None,953.5511586000212,956.5422966000042,946.3751318000141,,,,,,,,,,,,,,,,,,,,,,,,,,,,,,,,,,,,,,203,1,short,A,2026-07-10_10h42.14.269,SBL_superimposed_retrieval,,2026.1.3,120.19505247720619,2026-07-10 10h42.14.672191 -0400,
3,3,3,0,stimuli/scenes/scene_U2.jpg,Undersea,Tulon,stimuli/items/jungle_animal_10.png,Jungle,animal,si,None,2,1,0.37877720000687987,None,3,1.703161200042814,None,1,1,2.0191695999819785,None,1,0.6292380999657325,None,0,3,3,3,0,3,3,3,,,,,956.5582339999964,,,,,,,,,,,,,,,,,,,,,,,,,,,,,,,,,,,,,,,,,,,,956.5557504000026,956.5582339999964,960.5425835000351,None,964.1428217000212,965.1339003000176,961.5346282000537,961.5501988000469,961.5501988000469,961.5501988000469,-0.0008061999687924981,961.9345630000462,2,1,0.37877720000687987,None,967.1681678000023,967.1751783000072,967.6680212000501,967.6588533000322,962.4267835000064,962.4339212000486,962.4339212000486,962.4339212000486,964.1427634000429,3,1.703161200042814,None,965.1343232000363,965.1421812000335,965.1421812000335,965.1421812000335,965.1421812000335,967.1681053000502,1,1,2.0191695999819785,None,967.6613103999989,967.6680212000501,967.6680212000501,967.6680212000501,968.3014630000107,1,0.6292380999657325,None,968.3015199000365,971.2924827000243,960.5500638000085,,,,,,,,,,,,,,,,,,,,,,,,,,,,,,,,,,,,,,203,1,short,A,2026-07-10_10h42.14.269,SBL_superimposed_retrieval,,2026.1.3,120.19505247720619,2026-07-10 10h42.14.672191 -0400,
3,4,4,0,stimuli/scenes/scene_U2.jpg,Undersea,Tulon,stimuli/items/jungle_animal_7.png,Jungle,animal,si,None,2,1,0.7493473999784328,None,1,1.386880200006999,None,1,1,1.3637692999909632,None,2,1.1928276999969967,None,0,3,3,3,0,4,4,4,,,,,971.3106263000518,,,,,,,,,,,,,,,,,,,,,,,,,,,,,,,,,,,,,,,,,,,,971.3081091000349,971.3106263000518,975.3009554000455,None,978.9432374000316,979.9343082000269,976.2927904000389,976.3004045000416,976.3004045000416,976.3004045000416,-0.000923299987334758,977.05108200002,2,1,0.7493473999784328,None,981.3097851000493,981.3169841000345,981.8084950000048,981.800707300019,977.5432468000217,977.5501670000376,977.5501670000376,977.5501670000376,978.9431812000112,1,1.386880200006999,None,979.9347579000168,979.9421245999984,979.9421245999984,979.9421245999984,979.9421245999984,981.3097223000368,1,1,1.3637692999909632,None,981.8016008000122,981.8084950000048,981.8084950000048,981.8084950000048,983.0095406000037,2,1.1928276999969967,None,983.009597700031,986.0009901000303,975.3088362000417,,,,,,,,,,,,,,,,,,,,,,,,,,,,,,,,,,,,,,203,1,short,A,2026-07-10_10h42.14.269,SBL_superimposed_retrieval,,2026.1.3,120.19505247720619,2026-07-10 10h42.14.672191 -0400,
3,5,5,0,stimuli/scenes/scene_J2.jpg,Jungle,Negvi,stimuli/items/undersea_animal_17.png,Undersea,animal,si,None,2,0,1.3682656000019051,None,1,0.8855645000003278,None,2,1,1.7132514999830164,None,2,1.5437751000281423,None,0,3,3,3,0,5,5,5,,,,,986.0140759000205,,,,,,,,,,,,,,,,,,,,,,,,,,,,,,,,,,,,,,,,,,,,986.0119918000419,986.0140759000205,990.001073100022,None,993.7765916000353,994.7682952000177,990.9930141000077,991.0006140000187,991.0006140000187,991.0006140000187,-0.0004045999958179891,992.3846874000155,2,0,1.3682656000019051,None,996.4930890999967,996.5009461000445,996.9940230000066,996.9846899000113,992.877295000013,992.8838466000161,992.8838466000161,992.8838466000161,993.7765340000042,1,0.8855645000003278,None,994.7726095000398,994.7759673999972,994.7759673999972,994.7759673999972,994.7759673999972,996.4930259000394,2,1,1.7132514999830164,None,996.9871975000133,996.9940230000066,996.9940230000066,996.9940230000066,998.5431249000248,2,1.5437751000281423,None,998.5431838000077,1001.5346499000443,990.0089750000043,,,,,,,,,,,,,,,,,,,,,,,,,,,,,,,,,,,,,,203,1,short,A,2026-07-10_10h42.14.269,SBL_superimposed_retrieval,,2026.1.3,120.19505247720619,2026-07-10 10h42.14.672191 -0400,
3,6,6,0,stimuli/scenes/scene_J1.jpg,Jungle,Malbow,stimuli/items/jungle_animal_11.png,Jungle,animal,sc,None,1,1,0.45800109999254346,None,3,0.4592749000294134,None,2,0,0.7859104000381194,None,1,1.33453880000161,None,0,3,3,3,0,6,6,6,,,,,1001.5488091000007,,,,,,,,,,,,,,,,,,,,,,,,,,,,,,,,,,,,,,,,,,,,1001.5466224999982,1001.5488091000007,1005.5346155000152,None,1007.968486000027,1008.9596240000101,1006.5272003000136,1006.5340700000525,1006.5340700000525,1006.5340700000525,-0.0003237000200897455,1007.0017059000093,1,1,0.45800109999254346,None,1009.7599814000423,1009.7676695000264,1010.2591928000329,1010.2511599000427,1007.4955962000531,1007.5023977000383,1007.5023977000383,1007.5023977000383,1007.9684314000187,3,0.4592749000294134,None,1008.9600409000413,1008.9677045000135,1008.9677045000135,1008.9677045000135,1008.9677045000135,1009.7599207000458,2,0,0.7859104000381194,None,1010.2520767000387,1010.2591928000329,1010.2591928000329,1010.2591928000329,1011.6020552000264,1,1.33453880000161,None,1011.6021126999985,1014.5929119000211,1005.5427755000419,,,,,,,,,,,,,,,,,,,,,,,,,,,,,,,,,,,,,,203,1,short,A,2026-07-10_10h42.14.269,SBL_superimposed_retrieval,,2026.1.3,120.19505247720619,2026-07-10 10h42.14.672191 -0400,
3,7,7,0,stimuli/scenes/scene_U2.jpg,Undersea,Tulon,stimuli/items/undersea_animal_7.png,Undersea,animal,sc,None,2,1,0.968704600003548,None,3,0.24357739998959005,None,1,1,1.6353479000390507,None,3,0.4838256999501027,None,0,3,3,3,0,7,7,7,,,,,1014.6071043999982,,,,,,,,,,,,,,,,,,,,,,,,,,,,,,,,,,,,,,,,,,,,1014.6048839000287,1014.6071043999982,1018.5934144000057,None,1021.3274628000217,1022.3183523000334,1019.5850908000139,1019.6011470000376,1019.6011470000376,1019.6011470000376,-0.0008978000259958208,1020.5771027000155,2,1,0.968704600003548,None,1023.9684346000431,1023.9762071000296,1024.469590200053,1024.459830900014,1021.0709188000183,1021.0779046000098,1021.0779046000098,1021.0779046000098,1021.3274092000211,3,0.24357739998959005,None,1022.322593400022,1022.3259855000069,1022.3259855000069,1022.3259855000069,1022.3259855000069,1023.968372900039,1,1,1.6353479000390507,None,1024.462296600046,1024.469590200053,1024.469590200053,1024.469590200053,1024.9604972000234,3,0.4838256999501027,None,1024.9605531000416,1027.9515838000225,1018.601292300038,,,,,,,,,,,,,,,,,,,,,,,,,,,,,,,,,,,,,,203,1,short,A,2026-07-10_10h42.14.269,SBL_superimposed_retrieval,,2026.1.3,120.19505247720619,2026-07-10 10h42.14.672191 -0400,
3,8,8,0,stimuli/scenes/scene_J1.jpg,Jungle,Malbow,stimuli/items/jungle_animal_12.png,Jungle,animal,sc,None,1,1,1.1770181999891065,None,2,0.965817199961748,None,1,1,1.9033650999772362,None,2,0.8050897999783047,None,0,3,3,3,0,8,8,8,,,,,1027.9838028000086,,,,,,,,,,,,,,,,,,,,,,,,,,,,,,,,,,,,,,,,,,,,1027.9811957000056,1027.9838028000086,1031.9682656000368,None,1035.6190590000479,1036.610245100048,1032.9604427000158,1032.96794100001,1032.96794100001,1032.96794100001,-6.67999847792089e-05,1034.143242900027,1,1,1.1770181999891065,None,1038.5273598000058,1038.534870100033,1039.028068500047,1039.0185137000517,1034.63741330005,1034.6441087000421,1034.6441087000421,1034.6441087000421,1035.619001700019,2,0.965817199961748,None,1036.614625700051,1036.6177700000117,1036.6177700000117,1036.6177700000117,1036.6177700000117,1038.527297200053,1,1,1.9033650999772362,None,1039.0210281000473,1039.028068500047,1039.028068500047,1039.028068500047,1039.8357902000425,2,0.8050897999783047,None,1039.8358479000162,1042.8268631000537,,,,,,,,,,,,,,,,,,,,,,,,,,,,,,,,,,,,,,,203,1,short,A,2026-07-10_10h42.14.269,SBL_superimposed_retrieval,,2026.1.3,120.19505247720619,2026-07-10 10h42.14.672191 -0400,
3,9,9,0,stimuli/scenes/scene_U2.jpg,Undersea,Tulon,stimuli/items/undersea_animal_12.png,Undersea,animal,sc,None,2,1,0.27016610000282526,None,3,0.7104488000040874,None,None,0,,,3,1.8268044000142254,None,0,3,3,3,0,9,9,9,,,,,1042.8400321000372,,,,,,,,,,,,,,,,,,,,,,,,,,,,,,,,,,,,,,,,,,,,1042.8376669000136,1042.8400321000372,1046.8269983000355,None,1049.3273513000458,1050.3191480000387,1047.819268000021,1047.8266286000144,1047.8266286000144,1047.8266286000144,-0.0007826999644748867,1048.1102514000377,2,1,0.27016610000282526,None,1052.8105708000367,1052.8184368000366,1053.3099992000498,1053.3017996000126,1048.6043621000135,1048.6113332000095,1048.6113332000095,1048.6113332000095,1049.3272912999964,3,0.7104488000040874,None,1050.3236820000457,1050.3269515000284,1050.3269515000284,1050.3269515000284,1050.3269515000284,1052.8105225000181,None,0,,,1053.3047068000305,1053.3182351000141,1053.3182351000141,1053.3182351000141,1055.152417000034,3,1.8268044000142254,None,1055.1524768000236,1058.1433611999964,1046.8351320000365,1052.8184368000366,1052.8184368000366,1052.8184368000366,1052.8184368000366,,,,,,,,,,,,,,,,,,,,,,,,,,,,,,,,,,203,1,short,A,2026-07-10_10h42.14.269,SBL_superimposed_retrieval,,2026.1.3,120.19505247720619,2026-07-10 10h42.14.672191 -0400,
3,10,10,0,stimuli/scenes/scene_J1.jpg,Jungle,Malbow,stimuli/items/jungle_animal_14.png,Jungle,animal,sc,None,1,1,1.3699572999612428,None,2,0.725238699989859,None,1,1,1.4889205999788828,None,2,0.9042227999889292,None,0,3,3,3,0,10,10,10,,,,,1058.1547798000393,,,,,,,,,,,,,,,,,,,,,,,,,,,,,,,,,,,,,,,,,,,,1058.1524654999957,1058.1547798000393,1062.1438270000508,None,1065.761284200009,1066.752142900019,1063.1360916999984,1063.1433351000305,1063.1433351000305,1063.1433351000305,-0.00044549995800480247,1064.527274000051,1,1,1.3699572999612428,None,1068.252803600044,1068.26005120005,1068.7531332000508,1068.7437533000484,1065.0213832000154,1065.0281920999987,1065.0281920999987,1065.0281920999987,1065.7612260000315,2,0.725238699989859,None,1066.756270700018,1066.7602649000473,1066.7602649000473,1066.7602649000473,1066.7602649000473,1068.2527378000086,1,1,1.4889205999788828,None,1068.746275600046,1068.7531332000508,1068.7531332000508,1068.7531332000508,1069.6613053000183,2,0.9042227999889292,None,1069.6613630000502,1072.6526203000103,1062.1516436000238,,,,,,,,,,,,,,,,,,,,,,,,,,,,,,,,,,,,,,203,1,short,A,2026-07-10_10h42.14.269,SBL_superimposed_retrieval,,2026.1.3,120.19505247720619,2026-07-10 10h42.14.672191 -0400,
3,11,11,0,stimuli/scenes/scene_U2.jpg,Undersea,Tulon,stimuli/items/jungle_object_16.png,Jungle,object,si,None,2,1,0.4930267999880016,None,3,0.7074933999683708,None,1,1,0.8170876000076532,None,3,0.40994330000830814,None,0,3,3,3,0,11,11,11,,,,,1072.665470100008,,,,,,,,,,,,,,,,,,,,,,,,,,,,,,,,,,,,,,,,,,,,1072.662991899997,1072.665470100008,1076.6524753000122,None,1079.3781607000274,1080.3691114000394,1077.6448195000412,1077.6519678000477,1077.6519678000477,1077.6519678000477,-0.0008665000204928219,1078.1607341000345,2,1,0.4930267999880016,None,1081.1948543000035,1081.202015900053,1081.695075399999,1081.6858209000202,1078.6550175000448,1078.6619585000444,1078.6619585000444,1078.6619585000444,1079.3781036,3,0.7074933999683708,None,1080.3733812000137,1080.376785200031,1080.376785200031,1080.376785200031,1080.376785200031,1081.1947934000054,1,1,0.8170876000076532,None,1081.6882484000525,1081.695075399999,1081.695075399999,1081.695075399999,1082.1111604000325,3,0.40994330000830814,None,1082.1112154000439,1085.1025241000461,1076.6602372000343,,,,,,,,,,,,,,,,,,,,,,,,,,,,,,,,,,,,,,203,1,short,A,2026-07-10_10h42.14.269,SBL_superimposed_retrieval,,2026.1.3,120.19505247720619,2026-07-10 10h42.14.672191 -0400,
3,12,12,0,stimuli/scenes/scene_J1.jpg,Jungle,Malbow,stimuli/items/jungle_object_3.png,Jungle,object,sc,None,1,1,0.6991916000260971,None,3,0.6812805000226945,None,1,1,0.3603119000326842,None,3,0.2748803000431508,None,0,3,3,3,0,12,12,12,,,,,1085.1157096000388,,,,,,,,,,,,,,,,,,,,,,,,,,,,,,,,,,,,,,,,,,,,1085.1135237000417,1085.1157096000388,1089.1024133000174,None,1091.994588200003,1092.9856836000108,1090.0953312000493,1090.1019275000435,1090.1019275000435,1090.1019275000435,-0.00037999998312443495,1090.811240400013,1,1,0.6991916000260971,None,1093.3615732000326,1093.3689421000308,1093.8622264000005,1093.8524119000067,1091.3051970000379,1091.3120509000146,1091.3120509000146,1091.3120509000146,1091.994533899997,3,0.6812805000226945,None,1092.990286300017,1092.9935702000512,1092.9935702000512,1092.9935702000512,1092.9935702000512,1093.3615131000406,1,1,0.3603119000326842,None,1093.8548955000006,1093.8622264000005,1093.8622264000005,1093.8622264000005,1094.144935200049,3,0.2748803000431508,None,1094.1449902000022,1097.1359920999967,1089.110559200053,,,,,,,,,,,,,,,,,,,,,,,,,,,,,,,,,,,,,,203,1,short,A,2026-07-10_10h42.14.269,SBL_superimposed_retrieval,,2026.1.3,120.19505247720619,2026-07-10 10h42.14.672191 -0400,
3,13,13,0,stimuli/scenes/scene_J2.jpg,Jungle,Negvi,stimuli/items/jungle_animal_9.png,Jungle,animal,sc,None,1,1,0.2654900999623351,None,3,0.33166299998993054,None,2,1,1.9249157999875024,None,2,0.5226592000108212,None,0,3,3,3,0,13,13,13,,,,,1097.1521083000116,,,,,,,,,,,,,,,,,,,,,,,,,,,,,,,,,,,,,,,,,,,,1097.1498780000256,1097.1521083000116,1101.136070700013,None,1103.2451914999983,1104.2361994000385,1102.1282248000498,1102.1441943000536,1102.1441943000536,1102.1441943000536,-0.000646800035610795,1102.4116521000396,1,1,0.2654900999623351,None,1106.1703192000277,1106.1771469000378,1106.6705009000143,1106.6612887000083,1102.9032538000029,1102.9102702000528,1102.9102702000528,1102.9102702000528,1103.2451367000467,3,0.33166299998993054,None,1104.2366119000362,1104.244313800009,1104.244313800009,1104.244313800009,1104.244313800009,1106.1702566000167,2,1,1.9249157999875024,None,1106.663675000018,1106.6705009000143,1106.6705009000143,1106.6705009000143,1107.1953112000483,2,0.5226592000108212,None,1107.1953695000266,1110.186338200001,1101.1441952000023,,,,,,,,,,,,,,,,,,,,,,,,,,,,,,,,,,,,,,203,1,short,A,2026-07-10_10h42.14.269,SBL_superimposed_retrieval,,2026.1.3,120.19505247720619,2026-07-10 10h42.14.672191 -0400,
3,14,14,0,stimuli/scenes/scene_J2.jpg,Jungle,Negvi,stimuli/items/undersea_object_7.png,Undersea,object,si,None,1,1,0.48721829999703914,None,3,0.10375589999603108,None,2,1,0.30695930001093075,None,2,0.15442089998396114,None,0,3,3,3,0,14,14,14,,,,,1110.1992042000056,,,,,,,,,,,,,,,,,,,,,,,,,,,,,,,,,,,,,,,,,,,,1110.196811700007,1110.1992042000056,1114.186353600002,None,1116.303487199999,1117.2943109000335,1115.1786661000224,1115.1858349000104,1115.1858349000104,1115.1858349000104,0.007326900027692318,1115.695120999997,1,1,0.48721829999703914,None,1117.6113296000403,1117.6193009000272,1118.1108594000107,1118.103273100045,1116.1868044000003,1116.1939106000355,1116.1939106000355,1116.1939106000355,1116.3034351000097,3,0.10375589999603108,None,1117.2947249000426,1117.302534300019,1117.302534300019,1117.302534300019,1117.302534300019,1117.6112711000023,2,1,0.30695930001093075,None,1118.1041810000315,1118.1108594000107,1118.1108594000107,1118.1108594000107,1118.27031360002,2,0.15442089998396114,None,1118.270367500023,1121.2613965000492,1114.193971700035,,,,,,,,,,,,,,,,,,,,,,,,,,,,,,,,,,,,,,203,1,short,A,2026-07-10_10h42.14.269,SBL_superimposed_retrieval,,2026.1.3,120.19505247720619,2026-07-10 10h42.14.672191 -0400,
3,15,15,0,stimuli/scenes/scene_U1.jpg,Undersea,Somar,stimuli/items/undersea_object_15.png,Undersea,object,sc,None,2,1,1.1079214999917895,None,2,0.8573781000450253,None,1,0,1.9212180000031367,None,2,0.2465504999854602,None,0,3,3,3,0,15,15,15,,,,,1121.2786584999994,,,,,,,,,,,,,,,,,,,,,,,,,,,,,,,,,,,,,,,,,,,,1121.2761502000503,1121.2786584999994,1125.2618464000407,None,1128.7536502000294,1129.7445414999966,1126.2537600000505,1126.2612519999966,1126.2612519999966,1126.2612519999966,0.007439400011207908,1127.386811000004,2,1,1.1079214999917895,None,1131.678416800045,1131.686210600019,1132.1789656000328,1132.1697643000516,1127.8807020000531,1127.887697500002,1127.887697500002,1127.887697500002,1128.7535939000081,2,0.8573781000450253,None,1129.748832900019,1129.7524283000384,1129.7524283000384,1129.7524283000384,1129.7524283000384,1131.6783540000324,1,0,1.9212180000031367,None,1132.172194600047,1132.1789656000328,1132.1789656000328,1132.1789656000328,1132.4284762000316,2,0.2465504999854602,None,1132.4285317000467,1135.4198020000476,1125.269422100042,,,,,,,,,,,,,,,,,,,,,,,,,,,,,,,,,,,,,,203,1,short,A,2026-07-10_10h42.14.269,SBL_superimposed_retrieval,,2026.1.3,120.19505247720619,2026-07-10 10h42.14.672191 -0400,
3,16,16,0,stimuli/scenes/scene_U1.jpg,Undersea,Somar,stimuli/items/jungle_animal_15.png,Jungle,animal,si,None,2,1,0.9250972999725491,None,3,0.2437828000402078,None,2,1,0.9146423999918625,None,3,0.2159805999835953,None,0,3,3,3,0,16,16,16,,,,,1135.4351814000402,,,,,,,,,,,,,,,,,,,,,,,,,,,,,,,,,,,,,,,,,,,,1135.4324941000086,1135.4351814000402,1139.4199338000035,None,1142.1125778999995,1143.1030521000503,1140.4123793000472,1140.4195451000123,1140.4195451000123,1140.4195451000123,-0.00038919999497011304,1141.36197800003,2,1,0.9250972999725491,None,1144.029193399998,1144.0364230000414,1144.5297703000251,1144.5202550000395,1141.8542876000283,1141.8611182000022,1141.8611182000022,1141.8611182000022,1142.112524199998,3,0.2437828000402078,None,1143.103491100017,1143.1111720000044,1143.1111720000044,1143.1111720000044,1143.1111720000044,1144.0291318000527,2,1,0.9146423999918625,None,1144.5226945000468,1144.5297703000251,1144.5297703000251,1144.5297703000251,1144.7541445000097,3,0.2159805999835953,None,1144.7541978000081,1147.7449240999995,1139.42797410005,,,,,,,,,,,,,,,,,,,,,,,,,,,,,,,,,,,,,,203,1,short,A,2026-07-10_10h42.14.269,SBL_superimposed_retrieval,,2026.1.3,120.19505247720619,2026-07-10 10h42.14.672191 -0400,
3,17,17,0,stimuli/scenes/scene_U1.jpg,Undersea,Somar,stimuli/items/undersea_object_10.png,Undersea,object,sc,None,2,1,0.255622599972412,None,3,1.3224426000379026,None,2,1,0.9976574999745935,None,3,0.5368246999569237,None,0,3,3,3,0,17,17,17,,,,,1147.7578514000052,,,,,,,,,,,,,,,,,,,,,,,,,,,,,,,,,,,,,,,,,,,,1147.755525900051,1147.7578514000052,1151.7454380000127,None,1154.8459847000195,1155.836864700017,1152.7378821000457,1152.7446109000011,1152.7446109000011,1152.7446109000011,0.007306000043172389,1153.0206963000237,2,1,0.255622599972412,None,1156.8459049000521,1156.853072100028,1157.3448042000527,1157.336820800032,1153.5127930000308,1153.5194878000184,1153.5194878000184,1153.5194878000184,1154.8459267000435,3,1.3224426000379026,None,1155.8372917000088,1155.8447370000067,1155.8447370000067,1155.8447370000067,1155.8447370000067,1156.8458429000457,2,1,0.9976574999745935,None,1157.3377350000083,1157.3448042000527,1157.3448042000527,1157.3448042000527,1157.887477500015,3,0.5368246999569237,None,1157.8875350000453,1160.8784855999984,1151.753175800026,,,,,,,,,,,,,,,,,,,,,,,,,,,,,,,,,,,,,,203,1,short,A,2026-07-10_10h42.14.269,SBL_superimposed_retrieval,,2026.1.3,120.19505247720619,2026-07-10 10h42.14.672191 -0400,
3,18,18,0,stimuli/scenes/scene_J2.jpg,Jungle,Negvi,stimuli/items/undersea_object_1.png,Undersea,object,si,None,1,1,0.3622255999362096,None,3,0.7584978999802843,None,2,1,1.233601100044325,None,3,0.29872510000132024,None,0,3,3,3,0,18,18,18,,,,,1160.8904378999723,,,,,,,,,,,,,,,,,,,,,,,,,,,,,,,,,,,,,,,,,,,,1160.8883170000045,1160.8904378999723,1164.8787435999839,None,1167.5212144000689,1168.5119925000472,1165.871090700035,1165.8781564000528,1165.8781564000528,1165.8781564000528,-0.0006932000396773219,1166.2540547000244,1,1,0.3622255999362096,None,1169.7544508000137,1169.7616359000094,1170.255141700036,1170.245553900022,1166.7483700000448,1166.7551808999851,1166.7551808999851,1166.7551808999851,1167.5211562999757,3,0.7584978999802843,None,1168.5160860000178,1168.5196075000567,1168.5196075000567,1168.5196075000567,1168.5196075000567,1169.754388500005,2,1,1.233601100044325,None,1170.2480001000222,1170.255141700036,1170.255141700036,1170.255141700036,1170.5549363000318,3,0.29872510000132024,None,1170.554992999998,1173.5452850000001,1164.8865970000625,,,,,,,,,,,,,,,,,,,,,,,,,,,,,,,,,,,,,,203,1,short,A,2026-07-10_10h42.14.269,SBL_superimposed_retrieval,,2026.1.3,120.19505247720619,2026-07-10 10h42.14.672191 -0400,
3,19,19,0,stimuli/scenes/scene_U1.jpg,Undersea,Somar,stimuli/items/jungle_object_17.png,Jungle,object,si,None,None,0,,,3,1.3345640000188723,None,2,1,2.3066447000019252,None,2,1.4166292999871075,None,0,3,3,3,0,19,19,19,,,,,1173.5597161999904,,,,,,,,,,,,,,,,,,,,,,,,,,,,,,,,,,,,,,,,,,,,1173.5573223000392,1173.5597161999904,1177.5457911000121,None,1182.8965550999856,1183.8875151000684,1178.538021699991,1178.5536739000818,1178.5536739000818,1178.5536739000818,0.00713260006159544,1181.053540199995,None,0,,,1186.2044123000233,1186.2120176000753,1186.704918100033,1186.6953595000086,1181.5484396000393,1181.5553509000456,1181.5553509000456,1181.5553509000456,1182.8964977000142,3,1.3345640000188723,None,1183.8917780000484,1183.8951132000657,1183.8951132000657,1183.8951132000657,1183.8951132000657,1186.2043505000183,2,1,2.3066447000019252,None,1186.6977515000617,1186.704918100033,1186.704918100033,1186.704918100033,1188.1297329000663,2,1.4166292999871075,None,1188.1297913000453,1191.1209242000477,1177.5534670000197,,,,,,,,,,,,,,,,,,,,1181.0452016000636,1181.0452016000636,1181.0452016000636,2.4982996000908315,,,,,,,,,,,,,,,203,1,short,A,2026-07-10_10h42.14.269,SBL_superimposed_retrieval,,2026.1.3,120.19505247720619,2026-07-10 10h42.14.672191 -0400,
,,,,,,,,,,,,,,,,,,,,,,,,,,,,,,,,,,,,,,,,,,,,,,,,,,,,,,,,,,,,,,,,,,,,,,,,,,,,,,,,,,,,,,,,,,,,,,,,,,,,,,,,,,,,,,,,,,,,,,,,,,,,,,,,,,,,,,,,,,1191.1234556999989,1191.1236722000176,,,,,,,,,,,,,,,1191.1247428000206,1191.1289425999857,1191.1289425999857,1194.0796091000084,space,2.944782800041139,None,,,,,,,,203,1,short,A,2026-07-10_10h42.14.269,SBL_superimposed_retrieval,,2026.1.3,120.19505247720619,2026-07-10 10h42.14.672191 -0400,
,,,,,,,,,,,,,,,,,,,,,,,,,,,,,,,,,,,,,,,,,,,,,,,,,,,,,,,,,,,,,,,,,,,,,,,,,,,,,,,,,,,,,,,,,,,,,,,,,,,,,,,,,,,,,,,,,,,,,,,,,,,,,,,,,,,,,,,,,,,,,,,,,,,,,,,,,,,,,,,,,1194.0850961999968,1194.087629500078,1194.087629500078,1195.9211177000543,space,1.8256099000573158,None,203,1,short,A,2026-07-10_10h42.14.269,SBL_superimposed_retrieval,,2026.1.3,120.19505247720619,2026-07-10 10h42.14.672191 -0400,
