run,thisN,thisTrialN,thisRepN,scene_stimulus,scene_cat,scene_label,item_stimulus,item_cat,item_type,congruency,key_resp_remember.keys,key_resp_context.keys,key_resp_context.corr,key_resp_context.rt,key_resp_context.duration,key_resp_context_conf.keys,key_resp_context_conf.rt,key_resp_context_conf.duration,key_resp_scenes.keys,key_resp_scenes.corr,key_resp_scenes.rt,key_resp_scenes.duration,key_resp_scene_conf.keys,key_resp_scene_conf.rt,key_resp_scene_conf.duration,runs.thisRepN,runs.thisTrialN,runs.thisN,runs.thisIndex,trials.thisRepN,trials.thisTrialN,trials.thisN,trials.thisIndex,show_rest_screen.thisRepN,show_rest_screen.thisTrialN,show_rest_screen.thisN,show_rest_screen.thisIndex,thisRow.t,notes,piloting,subs_rand_vars.started,subs_rand_vars.stopped,set_instructions.started,set_instructions.stopped,ret_inst_scr.started,text_instructions.started,key_resp_start.started,ret_inst_scr.stopped,key_resp_start.keys,key_resp_start.rt,key_resp_start.duration,ret_inst2.started,text_instructions_2.started,key_resp_start_2.started,ret_inst2.stopped,key_resp_start_2.keys,key_resp_start_2.rt,key_resp_start_2.duration,scene_names_reminder.started,text_reminder.started,image1.started,image2.started,image3.started,image4.started,textbox1.started,textbox2.started,textbox3.started,textbox4.started,key_reminder.started,scene_names_reminder.stopped,key_reminder.keys,key_reminder.rt,key_reminder.duration,blank3000_2.started,text_3.started,text_3.stopped,blank3000_2.stopped,create_runs_stim_div.started,create_runs_stim_div.stopped,set_rows.started,set_rows.stopped,item_imagine_scene.started,item_cue.started,item_imagine_scene.stopped,trials.key_resp_remember.keys,blank1000.started,blank1000.stopped,select_context.started,text_context_headline.started,text_sea.started,text_jungle.started,key_resp_context.started,select_context.stopped,trials.key_resp_context.keys,trials.key_resp_context.corr,trials.key_resp_context.rt,trials.key_resp_context.duration,blank500.started,text_blank.started,text_blank.stopped,blank500.stopped,context_confidence.started,text_context_choice.started,slider_context_conf.started,key_resp_context_conf.started,context_confidence.stopped,trials.key_resp_context_conf.keys,trials.key_resp_context_conf.rt,trials.key_resp_context_conf.duration,select_scene_name.started,text_scene_headline.started,text_actual_context.started,text_q_scene.started,text_labels.started,select_scene_name.stopped,trials.key_resp_scenes.keys,trials.key_resp_scenes.corr,trials.key_resp_scenes.rt,trials.key_resp_scenes.duration,scene_confidence.started,text_chosen_scene.started,slider_scene_conf.started,key_resp_scene_conf.started,scene_confidence.stopped,trials.key_resp_scene_conf.keys,trials.key_resp_scene_conf.rt,trials.key_resp_scene_conf.duration,blank3000.started,blank3000.stopped,item_cue.stopped,text_scene_headline.stopped,text_actual_context.stopped,text_q_scene.stopped,text_labels.stopped,is_last.started,is_last.stopped,rest_between_runs.started,text_run_rest.started,key_resp_run_rest.started,rest_between_runs.stopped,show_rest_screen.key_resp_run_rest.keys,show_rest_screen.key_resp_run_rest.rt,show_rest_screen.key_resp_run_rest.duration,text_chosen_scene.stopped,slider_scene_conf.stopped,key_resp_scene_conf.stopped,text_context_headline.stopped,text_sea.stopped,text_jungle.stopped,key_resp_context.stopped,ret_end_screen.started,text_endSet.started,key_resp_continue.started,ret_end_screen.stopped,key_resp_continue.keys,key_resp_continue.rt,key_resp_continue.duration,forked_instructions.started,text_end_inst.started,key_resp_end.started,forked_instructions.stopped,key_resp_end.keys,key_resp_end.rt,key_resp_end.duration,participant,session,delay,group,date,expName,expVersion,psychopyVersion,frameRate,expStart,
,,,,,,,,,,,,,,,,,,,,,,,,,,,,,,,,,,,,,,,,False,0.031104800291359425,0.031472000293433666,,,,,,,,,,,,,,,,,,,,,,,,,,,,,,,,,,,,,,,,,,,,,,,,,,,,,,,,,,,,,,,,,,,,,,,,,,,,,,,,,,,,,,,,,,,,,,,,,,,,,,,,,,,,,,,,,,,,,,,,,,,204,1,short,A,2026-07-10_11h17.32.532,SBL_superimposed_retrieval,,2026.1.3,119.52086433872869,2026-07-10 11h17.32.959751 -0400,
,,,,,,,,,,,,,,,,,,,,,,,,,,,,,,,,,,,,,,,,,,,0.03150570020079613,0.031727200374007225,,,,,,,,,,,,,,,,,,,,,,,,,,,,,,,,,,,,,,,,,,,,,,,,,,,,,,,,,,,,,,,,,,,,,,,,,,,,,,,,,,,,,,,,,,,,,,,,,,,,,,,,,,,,,,,,,,,,,,,,,204,1,short,A,2026-07-10_11h17.32.532,SBL_superimposed_retrieval,,2026.1.3,119.52086433872869,2026-07-10 11h17.32.959751 -0400,
,,,,,,,,,,,,,,,,,,,,,,,,,,,,,,,,,,,,,,,,,,,,,0.031751600094139576,0.034760599955916405,1.0240428997203708,10.40406689979136,space,9.365979900583625,None,,,,,,,,,,,,,,,,,,,,,,,,,,,,,,,,,,,,,,,,,,,,,,,,,,,,,,,,,,,,,,,,,,,,,,,,,,,,,,,,,,,,,,,,,,,,,,,,,,,,,,,,,,,,,,,,,,204,1,short,A,2026-07-10_11h17.32.532,SBL_superimposed_retrieval,,2026.1.3,119.52086433872869,2026-07-10 11h17.32.959751 -0400,
,,,,,,,,,,,,,,,,,,,,,,,,,,,,,,,,,,,,,,,,,,,,,,,,,,,,10.404112000018358,10.407397200353444,12.399034000001848,75.00156460050493,space,62.59943319950253,None,,,,,,,,,,,,,,,,,,,,,,,,,,,,,,,,,,,,,,,,,,,,,,,,,,,,,,,,,,,,,,,,,,,,,,,,,,,,,,,,,,,,,,,,,,,,,,,,,,,,,,,,,,,204,1,short,A,2026-07-10_11h17.32.532,SBL_superimposed_retrieval,,2026.1.3,119.52086433872869,2026-07-10 11h17.32.959751 -0400,
,,,,,,,,,,,,,,,,,,,,,,,,,,,,,,,,,,,,,,,,,,,,,,,,,,,,,,,,,,,75.11514830030501,75.1883658003062,75.1883658003062,75.1883658003062,75.1883658003062,75.1883658003062,75.1883658003062,75.1883658003062,75.1883658003062,75.1883658003062,76.99255289975554,147.64455789979547,space,70.6458124993369,None,,,,,,,,,,,,,,,,,,,,,,,,,,,,,,,,,,,,,,,,,,,,,,,,,,,,,,,,,,,,,,,,,,,,,,,,,,,,,,,,,,,,,,,,,,,,204,1,short,A,2026-07-10_11h17.32.532,SBL_superimposed_retrieval,,2026.1.3,119.52086433872869,2026-07-10 11h17.32.959751 -0400,
,,,,,,,,,,,,,,,,,,,,,,,,,,,,,,,,,,,,,,,,,,,,,,,,,,,,,,,,,,,,,,,,,,,,,,,,,,147.64460169989616,147.65167190041393,150.67535359971225,150.63567760027945,,,,,,,,,,,,,,,,,,,,,,,,,,,,,,,,,,,,,,,,,,,,,,,,,,,,,,,,,,,,,,,,,,,,,,,,,,,,,,,,,,,,,,,,204,1,short,A,2026-07-10_11h17.32.532,SBL_superimposed_retrieval,,2026.1.3,119.52086433872869,2026-07-10 11h17.32.959751 -0400,
,,,,,,,,,,,,,,,,,,,,,,,,,,,,,,,,,,,,,,,,,,,,,,,,,,,,,,,,,,,,,,,,,,,,,,,,,,,,,,150.63590000011027,150.63610890042037,,,,,,,,,,,,,,,,,,,,,,,,,,,,,,,,,,,,,,,,,,,,,,,,,,,,,,,,,,,,,,,,,,,,,,,,,,,,,,,,,,,,,,204,1,short,A,2026-07-10_11h17.32.532,SBL_superimposed_retrieval,,2026.1.3,119.52086433872869,2026-07-10 11h17.32.959751 -0400,
0,0,0,0,stimuli/scenes/scene_J2.jpg,Jungle,Tulon,stimuli/items/jungle_object_1.png,Jungle,object,sc,None,1,1,0.9959005005657673,None,3,0.7537038000300527,None,1,0,0.9016404002904892,None,3,0.8207780001685023,None,0,0,0,0,0,0,0,0,,,,,150.67535359971225,,,,,,,,,,,,,,,,,,,,,,,,,,,,,,,,,,,,,,,,,,150.64887570030987,150.64912539999932,150.67213180009276,150.67535359971225,154.65241719968617,None,157.911164900288,158.90256000030786,155.65060659963638,155.65455820038915,155.65455820038915,155.65455820038915,0.0015330994501709938,156.6528874002397,1,1,0.9959005005657673,None,159.8194938004017,159.82691640034318,160.32164849992841,160.31081570032984,157.14676959998906,157.1559428004548,157.1559428004548,157.1559428004548,157.91110660042614,3,0.7537038000300527,None,158.9079983001575,158.9122865004465,158.9122865004465,158.9122865004465,158.9122865004465,159.81942940037698,1,0,0.9016404002904892,None,160.31313440017402,160.32164849992841,160.32164849992841,160.32164849992841,161.1446988005191,3,0.8207780001685023,None,161.14476040005684,164.13607800006866,,,,,,,,,,,,,,,,,,,,,,,,,,,,,,,,,,,,204,1,short,A,2026-07-10_11h17.32.532,SBL_superimposed_retrieval,,2026.1.3,119.52086433872869,2026-07-10 11h17.32.959751 -0400,
0,1,1,0,stimuli/scenes/scene_U2.jpg,Undersea,Somar,stimuli/items/jungle_animal_8.png,Jungle,animal,si,None,1,0,0.6227206997573376,None,3,0.33000489976257086,None,None,0,,,1,0.9008493004366755,None,0,0,0,0,0,1,1,1,,,,,164.14882829971611,,,,,,,,,,,,,,,,,,,,,,,,,,,,,,,,,,,,,,,,,,,,164.14668260049075,164.14882829971611,168.13616869971156,None,170.6033276002854,171.5940997004509,169.12845189962536,169.13555109966546,169.13555109966546,169.13555109966546,-0.0009690001606941223,169.76931990031153,1,0,0.6227206997573376,None,174.0864703003317,174.0939287999645,174.58576379995793,174.57769030053169,170.26183340046555,170.26854810025543,170.26854810025543,170.26854810025543,170.60327090043575,3,0.33000489976257086,None,171.5996900005266,171.6033284002915,171.6033284002915,171.6033284002915,171.6033284002915,174.0864193001762,None,0,,,174.580619700253,174.59372380003333,174.59372380003333,174.59372380003333,175.4956604000181,1,0.9008493004366755,None,175.49572219979018,178.48602660000324,168.14384379982948,174.0939287999645,174.0939287999645,174.0939287999645,174.0939287999645,,,,,,,,,,,,,,,,,,,,,,,,,,,,,,,204,1,short,A,2026-07-10_11h17.32.532,SBL_superimposed_retrieval,,2026.1.3,119.52086433872869,2026-07-10 11h17.32.959751 -0400,
0,2,2,0,stimuli/scenes/scene_J2.jpg,Jungle,Tulon,stimuli/items/jungle_object_18.png,Jungle,object,sc,None,1,1,0.7285320004448295,None,3,0.4860589001327753,None,1,0,0.8508556000888348,None,3,0.35494410060346127,None,0,0,0,0,0,2,2,2,,,,,178.49938100017607,,,,,,,,,,,,,,,,,,,,,,,,,,,,,,,,,,,,,,,,,,,,178.49713020026684,178.49938100017607,182.486574199982,None,185.22846189979464,186.2195498002693,183.47822960000485,183.49417129997164,183.49417129997164,183.49417129997164,0.006496099755167961,184.23638550005853,1,1,0.7285320004448295,None,187.0867197001353,187.09418420027941,187.58738590031862,187.57793449983,184.72874160017818,184.73592490050942,184.73592490050942,184.73592490050942,185.22840450052172,3,0.4860589001327753,None,186.2242069002241,186.22726590000093,186.22726590000093,186.22726590000093,186.22726590000093,187.08665420021862,1,0,0.8508556000888348,None,187.58037750050426,187.58738590031862,187.58738590031862,187.58738590031862,187.94527500029653,3,0.35494410060346127,None,187.94533320050687,190.9366546999663,182.49417100008577,,,,,,,,,,,,,,,,,,,,,,,,,,,,,,,,,,,204,1,short,A,2026-07-10_11h17.32.532,SBL_superimposed_retrieval,,2026.1.3,119.52086433872869,2026-07-10 11h17.32.959751 -0400,
0,3,3,0,stimuli/scenes/scene_J1.jpg,Jungle,Negvi,stimuli/items/undersea_object_3.png,Undersea,object,si,None,2,0,0.6060485998168588,None,3,0.26310709957033396,None,1,1,0.8543929001316428,None,2,1.225764499977231,None,0,0,0,0,0,3,3,3,,,,,190.94973080046475,,,,,,,,,,,,,,,,,,,,,,,,,,,,,,,,,,,,,,,,,,,,190.94751830026507,190.94973080046475,194.93668580055237,None,197.32047399971634,198.3114398000762,195.92889969982207,195.93599729985,195.93599729985,195.93599729985,-0.0007878998294472694,196.5533491000533,2,0,0.6060485998168588,None,199.17831919994205,199.18609290011227,199.6778020001948,199.6699064001441,197.04763269983232,197.05465389974415,197.05465389974415,197.05465389974415,197.32041789963841,3,0.26310709957033396,None,198.3118757000193,198.3193969000131,198.3193969000131,198.3193969000131,198.3193969000131,199.17825370002538,1,1,0.8543929001316428,None,199.67081059981138,199.6778020001948,199.6778020001948,199.6778020001948,200.91218760050833,2,1.225764499977231,None,200.9122484996915,203.90317010041326,194.94430190045387,,,,,,,,,,,,,,,,,,,,,,,,,,,,,,,,,,,204,1,short,A,2026-07-10_11h17.32.532,SBL_superimposed_retrieval,,2026.1.3,119.52086433872869,2026-07-10 11h17.32.959751 -0400,
0,4,4,0,stimuli/scenes/scene_J2.jpg,Jungle,Tulon,stimuli/items/jungle_object_11.png,Jungle,object,sc,None,1,1,0.823263100348413,None,3,0.2480263002216816,None,2,1,0.9362473003566265,None,3,0.5006980001926422,None,0,0,0,0,0,4,4,4,,,,,203.91683520004153,,,,,,,,,,,,,,,,,,,,,,,,,,,,,,,,,,,,,,,,,,,,203.9143495997414,203.91683520004153,207.90350280050188,None,210.48757749982178,211.47860919963568,208.89596300013363,208.90325520001352,208.90325520001352,208.90325520001352,-0.0008981004357337952,209.73705380037427,1,1,0.823263100348413,None,212.42916570045054,212.4364712005481,212.92958169989288,212.92011679988354,210.23109330050647,210.23830249998719,210.23830249998719,210.23830249998719,210.48752090055496,3,0.2480263002216816,None,211.47903520055115,211.48646329995245,211.48646329995245,211.48646329995245,211.48646329995245,212.42910110019147,2,1,0.9362473003566265,None,212.92263319995254,212.92958169989288,212.92958169989288,212.92958169989288,213.43729660008103,3,0.5006980001926422,None,213.4373554000631,216.42857289966196,207.91131860017776,,,,,,,,,,,,,,,,,,,,,,,,,,,,,,,,,,,204,1,short,A,2026-07-10_11h17.32.532,SBL_superimposed_retrieval,,2026.1.3,119.52086433872869,2026-07-10 11h17.32.959751 -0400,
0,5,5,0,stimuli/scenes/scene_U2.jpg,Undersea,Somar,stimuli/items/jungle_object_7.png,Jungle,object,si,None,1,0,0.7779651004821062,None,3,0.3105014003813267,None,1,0,1.9376844000071287,None,2,0.9824100993573666,None,0,0,0,0,0,5,5,5,,,,,216.4416741002351,,,,,,,,,,,,,,,,,,,,,,,,,,,,,,,,,,,,,,,,,,,,216.4394631003961,216.4416741002351,220.4287715004757,None,223.0373350996524,224.0284874001518,221.420728799887,221.4280807003379,221.4280807003379,221.4280807003379,-0.0008032005280256271,222.22091719973832,1,0,0.7779651004821062,None,225.97896889969707,225.98676470015198,226.48010690044612,226.4705363996327,222.71271570026875,222.71987660042942,222.71987660042942,222.71987660042942,223.03727660048753,3,0.3105014003813267,None,224.03299969993532,224.03616060037166,224.03616060037166,224.03616060037166,224.03616060037166,225.97890320047736,1,0,1.9376844000071287,None,226.47309849970043,226.48010690044612,226.48010690044612,226.48010690044612,227.47110109962523,2,0.9824100993573666,None,227.4711627997458,230.46184960007668,220.43617350049317,,,,,,,,,,,,,,,,,,,,,,,,,,,,,,,,,,,204,1,short,A,2026-07-10_11h17.32.532,SBL_superimposed_retrieval,,2026.1.3,119.52086433872869,2026-07-10 11h17.32.959751 -0400,
0,6,6,0,stimuli/scenes/scene_J1.jpg,Jungle,Negvi,stimuli/items/jungle_animal_3.png,Jungle,animal,sc,None,1,1,0.9994787005707622,None,3,0.3003161000087857,None,1,1,1.29581299982965,None,3,0.7582291001453996,None,0,0,0,0,0,6,6,6,,,,,230.47671180032194,,,,,,,,,,,,,,,,,,,,,,,,,,,,,,,,,,,,,,,,,,,,230.47456109989434,230.47671180032194,234.46203720010817,None,237.27921780012548,238.270397500135,235.45459649991244,235.47015160042793,235.47015160042793,235.47015160042793,-0.0008455002680420876,236.47062070015818,1,1,0.9994787005707622,None,239.57906629983336,239.5871588997543,240.07982060033828,240.0704896003008,236.96338750049472,236.97015350032598,236.97015350032598,236.97015350032598,237.27915970049798,3,0.3003161000087857,None,238.27461010031402,238.27819809969515,238.27819809969515,238.27819809969515,238.27819809969515,239.578999100253,1,1,1.29581299982965,None,240.07296069990844,240.07982060033828,240.07982060033828,240.07982060033828,240.84612870030105,3,0.7582291001453996,None,240.8461907003075,243.8374105002731,234.47023269999772,,,,,,,,,,,,,,,,,,,,,,,,,,,,,,,,,,,204,1,short,A,2026-07-10_11h17.32.532,SBL_superimposed_retrieval,,2026.1.3,119.52086433872869,2026-07-10 11h17.32.959751 -0400,
0,7,7,0,stimuli/scenes/scene_U2.jpg,Undersea,Somar,stimuli/items/undersea_animal_5.png,Undersea,animal,sc,None,2,1,0.9362366003915668,None,3,0.24437739979475737,None,1,0,1.1884501995518804,None,2,0.8714336007833481,None,0,0,0,0,0,7,7,7,,,,,243.85019950009882,,,,,,,,,,,,,,,,,,,,,,,,,,,,,,,,,,,,,,,,,,,,243.84770620055497,243.85019950009882,247.8376265000552,None,250.53808620013297,251.52933999989182,248.82982259988785,248.83719510026276,248.83719510026276,248.83719510026276,-0.0006657997146248817,249.78749269992113,2,1,0.9362366003915668,None,252.7295762002468,252.73708119988441,253.23039009980857,253.22083070036024,250.28204960003495,250.28922659996897,250.28922659996897,250.28922659996897,250.53803060017526,3,0.24437739979475737,None,251.53384639974684,251.5374483000487,251.5374483000487,251.5374483000487,251.5374483000487,252.72951009962708,1,0,1.1884501995518804,None,253.2233942002058,253.23039009980857,253.23039009980857,253.23039009980857,254.1048528002575,2,0.8714336007833481,None,254.104913899675,257.0962671004236,247.8455050997436,,,,,,,,,,,,,,,,,,,,,,,,,,,,,,,,,,,204,1,short,A,2026-07-10_11h17.32.532,SBL_superimposed_retrieval,,2026.1.3,119.52086433872869,2026-07-10 11h17.32.959751 -0400,
0,8,8,0,stimuli/scenes/scene_J1.jpg,Jungle,Negvi,stimuli/items/jungle_animal_7.png,Jungle,animal,sc,None,1,1,0.6539217997342348,None,3,0.598357199691236,None,1,1,1.6076883003115654,None,3,0.9856944000348449,None,0,0,0,0,0,8,8,8,,,,,257.1134601999074,,,,,,,,,,,,,,,,,,,,,,,,,,,,,,,,,,,,,,,,,,,,257.1112227002159,257.1134601999074,261.09630370046943,None,263.8632437000051,264.8545385999605,262.0884074997157,262.0954485004768,262.0954485004768,262.0954485004768,-0.0005832994356751442,262.76319620013237,1,1,0.6539217997342348,None,266.4713265998289,266.47896720003337,266.9720641998574,266.9626118000597,263.25659910030663,263.26351710036397,263.26351710036397,263.26351710036397,263.8631846997887,3,0.598357199691236,None,264.85898870043457,264.86226260010153,264.86226260010153,264.86226260010153,264.86226260010153,266.47125579975545,1,1,1.6076883003115654,None,266.96508970018476,266.9720641998574,266.9720641998574,266.9720641998574,267.9634664002806,3,0.9856944000348449,None,267.9635278005153,270.9546197000891,261.1038837004453,,,,,,,,,,,,,,,,,,,,,,,,,,,,,,,,,,,204,1,short,A,2026-07-10_11h17.32.532,SBL_superimposed_retrieval,,2026.1.3,119.52086433872869,2026-07-10 11h17.32.959751 -0400,
0,9,9,0,stimuli/scenes/scene_J1.jpg,Jungle,Negvi,stimuli/items/undersea_animal_3.png,Undersea,animal,si,None,2,0,0.9229177003726363,None,3,0.5366911999881268,None,2,0,1.8924674997106194,None,1,1.2184010995551944,None,0,0,0,0,0,9,9,9,,,,,270.96826929971576,,,,,,,,,,,,,,,,,,,,,,,,,,,,,,,,,,,,,,,,,,,,270.9657993996516,270.96826929971576,274.95449750032276,None,277.9304656004533,278.92153250053525,275.94694860000163,275.9629295999184,275.9629295999184,275.9629295999184,-0.00042709987610578537,276.8883434003219,2,0,0.9229177003726363,None,280.8298800000921,280.8375292001292,281.3314108001068,281.321842700243,277.3823143001646,277.38919600006193,277.38919600006193,277.38919600006193,277.9304088000208,3,0.5366911999881268,None,278.9219452999532,278.92962209973484,278.92962209973484,278.92962209973484,278.92962209973484,280.82981340028346,2,0,1.8924674997106194,None,281.3243688996881,281.3314108001068,281.3314108001068,281.3314108001068,282.55525480024517,1,1.2184010995551944,None,282.55531490035355,285.54660560004413,274.9623408000916,,,,,,,,,,,,,,,,,,,,,,,,,,,,,,,,,,,204,1,short,A,2026-07-10_11h17.32.532,SBL_superimposed_retrieval,,2026.1.3,119.52086433872869,2026-07-10 11h17.32.959751 -0400,
0,10,10,0,stimuli/scenes/scene_J2.jpg,Jungle,Tulon,stimuli/items/undersea_object_17.png,Undersea,object,si,None,2,0,1.0835923999547958,None,1,1.547698900103569,None,1,0,2.069884200580418,None,1,0.2942661000415683,None,0,0,0,0,0,10,10,10,,,,,285.5592256002128,,,,,,,,,,,,,,,,,,,,,,,,,,,,,,,,,,,,,,,,,,,,285.557052699849,285.5592256002128,289.5463447999209,None,293.68894470017403,294.6800402998924,290.53935400024056,290.54625849984586,290.54625849984586,290.54625849984586,-0.0009397994726896286,291.6386847998947,2,0,1.0835923999547958,None,296.7636764002964,296.77100980002433,297.2643066998571,297.2550130998716,292.1306873001158,292.13795629981905,292.13795629981905,292.13795629981905,293.68888210039586,1,1.547698900103569,None,294.6804667003453,294.68814869970083,294.68814869970083,294.68814869970083,294.68814869970083,296.7636101003736,1,0,2.069884200580418,None,297.25745170004666,297.2643066998571,297.2643066998571,297.2643066998571,297.56414860021323,1,0.2942661000415683,None,297.564205000177,300.5553794996813,289.55462209973484,,,,,,,,,,,,,,,,,,,,,,,,,,,,,,,,,,,204,1,short,A,2026-07-10_11h17.32.532,SBL_superimposed_retrieval,,2026.1.3,119.52086433872869,2026-07-10 11h17.32.959751 -0400,
0,11,11,0,stimuli/scenes/scene_J2.jpg,Jungle,Tulon,stimuli/items/undersea_object_13.png,Undersea,object,si,None,2,0,0.6984990006312728,None,3,0.4755833996459842,None,1,0,2.247594299726188,None,1,1.0503762997686863,None,0,0,0,0,0,11,11,11,,,,,300.57195749972016,,,,,,,,,,,,,,,,,,,,,,,,,,,,,,,,,,,,,,,,,,,,300.56938919983804,300.57195749972016,304.5553606003523,None,307.23955349996686,308.23063020035625,305.5473204003647,305.5631969003007,305.5631969003007,305.5631969003007,-0.0008351001888513565,306.26389850024134,2,0,0.6984990006312728,None,310.4892148002982,310.4968015998602,310.9878751002252,310.980222299695,306.75584909971803,306.7627964001149,306.7627964001149,306.7627964001149,307.2394939996302,3,0.4755833996459842,None,308.2310496000573,308.23811060003936,308.23811060003936,308.23811060003936,308.23811060003936,310.4891488002613,1,0,2.247594299726188,None,310.98115309979767,310.9878751002252,310.9878751002252,310.9878751002252,312.0395601000637,1,1.0503762997686863,None,312.0396210998297,315.0304685998708,304.5630336999893,,,,,,,,,,,,,,,,,,,,,,,,,,,,,,,,,,,204,1,short,A,2026-07-10_11h17.32.532,SBL_superimposed_retrieval,,2026.1.3,119.52086433872869,2026-07-10 11h17.32.959751 -0400,
0,12,12,0,stimuli/scenes/scene_J1.jpg,Jungle,Negvi,stimuli/items/jungle_object_19.png,Jungle,object,sc,None,1,1,0.5989545993506908,None,3,0.7780584003776312,None,2,0,1.987796800211072,None,2,0.5187597004696727,None,0,0,0,0,0,12,12,12,,,,,315.0432385997847,,,,,,,,,,,,,,,,,,,,,,,,,,,,,,,,,,,,,,,,,,,,315.0407595997676,315.0432385997847,319.03060709964484,None,321.9314342997968,322.9218265004456,320.02281420025975,320.0383202005178,320.0383202005178,320.0383202005178,0.007404000498354435,320.6474748002365,1,1,0.5989545993506908,None,324.92262730002403,324.9299570005387,325.42366749979556,325.4140082998201,321.1412485996261,321.148225300014,321.148225300014,321.148225300014,321.93137549981475,3,0.7780584003776312,None,322.922271899879,322.9299344997853,322.9299344997853,322.9299344997853,322.9299344997853,324.922561599873,2,0,1.987796800211072,None,325.41649929992855,325.42366749979556,325.42366749979556,325.42366749979556,325.94801380019635,2,0.5187597004696727,None,325.9480713000521,328.93919629976153,319.0386688001454,,,,,,,,,,,,,,,,,,,,,,,,,,,,,,,,,,,204,1,short,A,2026-07-10_11h17.32.532,SBL_superimposed_retrieval,,2026.1.3,119.52086433872869,2026-07-10 11h17.32.959751 -0400,
0,13,13,0,stimuli/scenes/scene_U2.jpg,Undersea,Somar,stimuli/items/undersea_animal_13.png,Undersea,animal,sc,None,2,1,0.9945967001840472,None,3,0.22899660002440214,None,2,1,1.2695491993799806,None,3,1.5730782998725772,None,0,0,0,0,0,13,13,13,,,,,328.9516679001972,,,,,,,,,,,,,,,,,,,,,,,,,,,,,,,,,,,,,,,,,,,,328.94928579963744,328.9516679001972,332.9393410002813,None,335.6894580004737,336.6809465996921,333.93137380015105,333.9385604998097,333.9385604998097,333.9385604998097,0.007413799874484539,334.95630479976535,2,1,0.9945967001840472,None,337.96438310015947,337.9720975998789,338.4649160001427,338.4557972997427,335.45020090043545,335.45716109964997,335.45716109964997,335.45716109964997,335.6894017998129,3,0.22899660002440214,None,336.68538790009916,336.68859549984336,336.68859549984336,336.68859549984336,336.68859549984336,337.96431660000235,2,1,1.2695491993799806,None,338.45817819982767,338.4649160001427,338.4649160001427,338.4649160001427,340.03960799984634,3,1.5730782998725772,None,340.0396683001891,343.030774500221,332.94694119971246,,,,,,,,,,,,,,,,,,,,,,,,,,,,,,,,,,,204,1,short,A,2026-07-10_11h17.32.532,SBL_superimposed_retrieval,,2026.1.3,119.52086433872869,2026-07-10 11h17.32.959751 -0400,
0,14,14,0,stimuli/scenes/scene_U1.jpg,Undersea,Malbow,stimuli/items/jungle_object_5.png,Jungle,object,si,None,1,0,0.5106930993497372,None,3,0.34120090026408434,None,None,0,,,1,0.6482130996882915,None,0,0,0,0,0,14,14,14,,,,,343.04286400042474,,,,,,,,,,,,,,,,,,,,,,,,,,,,,,,,,,,,,,,,,,,,343.0404008002952,343.04286400042474,347.0311454003677,None,349.40677670016885,350.3979636998847,348.02297130040824,348.03095350041986,348.03095350041986,348.03095350041986,-0.0007475996389985085,348.55646239966154,1,0,0.5106930993497372,None,352.88921860046685,352.90541660040617,353.3973513999954,353.3894907999784,349.05046019982547,349.0572244003415,349.0572244003415,349.0572244003415,349.40671780053526,3,0.34120090026408434,None,350.39839509967715,350.40580730047077,350.40580730047077,350.40580730047077,350.40580730047077,352.88916840031743,None,0,,,353.3924110997468,353.40596359968185,353.40596359968185,353.40596359968185,354.05665330030024,1,0.6482130996882915,None,354.0567121002823,357.04784710053355,347.03867070004344,352.8973419005051,352.8973419005051,352.8973419005051,352.8973419005051,,,,,,,,,,,,,,,,,,,,,,,,,,,,,,,204,1,short,A,2026-07-10_11h17.32.532,SBL_superimposed_retrieval,,2026.1.3,119.52086433872869,2026-07-10 11h17.32.959751 -0400,
0,15,15,0,stimuli/scenes/scene_U1.jpg,Undersea,Malbow,stimuli/items/undersea_object_5.png,Undersea,object,sc,None,2,1,0.5422796998172998,None,3,0.2262072004377842,None,1,1,1.0584125006571412,None,3,0.779483400285244,None,0,0,0,0,0,15,15,15,,,,,357.0641927998513,,,,,,,,,,,,,,,,,,,,,,,,,,,,,,,,,,,,,,,,,,,,357.0620210003108,357.0641927998513,361.04823029972613,None,363.34022010024637,364.33156010042876,362.04033560026437,362.0478595998138,362.0478595998138,362.0478595998138,-0.0009690001606941223,362.6062334999442,2,1,0.5422796998172998,None,365.398600500077,365.4062219001353,365.89895290043205,365.88966319989413,363.1009938996285,363.10795770026743,363.10795770026743,363.10795770026743,363.34016400016844,3,0.2262072004377842,None,364.33200979977846,364.3393598999828,364.3393598999828,364.3393598999828,364.3393598999828,365.39853589981794,1,1,1.0584125006571412,None,365.8922254005447,365.89895290043205,365.89895290043205,365.89895290043205,366.6821387996897,3,0.779483400285244,None,366.68219740036875,369.6726569002494,361.0557786002755,,,,,,,,,,,,,,,,,,,,,,,,,,,,,,,,,,,204,1,short,A,2026-07-10_11h17.32.532,SBL_superimposed_retrieval,,2026.1.3,119.52086433872869,2026-07-10 11h17.32.959751 -0400,
0,16,16,0,stimuli/scenes/scene_U2.jpg,Undersea,Somar,stimuli/items/undersea_object_19.png,Undersea,object,sc,None,2,1,0.9565169997513294,None,3,0.5228073997423053,None,1,0,0.9649776006117463,None,3,0.4749815994873643,None,0,0,0,0,0,16,16,16,,,,,369.6848967000842,,,,,,,,,,,,,,,,,,,,,,,,,,,,,,,,,,,,,,,,,,,,369.6828161999583,369.6848967000842,373.673605799675,None,376.6656311005354,377.6566754002124,374.6654110997915,374.6814617998898,374.6814617998898,374.6814617998898,-0.0005877995863556862,375.6403162004426,2,1,0.9565169997513294,None,378.63221720047295,378.6395365996286,379.1308610998094,379.1230313004926,376.13271040003747,376.1394988000393,376.1394988000393,376.1394988000393,376.6655734004453,3,0.5228073997423053,None,377.6571011999622,377.66482990048826,377.66482990048826,377.66482990048826,377.66482990048826,378.63215079996735,1,0,0.9649776006117463,None,379.123941199854,379.1308610998094,379.1308610998094,379.1308610998094,379.607052099891,3,0.4749815994873643,None,379.6071102004498,382.59847389999777,373.6812281999737,,,,,,,,,,,,,,,,,,,,,,,,,,,,,,,,,,,204,1,short,A,2026-07-10_11h17.32.532,SBL_superimposed_retrieval,,2026.1.3,119.52086433872869,2026-07-10 11h17.32.959751 -0400,
0,17,17,0,stimuli/scenes/scene_U2.jpg,Undersea,Somar,stimuli/items/jungle_object_4.png,Jungle,object,si,None,1,0,0.7515994999557734,None,3,0.2592187998816371,None,1,0,1.4427359998226166,None,1,0.40514919999986887,None,0,0,0,0,0,17,17,17,,,,,382.61193750053644,,,,,,,,,,,,,,,,,,,,,,,,,,,,,,,,,,,,,,,,,,,,382.6094594998285,382.61193750053644,386.5986115997657,None,389.1325530000031,390.1236854000017,387.5905943000689,387.59792840015143,387.59792840015143,387.59792840015143,-0.000561700202524662,388.3658490004018,1,0,0.7515994999557734,None,391.58196370024234,391.589872200042,392.08131489995867,392.07367440033704,388.8594054002315,388.866557800211,388.866557800211,388.866557800211,389.13249840028584,3,0.2592187998816371,None,390.1241094004363,390.1311649000272,390.1311649000272,390.1311649000272,390.1311649000272,391.58189939986914,1,0,1.4427359998226166,None,392.07457619998604,392.08131489995867,392.08131489995867,392.08131489995867,392.49083220027387,1,0.40514919999986887,None,392.49088899977505,395.48229760024697,386.6064502997324,,,,,,,,,,,,,,,,,,,,,,,,,,,,,,,,,,,204,1,short,A,2026-07-10_11h17.32.532,SBL_superimposed_retrieval,,2026.1.3,119.52086433872869,2026-07-10 11h17.32.959751 -0400,
0,18,18,0,stimuli/scenes/scene_U1.jpg,Undersea,Malbow,stimuli/items/jungle_animal_9.png,Jungle,animal,si,None,1,0,1.0356115996837616,None,3,0.7747293999418616,None,1,1,1.303524499759078,None,1,0.2635183995589614,None,0,0,0,0,0,18,18,18,,,,,395.4982273997739,,,,,,,,,,,,,,,,,,,,,,,,,,,,,,,,,,,,,,,,,,,,395.4959997003898,395.4982273997739,399.48186259996146,None,402.8076994000003,403.7983520999551,400.4739720001817,400.4898755000904,400.4898755000904,400.4898755000904,-0.0008137999102473259,401.53209930006415,1,0,1.0356115996837616,None,405.11623289994895,405.12367979995906,405.6148859998211,405.6074296999723,402.02437780052423,402.0313301002607,402.0313301002607,402.0313301002607,402.8076398996636,3,0.7747293999418616,None,403.79887219984084,403.8067642003298,403.8067642003298,403.8067642003298,403.8067642003298,405.1161662004888,1,1,1.303524499759078,None,405.608326099813,405.6148859998211,405.6148859998211,405.6148859998211,405.882652499713,1,0.2635183995589614,None,405.8827101001516,408.8734982004389,399.48998800013214,,,,,,,,,,,,,,,,,,,,,,,,,,,,,,,,,,,204,1,short,A,2026-07-10_11h17.32.532,SBL_superimposed_retrieval,,2026.1.3,119.52086433872869,2026-07-10 11h17.32.959751 -0400,
0,19,19,0,stimuli/scenes/scene_J2.jpg,Jungle,Tulon,stimuli/items/undersea_object_9.png,Undersea,object,si,None,2,0,0.8596710003912449,None,3,0.19531110022217035,None,1,0,1.1572855999693274,None,1,0.3296639006584883,None,0,0,0,0,0,19,19,19,,,,,408.88743430003524,,,,,,,,,,,,,,,,,,,,,,,,,,,,,,,,,,,,,,,,,,,,408.88526139967144,408.88743430003524,412.8739523999393,None,415.44965900015086,416.44077300000936,413.86629220005125,413.8736236002296,413.8736236002296,413.8736236002296,-0.0004200991243124008,414.74892539996654,2,0,0.8596710003912449,None,417.6076233005151,417.6152050001547,418.10821860004216,418.0989784998819,415.24369040038437,415.25080240052193,415.25080240052193,415.25080240052193,415.4496052004397,3,0.19531110022217035,None,416.4449765002355,416.44834350049496,416.44834350049496,416.44834350049496,416.44834350049496,417.60755959991366,1,0,1.1572855999693274,None,418.1014061002061,418.10821860004216,418.10821860004216,418.10821860004216,418.4414200000465,1,0.3296639006584883,None,418.44147920049727,421.4323765998706,412.88174710050225,,,,,,,,,,,,,,,,,,,,,,,,,,,,,,,,,,,204,1,short,A,2026-07-10_11h17.32.532,SBL_superimposed_retrieval,,2026.1.3,119.52086433872869,2026-07-10 11h17.32.959751 -0400,
1,0,0,0,stimuli/scenes/scene_U2.jpg,Undersea,Somar,stimuli/items/undersea_object_4.png,Undersea,object,sc,None,2,1,0.9774313997477293,None,3,0.4870718000456691,None,2,1,1.7153273997828364,None,3,0.9703372996300459,None,0,1,1,1,0,0,0,0,0,0,0,0,424.13460330013186,,,,,,,,,,,,,,,,,,,,,,,,,,,,,,,,,,,,,,,,,,424.10904389992356,424.10926270019263,424.1316152997315,424.13460330013186,428.1156050004065,None,431.08304610010237,432.0744192004204,429.1085214000195,429.1152661005035,429.1152661005035,429.1152661005035,-0.0007253000512719154,430.0910916002467,2,1,0.9774313997477293,None,433.7995167002082,433.8070267997682,434.30015389993787,434.2907996997237,430.5836004000157,430.5907792998478,430.5907792998478,430.5907792998478,431.08299089968204,3,0.4870718000456691,None,432.0790852997452,432.08269380033016,432.08269380033016,432.08269380033016,432.08269380033016,433.79945090040565,2,1,1.7153273997828364,None,434.29325400013477,434.30015389993787,434.30015389993787,434.30015389993787,435.2746230997145,3,0.9703372996300459,None,435.2746826997027,438.2659926004708,,,,,,421.43495579995215,421.4351738002151,421.43537489976734,421.4402609001845,422.4322787998244,424.1080817999318,space,1.6695885006338358,None,,,,,,,,,,,,,,,,,,,,,,204,1,short,A,2026-07-10_11h17.32.532,SBL_superimposed_retrieval,,2026.1.3,119.52086433872869,2026-07-10 11h17.32.959751 -0400,
1,1,1,0,stimuli/scenes/scene_U1.jpg,Undersea,Malbow,stimuli/items/undersea_animal_12.png,Undersea,animal,sc,None,2,1,0.9881759006530046,None,3,0.20057899970561266,None,1,1,0.8961906004697084,None,3,0.29467529989778996,None,0,1,1,1,0,1,1,1,,,,,438.2802470996976,,,,,,,,,,,,,,,,,,,,,,,,,,,,,,,,,,,,,,,,,,,,438.27778990007937,438.2802470996976,442.26660970039666,None,444.9752678005025,445.96668769977987,443.2584894001484,443.26573000010103,443.26573000010103,443.26573000010103,-0.0004879999905824661,444.2667274000123,2,1,0.9881759006530046,None,446.87471610028297,446.88229990005493,447.37552249990404,447.3659059004858,444.75854310020804,444.7654871996492,444.7654871996492,444.7654871996492,444.97521180007607,3,0.20057899970561266,None,445.96711920015514,445.9740000003949,445.9740000003949,445.9740000003949,445.9740000003949,446.87465300038457,1,1,0.8961906004697084,None,447.3685346003622,447.37552249990404,447.37552249990404,447.37552249990404,447.6753551000729,3,0.29467529989778996,None,447.67541369982064,450.666407099925,442.2740192003548,,,,,,,,,,,,,,,,,,,,,,,,,,,,,,,,,,,204,1,short,A,2026-07-10_11h17.32.532,SBL_superimposed_retrieval,,2026.1.3,119.52086433872869,2026-07-10 11h17.32.959751 -0400,
1,2,2,0,stimuli/scenes/scene_J2.jpg,Jungle,Tulon,stimuli/items/jungle_animal_5.png,Jungle,animal,sc,None,1,1,0.7143310001119971,None,3,0.24923390056937933,None,1,0,1.264529500156641,None,3,1.4163707001134753,None,0,1,1,1,0,2,2,2,,,,,450.7012696005404,,,,,,,,,,,,,,,,,,,,,,,,,,,,,,,,,,,,,,,,,,,,450.6987592000514,450.7012696005404,454.68275899998844,None,457.15043019969016,458.14156499970704,455.6754991998896,455.6823581997305,455.6823581997305,455.6823581997305,0.0001301998272538185,456.3918690998107,1,1,0.7143310001119971,None,459.4169258000329,459.42443879973143,459.91760999988765,459.9079657997936,456.8853732002899,456.8923746002838,456.8923746002838,456.8923746002838,457.1503764996305,3,0.24923390056937933,None,458.1458387002349,458.149117000401,458.149117000401,458.149117000401,458.149117000401,459.41686290036887,1,0,1.264529500156641,None,459.91043059993535,459.91760999988765,459.91760999988765,459.91760999988765,461.3422154998407,3,1.4163707001134753,None,461.342276699841,464.33306100033224,,,,,,,,,,,,,,,,,,,,,,,,,,,,,,,,,,,,204,1,short,A,2026-07-10_11h17.32.532,SBL_superimposed_retrieval,,2026.1.3,119.52086433872869,2026-07-10 11h17.32.959751 -0400,
1,3,3,0,stimuli/scenes/scene_U1.jpg,Undersea,Malbow,stimuli/items/jungle_object_10.png,Jungle,object,si,None,1,0,1.1688320999965072,None,3,0.5013852994889021,None,1,1,1.8092636000365019,None,1,0.4338352996855974,None,0,1,1,1,0,3,3,3,,,,,464.34847620036453,,,,,,,,,,,,,,,,,,,,,,,,,,,,,,,,,,,,,,,,,,,,464.3461674004793,464.34847620036453,468.3336455002427,None,471.53416869975626,472.52492060046643,469.3254966000095,469.3411467000842,469.3411467000842,469.3411467000842,0.007374899461865425,470.52560020051897,1,0,1.1688320999965072,None,474.3503272999078,474.3582667997107,474.8519727997482,474.8419716004282,471.01770740002394,471.024698600173,471.024698600173,471.024698600173,471.53411000035703,3,0.5013852994889021,None,472.5293290996924,472.5327067002654,472.5327067002654,472.5327067002654,472.5327067002654,474.3502615997568,1,1,1.8092636000365019,None,474.84453490003943,474.8519727997482,474.8519727997482,474.8519727997482,475.2925471998751,1,0.4338352996855974,None,475.29260450042784,478.28385389968753,468.3412022003904,,,,,,,,,,,,,,,,,,,,,,,,,,,,,,,,,,,204,1,short,A,2026-07-10_11h17.32.532,SBL_superimposed_retrieval,,2026.1.3,119.52086433872869,2026-07-10 11h17.32.959751 -0400,
1,4,4,0,stimuli/scenes/scene_U2.jpg,Undersea,Somar,stimuli/items/jungle_animal_14.png,Jungle,animal,si,None,1,0,0.6343263005837798,None,3,0.2608765996992588,None,1,0,1.634205600246787,None,1,0.30844520032405853,None,0,1,1,1,0,4,4,4,,,,,478.2969046002254,,,,,,,,,,,,,,,,,,,,,,,,,,,,,,,,,,,,,,,,,,,,478.29474989976734,478.2969046002254,482.28350050002337,None,484.7010837998241,485.69208380021155,483.2759592998773,483.29157320037484,483.29157320037484,483.29157320037484,-0.0008840002119541168,483.9339618002996,1,0,0.6343263005837798,None,487.342383899726,487.35026650037616,487.8415794996545,487.83385429996997,484.42623899970204,484.4330510003492,484.4330510003492,484.4330510003492,484.7010256005451,3,0.2608765996992588,None,485.692505300045,485.6996483001858,485.6996483001858,485.6996483001858,485.6996483001858,487.34231860004365,1,0,1.634205600246787,None,487.83478900045156,487.8415794996545,487.8415794996545,487.8415794996545,488.1592503003776,1,0.30844520032405853,None,488.159307599999,491.1504993997514,482.291766599752,,,,,,,,,,,,,,,,,,,,,,,,,,,,,,,,,,,204,1,short,A,2026-07-10_11h17.32.532,SBL_superimposed_retrieval,,2026.1.3,119.52086433872869,2026-07-10 11h17.32.959751 -0400,
1,5,5,0,stimuli/scenes/scene_J1.jpg,Jungle,Negvi,stimuli/items/undersea_object_2.png,Undersea,object,si,None,2,0,1.2709591006860137,None,3,0.2950175004079938,None,1,1,1.2373361997306347,None,1,0.24569910019636154,None,0,1,1,1,0,5,5,5,,,,,491.16426960006356,,,,,,,,,,,,,,,,,,,,,,,,,,,,,,,,,,,,,,,,,,,,491.1616898002103,491.16426960006356,495.1507035996765,None,498.23477349989116,499.22571779973805,496.143173600547,496.1498531997204,496.1498531997204,496.1498531997204,-0.0006788000464439392,497.4342609997839,2,0,1.2709591006860137,None,500.475843699649,500.48333969991654,500.9768337002024,500.9673696998507,497.92814119998366,497.9350568000227,497.9350568000227,497.9350568000227,498.2347176996991,3,0.2950175004079938,None,499.23012170009315,499.23331759963185,499.23331759963185,499.23331759963185,499.23331759963185,500.4757815003395,1,1,1.2373361997306347,None,500.969804700464,500.9768337002024,500.9768337002024,500.9768337002024,501.22581310011446,1,0.24569910019636154,None,501.2258684998378,504.21700020041317,495.1584689998999,,,,,,,,,,,,,,,,,,,,,,,,,,,,,,,,,,,204,1,short,A,2026-07-10_11h17.32.532,SBL_superimposed_retrieval,,2026.1.3,119.52086433872869,2026-07-10 11h17.32.959751 -0400,
1,6,6,0,stimuli/scenes/scene_U2.jpg,Undersea,Somar,stimuli/items/undersea_object_1.png,Undersea,object,sc,None,2,1,0.716669199988246,None,3,0.6844758996739984,None,1,0,1.6008751997724175,None,None,,,0,1,1,1,0,6,6,6,,,,,504.22928670048714,,,,,,,,,,,,,,,,,,,,,,,,,,,,,,,,,,,,,,,,,,,,504.2270422000438,504.22928670048714,508.2176000000909,None,511.1346239997074,512.1258522998542,509.20987099967897,509.2171529000625,509.2171529000625,509.2171529000625,-0.0003315005451440811,509.9429694004357,2,1,0.716669199988246,None,513.7431332003325,513.7506632003933,514.2439307002351,514.2342117996886,510.4348080996424,510.44171939976513,510.44171939976513,510.44171939976513,511.13456640020013,3,0.6844758996739984,None,512.1302976999432,512.1334095001221,512.1334095001221,512.1334095001221,512.1334095001221,513.7430675001815,1,0,1.6008751997724175,None,514.2368820002303,514.2439307002351,514.2439307002351,514.2439307002351,516.234521499835,None,,,516.2345660002902,519.2258721999824,508.22546370048076,,,,,,,,,,,,,,516.2420415002853,516.2420415002853,516.2420415002853,,,,,,,,,,,,,,,,,,,204,1,short,A,2026-07-10_11h17.32.532,SBL_superimposed_retrieval,,2026.1.3,119.52086433872869,2026-07-10 11h17.32.959751 -0400,
1,7,7,0,stimuli/scenes/scene_U1.jpg,Undersea,Malbow,stimuli/items/undersea_animal_6.png,Undersea,animal,sc,None,2,1,0.6517374999821186,None,3,0.2605119999498129,None,2,0,0.9460844993591309,None,2,0.4390248004347086,None,0,1,1,1,0,7,7,7,,,,,519.2379991998896,,,,,,,,,,,,,,,,,,,,,,,,,,,,,,,,,,,,,,,,,,,,519.2360749999061,519.2423467002809,523.2258753003553,None,525.6764968996868,526.6681869998574,524.218504300341,524.241950600408,524.241950600408,524.241950600408,0.007663700729608536,524.9100035997108,2,1,0.6517374999821186,None,527.6260682996362,527.6343430001289,528.127414200455,528.1179605005309,525.402395799756,525.4091293001547,525.4091293001547,525.4091293001547,525.6764419004321,3,0.2605119999498129,None,526.6686076996848,526.6756650004536,526.6756650004536,526.6756650004536,526.6756650004536,527.6260056998581,2,0,0.9460844993591309,None,528.1204930003732,528.127414200455,528.127414200455,528.127414200455,528.56807509996,2,0.4390248004347086,None,528.5681325001642,531.5593343004584,523.2340064002201,,,,,,,,,,,,,,,,,,,,,,,,,,,,,,,,,,,204,1,short,A,2026-07-10_11h17.32.532,SBL_superimposed_retrieval,,2026.1.3,119.52086433872869,2026-07-10 11h17.32.959751 -0400,
1,8,8,0,stimuli/scenes/scene_U1.jpg,Undersea,Malbow,stimuli/items/jungle_object_6.png,Jungle,object,si,None,1,0,0.5111322002485394,None,3,0.27619299944490194,None,1,1,1.314189299941063,None,1,0.2313662003725767,None,0,1,1,1,0,8,8,8,,,,,531.5718940999359,,,,,,,,,,,,,,,,,,,,,,,,,,,,,,,,,,,,,,,,,,,,531.5694030998275,531.5718940999359,535.5593999996781,None,537.8684409996495,538.8597598997876,536.5517293000594,536.5591417998075,536.5591417998075,536.5591417998075,-0.0006051994860172272,537.0845106998459,1,0,0.5111322002485394,None,540.1846658000723,540.1928182002157,540.6861389996484,540.6763553004712,537.5789668001235,537.5859687002376,537.5859687002376,537.5859687002376,537.868386500515,3,0.27619299944490194,None,538.8601925997064,538.8675151998177,538.8675151998177,538.8675151998177,538.8675151998177,540.1846027998254,1,1,1.314189299941063,None,540.6789352996275,540.6861389996484,540.6861389996484,540.6861389996484,540.9185810005292,1,0.2313662003725767,None,540.9186353003606,543.9097702996805,535.5674203997478,,,,,,,,,,,,,,,,,,,,,,,,,,,,,,,,,,,204,1,short,A,2026-07-10_11h17.32.532,SBL_superimposed_retrieval,,2026.1.3,119.52086433872869,2026-07-10 11h17.32.959751 -0400,
1,9,9,0,stimuli/scenes/scene_J1.jpg,Jungle,Negvi,stimuli/items/jungle_object_3.png,Jungle,object,sc,None,1,1,1.1114614997059107,None,3,0.5989605002105236,None,2,0,2.0389499003067613,None,2,0.7914984999224544,None,0,1,1,1,0,9,9,9,,,,,543.9250363996252,,,,,,,,,,,,,,,,,,,,,,,,,,,,,,,,,,,,,,,,,,,,543.9222705001011,543.9250363996252,547.9096919000149,None,551.1438664002344,552.1348449997604,548.9022677000612,548.9092985996976,548.9092985996976,548.9092985996976,0.007636399939656258,550.043274000287,1,1,1.1114614997059107,None,554.1851449003443,554.1930419998243,554.6866215001792,554.6768348999321,550.5360257001594,550.5427695997059,550.5427695997059,550.5427695997059,551.1438108002767,3,0.5989605002105236,None,552.1390517000109,552.1426065005362,552.1426065005362,552.1426065005362,552.1426065005362,554.1850814996287,2,0,2.0389499003067613,None,554.679371399805,554.6866215001792,554.6866215001792,554.6866215001792,555.4855198999867,2,0.7914984999224544,None,555.4855784997344,558.4767792001367,547.9176673004404,,,,,,,,,,,,,,,,,,,,,,,,,,,,,,,,,,,204,1,short,A,2026-07-10_11h17.32.532,SBL_superimposed_retrieval,,2026.1.3,119.52086433872869,2026-07-10 11h17.32.959751 -0400,
1,10,10,0,stimuli/scenes/scene_J1.jpg,Jungle,Negvi,stimuli/items/jungle_animal_19.png,Jungle,animal,sc,None,1,1,0.5849415995180607,None,3,0.3592154998332262,None,1,1,2.3031876999884844,None,None,,,0,1,1,1,0,10,10,10,,,,,558.4923796001822,,,,,,,,,,,,,,,,,,,,,,,,,,,,,,,,,,,,,,,,,,,,558.4897501999512,558.4923796001822,562.4768141005188,None,564.944412600249,565.9351358003914,563.4688210003078,563.4848304996267,563.4848304996267,563.4848304996267,-0.0005807997658848763,564.0770003004,1,1,0.5849415995180607,None,568.2523469002917,568.2599681001157,568.753336600028,568.7434264002368,564.5694375997409,564.5762259997427,564.5762259997427,564.5762259997427,564.9443570999429,3,0.3592154998332262,None,565.9355671005324,565.9430537000299,565.9430537000299,565.9430537000299,565.9430537000299,568.2522844001651,1,1,2.3031876999884844,None,568.745929799974,568.753336600028,568.753336600028,568.753336600028,570.7441845005378,None,,,570.7442298997194,573.735406300053,562.4850115999579,,,,,,,,,,,,,,570.7515385998413,570.7515385998413,570.7515385998413,,,,,,,,,,,,,,,,,,,204,1,short,A,2026-07-10_11h17.32.532,SBL_superimposed_retrieval,,2026.1.3,119.52086433872869,2026-07-10 11h17.32.959751 -0400,
1,11,11,0,stimuli/scenes/scene_J1.jpg,Jungle,Negvi,stimuli/items/undersea_animal_19.png,Undersea,animal,si,None,2,0,0.6783654997125268,None,3,0.9328005006536841,None,1,1,1.3131082002073526,None,1,0.2487906999886036,None,0,1,1,1,0,11,11,11,,,,,573.7505630003288,,,,,,,,,,,,,,,,,,,,,,,,,,,,,,,,,,,,,,,,,,,,573.748082799837,573.7505630003288,577.7354813003913,None,580.8775746002793,581.8686551004648,578.7276135003194,578.7430269001052,578.7430269001052,578.7430269001052,-0.0008148998022079468,579.4359307996929,2,0,0.6783654997125268,None,583.1943022003397,583.2016128003597,583.6935449000448,583.6856297003105,579.9300253996626,579.9369679000229,579.9369679000229,579.9369679000229,580.877518299967,3,0.9328005006536841,None,581.8690638998523,581.8768346002325,581.8768346002325,581.8768346002325,581.8768346002325,583.1942400997505,1,1,1.3131082002073526,None,583.6865285001695,583.6935449000448,583.6935449000448,583.6935449000448,583.9445633003488,1,0.2487906999886036,None,583.9446178004146,586.9353636996821,577.7432105997577,,,,,,,,,,,,,,,,,,,,,,,,,,,,,,,,,,,204,1,short,A,2026-07-10_11h17.32.532,SBL_superimposed_retrieval,,2026.1.3,119.52086433872869,2026-07-10 11h17.32.959751 -0400,
1,12,12,0,stimuli/scenes/scene_J2.jpg,Jungle,Tulon,stimuli/items/jungle_animal_18.png,Jungle,animal,sc,None,1,1,0.9899324998259544,None,3,1.35267040040344,None,2,1,0.852118999697268,None,3,0.7563428999856114,None,0,1,1,1,0,12,12,12,,,,,586.9487731000409,,,,,,,,,,,,,,,,,,,,,,,,,,,,,,,,,,,,,,,,,,,,586.9462625999004,586.9487731000409,590.9356281002983,None,594.7952391998842,595.7858499996364,591.9275813000277,591.94361929968,591.94361929968,591.94361929968,-0.0008369004353880882,592.9356506997719,1,1,0.9899324998259544,None,596.652516500093,596.6606323001906,597.1532878996804,597.1439524004236,593.4299280997366,593.4371241005138,593.4371241005138,593.4371241005138,594.7951803999022,3,1.35267040040344,None,595.7862665997818,595.7934758001938,595.7934758001938,595.7934758001938,595.7934758001938,596.6524547999725,2,1,0.852118999697268,None,597.1464697998017,597.1532878996804,597.1532878996804,597.1532878996804,597.9112154999748,3,0.7563428999856114,None,597.9112734999508,600.9023524997756,590.943851900287,,,,,,,,,,,,,,,,,,,,,,,,,,,,,,,,,,,204,1,short,A,2026-07-10_11h17.32.532,SBL_superimposed_retrieval,,2026.1.3,119.52086433872869,2026-07-10 11h17.32.959751 -0400,
1,13,13,0,stimuli/scenes/scene_U2.jpg,Undersea,Somar,stimuli/items/jungle_object_12.png,Jungle,object,si,None,1,0,1.1185334995388985,None,3,0.3584882998839021,None,2,1,2.087832599878311,None,2,0.9662844995036721,None,0,1,1,1,0,13,13,13,,,,,600.9352722996846,,,,,,,,,,,,,,,,,,,,,,,,,,,,,,,,,,,,,,,,,,,,600.9330237004906,600.9352722996846,604.9186810003594,None,607.8949736002833,608.8862044000998,605.9113864004612,605.9186498001218,605.9186498001218,605.9186498001218,0.0001568002626299858,607.0362665001303,1,0,1.1185334995388985,None,610.9865295002237,610.9936958001927,611.4878110997379,611.4780379999429,607.5284852003679,607.5351135004312,607.5351135004312,607.5351135004312,607.8949202001095,3,0.3584882998839021,None,608.8906557997689,608.8940073996782,608.8940073996782,608.8940073996782,608.8940073996782,610.9864683002234,2,1,2.087832599878311,None,611.4804584998637,611.4878110997379,611.4878110997379,611.4878110997379,612.4616509005427,2,0.9662844995036721,None,612.4617077996954,615.4529288001359,,,,,,,,,,,,,,,,,,,,,,,,,,,,,,,,,,,,204,1,short,A,2026-07-10_11h17.32.532,SBL_superimposed_retrieval,,2026.1.3,119.52086433872869,2026-07-10 11h17.32.959751 -0400,
1,14,14,0,stimuli/scenes/scene_U1.jpg,Undersea,Malbow,stimuli/items/jungle_animal_20.png,Jungle,animal,si,None,1,0,1.0487913005053997,None,3,0.2676434004679322,None,None,0,,,2,0.8078239001333714,None,0,1,1,1,0,14,14,14,,,,,615.4680347004905,,,,,,,,,,,,,,,,,,,,,,,,,,,,,,,,,,,,,,,,,,,,615.4655526997522,615.4680347004905,619.4527617003769,None,622.2872667005286,623.27748300042,620.4449012996629,620.4609399000183,620.4609399000183,620.4609399000183,-0.0007009003311395645,621.5112822996452,1,0,1.0487913005053997,None,625.769933800213,625.7860404998064,626.2774801002815,626.2696650000289,622.0036067999899,622.0106274997815,622.0106274997815,622.0106274997815,622.2872104998678,3,0.2676434004679322,None,623.2779248002917,623.2856262996793,623.2856262996793,623.2856262996793,623.2856262996793,625.7698851004243,None,0,,,626.2726384000853,626.2858956996351,626.2858956996351,626.2858956996351,627.0949192997068,2,0.8078239001333714,None,627.0949792005122,630.0863851998001,619.4609011001885,625.7774427002296,625.7774427002296,625.7774427002296,625.7774427002296,,,,,,,,,,,,,,,,,,,,,,,,,,,,,,,204,1,short,A,2026-07-10_11h17.32.532,SBL_superimposed_retrieval,,2026.1.3,119.52086433872869,2026-07-10 11h17.32.959751 -0400,
1,15,15,0,stimuli/scenes/scene_U1.jpg,Undersea,Malbow,stimuli/items/undersea_animal_9.png,Undersea,animal,sc,None,1,0,1.039809700101614,None,3,0.5704431999474764,None,1,1,1.1872275993227959,None,2,0.8213664004579186,None,0,1,1,1,0,15,15,15,,,,,630.1008264999837,,,,,,,,,,,,,,,,,,,,,,,,,,,,,,,,,,,,,,,,,,,,630.0983803998679,630.1008264999837,634.0866128001362,None,637.2122793002054,638.2029491998255,635.0787091003731,635.0859778001904,635.0859778001904,635.0859778001904,-0.0004175994545221329,636.136645199731,1,0,1.039809700101614,None,639.4039917998016,639.4110169997439,639.9042779998854,639.8948098998517,636.6289793001488,636.6357145998627,636.6357145998627,636.6357145998627,637.2122215004638,3,0.5704431999474764,None,638.2033660998568,638.2111384002492,638.2111384002492,638.2111384002492,638.2111384002492,639.403929900378,1,1,1.1872275993227959,None,639.8974195998162,639.9042779998854,639.9042779998854,639.9042779998854,640.72856110055,2,0.8213664004579186,None,640.72868200019,643.7202562997118,634.0944416001439,,,,,,,,,,,,,,,,,,,,,,,,,,,,,,,,,,,204,1,short,A,2026-07-10_11h17.32.532,SBL_superimposed_retrieval,,2026.1.3,119.52086433872869,2026-07-10 11h17.32.959751 -0400,
1,16,16,0,stimuli/scenes/scene_U1.jpg,Undersea,Malbow,stimuli/items/jungle_object_16.png,Jungle,object,si,None,2,1,1.518197299912572,None,3,0.8980259001255035,None,1,1,1.536978899501264,None,2,0.9347998006269336,None,0,1,1,1,0,16,16,16,,,,,643.7351567996666,,,,,,,,,,,,,,,,,,,,,,,,,,,,,,,,,,,,,,,,,,,,643.7324850000441,643.7351567996666,647.7203174997121,None,651.6625415999442,652.6533009996638,648.7120310999453,648.719835200347,648.719835200347,648.719835200347,-0.0005232999101281166,650.2538387998939,2,1,1.518197299912572,None,654.2038960997015,654.2113610003144,654.7031129002571,654.6949684005231,650.7483802996576,650.7557741999626,650.7557741999626,650.7557741999626,651.662485299632,3,0.8980259001255035,None,652.6537122000009,652.6612058999017,652.6612058999017,652.6612058999017,652.6612058999017,654.2038337998092,1,1,1.536978899501264,None,654.6958729997277,654.7031129002571,654.7031129002571,654.7031129002571,655.6460988000035,2,0.9347998006269336,None,655.6461554002017,658.6370058003813,647.7280197003856,,,,,,,,,,,,,,,,,,,,,,,,,,,,,,,,,,,204,1,short,A,2026-07-10_11h17.32.532,SBL_superimposed_retrieval,,2026.1.3,119.52086433872869,2026-07-10 11h17.32.959751 -0400,
1,17,17,0,stimuli/scenes/scene_J1.jpg,Jungle,Negvi,stimuli/items/jungle_object_13.png,Jungle,object,sc,None,1,1,1.3525585001334548,None,3,0.7090851003304124,None,2,0,1.8586863996461034,None,2,0.8421462997794151,None,0,1,1,1,0,17,17,17,,,,,658.6497704004869,,,,,,,,,,,,,,,,,,,,,,,,,,,,,,,,,,,,,,,,,,,,658.6473976001143,658.6497704004869,662.6370973000303,None,666.2212805999443,667.2121582999825,663.6295274998993,663.6366897001863,663.6366897001863,663.6366897001863,-0.0007301997393369675,665.0041290996596,1,1,1.3525585001334548,None,669.0794222997501,669.0865698996931,669.5795964002609,669.5702176997438,665.4979680003598,665.5048227002844,665.5048227002844,665.5048227002844,666.2212252002209,3,0.7090851003304124,None,667.2164010005072,667.2197534004226,667.2197534004226,667.2197534004226,667.2197534004226,669.0793495997787,2,0,1.8586863996461034,None,669.5726586999372,669.5795964002609,669.5795964002609,669.5795964002609,670.4290572004393,2,0.8421462997794151,None,670.4291155003011,673.4204842997715,662.6451556999236,,,,,,,,,,,,,,,,,,,,,,,,,,,,,,,,,,,204,1,short,A,2026-07-10_11h17.32.532,SBL_superimposed_retrieval,,2026.1.3,119.52086433872869,2026-07-10 11h17.32.959751 -0400,
1,18,18,0,stimuli/scenes/scene_J1.jpg,Jungle,Negvi,stimuli/items/jungle_object_2.png,Jungle,object,sc,None,1,1,0.6815310996025801,None,3,0.9226172994822264,None,1,1,1.220970700494945,None,3,0.27815719973295927,None,0,1,1,1,0,18,18,18,,,,,673.4341852003708,,,,,,,,,,,,,,,,,,,,,,,,,,,,,,,,,,,,,,,,,,,,673.4320481000468,673.4341852003708,677.4203874999657,None,680.5382107002661,681.5287432000041,678.4129940997809,678.42025739979,678.42025739979,678.42025739979,-0.0005137994885444641,679.1126867001876,1,1,0.6815310996025801,None,682.7626537997276,682.7701334003359,683.2636102000251,683.2543464004993,679.6051893997937,679.611674300395,679.611674300395,679.611674300395,680.5381503002718,3,0.9226172994822264,None,681.5291520999745,681.5371019998565,681.5371019998565,681.5371019998565,681.5371019998565,682.7625938998535,1,1,1.220970700494945,None,683.2567162001505,683.2636102000251,683.2636102000251,683.2636102000251,683.5463337004185,3,0.27815719973295927,None,683.5463870000094,686.5374622996897,677.4285570997745,,,,,,,,,,,,,,,,,,,,,,,,,,,,,,,,,,,204,1,short,A,2026-07-10_11h17.32.532,SBL_superimposed_retrieval,,2026.1.3,119.52086433872869,2026-07-10 11h17.32.959751 -0400,
1,19,19,0,stimuli/scenes/scene_J1.jpg,Jungle,Negvi,stimuli/items/jungle_animal_17.png,Jungle,animal,sc,None,2,0,0.8124751998111606,None,3,0.8382099000737071,None,1,1,2.166395300067961,None,1,1.3873205007985234,None,0,1,1,1,0,19,19,19,,,,,686.5495520997792,,,,,,,,,,,,,,,,,,,,,,,,,,,,,,,,,,,,,,,,,,,,686.5473811002448,686.5495520997792,690.5377826001495,None,693.7049965998158,694.6961021004245,691.5298813004047,691.5372609002516,691.5372609002516,691.5372609002516,-0.000545799732208252,692.3629229003564,2,0,0.8124751998111606,None,696.8716241996735,696.8791346997023,697.37021979969,697.36261020042,692.8569475999102,692.8640083000064,692.8640083000064,692.8640083000064,693.7049398999661,3,0.8382099000737071,None,694.6965282997116,694.7036365997046,694.7036365997046,694.7036365997046,694.7036365997046,696.8715618001297,1,1,2.166395300067961,None,697.3635347001255,697.37021979969,697.37021979969,697.37021979969,698.763476700522,1,1.3873205007985234,None,698.7635377999395,701.7542751003057,690.5454040998593,,,,,,,,,,,,,,,,,,,,,,,,,,,,,,,,,,,204,1,short,A,2026-07-10_11h17.32.532,SBL_superimposed_retrieval,,2026.1.3,119.52086433872869,2026-07-10 11h17.32.959751 -0400,
2,0,0,0,stimuli/scenes/scene_U2.jpg,Undersea,Somar,stimuli/items/jungle_animal_2.png,Jungle,animal,si,None,1,0,0.3404367994517088,None,3,0.4739621002227068,None,1,0,1.584284900687635,None,1,0.2754650004208088,None,0,2,2,2,0,0,0,0,0,0,0,0,703.5434178998694,,,,,,,,,,,,,,,,,,,,,,,,,,,,,,,,,,,,,,,,,,703.5139691000804,703.5141898998991,703.5408234996721,703.5434178998694,707.5205482998863,None,709.8387217996642,710.8297041999176,708.5132894003764,708.520799299702,708.520799299702,708.520799299702,-0.0008843997493386269,708.8548846999183,1,0,0.3404367994517088,None,712.4298440003768,712.4377009002492,712.9305541003123,712.9212360000238,709.3485526004806,709.3556257998571,709.3556257998571,709.3556257998571,709.838667999953,3,0.4739621002227068,None,710.8343256004155,710.8375765001401,710.8375765001401,710.8375765001401,710.8375765001401,712.4297724999487,1,0,1.584284900687635,None,712.9236925002187,712.9305541003123,712.9305541003123,712.9305541003123,713.2132913004607,1,0.2754650004208088,None,713.2133485004306,716.204345099628,,,,,,701.7568033002317,701.7570206997916,701.7572320997715,701.7622455004603,702.7541696997359,703.5130316996947,space,0.7561463005840778,None,,,,,,,,,,,,,,,,,,,,,,204,1,short,A,2026-07-10_11h17.32.532,SBL_superimposed_retrieval,,2026.1.3,119.52086433872869,2026-07-10 11h17.32.959751 -0400,
2,1,1,0,stimuli/scenes/scene_U1.jpg,Undersea,Malbow,stimuli/items/jungle_animal_6.png,Jungle,animal,si,None,1,0,1.1128642996773124,None,3,0.5371732003986835,None,2,0,1.7627568999305367,None,2,0.8064671996980906,None,0,2,2,2,0,1,1,1,,,,,716.2476129001006,,,,,,,,,,,,,,,,,,,,,,,,,,,,,,,,,,,,,,,,,,,,716.2453613998368,716.2476129001006,720.2212231000885,None,723.3721019001678,724.3635069997981,721.2134419996291,721.2211509002373,721.2211509002373,721.2211509002373,0.0001392001286149025,722.3298390004784,1,0,1.1128642996773124,None,726.1383602004498,726.1462359996513,726.6399347996339,726.6299646003172,722.8224510001019,722.8291065003723,722.8291065003723,722.8291065003723,723.3720460003242,3,0.5371732003986835,None,724.3639372996986,724.371298099868,724.371298099868,724.371298099868,724.371298099868,726.1382977999747,2,0,1.7627568999305367,None,726.632666000165,726.6399347996339,726.6399347996339,726.6399347996339,727.447456500493,2,0.8064671996980906,None,727.447514500469,730.4385069999844,,,,,,,,,,,,,,,,,,,,,,,,,,,,,,,,,,,,204,1,short,A,2026-07-10_11h17.32.532,SBL_superimposed_retrieval,,2026.1.3,119.52086433872869,2026-07-10 11h17.32.959751 -0400,
2,2,2,0,stimuli/scenes/scene_U1.jpg,Undersea,Malbow,stimuli/items/undersea_object_8.png,Undersea,object,sc,None,2,1,0.6153122000396252,None,3,1.0162118999287486,None,1,1,2.0816908003762364,None,1,1.000620499253273,None,0,2,2,2,0,2,2,2,,,,,730.4509616997093,,,,,,,,,,,,,,,,,,,,,,,,,,,,,,,,,,,,,,,,,,,,730.448739499785,730.4509616997093,734.4383747000247,None,737.597327100113,738.5883344002068,735.4308305000886,735.4462243001908,735.4462243001908,735.4462243001908,0.007141299545764923,736.0718983002007,2,1,0.6153122000396252,None,740.6805944005027,740.6880091996863,741.1815183004364,741.1718966001645,736.5663026999682,736.5738009996712,736.5738009996712,736.5738009996712,737.5972690004855,3,1.0162118999287486,None,738.5887617003173,738.5962559003383,738.5962559003383,738.5962559003383,738.5962559003383,740.6805336000398,1,1,2.0816908003762364,None,741.1744082998484,741.1815183004364,741.1815183004364,741.1815183004364,742.1891397004947,1,1.000620499253273,None,742.1891959998757,745.1803909000009,734.446185500361,,,,,,,,,,,,,,,,,,,,,,,,,,,,,,,,,,,204,1,short,A,2026-07-10_11h17.32.532,SBL_superimposed_retrieval,,2026.1.3,119.52086433872869,2026-07-10 11h17.32.959751 -0400,
2,3,3,0,stimuli/scenes/scene_U1.jpg,Undersea,Malbow,stimuli/items/jungle_animal_12.png,Jungle,animal,si,None,1,0,1.209017800167203,None,3,0.22746209986507893,None,2,0,1.8758931998163462,None,1,1.4110679998993874,None,0,2,2,2,0,3,3,3,,,,,745.221964799799,,,,,,,,,,,,,,,,,,,,,,,,,,,,,,,,,,,,,,,,,,,,745.2198087004945,745.221964799799,749.196594200097,None,752.1392516996711,753.1306173997,750.1888656001538,750.196749499999,750.196749499999,750.196749499999,-0.0002863006666302681,751.4057328002527,1,0,1.209017800167203,None,755.0221368996426,755.0300863999873,755.5230748998001,755.5136793004349,751.8995842998847,751.9065528996289,751.9065528996289,751.9065528996289,752.1391986003146,3,0.22746209986507893,None,753.131060199812,753.1380329001695,753.1380329001695,753.1380329001695,753.1380329001695,755.0220744004473,2,0,1.8758931998163462,None,755.5161067005247,755.5230748998001,755.5230748998001,755.5230748998001,756.9395415997133,1,1.4110679998993874,None,756.9395992998034,759.930311200209,,,,,,,,,,,,,,,,,,,,,,,,,,,,,,,,,,,,204,1,short,A,2026-07-10_11h17.32.532,SBL_superimposed_retrieval,,2026.1.3,119.52086433872869,2026-07-10 11h17.32.959751 -0400,
2,4,4,0,stimuli/scenes/scene_J2.jpg,Jungle,Tulon,stimuli/items/undersea_animal_8.png,Undersea,animal,si,None,1,1,0.9710822999477386,None,3,0.3764757001772523,None,1,0,1.3450589999556541,None,1,1.7341946996748447,None,0,2,2,2,0,4,4,4,,,,,759.9426126005128,,,,,,,,,,,,,,,,,,,,,,,,,,,,,,,,,,,,,,,,,,,,759.9404503004625,759.9426126005128,763.9306936999783,None,766.7980380998924,767.7890216000378,764.9227341003716,764.9387728003785,764.9387728003785,764.9387728003785,-0.0007584001868963242,765.9145854003727,1,1,0.9710822999477386,None,769.1475077001378,769.1551369000226,769.6481534997001,769.6386994998902,766.4066383996978,766.4132831003517,766.4132831003517,766.4132831003517,766.7979832999408,3,0.3764757001772523,None,767.7931599998847,767.7966116005555,767.7966116005555,767.7966116005555,767.7966116005555,769.1474448004737,1,0,1.3450589999556541,None,769.6411019004881,769.6481534997001,769.6481534997001,769.6481534997001,771.3895084997639,1,1.7341946996748447,None,771.3895663004369,774.3807794004679,763.9385574003682,,,,,,,,,,,,,,,,,,,,,,,,,,,,,,,,,,,204,1,short,A,2026-07-10_11h17.32.532,SBL_superimposed_retrieval,,2026.1.3,119.52086433872869,2026-07-10 11h17.32.959751 -0400,
2,5,5,0,stimuli/scenes/scene_J2.jpg,Jungle,Tulon,stimuli/items/undersea_animal_17.png,Undersea,animal,si,None,2,0,1.1935317004099488,None,3,0.275959899649024,None,1,0,1.6492306999862194,None,1,0.3640430001541972,None,0,2,2,2,0,5,5,5,,,,,774.3937162999064,,,,,,,,,,,,,,,,,,,,,,,,,,,,,,,,,,,,,,,,,,,,774.3915697000921,774.3937162999064,778.380494300276,None,781.373025899753,782.3644882002845,779.3727603005245,779.3886190000921,779.3886190000921,779.3886190000921,-0.0008778003975749016,780.5898946002126,2,0,1.1935317004099488,None,784.0227487999946,784.0305054998025,784.5218513999134,784.514052500017,781.0834213998169,781.0902185998857,781.0902185998857,781.0902185998857,781.3729693004861,3,0.275959899649024,None,782.364918500185,782.372297800146,782.372297800146,782.372297800146,782.372297800146,784.0226864004508,1,0,1.6492306999862194,None,784.5149526996538,784.5218513999134,784.5218513999134,784.5218513999134,784.8897350998595,1,0.3640430001541972,None,784.8897937005386,787.8809761004522,778.3891813997179,,,,,,,,,,,,,,,,,,,,,,,,,,,,,,,,,,,204,1,short,A,2026-07-10_11h17.32.532,SBL_superimposed_retrieval,,2026.1.3,119.52086433872869,2026-07-10 11h17.32.959751 -0400,
2,6,6,0,stimuli/scenes/scene_J2.jpg,Jungle,Tulon,stimuli/items/jungle_object_9.png,Jungle,object,sc,None,2,0,1.1325192004442215,None,3,1.3714348003268242,None,None,0,,,1,0.5566985001787543,None,0,2,2,2,0,6,6,6,,,,,787.8942171996459,,,,,,,,,,,,,,,,,,,,,,,,,,,,,,,,,,,,,,,,,,,,787.8917231997475,787.8942171996459,791.8808399997652,None,795.8986080996692,796.8897035997361,792.8736677002162,792.8804526999593,792.8804526999593,792.8804526999593,-0.0007338002324104309,794.0230617998168,2,0,1.1325192004442215,None,799.3815027996898,799.3890185002238,799.8805795004591,799.8726530000567,794.5154491998255,794.5221768002957,794.5221768002957,794.5221768002957,795.8985507003963,3,1.3714348003268242,None,796.8901297003031,796.8976755002514,796.8976755002514,796.8976755002514,796.8976755002514,799.3814535997808,None,0,,,799.875561799854,799.8975256001577,799.8975256001577,799.8975256001577,800.4564976999536,1,0.5566985001787543,None,800.456554800272,803.448285699822,791.8891099002212,799.3890185002238,799.3890185002238,799.3890185002238,799.3890185002238,,,,,,,,,,,,,,,,,,,,,,,,,,,,,,,204,1,short,A,2026-07-10_11h17.32.532,SBL_superimposed_retrieval,,2026.1.3,119.52086433872869,2026-07-10 11h17.32.959751 -0400,
2,7,7,0,stimuli/scenes/scene_J2.jpg,Jungle,Tulon,stimuli/items/undersea_animal_15.png,Undersea,animal,si,None,2,0,0.5418014992028475,None,3,0.22108529973775148,None,1,0,1.1069228993728757,None,1,0.47393190022557974,None,0,2,2,2,0,7,7,7,,,,,803.4620569003746,,,,,,,,,,,,,,,,,,,,,,,,,,,,,,,,,,,,,,,,,,,,803.4596704998985,803.4620569003746,807.4478404000401,None,809.7234679004177,810.7149170003831,808.4403643999249,808.4479422001168,808.4479422001168,808.4479422001168,-0.00043690018355846405,808.9986848998815,2,0,0.5418014992028475,None,811.8318616002798,811.8393782004714,812.3324827002361,812.3228805996478,809.4905644003302,809.4973565004766,809.4973565004766,809.4973565004766,809.7234107004479,3,0.22108529973775148,None,810.7153628002852,810.7229398004711,810.7229398004711,810.7229398004711,810.7229398004711,811.8317900998518,1,0,1.1069228993728757,None,812.325600899756,812.3324827002361,812.3324827002361,812.3324827002361,812.8150628004223,1,0.47393190022557974,None,812.815117300488,815.8064620997757,807.4560524998233,,,,,,,,,,,,,,,,,,,,,,,,,,,,,,,,,,,204,1,short,A,2026-07-10_11h17.32.532,SBL_superimposed_retrieval,,2026.1.3,119.52086433872869,2026-07-10 11h17.32.959751 -0400,
2,8,8,0,stimuli/scenes/scene_U2.jpg,Undersea,Somar,stimuli/items/jungle_animal_16.png,Jungle,animal,si,None,1,0,0.9669842999428511,None,3,0.2425541002303362,None,1,0,1.6021356005221605,None,2,1.1242284001782537,None,0,2,2,2,0,8,8,8,,,,,815.8205300001428,,,,,,,,,,,,,,,,,,,,,,,,,,,,,,,,,,,,,,,,,,,,815.8183572003618,815.8205300001428,819.8066020002589,None,822.5405272003263,823.5314378002658,820.7985051004216,820.8061314998195,820.8061314998195,820.8061314998195,-0.00045030005276203156,821.7904973002151,1,0,0.9669842999428511,None,825.1489303996786,825.1560035003349,825.6498777996749,825.6404146002606,822.2840758003294,822.2910416005179,822.2910416005179,822.2910416005179,822.5404733996838,3,0.2425541002303362,None,823.5357672004029,823.5396982999519,823.5396982999519,823.5396982999519,823.5396982999519,825.1488690003753,1,0,1.6021356005221605,None,825.6430270997807,825.6498777996749,825.6498777996749,825.6498777996749,826.7822813997045,2,1.1242284001782537,None,826.7823384003714,829.7738043004647,819.8147702002898,,,,,,,,,,,,,,,,,,,,,,,,,,,,,,,,,,,204,1,short,A,2026-07-10_11h17.32.532,SBL_superimposed_retrieval,,2026.1.3,119.52086433872869,2026-07-10 11h17.32.959751 -0400,
2,9,9,0,stimuli/scenes/scene_U2.jpg,Undersea,Somar,stimuli/items/jungle_animal_4.png,Jungle,animal,si,None,2,1,1.1119438000023365,None,1,1.0303155006840825,None,1,0,0.8865108992904425,None,2,1.190586700104177,None,0,2,2,2,0,9,9,9,,,,,829.787755199708,,,,,,,,,,,,,,,,,,,,,,,,,,,,,,,,,,,,,,,,,,,,829.785313100554,829.787755199708,833.7733696997166,None,837.4323439998552,838.4233633000404,834.7659740000963,834.7731245001778,834.7731245001778,834.7731245001778,-0.0005948999896645546,835.8987785996869,2,1,1.1119438000023365,None,839.3236253997311,839.3314907997847,839.8233013004065,839.8156898999587,836.3926862003282,836.399579600431,836.399579600431,836.399579600431,837.432286400348,1,1.0303155006840825,None,838.4237965997308,838.4314424004406,838.4314424004406,838.4314424004406,838.4314424004406,839.3235624004155,1,0,0.8865108992904425,None,839.8165939999744,839.8233013004065,839.8233013004065,839.8233013004065,841.015710500069,2,1.190586700104177,None,841.0157730998471,844.0072274003178,833.7812638003379,,,,,,,,,,,,,,,,,,,,,,,,,,,,,,,,,,,204,1,short,A,2026-07-10_11h17.32.532,SBL_superimposed_retrieval,,2026.1.3,119.52086433872869,2026-07-10 11h17.32.959751 -0400,
2,10,10,0,stimuli/scenes/scene_J1.jpg,Jungle,Negvi,stimuli/items/undersea_animal_18.png,Undersea,animal,si,None,2,0,0.9105888996273279,None,3,1.1744844000786543,None,1,1,1.2075799005106091,None,1,0.2169276000931859,None,0,2,2,2,0,10,10,10,,,,,844.0211746003479,,,,,,,,,,,,,,,,,,,,,,,,,,,,,,,,,,,,,,,,,,,,844.0188207998872,844.0211746003479,848.0069168005139,None,851.6075884997845,852.5986494999379,848.999500900507,849.0067637003958,849.0067637003958,849.0067637003958,-0.0005777003243565559,849.9325155001134,2,0,0.9105888996273279,None,853.8161428002641,853.8232631003484,854.3170028002933,854.3076614001766,850.4246695004404,850.4314032997936,850.4314032997936,850.4314032997936,851.6075306003913,3,1.1744844000786543,None,852.6028805999085,852.6067952001467,852.6067952001467,852.6067952001467,852.6067952001467,853.8160802004859,1,1,1.2075799005106091,None,854.3100751005113,854.3170028002933,854.3170028002933,854.3170028002933,854.5409387005493,1,0.2169276000931859,None,854.5409968998283,857.5324637005106,848.0148018999025,,,,,,,,,,,,,,,,,,,,,,,,,,,,,,,,,,,204,1,short,A,2026-07-10_11h17.32.532,SBL_superimposed_retrieval,,2026.1.3,119.52086433872869,2026-07-10 11h17.32.959751 -0400,
2,11,11,0,stimuli/scenes/scene_J1.jpg,Jungle,Negvi,stimuli/items/undersea_object_6.png,Undersea,object,si,None,1,1,0.4251333000138402,None,3,0.5781768001616001,None,1,1,1.2525170994922519,None,3,0.3593068001791835,None,0,2,2,2,0,11,11,11,,,,,857.5469140000641,,,,,,,,,,,,,,,,,,,,,,,,,,,,,,,,,,,,,,,,,,,,857.5444224998355,857.5469140000641,861.5327757997438,None,864.0581729998812,865.0492348000407,862.524397100322,862.5319878999144,862.5319878999144,862.5319878999144,-0.000604500062763691,862.9742679996416,1,1,0.4251333000138402,None,866.3158040996641,866.3235820997506,866.8149540005252,866.8074134998024,863.4685733998194,863.4755794005468,863.4755794005468,863.4755794005468,864.0581155000255,3,0.5781768001616001,None,865.049676399678,865.0571955004707,865.0571955004707,865.0571955004707,865.0571955004707,866.3157430998981,1,1,1.2525170994922519,None,866.8083178000525,866.8149540005252,866.8149540005252,866.8149540005252,867.1829556999728,3,0.3593068001791835,None,867.1830160003155,870.1744071999565,861.5403014998883,,,,,,,,,,,,,,,,,,,,,,,,,,,,,,,,,,,204,1,short,A,2026-07-10_11h17.32.532,SBL_superimposed_retrieval,,2026.1.3,119.52086433872869,2026-07-10 11h17.32.959751 -0400,
2,12,12,0,stimuli/scenes/scene_U2.jpg,Undersea,Somar,stimuli/items/undersea_animal_16.png,Undersea,animal,sc,None,1,0,0.8386468002572656,None,2,1.0503887999802828,None,1,0,1.5282545005902648,None,2,1.1252822000533342,None,0,2,2,2,0,12,12,12,,,,,870.7249680003151,,,,,,,,,,,,,,,,,,,,,,,,,,,,,,,,,,,,,,,,,,,,870.7192451003939,870.7249680003151,874.1908755004406,None,877.5751509005204,878.5664387000725,875.1830639000982,875.1905188998207,875.1905188998207,875.1905188998207,9.29003581404686e-05,876.024397299625,1,0,0.8386468002572656,None,880.1079649003223,880.1160698002204,880.6089188996702,880.5989966997877,876.5167258996516,876.5235454002395,876.5235454002395,876.5235454002395,877.5750913005322,2,1.0503887999802828,None,878.5707660000771,878.574083100073,878.574083100073,878.574083100073,878.574083100073,880.1078981002793,1,0,1.5282545005902648,None,880.6015581004322,880.6089188996702,880.6089188996702,880.6089188996702,881.7417983002961,2,1.1252822000533342,None,881.7418595999479,884.7328473003581,,,,,,,,,,,,,,,,,,,,,,,,,,,,,,,,,,,,204,1,short,A,2026-07-10_11h17.32.532,SBL_superimposed_retrieval,,2026.1.3,119.52086433872869,2026-07-10 11h17.32.959751 -0400,
2,13,13,0,stimuli/scenes/scene_U1.jpg,Undersea,Malbow,stimuli/items/undersea_animal_2.png,Undersea,animal,sc,None,2,1,0.6007479997351766,None,3,1.2828118996694684,None,1,1,1.201269400306046,None,3,1.2205362999811769,None,0,2,2,2,0,13,13,13,,,,,884.7456943001598,,,,,,,,,,,,,,,,,,,,,,,,,,,,,,,,,,,,,,,,,,,,884.7434603003785,884.7456943001598,888.7324932999909,None,892.1416661003605,893.1332115000114,889.7249674005434,889.7411869000643,889.7411869000643,889.7411869000643,-0.0005041006952524185,890.349738500081,2,1,0.6007479997351766,None,894.3499948000535,894.357939099893,894.8491110997275,894.8413442000747,890.8443884002045,890.8516218001023,890.8516218001023,890.8516218001023,892.1416079998016,3,1.2828118996694684,None,893.1336281001568,893.1410808004439,893.1410808004439,893.1410808004439,893.1410808004439,894.3499325998127,1,1,1.201269400306046,None,894.842293499969,894.8491110997275,894.8491110997275,894.8491110997275,896.0753750000149,3,1.2205362999811769,None,896.0754342004657,899.0664456002414,888.7407700996846,,,,,,,,,,,,,,,,,,,,,,,,,,,,,,,,,,,204,1,short,A,2026-07-10_11h17.32.532,SBL_superimposed_retrieval,,2026.1.3,119.52086433872869,2026-07-10 11h17.32.959751 -0400,
2,14,14,0,stimuli/scenes/scene_J2.jpg,Jungle,Tulon,stimuli/items/undersea_object_15.png,Undersea,object,si,None,2,0,1.2113068997859955,None,3,0.19923629984259605,None,1,0,1.127479599788785,None,1,0.8516351999714971,None,0,2,2,2,0,14,14,14,,,,,899.0828461004421,,,,,,,,,,,,,,,,,,,,,,,,,,,,,,,,,,,,,,,,,,,,899.0806195000187,899.0828461004421,903.0665958998725,None,905.9923881003633,906.9834414999932,904.0585181005299,904.0746055003256,904.0746055003256,904.0746055003256,-0.0007603000849485397,905.2916807997972,2,0,1.2113068997859955,None,908.1251694997773,908.1329642003402,908.6258728001267,908.616690300405,905.7842194996774,905.7909538997337,905.7909538997337,905.7909538997337,905.9923336002976,3,0.19923629984259605,None,906.9877244001254,906.9910409003496,906.9910409003496,906.9910409003496,906.9910409003496,908.125109099783,1,0,1.127479599788785,None,908.6190144000575,908.6258728001267,908.6258728001267,908.6258728001267,909.483694200404,1,0.8516351999714971,None,909.483752399683,912.4747270001099,903.0746723003685,,,,,,,,,,,,,,,,,,,,,,,,,,,,,,,,,,,204,1,short,A,2026-07-10_11h17.32.532,SBL_superimposed_retrieval,,2026.1.3,119.52086433872869,2026-07-10 11h17.32.959751 -0400,
2,15,15,0,stimuli/scenes/scene_U1.jpg,Undersea,Malbow,stimuli/items/undersea_object_14.png,Undersea,object,sc,None,2,1,0.634773900732398,None,3,1.1580528998747468,None,1,1,1.5265142992138863,None,3,0.46804900001734495,None,0,2,2,2,0,15,15,15,,,,,912.4888351000845,,,,,,,,,,,,,,,,,,,,,,,,,,,,,,,,,,,,,,,,,,,,912.4863833002746,912.4888351000845,916.4748652996495,None,919.783983499743,920.7749255001545,917.467384500429,917.4747422002256,917.4747422002256,917.4747422002256,-0.0007189996540546417,918.1256124004722,2,1,0.634773900732398,None,922.3172247996554,922.3249788004905,922.8179574999958,922.8087116004899,918.6178569998592,918.6245049005374,918.6245049005374,918.6245049005374,919.7839230000973,3,1.1580528998747468,None,920.7792704999447,920.7830531001091,920.7830531001091,920.7830531001091,920.7830531001091,922.3171626003459,1,1,1.5265142992138863,None,922.8111926000565,922.8179574999958,922.8179574999958,922.8179574999958,923.2922128001228,3,0.46804900001734495,None,923.2922716997564,926.2836616998538,916.4831224996597,,,,,,,,,,,,,,,,,,,,,,,,,,,,,,,,,,,204,1,short,A,2026-07-10_11h17.32.532,SBL_superimposed_retrieval,,2026.1.3,119.52086433872869,2026-07-10 11h17.32.959751 -0400,
2,16,16,0,stimuli/scenes/scene_J2.jpg,Jungle,Tulon,stimuli/items/jungle_object_15.png,Jungle,object,sc,None,1,1,1.0012559005990624,None,3,0.7082815002650023,None,2,1,1.5693073999136686,None,3,0.7086175996810198,None,0,2,2,2,0,16,16,16,,,,,926.2952263001353,,,,,,,,,,,,,,,,,,,,,,,,,,,,,,,,,,,,,,,,,,,,926.2929795002565,926.2952263001353,930.2838522000238,None,933.5181293999776,934.5085792997852,931.2759579000995,931.2833740003407,931.2833740003407,931.2833740003407,-2.7599744498729706e-05,932.3007298000157,1,1,1.0012559005990624,None,936.0926011996344,936.1000944999978,936.593620300293,936.5840771002695,932.7945721000433,932.8016953002661,932.8016953002661,932.8016953002661,933.5180727997795,3,0.7082815002650023,None,934.5127709005028,934.5166659997776,934.5166659997776,934.5166659997776,934.5166659997776,936.0925393998623,2,1,1.5693073999136686,None,936.5865580998361,936.593620300293,936.593620300293,936.593620300293,937.3091419003904,3,0.7086175996810198,None,937.3091994998977,940.3007167996839,930.2916285004467,,,,,,,,,,,,,,,,,,,,,,,,,,,,,,,,,,,204,1,short,A,2026-07-10_11h17.32.532,SBL_superimposed_retrieval,,2026.1.3,119.52086433872869,2026-07-10 11h17.32.959751 -0400,
2,17,17,0,stimuli/scenes/scene_U2.jpg,Undersea,Somar,stimuli/items/undersea_object_11.png,Undersea,object,sc,None,2,1,0.6014497000724077,None,3,0.3069720007479191,None,2,1,1.5678906003013253,None,3,0.8365046000108123,None,0,2,2,2,0,17,17,17,,,,,940.3135604001582,,,,,,,,,,,,,,,,,,,,,,,,,,,,,,,,,,,,,,,,,,,,940.3110910998657,940.3135604001582,944.3006146000698,None,946.7342822998762,947.7255995003507,945.2930012000725,945.3002287000418,945.3002287000418,945.3002287000418,-0.00046480074524879456,945.9177459003404,2,1,0.6014497000724077,None,949.3091682996601,949.3166581001133,949.8096641004086,949.800405099988,946.411569500342,946.4185520000756,946.4185520000756,946.4185520000756,946.734227700159,3,0.3069720007479191,None,947.7299295002595,947.7336264001206,947.7336264001206,947.7336264001206,947.7336264001206,949.3091070996597,2,1,1.5678906003013253,None,949.8028199002147,949.8096641004086,949.8096641004086,949.8096641004086,950.6513804001734,3,0.8365046000108123,None,950.6514378003776,953.6422556005418,944.3082669004798,,,,,,,,,,,,,,,,,,,,,,,,,,,,,,,,,,,204,1,short,A,2026-07-10_11h17.32.532,SBL_superimposed_retrieval,,2026.1.3,119.52086433872869,2026-07-10 11h17.32.959751 -0400,
2,18,18,0,stimuli/scenes/scene_J2.jpg,Jungle,Tulon,stimuli/items/jungle_animal_10.png,Jungle,animal,sc,None,2,0,0.5555913001298904,None,2,0.7775141000747681,None,2,1,1.617632600478828,None,1,0.38707870058715343,None,0,2,2,2,0,18,18,18,,,,,953.6570567004383,,,,,,,,,,,,,,,,,,,,,,,,,,,,,,,,,,,,,,,,,,,,953.6545989997685,953.6570567004383,957.6425806004554,None,960.4929732000455,961.484525100328,958.6350258998573,958.6420264998451,958.6420264998451,958.6420264998451,-0.0006908997893333435,959.2100464003161,2,0,0.5555913001298904,None,963.1176024004817,963.1254278002307,963.6191934002563,963.6096093999222,959.701738900505,959.708483800292,959.708483800292,959.708483800292,960.4929034002125,2,0.7775141000747681,None,961.4887824999169,961.4920043004677,961.4920043004677,961.4920043004677,961.4920043004677,963.1175412004814,2,1,1.617632600478828,None,963.6120902001858,963.6191934002563,963.6191934002563,963.6191934002563,964.0101634003222,1,0.38707870058715343,None,964.0102263996378,967.0013397997245,957.650429200381,,,,,,,,,,,,,,,,,,,,,,,,,,,,,,,,,,,204,1,short,A,2026-07-10_11h17.32.532,SBL_superimposed_retrieval,,2026.1.3,119.52086433872869,2026-07-10 11h17.32.959751 -0400,
2,19,19,0,stimuli/scenes/scene_U2.jpg,Undersea,Somar,stimuli/items/undersea_object_7.png,Undersea,object,sc,None,1,0,1.0762722995132208,None,1,1.0751446997746825,None,1,0,1.4583275001496077,None,1,1.2259113993495703,None,0,2,2,2,0,19,19,19,,,,,967.0149995004758,,,,,,,,,,,,,,,,,,,,,,,,,,,,,,,,,,,,,,,,,,,,967.0124027999118,967.0149995004758,971.0008867001161,None,974.6854176996276,975.6762859998271,971.9935424001887,972.0009048003703,972.0009048003703,972.0009048003703,0.0074907997623085976,973.1013593999669,1,0,1.0762722995132208,None,977.1432292005047,977.150687799789,977.6441325005144,977.6344785001129,973.5958783999085,973.6031667003408,973.6031667003408,973.6031667003408,974.6853609997779,1,1.0751446997746825,None,975.6806588005275,975.6839799005538,975.6839799005538,975.6839799005538,975.6839799005538,977.1431676000357,1,0,1.4583275001496077,None,977.6370373005047,977.6441325005144,977.6441325005144,977.6441325005144,978.8771401997656,1,1.2259113993495703,None,978.8771986002102,981.8682527998462,971.0090474998578,,,,,,,,,,,,,,,,,,,,,,,,,,,,,,,,,,,204,1,short,A,2026-07-10_11h17.32.532,SBL_superimposed_retrieval,,2026.1.3,119.52086433872869,2026-07-10 11h17.32.959751 -0400,
3,0,0,0,stimuli/scenes/scene_J1.jpg,Jungle,Negvi,stimuli/items/undersea_object_10.png,Undersea,object,si,None,2,0,0.7207377003505826,None,3,1.223410900682211,None,1,1,1.3116169003769755,None,1,0.22881869971752167,None,0,3,3,3,0,0,0,0,0,0,0,0,984.1025136997923,,,,,,,,,,,,,,,,,,,,,,,,,,,,,,,,,,,,,,,,,,984.0777181005105,984.077935599722,984.0999207999557,984.1025136997923,988.0845932997763,None,991.5352295003831,992.5267956005409,989.0770835001022,989.0842530000955,989.0842530000955,989.0842530000955,-0.0008343998342752457,989.8018332002684,2,0,0.7207377003505826,None,993.8522359002382,993.8594372998923,994.3526582997292,994.3433539001271,990.2960117999464,990.3030222002417,990.3030222002417,990.3030222002417,991.5351740997285,3,1.223410900682211,None,992.5309947002679,992.5342974998057,992.5342974998057,992.5342974998057,992.5342974998057,993.8521737996489,1,1,1.3116169003769755,None,994.3458276996389,994.3526582997292,994.3526582997292,994.3526582997292,994.585591699928,1,0.22881869971752167,None,994.585645600222,997.5765645997599,,,,,,981.8708739001304,981.8710909001529,981.871289100498,981.8760146005079,982.8677991004661,984.0767638003454,space,1.2019044999033213,None,,,,,,,,,,,,,,,,,,,,,,204,1,short,A,2026-07-10_11h17.32.532,SBL_superimposed_retrieval,,2026.1.3,119.52086433872869,2026-07-10 11h17.32.959751 -0400,
3,1,1,0,stimuli/scenes/scene_J2.jpg,Jungle,Tulon,stimuli/items/undersea_animal_4.png,Undersea,animal,si,None,2,0,0.5894165998324752,None,3,0.2974193999543786,None,2,1,1.478052199818194,None,2,1.125262999907136,None,0,3,3,3,0,1,1,1,,,,,997.5892762998119,,,,,,,,,,,,,,,,,,,,,,,,,,,,,,,,,,,,,,,,,,,,997.5868266997859,997.5892762998119,1001.5768804997206,None,1003.9773102002218,1004.9682296998799,1002.5687827002257,1002.5846287002787,1002.5846287002787,1002.5846287002787,-0.0009497003629803658,1003.1769447997212,2,0,0.5894165998324752,None,1006.4600895997137,1006.4678081003949,1006.9608533997089,1006.9514733999968,1003.6688427999616,1003.6760147996247,1003.6760147996247,1003.6760147996247,1003.9772552000359,3,0.2974193999543786,None,1004.968642000109,1004.9761194996536,1004.9761194996536,1004.9761194996536,1004.9761194996536,1006.4600164005533,2,1,1.478052199818194,None,1006.9539769999683,1006.9608533997089,1006.9608533997089,1006.9608533997089,1008.0938472002745,2,1.125262999907136,None,1008.0939050000161,1011.0853880001232,1001.5848788004369,,,,,,,,,,,,,,,,,,,,,,,,,,,,,,,,,,,204,1,short,A,2026-07-10_11h17.32.532,SBL_superimposed_retrieval,,2026.1.3,119.52086433872869,2026-07-10 11h17.32.959751 -0400,
3,2,2,0,stimuli/scenes/scene_U2.jpg,Undersea,Somar,stimuli/items/undersea_animal_7.png,Undersea,animal,sc,None,2,1,0.5846250001341105,None,3,0.4687187001109123,None,2,1,1.3776889005675912,None,2,1.4925075005739927,None,0,3,3,3,0,2,2,2,,,,,1011.0988974999636,,,,,,,,,,,,,,,,,,,,,,,,,,,,,,,,,,,,,,,,,,,,1011.0967632001266,1011.0988974999636,1015.0856076003984,None,1017.6609634002671,1018.652320199646,1016.0777749000117,1016.0852426998317,1016.0852426998317,1016.0852426998317,-0.00039509963244199753,1016.6857398999855,2,1,0.5846250001341105,None,1020.0441381996498,1020.0515459002927,1020.5450718002394,1020.5354586998001,1017.1781695997342,1017.1847676001489,1017.1847676001489,1017.1847676001489,1017.6609076997265,3,0.4687187001109123,None,1018.6569272000343,1018.6600411999971,1018.6600411999971,1018.6600411999971,1018.6600411999971,1020.0440750000998,2,1,1.3776889005675912,None,1020.5378550002351,1020.5450718002394,1020.5450718002394,1020.5450718002394,1022.0444662999362,2,1.4925075005739927,None,1022.0445247003809,1025.035515599884,1015.0932622002438,,,,,,,,,,,,,,,,,,,,,,,,,,,,,,,,,,,204,1,short,A,2026-07-10_11h17.32.532,SBL_superimposed_retrieval,,2026.1.3,119.52086433872869,2026-07-10 11h17.32.959751 -0400,
3,3,3,0,stimuli/scenes/scene_U1.jpg,Undersea,Malbow,stimuli/items/undersea_animal_20.png,Undersea,animal,sc,None,1,0,1.1457356996834278,None,1,1.4307607002556324,None,2,0,1.3671879991889,None,3,1.5564984995871782,None,0,3,3,3,0,3,3,3,,,,,1025.048166600056,,,,,,,,,,,,,,,,,,,,,,,,,,,,,,,,,,,,,,,,,,,,1025.0460460996255,1025.048166600056,1029.035553900525,None,1033.127628300339,1034.118835600093,1030.0279195001349,1030.035323800519,1030.035323800519,1030.035323800519,-0.0007227007299661636,1031.1940967002884,1,0,1.1457356996834278,None,1035.5026741996408,1035.5103278998286,1036.0016163000837,1035.9942006999627,1031.687869399786,1031.6947311004624,1031.6947311004624,1031.6947311004624,1033.1275709001347,1,1.4307607002556324,None,1034.1192602002993,1034.1267082002014,1034.1267082002014,1034.1267082002014,1034.1267082002014,1035.502611800097,2,0,1.3671879991889,None,1035.9950983002782,1036.0016163000837,1036.0016163000837,1036.0016163000837,1037.5611049998552,3,1.5564984995871782,None,1037.561162300408,1040.5522017003968,1029.0438473997638,,,,,,,,,,,,,,,,,,,,,,,,,,,,,,,,,,,204,1,short,A,2026-07-10_11h17.32.532,SBL_superimposed_retrieval,,2026.1.3,119.52086433872869,2026-07-10 11h17.32.959751 -0400,
3,4,4,0,stimuli/scenes/scene_U2.jpg,Undersea,Somar,stimuli/items/undersea_animal_10.png,Undersea,animal,sc,None,2,1,0.5893510999158025,None,3,0.5999036999419332,None,2,1,1.0249279998242855,None,2,0.6526033999398351,None,0,3,3,3,0,4,4,4,,,,,1040.5644506001845,,,,,,,,,,,,,,,,,,,,,,,,,,,,,,,,,,,,,,,,,,,,1040.5622421000153,1040.5644506001845,1044.5524327997118,None,1047.261463000439,1048.2527815001085,1045.5444930996746,1045.552137600258,1045.552137600258,1045.552137600258,-0.0006479993462562561,1046.1531098000705,2,1,0.5893510999158025,None,1049.2865484002978,1049.2940389001742,1049.7851549005136,1049.7774539003149,1046.6469390001148,1046.653714899905,1046.653714899905,1046.653714899905,1047.261403299868,3,0.5999036999419332,None,1048.2532227002084,1048.2605985002592,1048.2605985002592,1048.2605985002592,1048.2605985002592,1049.2864830000326,2,1,1.0249279998242855,None,1049.7783852005377,1049.7851549005136,1049.7851549005136,1049.7851549005136,1050.4450816996396,2,0.6526033999398351,None,1050.4451393000782,1053.4361381996423,1044.560434400104,,,,,,,,,,,,,,,,,,,,,,,,,,,,,,,,,,,204,1,short,A,2026-07-10_11h17.32.532,SBL_superimposed_retrieval,,2026.1.3,119.52086433872869,2026-07-10 11h17.32.959751 -0400,
3,5,5,0,stimuli/scenes/scene_U1.jpg,Undersea,Malbow,stimuli/items/jungle_animal_11.png,Jungle,animal,si,None,1,0,0.714266300201416,None,3,0.29614599980413914,None,1,1,1.7012547999620438,None,2,0.7069710996001959,None,0,3,3,3,0,5,5,5,,,,,1053.45009869989,,,,,,,,,,,,,,,,,,,,,,,,,,,,,,,,,,,,,,,,,,,,1053.4479294996709,1053.45009869989,1057.4360956000164,None,1059.961472099647,1060.952908099629,1058.4283290002495,1058.44419379998,1058.44419379998,1058.44419379998,-0.0008015995845198631,1059.1611676998436,1,0,0.714266300201416,None,1062.6696583004668,1062.677408600226,1063.1710563004017,1063.1614861004055,1059.6551644997671,1059.6620859000832,1059.6620859000832,1059.6620859000832,1059.9614196997136,3,0.29614599980413914,None,1060.9533216003329,1060.96058980003,1060.96058980003,1060.96058980003,1060.96058980003,1062.6695975000039,1,1,1.7012547999620438,None,1063.1642444999889,1063.1710563004017,1063.1710563004017,1063.1710563004017,1063.8867683997378,2,0.7069710996001959,None,1063.8868262004107,1066.877826999873,1057.4437952004373,,,,,,,,,,,,,,,,,,,,,,,,,,,,,,,,,,,204,1,short,A,2026-07-10_11h17.32.532,SBL_superimposed_retrieval,,2026.1.3,119.52086433872869,2026-07-10 11h17.32.959751 -0400,
3,6,6,0,stimuli/scenes/scene_J1.jpg,Jungle,Negvi,stimuli/items/undersea_animal_1.png,Undersea,animal,si,None,2,0,0.9039706001058221,None,3,0.8539324002340436,None,1,1,1.653421800583601,None,1,0.16506499983370304,None,0,3,3,3,0,6,6,6,,,,,1066.8904504999518,,,,,,,,,,,,,,,,,,,,,,,,,,,,,,,,,,,,,,,,,,,,1066.887966000475,1066.8904504999518,1070.8777660997584,None,1074.1537835001945,1075.1445452999324,1071.8704225998372,1071.8776545003057,1071.8776545003057,1071.8776545003057,-0.0006220005452632904,1072.794727999717,2,0,0.9039706001058221,None,1076.811703200452,1076.819649300538,1077.3123340997845,1077.3029738999903,1073.2890101000667,1073.2958757998422,1073.2958757998422,1073.2958757998422,1074.1537228003144,3,0.8539324002340436,None,1075.1488373000175,1075.1522666998208,1075.1522666998208,1075.1522666998208,1075.1522666998208,1076.8116410002112,1,1,1.653421800583601,None,1077.3054061001167,1077.3123340997845,1077.3123340997845,1077.3123340997845,1077.4786787005141,1,0.16506499983370304,None,1077.4787317998707,1080.469860800542,1070.8861728999764,,,,,,,,,,,,,,,,,,,,,,,,,,,,,,,,,,,204,1,short,A,2026-07-10_11h17.32.532,SBL_superimposed_retrieval,,2026.1.3,119.52086433872869,2026-07-10 11h17.32.959751 -0400,
3,7,7,0,stimuli/scenes/scene_U1.jpg,Undersea,Malbow,stimuli/items/undersea_object_16.png,Undersea,object,sc,None,2,1,1.4715133998543024,None,3,0.23307340033352375,None,1,1,1.512121899984777,None,2,0.677534899674356,None,0,3,3,3,0,7,7,7,,,,,1080.483124700375,,,,,,,,,,,,,,,,,,,,,,,,,,,,,,,,,,,,,,,,,,,,1080.4807607997209,1080.483124700375,1084.4699908001348,None,1087.686977500096,1088.6784247001633,1085.4621459003538,1085.4695293996483,1085.4695293996483,1085.4695293996483,-0.0005921004340052605,1086.9537310004234,2,1,1.4715133998543024,None,1090.203641500324,1090.2114094998688,1090.704480100423,1090.6950633004308,1087.445727800019,1087.452539600432,1087.452539600432,1087.452539600432,1087.686923299916,3,0.23307340033352375,None,1088.6827932996675,1088.6860474999994,1088.6860474999994,1088.6860474999994,1088.6860474999994,1090.2035793000832,1,1,1.512121899984777,None,1090.6975707001984,1090.704480100423,1090.704480100423,1090.704480100423,1091.3869709996507,2,0.677534899674356,None,1091.3870307002217,1094.378410000354,1084.4780139001086,,,,,,,,,,,,,,,,,,,,,,,,,,,,,,,,,,,204,1,short,A,2026-07-10_11h17.32.532,SBL_superimposed_retrieval,,2026.1.3,119.52086433872869,2026-07-10 11h17.32.959751 -0400,
3,8,8,0,stimuli/scenes/scene_J2.jpg,Jungle,Tulon,stimuli/items/undersea_object_12.png,Undersea,object,si,None,1,1,1.2913113003596663,None,3,0.31437630020081997,None,1,0,2.023343799635768,None,3,0.3606725996360183,None,0,3,3,3,0,8,8,8,,,,,1094.3949140999466,,,,,,,,,,,,,,,,,,,,,,,,,,,,,,,,,,,,,,,,,,,,1094.3924054000527,1094.3949140999466,1098.379160899669,None,1101.495864099823,1102.4869362004101,1099.3708675997332,1099.3779696002603,1099.3779696002603,1099.3779696002603,-0.00035670027136802673,1100.6789461001754,1,1,1.2913113003596663,None,1104.520384600386,1104.5281674005091,1105.0215491000563,1105.0122905001044,1101.172530299984,1101.1793990004808,1101.1793990004808,1101.1793990004808,1101.4958108998835,3,0.31437630020081997,None,1102.4910997999832,1102.4945617998019,1102.4945617998019,1102.4945617998019,1102.4945617998019,1104.5203221999109,1,0,2.023343799635768,None,1105.014712699689,1105.0215491000563,1105.0215491000563,1105.0215491000563,1105.3874527001753,3,0.3606725996360183,None,1105.3875107001513,1108.3786251004785,1098.3866483997554,,,,,,,,,,,,,,,,,,,,,,,,,,,,,,,,,,,204,1,short,A,2026-07-10_11h17.32.532,SBL_superimposed_retrieval,,2026.1.3,119.52086433872869,2026-07-10 11h17.32.959751 -0400,
3,9,9,0,stimuli/scenes/scene_J1.jpg,Jungle,Negvi,stimuli/items/jungle_animal_13.png,Jungle,animal,sc,None,1,1,0.5227561993524432,None,3,0.44258520007133484,None,1,1,2.112912400625646,None,2,1.159200799651444,None,0,3,3,3,0,9,9,9,,,,,1108.3911744002253,,,,,,,,,,,,,,,,,,,,,,,,,,,,,,,,,,,,,,,,,,,,1108.3890273002908,1108.3911744002253,1112.3789309998974,None,1114.8631020002067,1115.8539616996422,1113.370749800466,1113.3867416996509,1113.3867416996509,1113.3867416996509,-0.0006170002743601799,1113.912814900279,1,1,0.5227561993524432,None,1117.9792336001992,1117.986747100018,1118.478245800361,1118.4706025002524,1114.4046125002205,1114.4113952005282,1114.4113952005282,1114.4113952005282,1114.8630389999598,3,0.44258520007133484,None,1115.8543878998607,1115.8616447001696,1115.8616447001696,1115.8616447001696,1115.8616447001696,1117.979170200415,1,1,2.112912400625646,None,1118.4715287005529,1118.478245800361,1118.478245800361,1118.478245800361,1119.646280400455,2,1.159200799651444,None,1119.6463377000764,1122.6373644005507,1112.386662799865,,,,,,,,,,,,,,,,,,,,,,,,,,,,,,,,,,,204,1,short,A,2026-07-10_11h17.32.532,SBL_superimposed_retrieval,,2026.1.3,119.52086433872869,2026-07-10 11h17.32.959751 -0400,
3,10,10,0,stimuli/scenes/scene_U1.jpg,Undersea,Malbow,stimuli/items/jungle_object_17.png,Jungle,object,si,None,2,1,0.48832649923861027,None,3,0.5672300001606345,None,1,1,1.490235200151801,None,3,0.29658429976552725,None,0,3,3,3,0,10,10,10,,,,,1122.65327190049,,,,,,,,,,,,,,,,,,,,,,,,,,,,,,,,,,,,,,,,,,,,1122.6510608997196,1122.65327190049,1126.6376481000334,None,1129.212809599936,1130.2039267998189,1127.6297487998381,1127.6453708996996,1127.6453708996996,1127.6453708996996,-0.0009011002257466316,1128.137713700533,2,1,0.48832649923861027,None,1131.704780000262,1131.7120585003868,1132.2054206999019,1132.1960423998535,1128.6315778996795,1128.6387339001521,1128.6387339001521,1128.6387339001521,1129.2127539999783,3,0.5672300001606345,None,1130.2085511004552,1130.211865999736,1130.211865999736,1130.211865999736,1130.211865999736,1131.7047185003757,1,1,1.490235200151801,None,1132.1985416002572,1132.2054206999019,1132.2054206999019,1132.2054206999019,1132.5050745997578,3,0.29658429976552725,None,1132.5051295999438,1135.4959637001157,1126.6454940997064,,,,,,,,,,,,,,,,,,,,,,,,,,,,,,,,,,,204,1,short,A,2026-07-10_11h17.32.532,SBL_superimposed_retrieval,,2026.1.3,119.52086433872869,2026-07-10 11h17.32.959751 -0400,
3,11,11,0,stimuli/scenes/scene_U2.jpg,Undersea,Somar,stimuli/items/jungle_object_8.png,Jungle,object,si,None,2,1,1.7256730999797583,None,3,0.7412940999493003,None,2,1,1.5427120998501778,None,2,0.4358807997778058,None,0,3,3,3,0,11,11,11,,,,,1135.5096006002277,,,,,,,,,,,,,,,,,,,,,,,,,,,,,,,,,,,,,,,,,,,,1135.5073514003307,1135.5096006002277,1139.495860000141,None,1143.4800853999332,1144.4712019003928,1140.4883773997426,1140.5041354997084,1140.5041354997084,1140.5041354997084,-0.0008518006652593613,1142.2378949001431,2,1,1.7256730999797583,None,1146.029671200551,1146.0372761003673,1146.5301366001368,1146.5208831001073,1142.7303188005462,1142.737078900449,1142.737078900449,1142.737078900449,1143.480029599741,3,0.7412940999493003,None,1144.4716544002295,1144.4791961004958,1144.4791961004958,1144.4791961004958,1144.4791961004958,1146.0296080000699,2,1,1.5427120998501778,None,1146.5232928004116,1146.5301366001368,1146.5301366001368,1146.5301366001368,1146.9720395002514,2,0.4358807997778058,None,1146.9720965996385,1149.9630581997335,1139.5038529001176,,,,,,,,,,,,,,,,,,,,,,,,,,,,,,,,,,,204,1,short,A,2026-07-10_11h17.32.532,SBL_superimposed_retrieval,,2026.1.3,119.52086433872869,2026-07-10 11h17.32.959751 -0400,
3,12,12,0,stimuli/scenes/scene_U1.jpg,Undersea,Malbow,stimuli/items/undersea_object_20.png,Undersea,object,sc,None,2,1,0.38656200002878904,None,3,0.5518076000735164,None,1,1,1.328405600041151,None,2,1.3818362997844815,None,0,3,3,3,0,12,12,12,,,,,1149.975080200471,,,,,,,,,,,,,,,,,,,,,,,,,,,,,,,,,,,,,,,,,,,,1149.9726250004023,1149.975080200471,1153.9632710004225,None,1156.430342500098,1157.4211871996522,1154.9552629999816,1154.9709377996624,1154.9709377996624,1154.9709377996624,0.007117600180208683,1155.3717168001458,2,1,0.38656200002878904,None,1158.7638328000903,1158.7709459997714,1159.2643788000569,1159.2547650001943,1155.8636598996818,1155.87051620055,1155.87051620055,1155.87051620055,1156.4302831003442,3,0.5518076000735164,None,1157.4216219997033,1157.4294057004154,1157.4294057004154,1157.4294057004154,1157.4294057004154,1158.7637702999637,1,1,1.328405600041151,None,1159.2573295002803,1159.2643788000569,1159.2643788000569,1159.2643788000569,1160.6552312001586,2,1.3818362997844815,None,1160.6552892001346,1163.6461757998914,1153.9710060004145,,,,,,,,,,,,,,,,,,,,,,,,,,,,,,,,,,,204,1,short,A,2026-07-10_11h17.32.532,SBL_superimposed_retrieval,,2026.1.3,119.52086433872869,2026-07-10 11h17.32.959751 -0400,
3,13,13,0,stimuli/scenes/scene_J2.jpg,Jungle,Tulon,stimuli/items/undersea_animal_11.png,Undersea,animal,si,None,1,1,0.5675831995904446,None,3,0.3556608995422721,None,1,0,1.7668170994147658,None,2,0.6504901004955173,None,0,3,3,3,0,13,13,13,,,,,1163.6600186005235,,,,,,,,,,,,,,,,,,,,,,,,,,,,,,,,,,,,,,,,,,,,1163.6576786004007,1163.6600186005235,1167.646595099941,None,1170.0886399000883,1171.0801966004074,1168.6384525997564,1168.6542819002643,1168.6542819002643,1168.6542819002643,-0.0009391997009515762,1169.2301508001983,1,1,0.5675831995904446,None,1172.8553541004658,1172.863130999729,1173.3557112002745,1173.3463024999946,1169.7237988002598,1169.730718200095,1169.730718200095,1169.730718200095,1170.0885818004608,3,0.3556608995422721,None,1171.0842722002417,1171.0875479998067,1171.0875479998067,1171.0875479998067,1171.0875479998067,1172.8552823998034,1,0,1.7668170994147658,None,1173.3487590998411,1173.3557112002745,1173.3557112002745,1173.3557112002745,1174.0135228000581,2,0.6504901004955173,None,1174.0135813998058,1177.0050844997168,1167.6542583005503,,,,,,,,,,,,,,,,,,,,,,,,,,,,,,,,,,,204,1,short,A,2026-07-10_11h17.32.532,SBL_superimposed_retrieval,,2026.1.3,119.52086433872869,2026-07-10 11h17.32.959751 -0400,
3,14,14,0,stimuli/scenes/scene_J1.jpg,Jungle,Negvi,stimuli/items/undersea_object_18.png,Undersea,object,si,None,1,1,0.3775578001514077,None,3,0.15006630029529333,None,2,0,1.3995117004960775,None,2,0.6656132005155087,None,0,3,3,3,0,14,14,14,,,,,1177.0171889998019,,,,,,,,,,,,,,,,,,,,,,,,,,,,,,,,,,,,,,,,,,,,1177.0149635002017,1177.0171889998019,1181.0050606997684,None,1183.0471886005253,1184.0382350003347,1181.997288200073,1182.0048802997917,1182.0048802997917,1182.0048802997917,-0.0007934002205729485,1182.397232499905,1,1,0.3775578001514077,None,1185.4473027000204,1185.454412500374,1185.9478761004284,1185.938251200132,1182.8889121999964,1182.895931900479,1182.895931900479,1182.895931900479,1183.0471336999908,3,0.15006630029529333,None,1184.038666400127,1184.0465337000787,1184.0465337000787,1184.0465337000787,1184.0465337000787,1185.4472406003624,2,0,1.3995117004960775,None,1185.9407839998603,1185.9478761004284,1185.9478761004284,1185.9478761004284,1186.6222101999447,2,0.6656132005155087,None,1186.622265400365,1189.6135349003598,1181.0129163004458,,,,,,,,,,,,,,,,,,,,,,,,,,,,,,,,,,,204,1,short,A,2026-07-10_11h17.32.532,SBL_superimposed_retrieval,,2026.1.3,119.52086433872869,2026-07-10 11h17.32.959751 -0400,
3,15,15,0,stimuli/scenes/scene_U2.jpg,Undersea,Somar,stimuli/items/jungle_object_20.png,Jungle,object,si,None,2,1,0.6006227005273104,None,3,0.36949790082871914,None,2,1,0.8219026997685432,None,3,0.182600200176239,None,0,3,3,3,0,15,15,15,,,,,1189.6265967004001,,,,,,,,,,,,,,,,,,,,,,,,,,,,,,,,,,,,,,,,,,,,1189.6241568000987,1189.6265967004001,1193.6136089004576,None,1196.1058061998338,1197.09726629965,1194.606013700366,1194.6130881002173,1194.6130881002173,1194.6130881002173,-0.0009284000843763351,1195.2304800003767,2,1,0.6006227005273104,None,1197.9312225002795,1197.9383006002754,1198.4311878997833,1198.4216577000916,1195.7252949997783,1195.7324425997213,1195.7324425997213,1195.7324425997213,1196.105752300471,3,0.36949790082871914,None,1197.101574100554,1197.1047413004562,1197.1047413004562,1197.1047413004562,1197.1047413004562,1197.931158600375,2,1,0.8219026997685432,None,1198.4240527004004,1198.4311878997833,1198.4311878997833,1198.4311878997833,1198.6224851002917,3,0.182600200176239,None,1198.6225402997807,1201.613829200156,1193.6216120999306,,,,,,,,,,,,,,,,,,,,,,,,,,,,,,,,,,,204,1,short,A,2026-07-10_11h17.32.532,SBL_superimposed_retrieval,,2026.1.3,119.52086433872869,2026-07-10 11h17.32.959751 -0400,
3,16,16,0,stimuli/scenes/scene_J2.jpg,Jungle,Tulon,stimuli/items/jungle_animal_1.png,Jungle,animal,sc,None,2,0,0.6962486002594233,None,3,0.11999240051954985,None,1,0,1.2669987007975578,None,1,0.4270068006590009,None,0,3,3,3,0,16,16,16,,,,,1201.6268739001825,,,,,,,,,,,,,,,,,,,,,,,,,,,,,,,,,,,,,,,,,,,,1201.6247428003699,1201.6268739001825,1205.6141876997426,None,1207.9481958001852,1208.9386873003095,1206.6062749000266,1206.6135943997651,1206.6135943997651,1206.6135943997651,-0.0005772002041339874,1207.3225487004966,2,0,0.6962486002594233,None,1210.2144106002524,1210.2220839997754,1210.7149579999968,1210.7055970001966,1207.814626100473,1207.8214825000614,1207.8214825000614,1207.8214825000614,1207.948143299669,3,0.11999240051954985,None,1208.9428321002051,1208.9465450998396,1208.9465450998396,1208.9465450998396,1208.9465450998396,1210.2143449001014,1,0,1.2669987007975578,None,1210.7080105999485,1210.7149579999968,1210.7149579999968,1210.7149579999968,1211.148003200069,1,0.4270068006590009,None,1211.148060400039,1214.1390134003013,1205.62179510016,,,,,,,,,,,,,,,,,,,,,,,,,,,,,,,,,,,204,1,short,A,2026-07-10_11h17.32.532,SBL_superimposed_retrieval,,2026.1.3,119.52086433872869,2026-07-10 11h17.32.959751 -0400,
3,17,17,0,stimuli/scenes/scene_J1.jpg,Jungle,Negvi,stimuli/items/undersea_animal_14.png,Undersea,animal,si,None,None,0,,,1,1.9073361000046134,None,1,1,1.6703514996916056,None,1,1.191300599835813,None,0,3,3,3,0,17,17,17,,,,,1214.1509338002652,,,,,,,,,,,,,,,,,,,,,,,,,,,,,,,,,,,,,,,,,,,,1214.1487340005115,1214.1509338002652,1218.1392560005188,None,1224.0565520999953,1225.0473464997485,1219.1313118999824,1219.1385257998481,1219.1385257998481,1219.1385257998481,-0.0008190004155039787,1221.6387178003788,None,0,,,1226.7311215000227,1226.73887069989,1227.2300727004185,1227.222551399842,1222.1336121996865,1222.1468626996502,1222.1468626996502,1222.1468626996502,1224.0564949000254,1,1.9073361000046134,None,1225.0477740997449,1225.0555170001462,1225.0555170001462,1225.0555170001462,1225.0555170001462,1226.7310613999143,1,1,1.6703514996916056,None,1227.2234661001712,1227.2300727004185,1227.2300727004185,1227.2300727004185,1228.4231622004882,1,1.191300599835813,None,1228.423220699653,1231.4145846003667,1218.1469494998455,,,,,,,,,,,,,,,,,1221.6305156005546,1221.6305156005546,1221.6305156005546,2.4904175996780396,,,,,,,,,,,,,,,204,1,short,A,2026-07-10_11h17.32.532,SBL_superimposed_retrieval,,2026.1.3,119.52086433872869,2026-07-10 11h17.32.959751 -0400,
3,18,18,0,stimuli/scenes/scene_J1.jpg,Jungle,Negvi,stimuli/items/jungle_object_14.png,Jungle,object,sc,None,1,1,0.4151509003713727,None,3,0.24886159971356392,None,2,0,1.248510499484837,None,3,1.1608390994369984,None,0,3,3,3,0,18,18,18,,,,,1231.4269366003573,,,,,,,,,,,,,,,,,,,,,,,,,,,,,,,,,,,,,,,,,,,,1231.424344399944,1231.4269366003573,1235.414306100458,None,1237.598555800505,1238.5893119005486,1236.4065941004083,1236.4140141997486,1236.4140141997486,1236.4140141997486,-0.0007891999557614326,1236.840010999702,1,1,0.4151509003713727,None,1239.8480625003576,1239.8560960004106,1240.3491916004568,1240.3395231002942,1237.3342041000724,1237.341368000023,1237.341368000023,1237.341368000023,1237.5985032999888,3,0.24886159971356392,None,1238.5897263996303,1238.597671800293,1238.597671800293,1238.597671800293,1238.597671800293,1239.848000000231,2,0,1.248510499484837,None,1240.3420027997345,1240.3491916004568,1240.3491916004568,1240.3491916004568,1241.5151193998754,3,1.1608390994369984,None,1241.5151780005544,1244.5063952002674,1235.422278500162,,,,,,,,,,,,,,,,,,,,,,,,,,,,,,,,,,,204,1,short,A,2026-07-10_11h17.32.532,SBL_superimposed_retrieval,,2026.1.3,119.52086433872869,2026-07-10 11h17.32.959751 -0400,
3,19,19,0,stimuli/scenes/scene_J2.jpg,Jungle,Tulon,stimuli/items/jungle_animal_15.png,Jungle,animal,sc,None,1,1,0.7632614998146892,None,3,0.42489130049943924,None,1,0,1.7844795994460583,None,2,0.9471279997378588,None,0,3,3,3,0,19,19,19,,,,,1244.5200305003673,,,,,,,,,,,,,,,,,,,,,,,,,,,,,,,,,,,,,,,,,,,,1244.5176151003689,1244.5200305003673,1248.506722399965,None,1251.2068635001779,1252.1978035001084,1249.4982570996508,1249.5141914999112,1249.5141914999112,1249.5141914999112,-0.0009080003947019577,1250.2816756004468,1,1,0.7632614998146892,None,1253.9980552000925,1254.005788399838,1254.4986962005496,1254.4894791003317,1250.7735772002488,1250.780578000471,1250.780578000471,1250.780578000471,1251.206804299727,3,0.42489130049943924,None,1252.19827860035,1252.2057362003252,1252.2057362003252,1252.2057362003252,1252.2057362003252,1253.9979928005487,1,0,1.7844795994460583,None,1254.4919501999393,1254.4986962005496,1254.4986962005496,1254.4986962005496,1255.4484246997163,2,0.9471279997378588,None,1255.4484831998125,1258.4400239000097,1248.5142948003486,,,,,,,,,,,,,,,,,,,,,,,,,,,,,,,,,,,204,1,short,A,2026-07-10_11h17.32.532,SBL_superimposed_retrieval,,2026.1.3,119.52086433872869,2026-07-10 11h17.32.959751 -0400,
,,,,,,,,,,,,,,,,,,,,,,,,,,,,,,,,,,,,,,,,,,,,,,,,,,,,,,,,,,,,,,,,,,,,,,,,,,,,,,,,,,,,,,,,,,,,,,,,,,,,,,,,,,,,,,,,,,,,,,,,,,,,,,,,,,,,,,,1258.4428778998554,1258.4431488998234,,,,,,,,,,,,,,,1258.4439928000793,1258.447607900016,1258.447607900016,1261.5485110003501,space,3.0942484997212887,None,,,,,,,,204,1,short,A,2026-07-10_11h17.32.532,SBL_superimposed_retrieval,,2026.1.3,119.52086433872869,2026-07-10 11h17.32.959751 -0400,
,,,,,,,,,,,,,,,,,,,,,,,,,,,,,,,,,,,,,,,,,,,,,,,,,,,,,,,,,,,,,,,,,,,,,,,,,,,,,,,,,,,,,,,,,,,,,,,,,,,,,,,,,,,,,,,,,,,,,,,,,,,,,,,,,,,,,,,,,,,,,,,,,,,,,,,,,,,,,,1261.5539290001616,1261.5563399996608,1261.5563399996608,1264.63167589996,space,3.073535299859941,None,204,1,short,A,2026-07-10_11h17.32.532,SBL_superimposed_retrieval,,2026.1.3,119.52086433872869,2026-07-10 11h17.32.959751 -0400,
