run,thisN,thisTrialN,thisRepN,scene_stimulus,scene_cat,scene_label,item_stimulus,item_cat,item_type,congruency,key_resp_remember.keys,key_resp_context.keys,key_resp_context.corr,key_resp_context.rt,key_resp_context.duration,key_resp_context_conf.keys,key_resp_context_conf.rt,key_resp_context_conf.duration,key_resp_scenes.keys,key_resp_scenes.corr,key_resp_scenes.rt,key_resp_scenes.duration,key_resp_scene_conf.keys,key_resp_scene_conf.rt,key_resp_scene_conf.duration,runs.thisRepN,runs.thisTrialN,runs.thisN,runs.thisIndex,trials.thisRepN,trials.thisTrialN,trials.thisN,trials.thisIndex,show_rest_screen.thisRepN,show_rest_screen.thisTrialN,show_rest_screen.thisN,show_rest_screen.thisIndex,thisRow.t,notes,piloting,subs_rand_vars.started,subs_rand_vars.stopped,set_instructions.started,set_instructions.stopped,ret_inst_scr.started,text_instructions.started,key_resp_start.started,ret_inst_scr.stopped,key_resp_start.keys,key_resp_start.rt,key_resp_start.duration,ret_inst2.started,text_instructions_2.started,key_resp_start_2.started,ret_inst2.stopped,key_resp_start_2.keys,key_resp_start_2.rt,key_resp_start_2.duration,scene_names_reminder.started,text_reminder.started,image1.started,image2.started,image3.started,image4.started,textbox1.started,textbox2.started,textbox3.started,textbox4.started,key_reminder.started,scene_names_reminder.stopped,key_reminder.keys,key_reminder.rt,key_reminder.duration,blank3000_2.started,text_3.started,text_3.stopped,blank3000_2.stopped,create_runs_stim_div.started,create_runs_stim_div.stopped,set_rows.started,set_rows.stopped,item_imagine_scene.started,item_cue.started,item_imagine_scene.stopped,trials.key_resp_remember.keys,blank1000.started,blank1000.stopped,select_context.started,text_context_headline.started,text_sea.started,text_jungle.started,key_resp_context.started,select_context.stopped,trials.key_resp_context.keys,trials.key_resp_context.corr,trials.key_resp_context.rt,trials.key_resp_context.duration,blank500.started,text_blank.started,text_blank.stopped,blank500.stopped,context_confidence.started,text_context_choice.started,slider_context_conf.started,key_resp_context_conf.started,context_confidence.stopped,trials.key_resp_context_conf.keys,trials.key_resp_context_conf.rt,trials.key_resp_context_conf.duration,select_scene_name.started,text_scene_headline.started,text_actual_context.started,text_q_scene.started,text_labels.started,select_scene_name.stopped,trials.key_resp_scenes.keys,trials.key_resp_scenes.corr,trials.key_resp_scenes.rt,trials.key_resp_scenes.duration,scene_confidence.started,text_chosen_scene.started,slider_scene_conf.started,key_resp_scene_conf.started,scene_confidence.stopped,trials.key_resp_scene_conf.keys,trials.key_resp_scene_conf.rt,trials.key_resp_scene_conf.duration,blank3000.started,blank3000.stopped,item_cue.stopped,text_chosen_scene.stopped,slider_scene_conf.stopped,key_resp_scene_conf.stopped,is_last.started,is_last.stopped,rest_between_runs.started,text_run_rest.started,key_resp_run_rest.started,rest_between_runs.stopped,show_rest_screen.key_resp_run_rest.keys,show_rest_screen.key_resp_run_rest.rt,show_rest_screen.key_resp_run_rest.duration,text_scene_headline.stopped,text_actual_context.stopped,text_q_scene.stopped,text_labels.stopped,ret_end_screen.started,text_endSet.started,key_resp_continue.started,ret_end_screen.stopped,key_resp_continue.keys,key_resp_continue.rt,key_resp_continue.duration,forked_instructions.started,text_end_inst.started,key_resp_end.started,participant,session,delay,group,date,expName,expVersion,psychopyVersion,frameRate,expStart,
,,,,,,,,,,,,,,,,,,,,,,,,,,,,,,,,,,,,,,,,False,0.04832280008122325,0.048658099956810474,,,,,,,,,,,,,,,,,,,,,,,,,,,,,,,,,,,,,,,,,,,,,,,,,,,,,,,,,,,,,,,,,,,,,,,,,,,,,,,,,,,,,,,,,,,,,,,,,,,,,,,,,,,,,,,,,,,205,1,short,A,2026-07-10_14h09.40.571,SBL_superimposed_retrieval,,2026.1.3,120.64399756275358,2026-07-10 14h09.40.973165 -0400,
,,,,,,,,,,,,,,,,,,,,,,,,,,,,,,,,,,,,,,,,,,,0.04869029996916652,0.04889259999617934,,,,,,,,,,,,,,,,,,,,,,,,,,,,,,,,,,,,,,,,,,,,,,,,,,,,,,,,,,,,,,,,,,,,,,,,,,,,,,,,,,,,,,,,,,,,,,,,,,,,,,,,,,,,,,,,,205,1,short,A,2026-07-10_14h09.40.571,SBL_superimposed_retrieval,,2026.1.3,120.64399756275358,2026-07-10 14h09.40.973165 -0400,
,,,,,,,,,,,,,,,,,,,,,,,,,,,,,,,,,,,,,,,,,,,,,0.048915799940004945,0.051808400079607964,1.043242200044915,5.98904150002636,space,4.932726799976081,None,,,,,,,,,,,,,,,,,,,,,,,,,,,,,,,,,,,,,,,,,,,,,,,,,,,,,,,,,,,,,,,,,,,,,,,,,,,,,,,,,,,,,,,,,,,,,,,,,,,,,,,,,,205,1,short,A,2026-07-10_14h09.40.571,SBL_superimposed_retrieval,,2026.1.3,120.64399756275358,2026-07-10 14h09.40.973165 -0400,
,,,,,,,,,,,,,,,,,,,,,,,,,,,,,,,,,,,,,,,,,,,,,,,,,,,,5.98908400000073,5.9922106000594795,7.984927300130948,19.91892240010202,space,11.927280500065535,None,,,,,,,,,,,,,,,,,,,,,,,,,,,,,,,,,,,,,,,,,,,,,,,,,,,,,,,,,,,,,,,,,,,,,,,,,,,,,,,,,,,,,,,,,,,,,,,,,,,205,1,short,A,2026-07-10_14h09.40.571,SBL_superimposed_retrieval,,2026.1.3,120.64399756275358,2026-07-10 14h09.40.973165 -0400,
,,,,,,,,,,,,,,,,,,,,,,,,,,,,,,,,,,,,,,,,,,,,,,,,,,,,,,,,,,,20.204334900015965,20.278180399909616,20.278180399909616,20.278180399909616,20.278180399909616,20.278180399909616,20.278180399909616,20.278180399909616,20.278180399909616,20.278180399909616,21.910345799988136,66.23680850001983,space,44.32134859985672,None,,,,,,,,,,,,,,,,,,,,,,,,,,,,,,,,,,,,,,,,,,,,,,,,,,,,,,,,,,,,,,,,,,,,,,,,,,,,,,,,,,,,205,1,short,A,2026-07-10_14h09.40.571,SBL_superimposed_retrieval,,2026.1.3,120.64399756275358,2026-07-10 14h09.40.973165 -0400,
,,,,,,,,,,,,,,,,,,,,,,,,,,,,,,,,,,,,,,,,,,,,,,,,,,,,,,,,,,,,,,,,,,,,,,,,,,66.23685310012661,66.24378539994359,69.31375849992037,69.22803259990178,,,,,,,,,,,,,,,,,,,,,,,,,,,,,,,,,,,,,,,,,,,,,,,,,,,,,,,,,,,,,,,,,,,,,,,,,,,,,,,,205,1,short,A,2026-07-10_14h09.40.571,SBL_superimposed_retrieval,,2026.1.3,120.64399756275358,2026-07-10 14h09.40.973165 -0400,
,,,,,,,,,,,,,,,,,,,,,,,,,,,,,,,,,,,,,,,,,,,,,,,,,,,,,,,,,,,,,,,,,,,,,,,,,,,,,,69.22825450007804,69.22845970001072,,,,,,,,,,,,,,,,,,,,,,,,,,,,,,,,,,,,,,,,,,,,,,,,,,,,,,,,,,,,,,,,,,,,,,,,,,,,,,205,1,short,A,2026-07-10_14h09.40.571,SBL_superimposed_retrieval,,2026.1.3,120.64399756275358,2026-07-10 14h09.40.973165 -0400,
0,0,0,0,stimuli/scenes/scene_U2.jpg,Undersea,Somar,stimuli/items/jungle_object_8.png,Jungle,object,si,None,2,1,0.8363254000432789,None,2,1.5371008000802249,None,1,1,1.6383318998850882,None,1,0.5664848999585956,None,0,0,0,0,0,0,0,0,,,,,69.31375849992037,,,,,,,,,,,,,,,,,,,,,,,,,,,,,,,,,,,,,,,,,,69.26058800006285,69.26083400007337,69.30921750003472,69.31375849992037,73.26135429996066,None,77.14498799992725,78.13610729994252,74.26014250004664,74.26449150010012,74.26449150010012,74.26449150010012,-0.0006724998820573092,75.10325670009479,2,1,0.8363254000432789,None,79.78684949991293,79.79444590001367,80.28929210011847,80.27800679998472,75.59757070010528,75.6067206999287,75.6067206999287,75.6067206999287,77.14492750004865,2,1.5371008000802249,None,78.1413819999434,78.14550439990126,78.14550439990126,78.14550439990126,78.14550439990126,79.78678130009212,1,1,1.6383318998850882,None,80.28038750006817,80.28929210011847,80.28929210011847,80.28929210011847,80.8618002999574,1,0.5664848999585956,None,80.86186020006426,83.85357060004026,,,,,,,,,,,,,,,,,,,,,,,,,,,,205,1,short,A,2026-07-10_14h09.40.571,SBL_superimposed_retrieval,,2026.1.3,120.64399756275358,2026-07-10 14h09.40.973165 -0400,
0,1,1,0,stimuli/scenes/scene_J2.jpg,Jungle,Tulon,stimuli/items/jungle_object_13.png,Jungle,object,sc,None,1,1,0.6826293000485748,None,3,0.9222329999320209,None,1,1,0.5328484999481589,None,3,0.56366360001266,None,0,0,0,0,0,1,1,1,,,,,83.87660540011711,,,,,,,,,,,,,,,,,,,,,,,,,,,,,,,,,,,,,,,,,,,,83.87401199992746,83.87660540011711,87.86168180010282,None,90.97071129991673,91.9618565000128,88.85368279996328,88.86106429994106,88.86106429994106,88.86106429994106,-0.0006349999457597733,89.54523140005767,1,1,0.6826293000485748,None,92.51199280004948,92.5193103000056,93.01237079990096,93.00323510007001,90.03899040003307,90.04596869996749,90.04596869996749,90.04596869996749,90.97065169992857,3,0.9222329999320209,None,91.96732180006802,91.97107780002989,91.97107780002989,91.97107780002989,91.97107780002989,92.51193140004762,1,1,0.5328484999481589,None,93.00558419991285,93.01237079990096,93.01237079990096,93.01237079990096,93.57867710012943,3,0.56366360001266,None,93.5787355999928,96.5704489001073,87.86980240000412,,,,,,,,,,,,,,,,,,,,,,,,,,,205,1,short,A,2026-07-10_14h09.40.571,SBL_superimposed_retrieval,,2026.1.3,120.64399756275358,2026-07-10 14h09.40.973165 -0400,
0,2,2,0,stimuli/scenes/scene_U1.jpg,Undersea,Malbow,stimuli/items/undersea_animal_16.png,Undersea,animal,sc,None,2,1,0.6855422998778522,None,2,0.3083774000406265,None,2,1,0.48175609996542335,None,None,,,0,0,0,0,0,2,2,2,,,,,96.58685180009343,,,,,,,,,,,,,,,,,,,,,,,,,,,,,,,,,,,,,,,,,,,,96.58439560001716,96.58685180009343,100.57014219998382,None,103.08722899993882,104.07869080011733,101.5631542999763,101.56969140004367,101.56969140004367,101.56969140004367,-0.0003939999733120203,102.27049049991183,2,1,0.6855422998778522,None,104.5703173999209,104.57823189999908,105.07095899991691,105.06169459992088,102.76456700009294,102.77183469990268,102.77183469990268,102.77183469990268,103.08717039995827,2,0.3083774000406265,None,104.08318910002708,104.08656119997613,104.08656119997613,104.08656119997613,104.08656119997613,104.5702535000164,2,1,0.48175609996542335,None,105.06420799996704,105.07095899991691,105.07095899991691,105.07095899991691,107.06256050011143,None,,,107.06260890001431,110.05376129993238,100.57833170006052,107.07004019990563,107.07004019990563,107.07004019990563,,,,,,,,,,,,,,,,,,,,,,,,205,1,short,A,2026-07-10_14h09.40.571,SBL_superimposed_retrieval,,2026.1.3,120.64399756275358,2026-07-10 14h09.40.973165 -0400,
0,3,3,0,stimuli/scenes/scene_J1.jpg,Jungle,Negvi,stimuli/items/undersea_object_14.png,Undersea,object,si,None,1,1,0.36222030012868345,None,3,0.7744592998642474,None,2,1,1.024475600104779,None,3,0.5216123999562114,None,0,0,0,0,0,3,3,3,,,,,110.06688369996846,,,,,,,,,,,,,,,,,,,,,,,,,,,,,,,,,,,,,,,,,,,,110.06443769996986,110.06688369996846,114.05382089992054,None,116.72126949997619,117.71191409998573,115.04616719996557,115.06169530004263,115.06169530004263,115.06169530004263,2.7300091460347176e-05,115.4372690001037,1,1,0.36222030012868345,None,118.74560009990819,118.75348640000448,119.24614930013195,119.23675339994952,115.9311228999868,115.93803890002891,115.93803890002891,115.93803890002891,116.72121009998955,3,0.7744592998642474,None,117.71597549994476,117.71977570001036,117.71977570001036,117.71977570001036,117.71977570001036,118.74553720001131,2,1,1.024475600104779,None,119.23921160004102,119.24614930013195,119.24614930013195,119.24614930013195,119.77109910012223,3,0.5216123999562114,None,119.77115750010125,122.76225459994748,114.06192220002413,,,,,,,,,,,,,,,,,,,,,,,,,,,205,1,short,A,2026-07-10_14h09.40.571,SBL_superimposed_retrieval,,2026.1.3,120.64399756275358,2026-07-10 14h09.40.973165 -0400,
0,4,4,0,stimuli/scenes/scene_J1.jpg,Jungle,Negvi,stimuli/items/jungle_animal_12.png,Jungle,animal,sc,None,1,1,0.957079199841246,None,2,0.7639967000577599,None,2,1,1.6209277999587357,None,1,0.6165414999704808,None,0,0,0,0,0,4,4,4,,,,,122.81411750009283,,,,,,,,,,,,,,,,,,,,,,,,,,,,,,,,,,,,,,,,,,,,122.81180160003714,122.81411750009283,126.77896480006166,None,129.99634859990329,130.98702479992062,127.77091969992034,127.77846570010297,127.77846570010297,127.77846570010297,-0.0001914000604301691,128.72900580009446,1,1,0.957079199841246,None,132.62110779993236,132.62904349993914,133.1201365001034,133.11257350002415,129.22121350001544,129.22831099992618,129.22831099992618,129.22831099992618,129.9962887999136,2,0.7639967000577599,None,130.9874307999853,130.99530349997804,130.99530349997804,130.99530349997804,130.99530349997804,132.62103960011154,2,1,1.6209277999587357,None,133.11349719995633,133.1201365001034,133.1201365001034,133.1201365001034,133.73770379996859,1,0.6165414999704808,None,133.73776310007088,136.72928730002604,,,,,,,,,,,,,,,,,,,,,,,,,,,,205,1,short,A,2026-07-10_14h09.40.571,SBL_superimposed_retrieval,,2026.1.3,120.64399756275358,2026-07-10 14h09.40.973165 -0400,
0,5,5,0,stimuli/scenes/scene_U2.jpg,Undersea,Somar,stimuli/items/jungle_object_17.png,Jungle,object,si,None,2,1,0.830199700081721,None,3,0.34317989996634424,None,1,1,0.4518311000429094,None,3,0.27531489985994995,None,0,0,0,0,0,5,5,5,,,,,136.7700398999732,,,,,,,,,,,,,,,,,,,,,,,,,,,,,,,,,,,,,,,,,,,,136.7678304000292,136.7700398999732,140.7456143000163,None,143.42163460003212,144.41279609990306,141.7383123000618,141.74544580001384,141.74544580001384,141.74544580001384,0.0005939998663961887,142.5712015000172,2,1,0.830199700081721,None,144.8798003999982,144.886806699913,145.38044070010073,145.37109080003574,143.06572899990715,143.07261670008302,143.07261670008302,143.07261670008302,143.42157709994353,3,0.34317989996634424,None,144.41709410003386,144.420558599988,144.420558599988,144.420558599988,144.420558599988,144.87973639997654,1,1,0.4518311000429094,None,145.37347420002334,145.38044070010073,145.38044070010073,145.38044070010073,145.66281499993056,3,0.27531489985994995,None,145.66287200013176,148.6541406000033,,,,,,,,,,,,,,,,,,,,,,,,,,,,205,1,short,A,2026-07-10_14h09.40.571,SBL_superimposed_retrieval,,2026.1.3,120.64399756275358,2026-07-10 14h09.40.973165 -0400,
0,6,6,0,stimuli/scenes/scene_U1.jpg,Undersea,Malbow,stimuli/items/undersea_object_15.png,Undersea,object,sc,None,2,1,0.37682390003465116,None,3,0.5190121999476105,None,2,1,0.7531183999963105,None,2,0.45394999999552965,None,0,0,0,0,0,6,6,6,,,,,148.75915569998324,,,,,,,,,,,,,,,,,,,,,,,,,,,,,,,,,,,,,,,,,,,,148.75604399992153,148.75915569998324,152.67071170010604,None,155.07166779995896,156.06274410011247,153.6634188001044,153.67090880009346,153.67090880009346,153.67090880009346,0.000593199860304594,154.04660040000454,2,1,0.37682390003465116,None,156.8297165001277,156.83733040001243,157.33067160006613,157.32119520008564,154.53852399997413,154.5454985999968,154.5454985999968,154.5454985999968,155.07161070010625,3,0.5190121999476105,None,156.06314920005389,156.0708641000092,156.0708641000092,156.0708641000092,156.0708641000092,156.8296527999919,2,1,0.7531183999963105,None,157.32377699995413,157.33067160006613,157.33067160006613,157.33067160006613,157.7886429000646,2,0.45394999999552965,None,157.78870510007255,160.7798635000363,,,,,,,,,,,,,,,,,,,,,,,,,,,,205,1,short,A,2026-07-10_14h09.40.571,SBL_superimposed_retrieval,,2026.1.3,120.64399756275358,2026-07-10 14h09.40.973165 -0400,
0,7,7,0,stimuli/scenes/scene_J2.jpg,Jungle,Tulon,stimuli/items/jungle_object_1.png,Jungle,object,sc,None,1,1,0.36377579998224974,None,3,0.31193459988571703,None,1,1,0.9818462999537587,None,2,0.28098629997111857,None,0,0,0,0,0,7,7,7,,,,,160.80825809994712,,,,,,,,,,,,,,,,,,,,,,,,,,,,,,,,,,,,,,,,,,,,160.8060457999818,160.80825809994712,164.79603120009415,None,166.97176009998657,167.9630831000395,165.78863180009648,165.79585230001248,165.79585230001248,165.79585230001248,-2.8399983420968056e-05,166.15504140011035,1,1,0.36377579998224974,None,168.95518529997207,168.96261229994707,169.4556040999014,169.44618829991668,166.6491710001137,166.65645270003006,166.65645270003006,166.65645270003006,166.97170299990103,3,0.31193459988571703,None,167.96723609999754,167.97061869991012,167.97061869991012,167.97061869991012,167.97061869991012,168.9551224000752,1,1,0.9818462999537587,None,169.44861859991215,169.4556040999014,169.4556040999014,169.4556040999014,169.73870779993013,2,0.28098629997111857,None,169.738763500005,172.7296124000568,,,,,,,,,,,,,,,,,,,,,,,,,,,,205,1,short,A,2026-07-10_14h09.40.571,SBL_superimposed_retrieval,,2026.1.3,120.64399756275358,2026-07-10 14h09.40.973165 -0400,
0,8,8,0,stimuli/scenes/scene_J1.jpg,Jungle,Negvi,stimuli/items/jungle_object_14.png,Jungle,object,sc,None,1,1,0.32620390015654266,None,3,0.34046499989926815,None,2,1,0.6306046000681818,None,2,0.2479121999349445,None,0,0,0,0,0,8,8,8,,,,,172.7424059000332,,,,,,,,,,,,,,,,,,,,,,,,,,,,,,,,,,,,,,,,,,,,172.74027110007592,172.7424059000332,176.72984879999422,None,178.9220120999962,179.91303290007636,177.72196869994514,177.7375149000436,177.7375149000436,177.7375149000436,0.007405399810522795,178.08033060003072,1,1,0.32620390015654266,None,180.55548290000297,180.56248870003037,181.0561285999138,181.04662319994532,178.57245169999078,178.57941820006818,178.57941820006818,178.57941820006818,178.92195530002937,3,0.34046499989926815,None,179.9134637999814,179.921184200095,179.921184200095,179.921184200095,179.921184200095,180.55542129999958,2,1,0.6306046000681818,None,181.0490329999011,181.0561285999138,181.0561285999138,181.0561285999138,181.3057562999893,2,0.2479121999349445,None,181.30581340007484,184.29635560000315,176.73765129991807,,,,,,,,,,,,,,,,,,,,,,,,,,,205,1,short,A,2026-07-10_14h09.40.571,SBL_superimposed_retrieval,,2026.1.3,120.64399756275358,2026-07-10 14h09.40.973165 -0400,
0,9,9,0,stimuli/scenes/scene_J2.jpg,Jungle,Tulon,stimuli/items/jungle_animal_16.png,Jungle,animal,sc,None,1,1,0.3663178998976946,None,3,0.38905549980700016,None,1,1,0.8214207000564784,None,3,0.3104012000840157,None,0,0,0,0,0,9,9,9,,,,,184.32254470000044,,,,,,,,,,,,,,,,,,,,,,,,,,,,,,,,,,,,,,,,,,,,184.32025150000118,184.32254470000044,188.3130912000779,None,190.572380800033,191.5636144001037,189.30564310005866,189.31287169991992,189.31287169991992,189.31287169991992,-0.00012570014223456383,189.68046619999222,1,1,0.3663178998976946,None,192.3969745999202,192.40455639990978,192.89807510003448,192.88868360011838,190.17289269994944,190.17966299992986,190.17966299992986,190.17966299992986,190.5723236000631,3,0.38905549980700016,None,191.5640273001045,191.57110069994815,191.57110069994815,191.57110069994815,191.57110069994815,192.39691210002638,1,1,0.8214207000564784,None,192.8911751001142,192.89807510003448,192.89807510003448,192.89807510003448,193.2138469000347,3,0.3104012000840157,None,193.21390340011567,196.20507879997604,,,,,,,,,,,,,,,,,,,,,,,,,,,,205,1,short,A,2026-07-10_14h09.40.571,SBL_superimposed_retrieval,,2026.1.3,120.64399756275358,2026-07-10 14h09.40.973165 -0400,
0,10,10,0,stimuli/scenes/scene_J2.jpg,Jungle,Tulon,stimuli/items/undersea_animal_15.png,Undersea,animal,si,None,1,1,0.37778490013442934,None,3,0.31135420012287796,None,1,1,0.7547735997941345,None,2,0.2645031998399645,None,0,0,0,0,0,10,10,10,,,,,196.2444730999414,,,,,,,,,,,,,,,,,,,,,,,,,,,,,,,,,,,,,,,,,,,,196.24193769996054,196.2444730999414,200.22179430001415,None,202.41434719995596,203.40532439993694,201.2143010001164,201.2213109000586,201.2213109000586,201.2213109000586,0.00044169998727738857,201.59722870006226,1,1,0.37778490013442934,None,204.17235599993728,204.18021510005929,204.6712660000194,204.66373039991595,202.08983270009048,202.096468700096,202.096468700096,202.096468700096,202.4142911999952,3,0.31135420012287796,None,203.40575530007482,203.41352760000154,203.41352760000154,203.41352760000154,203.41352760000154,204.17229259992018,1,1,0.7547735997941345,None,204.66464480012655,204.6712660000194,204.6712660000194,204.6712660000194,204.93891009991057,2,0.2645031998399645,None,204.93896940001287,207.93000390008092,,,,,,,,,,,,,,,,,,,,,,,,,,,,205,1,short,A,2026-07-10_14h09.40.571,SBL_superimposed_retrieval,,2026.1.3,120.64399756275358,2026-07-10 14h09.40.973165 -0400,
0,11,11,0,stimuli/scenes/scene_U1.jpg,Undersea,Malbow,stimuli/items/jungle_object_20.png,Jungle,object,si,None,2,1,0.4446179000660777,None,3,0.31030920008197427,None,2,1,0.8510624000336975,None,3,0.35492299986071885,None,0,0,0,0,0,11,11,11,,,,,207.95809810003266,,,,,,,,,,,,,,,,,,,,,,,,,,,,,,,,,,,,,,,,,,,,207.955773799913,207.95809810003266,211.94705700012855,None,214.20605010003783,215.1969065000303,212.9393154999707,212.94644229998812,212.94644229998812,212.94644229998812,0.00039119995199143887,213.38901990000159,2,1,0.4446179000660777,None,216.06404879991896,216.07221679994836,216.56501680007204,216.55564079992473,213.88336759991944,213.8902257999871,213.8902257999871,213.8902257999871,214.20599470008165,3,0.31030920008197427,None,215.20117409992963,215.2047609000001,215.2047609000001,215.2047609000001,215.2047609000001,216.06398420012556,2,1,0.8510624000336975,None,216.55809659999795,216.56501680007204,216.56501680007204,216.56501680007204,216.92246389994398,3,0.35492299986071885,None,216.92252660007216,219.91409759991802,,,,,,,,,,,,,,,,,,,,,,,,,,,,205,1,short,A,2026-07-10_14h09.40.571,SBL_superimposed_retrieval,,2026.1.3,120.64399756275358,2026-07-10 14h09.40.973165 -0400,
0,12,12,0,stimuli/scenes/scene_J2.jpg,Jungle,Tulon,stimuli/items/jungle_animal_20.png,Jungle,animal,sc,None,1,1,0.46189809986390173,None,2,0.6935546000022441,None,2,0,0.7241291999816895,None,2,0.24936229991726577,None,0,0,0,0,0,12,12,12,,,,,219.96208920003846,,,,,,,,,,,,,,,,,,,,,,,,,,,,,,,,,,,,,,,,,,,,219.95952629996464,219.96208920003846,223.93061779998243,None,226.58935409993865,227.5808179001324,224.92267589992844,224.93040459998883,224.93040459998883,224.93040459998883,0.00019480008631944656,225.3892359000165,1,1,0.46189809986390173,None,228.31434969999827,228.32179820002057,228.81495029991493,228.80563089996576,225.8834442999214,225.89035729994066,225.89035729994066,225.89035729994066,226.5892936999444,2,0.6935546000022441,None,227.58506929990835,227.58840849995613,227.58840849995613,227.58840849995613,227.58840849995613,228.3142864999827,2,0,0.7241291999816895,None,228.80799799994566,228.81495029991493,228.81495029991493,228.81495029991493,229.07256660005078,2,0.24936229991726577,None,229.07262360001914,232.06386020011269,,,,,,,,,,,,,,,,,,,,,,,,,,,,205,1,short,A,2026-07-10_14h09.40.571,SBL_superimposed_retrieval,,2026.1.3,120.64399756275358,2026-07-10 14h09.40.973165 -0400,
0,13,13,0,stimuli/scenes/scene_J1.jpg,Jungle,Negvi,stimuli/items/jungle_object_2.png,Jungle,object,sc,None,1,1,0.5201079999096692,None,3,0.31031000008806586,None,2,1,0.7540963001083583,None,3,0.28054760000668466,None,0,0,0,0,0,13,13,13,,,,,232.0930578999687,,,,,,,,,,,,,,,,,,,,,,,,,,,,,,,,,,,,,,,,,,,,232.09084540000185,232.0930578999687,236.08075459999964,None,238.41494869999588,239.4059856000822,237.0731788999401,237.08046089997515,237.08046089997515,237.08046089997515,0.0005989999044686556,237.5979599999264,1,1,0.5201079999096692,None,240.17300079995766,240.1805426001083,240.67191500007175,240.66430509998463,238.089968000073,238.09738690010272,238.09738690010272,238.09738690010272,238.41489290003665,3,0.31031000008806586,None,239.4064223000314,239.4138641001191,239.4138641001191,239.4138641001191,239.4138641001191,240.17292809998617,2,1,0.7540963001083583,None,240.66520619997755,240.67191500007175,240.67191500007175,240.67191500007175,240.9566860999912,3,0.28054760000668466,None,240.95674300007522,243.9478659001179,,,,,,,,,,,,,,,,,,,,,,,,,,,,205,1,short,A,2026-07-10_14h09.40.571,SBL_superimposed_retrieval,,2026.1.3,120.64399756275358,2026-07-10 14h09.40.973165 -0400,
0,14,14,0,stimuli/scenes/scene_U2.jpg,Undersea,Somar,stimuli/items/undersea_animal_13.png,Undersea,animal,sc,None,2,1,0.49157089996151626,None,3,0.6588147999718785,None,1,1,1.041165400063619,None,2,0.3469964999239892,None,0,0,0,0,0,14,14,14,,,,,243.97555049997754,,,,,,,,,,,,,,,,,,,,,,,,,,,,,,,,,,,,,,,,,,,,243.97295779990964,243.97555049997754,247.96435689995997,None,250.62371740001254,251.61511270003393,248.95642150007188,248.96394430007786,248.96394430007786,248.96394430007786,-0.00027769990265369415,249.4564610000234,2,1,0.49157089996151626,None,252.6649921000935,252.67241100012325,253.1654594000429,253.15599370002747,249.95073110004887,249.95773819996975,249.95773819996975,249.95773819996975,250.623658800032,3,0.6588147999718785,None,251.61947569996119,251.62284160009585,251.62284160009585,251.62284160009585,251.62284160009585,252.66492099990137,1,1,1.041165400063619,None,253.15836289990693,253.1654594000429,253.1654594000429,253.1654594000429,253.51522570010275,2,0.3469964999239892,None,253.51528159994632,256.5062615000643,,,,,,,,,,,,,,,,,,,,,,,,,,,,205,1,short,A,2026-07-10_14h09.40.571,SBL_superimposed_retrieval,,2026.1.3,120.64399756275358,2026-07-10 14h09.40.973165 -0400,
0,15,15,0,stimuli/scenes/scene_J2.jpg,Jungle,Tulon,stimuli/items/jungle_animal_8.png,Jungle,animal,sc,None,1,1,0.349273799918592,None,3,0.3858431000262499,None,1,1,1.3481316999532282,None,3,0.2486411000136286,None,0,0,0,0,0,15,15,15,,,,,256.54344539996237,,,,,,,,,,,,,,,,,,,,,,,,,,,,,,,,,,,,,,,,,,,,256.5410488001071,256.54344539996237,260.5227045000065,None,262.7654552999884,263.75635190005414,261.5153616000898,261.52234939998016,261.52234939998016,261.52234939998016,0.0001243001315742731,261.8733799001202,1,1,0.349273799918592,None,265.11544149997644,265.1228132999968,265.61571049992926,265.60629320004955,262.3671957999468,262.3741963999346,262.3741963999346,262.3741963999346,262.7654007000383,3,0.3858431000262499,None,263.76053550001234,263.7640021000989,263.7640021000989,263.7640021000989,263.7640021000989,265.11537840007804,1,1,1.3481316999532282,None,265.60878390003927,265.61571049992926,265.61571049992926,265.61571049992926,265.8653689001221,3,0.2486411000136286,None,265.86542259994894,268.8564838001039,,,,,,,,,,,,,,,,,,,,,,,,,,,,205,1,short,A,2026-07-10_14h09.40.571,SBL_superimposed_retrieval,,2026.1.3,120.64399756275358,2026-07-10 14h09.40.973165 -0400,
0,16,16,0,stimuli/scenes/scene_J1.jpg,Jungle,Negvi,stimuli/items/undersea_animal_3.png,Undersea,animal,si,None,1,1,0.35043870005756617,None,3,0.2616751999594271,None,2,1,0.5469070000108331,None,2,0.247512900037691,None,0,0,0,0,0,16,16,16,,,,,268.88696969999,,,,,,,,,,,,,,,,,,,,,,,,,,,,,,,,,,,,,,,,,,,,268.8844630999956,268.88696969999,272.87299140007235,None,274.9905061000027,275.98180010006763,273.86562649998814,273.87269750004634,273.87269750004634,273.87269750004634,0.000246700132265687,274.2238734001294,1,1,0.35043870005756617,None,276.540312099969,276.5477678999305,277.0409268999938,277.03178500011563,274.71572720003314,274.72249700012617,274.72249700012617,274.72249700012617,274.99045179993846,3,0.2616751999594271,None,275.98221189994365,275.9895234000869,275.9895234000869,275.9895234000869,275.9895234000869,276.54025069996715,2,1,0.5469070000108331,None,277.0341998001095,277.0409268999938,277.0409268999938,277.0409268999938,277.29055809997953,2,0.247512900037691,None,277.2906136000529,280.28191999997944,,,,,,,,,,,,,,,,,,,,,,,,,,,,205,1,short,A,2026-07-10_14h09.40.571,SBL_superimposed_retrieval,,2026.1.3,120.64399756275358,2026-07-10 14h09.40.973165 -0400,
0,17,17,0,stimuli/scenes/scene_J1.jpg,Jungle,Negvi,stimuli/items/undersea_animal_8.png,Undersea,animal,si,None,1,1,0.5252668000757694,None,3,0.5172397000715137,None,1,0,0.3121395001653582,None,1,0.2789466998074204,None,0,0,0,0,0,17,17,17,,,,,280.32091569993645,,,,,,,,,,,,,,,,,,,,,,,,,,,,,,,,,,,,,,,,,,,,280.31842830008827,280.32091569993645,284.29809059994295,None,286.8412492000498,287.8317160999868,285.2906889000442,285.29799100011587,285.29799100011587,285.29799100011587,0.00011910009197890759,285.823585400125,1,1,0.5252668000757694,None,288.15698980004527,288.1647858999204,288.6575688000303,288.64824440004304,286.3164137999993,286.3229221000802,286.3229221000802,286.3229221000802,286.8411932999734,3,0.5172397000715137,None,287.8321360000409,287.84000480012037,287.84000480012037,287.84000480012037,287.84000480012037,288.1569290999323,1,0,0.3121395001653582,None,288.6507161001209,288.6575688000303,288.6575688000303,288.6575688000303,288.9409390001092,1,0.2789466998074204,None,288.9409934999421,291.9320294999052,,,,,,,,,,,,,,,,,,,,,,,,,,,,205,1,short,A,2026-07-10_14h09.40.571,SBL_superimposed_retrieval,,2026.1.3,120.64399756275358,2026-07-10 14h09.40.973165 -0400,
0,18,18,0,stimuli/scenes/scene_J2.jpg,Jungle,Tulon,stimuli/items/undersea_animal_19.png,Undersea,animal,si,None,1,1,0.34840000001713634,None,3,0.4590372000820935,None,1,1,0.4632930001243949,None,1,0.24873419990763068,None,0,0,0,0,0,18,18,18,,,,,291.9476507001091,,,,,,,,,,,,,,,,,,,,,,,,,,,,,,,,,,,,,,,,,,,,291.9450230000075,291.9476507001091,295.9316990999505,None,298.25765949999914,299.24834819999523,296.92429220001213,296.9400289999321,296.9400289999321,296.9400289999321,-0.0008964999578893185,297.29062870005146,1,1,0.34840000001713634,None,299.72445169999264,299.73161170003004,300.223349200096,300.21564080007374,297.78290260001086,297.7896424999926,297.7896424999926,297.7896424999926,298.2575902000535,3,0.4590372000820935,None,299.2487627000082,299.25671280012466,299.25671280012466,299.25671280012466,299.25671280012466,299.72439040010795,1,1,0.4632930001243949,None,300.2165337000042,300.223349200096,300.223349200096,300.223349200096,300.4740832000971,1,0.24873419990763068,None,300.4741378999315,303.46569380001165,295.9399184999056,,,,,,,,,,,,,,,,,,,,,,,,,,,205,1,short,A,2026-07-10_14h09.40.571,SBL_superimposed_retrieval,,2026.1.3,120.64399756275358,2026-07-10 14h09.40.973165 -0400,
0,19,19,0,stimuli/scenes/scene_J1.jpg,Jungle,Negvi,stimuli/items/jungle_object_19.png,Jungle,object,sc,None,1,1,0.3666494998615235,None,3,0.7159510999917984,None,2,1,0.3756887000054121,None,1,0.40275139990262687,None,0,0,0,0,0,19,19,19,,,,,303.4856217999477,,,,,,,,,,,,,,,,,,,,,,,,,,,,,,,,,,,,,,,,,,,,303.48314830008894,303.4856217999477,307.4736804999411,None,310.0575647999067,311.0487518000882,308.46639239997603,308.47343949996866,308.47343949996866,308.47343949996866,-0.000619600061327219,308.8409857999068,1,1,0.3666494998615235,None,311.4411273000296,311.44859379995614,311.9416588000022,311.93246120004915,309.33305160002783,309.3398885000497,309.3398885000497,309.3398885000497,310.0575087000616,3,0.7159510999917984,None,311.0491508000996,311.0565621999558,311.0565621999558,311.0565621999558,311.0565621999558,311.4410643998999,2,1,0.3756887000054121,None,311.93502900004387,311.9416588000022,311.9416588000022,311.9416588000022,312.3496487000957,1,0.40275139990262687,None,312.3497065999545,315.34078299999237,307.48166160006076,,,,,,,,,,,,,,,,,,,,,,,,,,,205,1,short,A,2026-07-10_14h09.40.571,SBL_superimposed_retrieval,,2026.1.3,120.64399756275358,2026-07-10 14h09.40.973165 -0400,
1,0,0,0,stimuli/scenes/scene_J1.jpg,Jungle,Negvi,stimuli/items/jungle_object_11.png,Jungle,object,sc,None,1,1,0.32441570004448295,None,3,0.2923681999091059,None,2,1,0.7043828999157995,None,2,0.21648319996893406,None,0,1,1,1,0,0,0,0,0,0,0,0,326.13286520005204,,,,,,,,,,,,,,,,,,,,,,,,,,,,,,,,,,,,,,,,,,326.09222520003095,326.0924472999759,326.1302046000492,326.13286520005204,330.09907520003617,None,332.2247703000903,333.2159158999566,331.09171649999917,331.0987329999916,331.0987329999916,331.0987329999916,-0.0007136999629437923,331.424392899964,1,1,0.32441570004448295,None,333.93306989991106,333.9406385999173,334.4322750000283,334.4242718000896,331.9166649999097,331.9235179000534,331.9235179000534,331.9235179000534,332.22471400001086,3,0.2923681999091059,None,333.21633359999396,333.22375439992175,333.22375439992175,333.22375439992175,333.22375439992175,333.93299510004,2,1,0.7043828999157995,None,334.42517290008254,334.4322750000283,334.4322750000283,334.4322750000283,334.6499616999645,2,0.21648319996893406,None,334.6500194000546,337.6408999999985,,,,,315.3434385000728,315.3436590000056,315.34385589999147,315.34886000002734,316.3403807000723,326.09126399992965,space,9.747382800094783,None,,,,,,,,,,,,,,,205,1,short,A,2026-07-10_14h09.40.571,SBL_superimposed_retrieval,,2026.1.3,120.64399756275358,2026-07-10 14h09.40.973165 -0400,
1,1,1,0,stimuli/scenes/scene_J2.jpg,Jungle,Tulon,stimuli/items/undersea_animal_17.png,Undersea,animal,si,None,1,1,0.3750762001145631,None,2,0.2916246000677347,None,1,1,0.3119143000803888,None,2,0.24631790001876652,None,0,1,1,1,0,1,1,1,,,,,337.6599799001124,,,,,,,,,,,,,,,,,,,,,,,,,,,,,,,,,,,,,,,,,,,,337.65777090005577,337.6599799001124,341.6497726999223,None,343.83329469989985,344.82422380009666,342.6418181001209,342.6488012999762,342.6488012999762,342.6488012999762,0.0074812001548707485,343.0414849000517,1,1,0.3750762001145631,None,345.14963419991545,345.15751580009237,345.650216500042,345.6409782001283,343.5332746000495,343.5404477000702,343.5404477000702,343.5404477000702,343.83323909994215,2,0.2916246000677347,None,344.82463470008224,344.8325008000247,344.8325008000247,344.8325008000247,344.8325008000247,345.1495765999425,1,1,0.3119143000803888,None,345.6434210999869,345.650216500042,345.650216500042,345.650216500042,345.8999930000864,2,0.24631790001876652,None,345.9000466999132,348.89139269990847,341.65744589990936,,,,,,,,,,,,,,,,,,,,,,,,,,,205,1,short,A,2026-07-10_14h09.40.571,SBL_superimposed_retrieval,,2026.1.3,120.64399756275358,2026-07-10 14h09.40.973165 -0400,
1,2,2,0,stimuli/scenes/scene_U1.jpg,Undersea,Malbow,stimuli/items/undersea_animal_9.png,Undersea,animal,sc,None,2,1,0.28432500013150275,None,2,0.2913743001408875,None,1,0,0.9933770999778062,None,2,0.5637133000418544,None,0,1,1,1,0,2,2,2,,,,,348.92215949995443,,,,,,,,,,,,,,,,,,,,,,,,,,,,,,,,,,,,,,,,,,,,348.91992609994486,348.92215949995443,352.9075070999097,None,354.9920634001028,355.98308050003834,353.90028079994954,353.9074109001085,353.9074109001085,353.9074109001085,0.00027689989656209946,354.1919331001118,2,1,0.28432500013150275,None,356.99193380004726,356.9992452999577,357.49238299997523,357.4831779000815,354.6854656999931,354.69245400000364,354.69245400000364,354.69245400000364,354.99200679990463,2,0.2913743001408875,None,355.98747749999166,355.9907420000527,355.9907420000527,355.9907420000527,355.9907420000527,356.9918714999221,1,0,0.9933770999778062,None,357.4855444000568,357.49238299997523,357.49238299997523,357.49238299997523,358.0583685000893,2,0.5637133000418544,None,358.0584267000668,361.0498693000991,,,,,,,,,,,,,,,,,,,,,,,,,,,,205,1,short,A,2026-07-10_14h09.40.571,SBL_superimposed_retrieval,,2026.1.3,120.64399756275358,2026-07-10 14h09.40.973165 -0400,
1,3,3,0,stimuli/scenes/scene_J2.jpg,Jungle,Tulon,stimuli/items/undersea_object_11.png,Undersea,object,si,None,2,0,0.4935014001093805,None,3,0.27865469991229475,None,2,0,0.5798913000617176,None,1,1.6063699000515044,None,0,1,1,1,0,3,3,3,,,,,361.0877545999829,,,,,,,,,,,,,,,,,,,,,,,,,,,,,,,,,,,,,,,,,,,,361.08552500000224,361.0877545999829,365.06632179999724,None,367.34243399999104,368.3333650000859,366.05894550005905,366.0661104999017,366.0661104999017,366.0661104999017,0.0005625998601317406,366.5581916999072,2,0,0.4935014001093805,None,368.9254028000869,368.9328240000177,369.4255508000497,369.41629320010543,367.05060450010933,367.05748079996556,367.05748079996556,367.05748079996556,367.3423754000105,3,0.27865469991229475,None,368.33773009991273,368.34094300004654,368.34094300004654,368.34094300004654,368.34094300004654,368.9253418999724,2,0,0.5798913000617176,None,369.41864080005325,369.4255508000497,369.4255508000497,369.4255508000497,371.03373129991814,1,1.6063699000515044,None,371.03379340004176,374.0248954000417,,,,,,,,,,,,,,,,,,,,,,,,,,,,205,1,short,A,2026-07-10_14h09.40.571,SBL_superimposed_retrieval,,2026.1.3,120.64399756275358,2026-07-10 14h09.40.973165 -0400,
1,4,4,0,stimuli/scenes/scene_J2.jpg,Jungle,Tulon,stimuli/items/jungle_animal_2.png,Jungle,animal,sc,None,1,1,0.6232080000918359,None,3,0.32790270005352795,None,1,1,1.3809915999881923,None,3,0.31150030018761754,None,0,1,1,1,0,4,4,4,,,,,374.0411129000131,,,,,,,,,,,,,,,,,,,,,,,,,,,,,,,,,,,,,,,,,,,,374.0386163000949,374.0411129000131,378.02510570012964,None,380.49207739997655,381.48340780008584,379.0170442000963,379.0328562001232,379.0328562001232,379.0328562001232,-0.0008550998754799366,379.65870329993777,1,1,0.6232080000918359,None,382.87557190004736,382.8833127000835,383.3763421000913,383.36675820010714,380.1528636000585,380.1598237999715,380.1598237999715,380.1598237999715,380.49202200002037,3,0.32790270005352795,None,381.4838219000958,381.4915166001301,381.4915166001301,381.4915166001301,381.4915166001301,382.875507599907,1,1,1.3809915999881923,None,383.3695050000679,383.3763421000913,383.3763421000913,383.3763421000913,383.69248580001295,3,0.31150030018761754,None,383.6925419999752,386.6837146000471,378.03299780003726,,,,,,,,,,,,,,,,,,,,,,,,,,,205,1,short,A,2026-07-10_14h09.40.571,SBL_superimposed_retrieval,,2026.1.3,120.64399756275358,2026-07-10 14h09.40.973165 -0400,
1,5,5,0,stimuli/scenes/scene_U2.jpg,Undersea,Somar,stimuli/items/undersea_animal_12.png,Undersea,animal,sc,None,2,1,0.38012959994375706,None,1,0.5836124999914318,None,2,0,0.9457133000250906,None,1,0.22994379978626966,None,0,1,1,1,0,5,5,5,,,,,386.6974675001111,,,,,,,,,,,,,,,,,,,,,,,,,,,,,,,,,,,,,,,,,,,,386.69524429994635,386.6974675001111,390.68403040012345,None,393.16767910006456,394.1587716001086,391.67598709999584,391.68331600003876,391.68331600003876,391.68331600003876,-0.0008050999604165554,392.0755096001085,2,1,0.38012959994375706,None,395.11740220012143,395.12512050010264,395.6180978999473,395.6087213999126,392.56994730001315,392.5768764000386,392.5768764000386,392.5768764000386,393.1676207999699,1,0.5836124999914318,None,394.16308209998533,394.1664078000467,394.1664078000467,394.1664078000467,394.1664078000467,395.11734160012566,2,0,0.9457133000250906,None,395.6111757000908,395.6180978999473,395.6180978999473,395.6180978999473,395.8513265000656,1,0.22994379978626966,None,395.8513806001283,398.8422187999822,390.6915752000641,,,,,,,,,,,,,,,,,,,,,,,,,,,205,1,short,A,2026-07-10_14h09.40.571,SBL_superimposed_retrieval,,2026.1.3,120.64399756275358,2026-07-10 14h09.40.973165 -0400,
1,6,6,0,stimuli/scenes/scene_J2.jpg,Jungle,Tulon,stimuli/items/undersea_animal_14.png,Undersea,animal,si,None,1,1,0.34882189985364676,None,3,0.26568209985271096,None,1,1,0.9130208999849856,None,1,0.3111992001067847,None,0,1,1,1,0,6,6,6,,,,,398.8694392000325,,,,,,,,,,,,,,,,,,,,,,,,,,,,,,,,,,,,,,,,,,,,398.86729889991693,398.8694392000325,402.85855229990557,None,404.97585469996557,405.9673456000164,403.85128120006993,403.8582639999222,403.8582639999222,403.8582639999222,-5.519995465874672e-05,404.2010647000279,1,1,0.34882189985364676,None,406.89279150008224,406.90043579996563,407.3933425000869,407.3838679001201,404.6948343999684,404.7020304999314,404.7020304999314,404.7020304999314,404.97579940012656,3,0.26568209985271096,None,405.97144809993915,405.97483969992027,405.97483969992027,405.97483969992027,405.97483969992027,406.89273059996776,1,1,0.9130208999849856,None,407.38645160011947,407.3933425000869,407.3933425000869,407.3933425000869,407.7092959000729,1,0.3111992001067847,None,407.70935499994084,410.7008171000052,,,,,,,,,,,,,,,,,,,,,,,,,,,,205,1,short,A,2026-07-10_14h09.40.571,SBL_superimposed_retrieval,,2026.1.3,120.64399756275358,2026-07-10 14h09.40.973165 -0400,
1,7,7,0,stimuli/scenes/scene_U1.jpg,Undersea,Malbow,stimuli/items/undersea_object_2.png,Undersea,object,sc,None,2,1,0.3314269999973476,None,3,0.29702779999934137,None,1,0,0.32616160018369555,None,3,0.2756934999488294,None,0,1,1,1,0,7,7,7,,,,,410.71522350003943,,,,,,,,,,,,,,,,,,,,,,,,,,,,,,,,,,,,,,,,,,,,410.71306540002115,410.71522350003943,414.70070339995436,None,416.84280159999616,417.83406600006856,415.69322929996997,415.70037360000424,415.70037360000424,415.70037360000424,-0.0006337000522762537,416.04264110000804,2,1,0.3314269999973476,None,418.17616480006836,418.18375839991495,418.67687610001303,418.66775489994325,416.5363747999072,416.5431924001314,416.5431924001314,416.5431924001314,416.8427422000095,3,0.29702779999934137,None,417.83841470000334,417.84175690007396,417.84175690007396,417.84175690007396,417.84175690007396,418.1761084999889,1,0,0.32616160018369555,None,418.67007160000503,418.67687610001303,418.67687610001303,418.67687610001303,418.9594266999047,3,0.2756934999488294,None,418.959479900077,421.9510288001038,414.70862070005387,,,,,,,,,,,,,,,,,,,,,,,,,,,205,1,short,A,2026-07-10_14h09.40.571,SBL_superimposed_retrieval,,2026.1.3,120.64399756275358,2026-07-10 14h09.40.973165 -0400,
1,8,8,0,stimuli/scenes/scene_J1.jpg,Jungle,Negvi,stimuli/items/undersea_object_20.png,Undersea,object,si,None,2,0,0.32863879995420575,None,3,0.3286731999833137,None,None,0,,,None,,,0,1,1,1,0,8,8,8,,,,,421.9833979001269,,,,,,,,,,,,,,,,,,,,,,,,,,,,,,,,,,,,,,,,,,,,421.98119869991206,421.9833979001269,425.9673921999056,None,428.1267351999413,429.11786390002817,426.9596724999137,426.96705209999345,426.96705209999345,426.96705209999345,0.00023579993285238743,427.2930860000197,2,0,0.32863879995420575,None,431.60922170011327,431.62534300005063,432.1171269000042,432.10927839996293,427.78497079992667,427.7918400000781,427.7918400000781,427.7918400000781,428.12667850009166,3,0.3286731999833137,None,429.12214610003866,429.1256188999396,429.1256188999396,429.1256188999396,429.1256188999396,431.6091642000247,None,0,,,432.1121308999136,432.1254841000773,432.1254841000773,432.1254841000773,434.11011889996007,None,,,434.110164700076,437.10084849991836,,434.11713559995405,434.11713559995405,434.11713559995405,,,,,,,,,,431.61716459994204,431.61716459994204,431.61716459994204,431.61716459994204,,,,,,,,,,,205,1,short,A,2026-07-10_14h09.40.571,SBL_superimposed_retrieval,,2026.1.3,120.64399756275358,2026-07-10 14h09.40.973165 -0400,
1,9,9,0,stimuli/scenes/scene_J2.jpg,Jungle,Tulon,stimuli/items/undersea_animal_18.png,Undersea,animal,si,None,1,1,0.2985614000353962,None,3,1.0486280000768602,None,2,0,1.2000096999108791,None,1,0.6663065000902861,None,0,1,1,1,0,9,9,9,,,,,437.12455169996247,,,,,,,,,,,,,,,,,,,,,,,,,,,,,,,,,,,,,,,,,,,,437.12201320007443,437.12455169996247,441.10944920009933,None,443.98509730002843,444.97601459990256,442.10184210003354,442.1173340000678,442.1173340000678,442.1173340000678,-0.00048239994794130325,442.4267470999621,1,1,0.2985614000353962,None,446.1851937000174,446.1924966000952,446.68588100001216,446.6762777999975,442.9202809999697,442.92731410008855,442.92731410008855,442.92731410008855,443.9850377999246,3,1.0486280000768602,None,444.97643709997647,444.9843037999235,444.9843037999235,444.9843037999235,444.9843037999235,446.1851327000186,2,0,1.2000096999108791,None,446.67892310000025,446.68588100001216,446.68588100001216,446.68588100001216,447.3604158000089,1,0.6663065000902861,None,447.36047439998947,450.35112869995646,441.11727040004916,,,,,,,,,,,,,,,,,,,,,,,,,,,205,1,short,A,2026-07-10_14h09.40.571,SBL_superimposed_retrieval,,2026.1.3,120.64399756275358,2026-07-10 14h09.40.973165 -0400,
1,10,10,0,stimuli/scenes/scene_U2.jpg,Undersea,Somar,stimuli/items/jungle_animal_17.png,Jungle,animal,si,None,2,1,0.3042721999809146,None,3,0.470257299952209,None,1,1,1.1414864000398666,None,3,0.3454420999623835,None,0,1,1,1,0,10,10,10,,,,,450.3769682000857,,,,,,,,,,,,,,,,,,,,,,,,,,,,,,,,,,,,,,,,,,,,450.3743795999326,450.3769682000857,454.35968300001696,None,456.6524308999069,457.64286649995483,455.3519312001299,455.3593822000548,455.3593822000548,455.3593822000548,0.007557600038126111,455.6765376001131,2,1,0.3042721999809146,None,458.7933946000412,458.80095360009,459.2942826000508,459.2849846999161,456.1711278001312,456.1780338000972,456.1780338000972,456.1780338000972,456.65237589995377,3,0.470257299952209,None,457.647366899997,457.6507617000025,457.6507617000025,457.6507617000025,457.6507617000025,458.7933306999039,1,1,1.1414864000398666,None,459.2874098001048,459.2942826000508,459.2942826000508,459.2942826000508,459.6437129001133,3,0.3454420999623835,None,459.64376950007863,462.6347888999153,454.36756659997627,,,,,,,,,,,,,,,,,,,,,,,,,,,205,1,short,A,2026-07-10_14h09.40.571,SBL_superimposed_retrieval,,2026.1.3,120.64399756275358,2026-07-10 14h09.40.973165 -0400,
1,11,11,0,stimuli/scenes/scene_J2.jpg,Jungle,Tulon,stimuli/items/jungle_object_18.png,Jungle,object,sc,None,1,1,0.2853122998494655,None,3,0.24443669989705086,None,1,1,0.4835324001032859,None,3,0.20334370015189052,None,0,1,1,1,0,11,11,11,,,,,462.652721399907,,,,,,,,,,,,,,,,,,,,,,,,,,,,,,,,,,,,,,,,,,,,462.65051860013045,462.652721399907,466.64347400004044,None,468.6855977999512,469.6766749001108,467.63561309990473,467.64295600005426,467.64295600005426,467.64295600005426,-0.0007303999736905098,467.9348782999441,1,1,0.2853122998494655,None,470.16869670012966,470.176331799943,470.6693742000498,470.66002420010045,468.4292939999141,468.4362145999912,468.4362145999912,468.4362145999912,468.68554340000264,3,0.24443669989705086,None,469.6808382999152,469.6843208000064,469.6843208000064,469.6843208000064,469.6843208000064,470.16863900003955,1,1,0.4835324001032859,None,470.6624094999861,470.6693742000498,470.6693742000498,470.6693742000498,470.8773672999814,3,0.20334370015189052,None,470.87742000003345,473.86816899990663,466.6514383999165,,,,,,,,,,,,,,,,,,,,,,,,,,,205,1,short,A,2026-07-10_14h09.40.571,SBL_superimposed_retrieval,,2026.1.3,120.64399756275358,2026-07-10 14h09.40.973165 -0400,
1,12,12,0,stimuli/scenes/scene_U2.jpg,Undersea,Somar,stimuli/items/undersea_animal_20.png,Undersea,animal,sc,None,2,1,0.3148272999096662,None,1,0.2654950001742691,None,1,1,0.9447802999056876,None,1,0.4847057999577373,None,0,1,1,1,0,12,12,12,,,,,473.90173509996384,,,,,,,,,,,,,,,,,,,,,,,,,,,,,,,,,,,,,,,,,,,,473.89953409996815,473.90173509996384,477.8850650000386,None,479.96909549995326,480.95990270003676,478.87737210001796,478.8849540001247,478.8849540001247,478.8849540001247,-4.499917849898338e-06,479.1935550000053,2,1,0.3148272999096662,None,481.91860490012914,481.9261654999573,482.4190976000391,482.4099447000772,479.6879587001167,479.69480579998344,479.69480579998344,479.69480579998344,479.969035099959,1,0.2654950001742691,None,480.9644452999346,480.96781999990344,480.96781999990344,480.96781999990344,480.96781999990344,481.91852690000087,1,1,0.9447802999056876,None,482.41240140004084,482.4190976000391,482.4190976000391,482.4190976000391,482.91065860004164,1,0.4847057999577373,None,482.9107149001211,485.90181770012714,,,,,,,,,,,,,,,,,,,,,,,,,,,,205,1,short,A,2026-07-10_14h09.40.571,SBL_superimposed_retrieval,,2026.1.3,120.64399756275358,2026-07-10 14h09.40.973165 -0400,
1,13,13,0,stimuli/scenes/scene_U1.jpg,Undersea,Malbow,stimuli/items/jungle_object_16.png,Jungle,object,si,None,2,1,0.3133501000702381,None,3,0.29815960000269115,None,2,1,0.35753460018895566,None,3,0.18571630003862083,None,0,1,1,1,0,13,13,13,,,,,485.9340856000781,,,,,,,,,,,,,,,,,,,,,,,,,,,,,,,,,,,,,,,,,,,,485.931555399904,485.9340856000781,489.91832650010474,None,492.0278352999594,493.01874800003134,490.9111601000186,490.918394099921,490.918394099921,490.918394099921,0.0004894000012427568,491.2272272000555,2,1,0.3133501000702381,None,493.38572999997996,493.393334900029,493.88655099994503,493.8772366999183,491.7197974999435,491.7263990000356,491.7263990000356,491.7263990000356,492.02778110001236,3,0.29815960000269115,None,493.01916690007783,493.0266917999834,493.0266917999834,493.0266917999834,493.0266917999834,493.38567389990203,2,1,0.35753460018895566,None,493.87970950012095,493.88655099994503,493.88655099994503,493.88655099994503,494.07756179990247,3,0.18571630003862083,None,494.0776134999469,497.0689006000757,,,,,,,,,,,,,,,,,,,,,,,,,,,,205,1,short,A,2026-07-10_14h09.40.571,SBL_superimposed_retrieval,,2026.1.3,120.64399756275358,2026-07-10 14h09.40.973165 -0400,
1,14,14,0,stimuli/scenes/scene_U1.jpg,Undersea,Malbow,stimuli/items/jungle_animal_18.png,Jungle,animal,si,None,2,1,0.2660866000223905,None,3,0.5651026999112219,None,2,1,0.5175941998604685,None,3,0.2453598000574857,None,0,1,1,1,0,14,14,14,,,,,497.0997758000158,,,,,,,,,,,,,,,,,,,,,,,,,,,,,,,,,,,,,,,,,,,,497.09728919994086,497.0997758000158,501.0851066999603,None,503.4198618000373,504.41082470002584,502.07795340009034,502.0848890999332,502.0848890999332,502.0848890999332,0.0003830001223832369,502.3526029000059,2,1,0.2660866000223905,None,504.94432249991223,504.9519259999506,505.44329659990035,505.43544239993207,502.84466419997625,502.85149560007267,502.85149560007267,502.85149560007267,503.4198040999472,3,0.5651026999112219,None,504.41124720009975,504.41842989996076,504.41842989996076,504.41842989996076,504.41842989996076,504.94426369993016,2,1,0.5175941998604685,None,505.4363331000786,505.44329659990035,505.44329659990035,505.44329659990035,505.69451830000617,3,0.2453598000574857,None,505.6945734999608,508.68527949997224,,,,,,,,,,,,,,,,,,,,,,,,,,,,205,1,short,A,2026-07-10_14h09.40.571,SBL_superimposed_retrieval,,2026.1.3,120.64399756275358,2026-07-10 14h09.40.973165 -0400,
1,15,15,0,stimuli/scenes/scene_U2.jpg,Undersea,Somar,stimuli/items/jungle_object_5.png,Jungle,object,si,None,2,1,0.394789099926129,None,3,0.5510960000101477,None,1,1,0.27173359994776547,None,3,0.2481054998934269,None,0,1,1,1,0,15,15,15,,,,,508.70121109997854,,,,,,,,,,,,,,,,,,,,,,,,,,,,,,,,,,,,,,,,,,,,508.6986801000312,508.70121109997854,512.685956500005,None,515.15283060004,516.1442185000051,513.6780268999282,513.6856428999454,513.6856428999454,513.6856428999454,-0.0009042001329362392,514.0943968000356,2,1,0.394789099926129,None,516.4283537000883,516.4354523001239,516.9283340999391,516.9190815000329,514.5864895000122,514.5934176999144,514.5934176999144,514.5934176999144,515.1527750999667,3,0.5510960000101477,None,516.1446310000028,516.1521489000879,516.1521489000879,516.1521489000879,516.1521489000879,516.4282974000089,1,1,0.27173359994776547,None,516.9214286999777,516.9283340999391,516.9283340999391,516.9283340999391,517.178491699975,3,0.2481054998934269,None,517.1785460999236,520.1689273999073,512.6937204001006,,,,,,,,,,,,,,,,,,,,,,,,,,,205,1,short,A,2026-07-10_14h09.40.571,SBL_superimposed_retrieval,,2026.1.3,120.64399756275358,2026-07-10 14h09.40.973165 -0400,
1,16,16,0,stimuli/scenes/scene_U2.jpg,Undersea,Somar,stimuli/items/jungle_animal_15.png,Jungle,animal,si,None,2,1,0.3343046000227332,None,2,0.30982059985399246,None,1,1,0.8167151000816375,None,2,0.23550229985266924,None,0,1,1,1,0,16,16,16,,,,,520.2010313000064,,,,,,,,,,,,,,,,,,,,,,,,,,,,,,,,,,,,,,,,,,,,520.1987493999768,520.2010313000064,524.1859536999837,None,526.3366582000162,527.3278499001171,525.178183699958,525.1855403000955,525.1855403000955,525.1855403000955,-0.00031649996526539326,525.5196193999145,2,1,0.3343046000227332,None,528.1532469999511,528.160605299985,528.6523605000693,528.6443880000152,526.0117355000693,526.0185446999967,526.0185446999967,526.0185446999967,526.3366040000692,2,0.30982059985399246,None,527.3282782000024,527.3356139000971,527.3356139000971,527.3356139000971,527.3356139000971,528.1531771000009,1,1,0.8167151000816375,None,528.6452687000856,528.6523605000693,528.6523605000693,528.6523605000693,528.8947835001163,2,0.23550229985266924,None,528.8948373000603,531.885916300118,,,,,,,,,,,,,,,,,,,,,,,,,,,,205,1,short,A,2026-07-10_14h09.40.571,SBL_superimposed_retrieval,,2026.1.3,120.64399756275358,2026-07-10 14h09.40.973165 -0400,
1,17,17,0,stimuli/scenes/scene_U1.jpg,Undersea,Malbow,stimuli/items/jungle_object_10.png,Jungle,object,si,None,2,1,0.44097839994356036,None,1,0.7556358999572694,None,1,0,1.3022120001260191,None,1,0.3577341998461634,None,0,1,1,1,0,17,17,17,,,,,531.9118391999509,,,,,,,,,,,,,,,,,,,,,,,,,,,,,,,,,,,,,,,,,,,,531.9095860999078,531.9118391999509,535.9026736000087,None,538.6037119000684,539.5945840999484,536.8953112999443,536.902555800043,536.902555800043,536.902555800043,0.0005180998705327511,537.34512860002,2,1,0.44097839994356036,None,540.911659900099,540.9193762999494,541.4106453999411,541.4028038999531,537.8373046000488,537.8442866001278,537.8442866001278,537.8442866001278,538.603655199986,1,0.7556358999572694,None,539.5949927000329,539.6024353001267,539.6024353001267,539.6024353001267,539.6024353001267,540.91159839998,1,0,1.3022120001260191,None,541.4037113001104,541.4106453999411,541.4106453999411,541.4106453999411,541.7701010999735,1,0.3577341998461634,None,541.7701566000469,544.7614182999823,,,,,,,,,,,,,,,,,,,,,,,,,,,,205,1,short,A,2026-07-10_14h09.40.571,SBL_superimposed_retrieval,,2026.1.3,120.64399756275358,2026-07-10 14h09.40.973165 -0400,
1,18,18,0,stimuli/scenes/scene_U2.jpg,Undersea,Somar,stimuli/items/jungle_object_6.png,Jungle,object,si,None,2,1,0.3024744999129325,None,2,0.31102779996581376,None,1,1,0.8661001999862492,None,2,0.4115106000099331,None,0,1,1,1,0,18,18,18,,,,,544.7822940000333,,,,,,,,,,,,,,,,,,,,,,,,,,,,,,,,,,,,,,,,,,,,544.7799337999895,544.7822940000333,548.7700581999961,None,550.8954147999175,551.8865656999405,549.7619914999232,549.769326500129,549.769326500129,549.769326500129,-0.0006707001011818647,550.0786419000942,2,1,0.3024744999129325,None,552.7617937999312,552.7696315001231,553.2610478999559,553.2531501001213,550.5705955999438,550.5772939999588,550.5772939999588,550.5772939999588,550.8953599000815,2,0.31102779996581376,None,551.88697280013,551.8944306001067,551.8944306001067,551.8944306001067,551.8944306001067,552.7617343999445,1,1,0.8661001999862492,None,553.254011400044,553.2610478999559,553.2610478999559,553.2610478999559,553.6791960000992,2,0.4115106000099331,None,553.6792500000447,556.6699455000926,548.7778791999444,,,,,,,,,,,,,,,,,,,,,,,,,,,205,1,short,A,2026-07-10_14h09.40.571,SBL_superimposed_retrieval,,2026.1.3,120.64399756275358,2026-07-10 14h09.40.973165 -0400,
1,19,19,0,stimuli/scenes/scene_U1.jpg,Undersea,Malbow,stimuli/items/undersea_animal_5.png,Undersea,animal,sc,None,2,1,0.3132080000359565,None,3,0.28215530002489686,None,2,1,1.238495099823922,None,3,0.26269940007478,None,0,1,1,1,0,19,19,19,,,,,556.6966359000653,,,,,,,,,,,,,,,,,,,,,,,,,,,,,,,,,,,,,,,,,,,,556.6944218999706,556.6966359000653,560.6862101999577,None,562.7787317999173,563.7700670000631,561.6789996000007,561.6861588999163,561.6861588999163,561.6861588999163,-0.00020759995095431805,561.9954117001034,2,1,0.3132080000359565,None,565.0206176999491,565.0277134999633,565.5217063000891,565.5120749000926,562.4875976999756,562.4943699000869,562.4943699000869,562.4943699000869,562.7786765000783,3,0.28215530002489686,None,563.7704775000457,563.7778294999152,563.7778294999152,563.7778294999152,563.7778294999152,565.0205582000781,2,1,1.238495099823922,None,565.5147516999859,565.5217063000891,565.5217063000891,565.5217063000891,565.7869490000885,3,0.26269940007478,None,565.7870042000432,568.7787286001258,,,,,,,,,,,,,,,,,,,,,,,,,,,,205,1,short,A,2026-07-10_14h09.40.571,SBL_superimposed_retrieval,,2026.1.3,120.64399756275358,2026-07-10 14h09.40.973165 -0400,
2,0,0,0,stimuli/scenes/scene_U1.jpg,Undersea,Malbow,stimuli/items/undersea_object_9.png,Undersea,object,sc,None,2,1,0.36887319991365075,None,3,0.6942865001037717,None,2,1,0.5146965999156237,None,2,0.26658259984105825,None,0,2,2,2,0,0,0,0,0,0,0,0,569.943011400057,,,,,,,,,,,,,,,,,,,,,,,,,,,,,,,,,,,,,,,,,,569.8877950001042,569.8880104001146,569.9403176999185,569.943011400057,573.8947866999079,None,576.4627416001167,577.4532840000466,574.8877183999866,574.8949003000744,574.8949003000744,574.8949003000744,-0.0002758000046014786,575.2621506999712,2,1,0.36887319991365075,None,577.9790839001071,577.9862474000547,578.4778783000074,578.4702403000556,575.754792700056,575.7614905999508,575.7614905999508,575.7614905999508,576.4626873999368,3,0.6942865001037717,None,577.453714299947,577.4615231000353,577.4615231000353,577.4615231000353,577.4615231000353,577.9790242000017,2,1,0.5146965999156237,None,578.4711567000486,578.4778783000074,578.4778783000074,578.4778783000074,578.745640499983,2,0.26658259984105825,None,578.74569780007,581.7369315999094,,,,,568.7812660001218,568.7814919999801,568.7816894999705,568.7863229000941,569.7784971001092,569.8868653001264,space,0.10166460019536316,None,,,,,,,,,,,,,,,205,1,short,A,2026-07-10_14h09.40.571,SBL_superimposed_retrieval,,2026.1.3,120.64399756275358,2026-07-10 14h09.40.973165 -0400,
2,1,1,0,stimuli/scenes/scene_U2.jpg,Undersea,Somar,stimuli/items/undersea_animal_10.png,Undersea,animal,sc,None,1,0,0.4139823999721557,None,1,0.2958557999227196,None,2,0,1.3027967000380158,None,1,0.502487399848178,None,0,2,2,2,0,1,1,1,,,,,581.7713097999804,,,,,,,,,,,,,,,,,,,,,,,,,,,,,,,,,,,,,,,,,,,,581.7687268999871,581.7713097999804,585.7536194000859,None,587.962706600083,588.9539870999288,586.7462712000124,586.7532069000881,586.7532069000881,586.7532069000881,0.0006180999334901571,587.1623822001275,1,0,0.4139823999721557,None,590.2710637999699,590.2784907000605,590.7697846000083,590.7622390999459,587.6567204999737,587.6639090001117,587.6639090001117,587.6639090001117,587.9626514001284,1,0.2958557999227196,None,588.9544212999754,588.9617463999894,588.9617463999894,588.9617463999894,588.9617463999894,590.2710025000852,2,0,1.3027967000380158,None,590.7631167999934,590.7697846000083,590.7697846000083,590.7697846000083,591.2793326000683,1,0.502487399848178,None,591.2793892000336,594.2703029001132,,,,,,,,,,,,,,,,,,,,,,,,,,,,205,1,short,A,2026-07-10_14h09.40.571,SBL_superimposed_retrieval,,2026.1.3,120.64399756275358,2026-07-10 14h09.40.973165 -0400,
2,2,2,0,stimuli/scenes/scene_J1.jpg,Jungle,Negvi,stimuli/items/jungle_animal_6.png,Jungle,animal,sc,None,1,1,0.2647410000208765,None,3,0.26746940007433295,None,2,1,1.1035004002042115,None,3,0.2461790000088513,None,0,2,2,2,0,2,2,2,,,,,594.3004670999944,,,,,,,,,,,,,,,,,,,,,,,,,,,,,,,,,,,,,,,,,,,,594.2982487999834,594.3004670999944,598.2870161999017,None,600.3214463999029,601.3121217000298,599.2794675000478,599.2868568000849,599.2868568000849,599.2868568000849,0.00012190011329948902,599.5461639000569,1,1,0.2647410000208765,None,602.4293504001107,602.4367273000535,602.9304049001075,602.9211381999776,600.0383486000355,600.0449794000015,600.0449794000015,600.0449794000015,600.3213887000456,3,0.26746940007433295,None,601.3162187999114,601.3204445999581,601.3204445999581,601.3204445999581,601.3204445999581,602.4292886999901,2,1,1.1035004002042115,None,602.9235469999257,602.9304049001075,602.9304049001075,602.9304049001075,603.1793319000863,3,0.2461790000088513,None,603.179387500044,606.1708889999427,,,,,,,,,,,,,,,,,,,,,,,,,,,,205,1,short,A,2026-07-10_14h09.40.571,SBL_superimposed_retrieval,,2026.1.3,120.64399756275358,2026-07-10 14h09.40.973165 -0400,
2,3,3,0,stimuli/scenes/scene_J1.jpg,Jungle,Negvi,stimuli/items/undersea_object_7.png,Undersea,object,si,None,1,1,0.29993660002946854,None,3,0.27708279993385077,None,2,1,0.6413701998535544,None,3,0.26870579994283617,None,0,2,2,2,0,3,3,3,,,,,606.2043906000908,,,,,,,,,,,,,,,,,,,,,,,,,,,,,,,,,,,,,,,,,,,,606.2021065000445,606.2043906000908,610.1871199999005,None,612.2718583999667,613.2627206000034,611.1800870001316,611.1869254999328,611.1869254999328,611.1869254999328,0.0007440000772476196,611.487792900065,1,1,0.29993660002946854,None,613.9131197999232,613.9205702999607,614.4118842000607,614.4043225001078,611.9800166999921,611.9867968000472,611.9867968000472,611.9867968000472,612.2717911999207,3,0.27708279993385077,None,613.2631357999053,613.2704747000244,613.2704747000244,613.2704747000244,613.2704747000244,613.9130627000704,2,1,0.6413701998535544,None,614.4052003000397,614.4118842000607,614.4118842000607,614.4118842000607,614.6879324999172,3,0.26870579994283617,None,614.6879861000925,617.6795985999051,,,,,,,,,,,,,,,,,,,,,,,,,,,,205,1,short,A,2026-07-10_14h09.40.571,SBL_superimposed_retrieval,,2026.1.3,120.64399756275358,2026-07-10 14h09.40.973165 -0400,
2,4,4,0,stimuli/scenes/scene_U1.jpg,Undersea,Malbow,stimuli/items/undersea_object_13.png,Undersea,object,sc,None,2,1,0.3604487001430243,None,2,0.46837159991264343,None,1,0,0.8515344997867942,None,2,0.24396339990198612,None,0,2,2,2,0,4,4,4,,,,,617.6961827001069,,,,,,,,,,,,,,,,,,,,,,,,,,,,,,,,,,,,,,,,,,,,617.6936574999709,617.6961827001069,621.6793998999055,None,624.0299005999696,625.0209661000408,622.6715015999507,622.6789379001129,622.6789379001129,622.6789379001129,-0.000542700057849288,623.0545485999901,2,1,0.3604487001430243,None,625.888034200063,625.8956846001092,626.3885584999807,626.3793164999224,623.5488221999258,623.5560457000975,623.5560457000975,623.5560457000975,624.0298458000179,2,0.46837159991264343,None,625.0254718000069,625.0287057000678,625.0287057000678,625.0287057000678,625.0287057000678,625.8879748000763,1,0,0.8515344997867942,None,626.3816722999327,626.3885584999807,626.3885584999807,626.3885584999807,626.6384566000197,2,0.24396339990198612,None,626.6385135001037,629.629581999965,621.6873697000556,,,,,,,,,,,,,,,,,,,,,,,,,,,205,1,short,A,2026-07-10_14h09.40.571,SBL_superimposed_retrieval,,2026.1.3,120.64399756275358,2026-07-10 14h09.40.973165 -0400,
2,5,5,0,stimuli/scenes/scene_U1.jpg,Undersea,Malbow,stimuli/items/undersea_animal_2.png,Undersea,animal,sc,None,2,1,0.5054590001236647,None,1,0.23483470012433827,None,2,1,0.4968266999348998,None,1,0.47036470007151365,None,0,2,2,2,0,5,5,5,,,,,629.6619770000689,,,,,,,,,,,,,,,,,,,,,,,,,,,,,,,,,,,,,,,,,,,,629.6597901999485,629.6619770000689,633.646021099994,None,635.8886243999004,636.8796878000721,634.6387545000762,634.6458173999563,634.6458173999563,634.6458173999563,0.00028680008836090565,635.1465761999134,2,1,0.5054590001236647,None,637.3884489999618,637.3959896999877,637.8895014999434,637.8796659999061,635.6390023001004,635.645596700022,635.645596700022,635.645596700022,635.8885705999564,1,0.23483470012433827,None,636.8800935999025,636.8875267000403,636.8875267000403,636.8875267000403,636.8875267000403,637.3883917001076,2,1,0.4968266999348998,None,637.8826363999397,637.8895014999434,637.8895014999434,637.8895014999434,638.3634675999638,1,0.47036470007151365,None,638.3635271999519,641.3548964001238,,,,,,,,,,,,,,,,,,,,,,,,,,,,205,1,short,A,2026-07-10_14h09.40.571,SBL_superimposed_retrieval,,2026.1.3,120.64399756275358,2026-07-10 14h09.40.973165 -0400,
2,6,6,0,stimuli/scenes/scene_U1.jpg,Undersea,Malbow,stimuli/items/jungle_animal_5.png,Jungle,animal,si,None,2,1,0.28478730004280806,None,1,0.24596649990417063,None,1,0,1.475966400001198,None,1,0.32299380004405975,None,0,2,2,2,0,6,6,6,,,,,641.3811743000988,,,,,,,,,,,,,,,,,,,,,,,,,,,,,,,,,,,,,,,,,,,,641.3787472001277,641.3811743000988,645.3710753000341,None,647.4053378999233,648.3966868999414,646.3638182999566,646.3713392999489,646.3713392999489,646.3713392999489,0.00033609988167881966,646.6550789000466,2,1,0.28478730004280806,None,649.8886510999873,649.896074200049,650.3893514999654,650.3799521999899,647.1473445000593,647.1541057000868,647.1541057000868,647.1541057000868,647.4052846000995,1,0.24596649990417063,None,648.3970945999026,648.4045444000512,648.4045444000512,648.4045444000512,648.4045444000512,649.8885856000707,1,0,1.475966400001198,None,650.3824169000145,650.3893514999654,650.3893514999654,650.3893514999654,650.7135127000511,1,0.32299380004405975,None,650.7135677000042,653.7052221000195,,,,,,,,,,,,,,,,,,,,,,,,,,,,205,1,short,A,2026-07-10_14h09.40.571,SBL_superimposed_retrieval,,2026.1.3,120.64399756275358,2026-07-10 14h09.40.973165 -0400,
2,7,7,0,stimuli/scenes/scene_J2.jpg,Jungle,Tulon,stimuli/items/undersea_object_19.png,Undersea,object,si,None,1,1,0.3349221998360008,None,3,0.30767630017362535,None,1,1,0.4809234000276774,None,2,0.2480694002006203,None,0,2,2,2,0,7,7,7,,,,,653.7389716999605,,,,,,,,,,,,,,,,,,,,,,,,,,,,,,,,,,,,,,,,,,,,653.7361256999429,653.7389716999605,657.7217306001112,None,659.8724189999048,660.8634524000809,658.7137728000525,658.7209431999363,658.7209431999363,658.7209431999363,0.0002486999146640301,659.0553445999976,1,1,0.3349221998360008,None,661.3556856000796,661.3630439999979,661.8558877999894,661.8466960000806,659.5492434001062,659.5561764000449,659.5561764000449,659.5561764000449,659.8723639000673,3,0.30767630017362535,None,660.8677489999682,660.8711850000545,660.8711850000545,660.8711850000545,660.8711850000545,661.3556254999712,1,1,0.4809234000276774,None,661.8490738000255,661.8558877999894,661.8558877999894,661.8558877999894,662.1053516000975,2,0.2480694002006203,None,662.1054086000659,665.0968458999414,,,,,,,,,,,,,,,,,,,,,,,,,,,,205,1,short,A,2026-07-10_14h09.40.571,SBL_superimposed_retrieval,,2026.1.3,120.64399756275358,2026-07-10 14h09.40.973165 -0400,
2,8,8,0,stimuli/scenes/scene_U1.jpg,Undersea,Malbow,stimuli/items/undersea_object_17.png,Undersea,object,sc,None,2,1,0.3350904998369515,None,3,0.340109100099653,None,1,0,0.5597343000117689,None,2,0.5795567999593914,None,0,2,2,2,0,8,8,8,,,,,665.120815299917,,,,,,,,,,,,,,,,,,,,,,,,,,,,,,,,,,,,,,,,,,,,665.1185807001311,665.120815299917,669.1053188999649,None,671.2974290000275,672.288628899958,670.0974771999754,670.1048453999683,670.1048453999683,670.1048453999683,-0.000404199818149209,670.4470885999035,2,1,0.3350904998369515,None,672.8640670001041,672.8714364001062,673.3644073999021,673.3551574999001,670.9412410999648,670.9485671001021,670.9485671001021,670.9485671001021,671.2973748999648,3,0.340109100099653,None,672.2932943000924,672.2965820999816,672.2965820999816,672.2965820999816,672.2965820999816,672.864011199912,1,0,0.5597343000117689,None,673.3574868000578,673.3644073999021,673.3644073999021,673.3644073999021,673.9473592999857,2,0.5795567999593914,None,673.9474152000621,676.9388522000518,669.1133191999979,,,,,,,,,,,,,,,,,,,,,,,,,,,205,1,short,A,2026-07-10_14h09.40.571,SBL_superimposed_retrieval,,2026.1.3,120.64399756275358,2026-07-10 14h09.40.973165 -0400,
2,9,9,0,stimuli/scenes/scene_J1.jpg,Jungle,Negvi,stimuli/items/undersea_animal_4.png,Undersea,animal,si,None,1,1,0.3656737001147121,None,2,0.2974533000960946,None,1,0,1.1589547998737544,None,1,0.4669137999881059,None,0,2,2,2,0,9,9,9,,,,,676.9593472999986,,,,,,,,,,,,,,,,,,,,,,,,,,,,,,,,,,,,,,,,,,,,676.9571535999421,676.9593472999986,680.9472346000839,None,683.1145913999062,684.1053339999635,681.9396081999876,681.9466768000275,681.9466768000275,681.9466768000275,-0.0005815001204609871,682.3143825000152,1,1,0.3656737001147121,None,685.2805934001226,685.2885378000792,685.7816178000066,685.7721947999671,682.8078471000772,682.8148694001138,682.8148694001138,682.8148694001138,683.1145337000489,2,0.2974533000960946,None,684.1094275000505,684.1135138999671,684.1135138999671,684.1135138999671,684.1135138999671,685.28052140004,1,0,1.1589547998737544,None,685.7745783999562,685.7816178000066,685.7816178000066,685.7816178000066,686.2558574001305,1,0.4669137999881059,None,686.2559136000928,689.2473307000473,680.9548855000176,,,,,,,,,,,,,,,,,,,,,,,,,,,205,1,short,A,2026-07-10_14h09.40.571,SBL_superimposed_retrieval,,2026.1.3,120.64399756275358,2026-07-10 14h09.40.973165 -0400,
2,10,10,0,stimuli/scenes/scene_U1.jpg,Undersea,Malbow,stimuli/items/jungle_object_12.png,Jungle,object,si,None,2,1,0.2963576999027282,None,3,0.27948420005850494,None,2,1,1.0297113999258727,None,3,0.2469059000723064,None,0,2,2,2,0,10,10,10,,,,,689.2754246999975,,,,,,,,,,,,,,,,,,,,,,,,,,,,,,,,,,,,,,,,,,,,689.2731995999347,689.2754246999975,693.2635886999778,None,695.3398094999138,696.3308645000216,694.2563789000269,694.2635773001239,694.2635773001239,694.2635773001239,0.0005097000394016504,694.5561369000934,2,1,0.2963576999027282,None,697.3731043001171,697.3804009999149,697.8736000999343,697.864063499961,695.0500576999038,695.0567944999784,695.0567944999784,695.0567944999784,695.3397546999622,3,0.27948420005850494,None,696.3353029999416,696.3383816999849,696.3383816999849,696.3383816999849,696.3383816999849,697.3730417999905,2,1,1.0297113999258727,None,697.8665815999266,697.8736000999343,697.8736000999343,697.8736000999343,698.122673700098,3,0.2469059000723064,None,698.1227357999887,701.113975699991,,,,,,,,,,,,,,,,,,,,,,,,,,,,205,1,short,A,2026-07-10_14h09.40.571,SBL_superimposed_retrieval,,2026.1.3,120.64399756275358,2026-07-10 14h09.40.973165 -0400,
2,11,11,0,stimuli/scenes/scene_U2.jpg,Undersea,Somar,stimuli/items/undersea_object_12.png,Undersea,object,sc,None,2,1,0.2697019998449832,None,3,0.2948355001863092,None,1,1,0.2916244000662118,None,2,0.1542101998347789,None,0,2,2,2,0,11,11,11,,,,,701.1708839000203,,,,,,,,,,,,,,,,,,,,,,,,,,,,,,,,,,,,,,,,,,,,701.1685689000878,701.1708839000203,705.1304262999911,None,707.1979370000772,708.1889903000556,706.1228076000698,706.130460599903,706.130460599903,706.130460599903,0.00011679995805025101,706.3980044999626,2,1,0.2697019998449832,None,708.4896257999353,708.4969800000545,708.9900692999363,708.9809282000642,706.8903042001184,706.8969362000935,706.8969362000935,706.8969362000935,707.1978813000023,3,0.2948355001863092,None,708.1895039000083,708.196990699973,708.196990699973,708.196990699973,708.196990699973,708.4895657999441,1,1,0.2916244000662118,None,708.9832908001263,708.9900692999363,708.9900692999363,708.9900692999363,709.1479253999423,2,0.1542101998347789,None,709.1479793000035,712.1393788999412,,,,,,,,,,,,,,,,,,,,,,,,,,,,205,1,short,A,2026-07-10_14h09.40.571,SBL_superimposed_retrieval,,2026.1.3,120.64399756275358,2026-07-10 14h09.40.973165 -0400,
2,12,12,0,stimuli/scenes/scene_U1.jpg,Undersea,Malbow,stimuli/items/jungle_animal_3.png,Jungle,animal,si,None,2,1,0.34781659999862313,None,2,0.251210100017488,None,2,1,0.5927311000414193,None,2,0.46707429992966354,None,0,2,2,2,0,12,12,12,,,,,712.1734571999405,,,,,,,,,,,,,,,,,,,,,,,,,,,,,,,,,,,,,,,,,,,,712.1710018001031,712.1734571999405,716.1557096999604,None,718.2566613999661,719.2476814999245,717.1484509999864,717.1558761000633,717.1558761000633,717.1558761000633,0.0005149999633431435,717.4981829999015,2,1,0.34781659999862313,None,719.8568915999494,719.8643938999157,720.3574053000193,720.3477405000012,717.9903136000503,717.9971179000568,717.9971179000568,717.9971179000568,718.2566043001134,2,0.251210100017488,None,719.2480997000821,719.2555361001287,719.2555361001287,719.2555361001287,719.2555361001287,719.8568311000708,2,1,0.5927311000414193,None,720.3502756999806,720.3574053000193,720.3574053000193,720.3574053000193,720.8315906999633,2,0.46707429992966354,None,720.8316496000625,723.8229221000802,,,,,,,,,,,,,,,,,,,,,,,,,,,,205,1,short,A,2026-07-10_14h09.40.571,SBL_superimposed_retrieval,,2026.1.3,120.64399756275358,2026-07-10 14h09.40.973165 -0400,
2,13,13,0,stimuli/scenes/scene_J1.jpg,Jungle,Negvi,stimuli/items/undersea_object_1.png,Undersea,object,si,None,1,1,0.6971519000362605,None,2,0.7758571000304073,None,2,1,0.9458294999785721,None,2,0.8706424001138657,None,0,2,2,2,0,13,13,13,,,,,723.841657300014,,,,,,,,,,,,,,,,,,,,,,,,,,,,,,,,,,,,,,,,,,,,723.8390808000695,723.841657300014,727.8311646000948,None,730.8153522000648,731.80623560003,728.8236553999595,728.8309977999888,728.8309977999888,728.8309977999888,-0.0005740998312830925,729.5319896999281,1,1,0.6971519000362605,None,732.7649411000311,732.7727437999565,733.2656521000899,733.256371299969,730.0254782000557,730.0324430000037,730.0324430000037,730.0324430000037,730.8152942000888,2,0.7758571000304073,None,731.8104453999549,731.8140024999157,731.8140024999157,731.8140024999157,731.8140024999157,732.7648781999014,2,1,0.9458294999785721,None,733.2587506999262,733.2656521000899,733.2656521000899,733.2656521000899,734.1403938001022,2,0.8706424001138657,None,734.1404522999655,737.1313676999416,727.8391062000301,,,,,,,,,,,,,,,,,,,,,,,,,,,205,1,short,A,2026-07-10_14h09.40.571,SBL_superimposed_retrieval,,2026.1.3,120.64399756275358,2026-07-10 14h09.40.973165 -0400,
2,14,14,0,stimuli/scenes/scene_U2.jpg,Undersea,Somar,stimuli/items/undersea_object_6.png,Undersea,object,sc,None,2,1,0.36414439999498427,None,3,0.4725858001038432,None,1,1,0.29504300002008677,None,3,0.2616867001634091,None,0,2,2,2,0,14,14,14,,,,,737.1606296000537,,,,,,,,,,,,,,,,,,,,,,,,,,,,,,,,,,,,,,,,,,,,737.1583549000788,737.1606296000537,741.1480266000144,None,743.4819986000657,744.4733073001262,742.1402843999676,742.1477183999959,742.1477183999959,742.1477183999959,-0.00012320000678300858,742.507181199966,2,1,0.36414439999498427,None,744.7820794999134,744.789293400012,745.2824997999705,745.2732959999703,743.001064500073,743.0079385000281,743.0079385000281,743.0079385000281,743.4819414999802,3,0.4725858001038432,None,744.477778899949,744.4810331999324,744.4810331999324,744.4810331999324,744.4810331999324,744.7820113999769,1,1,0.29504300002008677,None,745.2756658000872,745.2824997999705,745.2824997999705,745.2824997999705,745.5490135001019,3,0.2616867001634091,None,745.5490675999317,748.5399579000659,,,,,,,,,,,,,,,,,,,,,,,,,,,,205,1,short,A,2026-07-10_14h09.40.571,SBL_superimposed_retrieval,,2026.1.3,120.64399756275358,2026-07-10 14h09.40.973165 -0400,
2,15,15,0,stimuli/scenes/scene_J1.jpg,Jungle,Negvi,stimuli/items/jungle_object_3.png,Jungle,object,sc,None,1,1,0.41060609999112785,None,3,0.2944702999666333,None,2,1,0.627901199972257,None,2,0.24575739982537925,None,0,2,2,2,0,15,15,15,,,,,748.5672897999175,,,,,,,,,,,,,,,,,,,,,,,,,,,,,,,,,,,,,,,,,,,,748.5649224000517,748.5672897999175,752.556466500042,None,754.7658673999831,755.7563062000554,753.5493852000218,753.5563294000458,753.5563294000458,753.5563294000458,0.0003611000720411539,753.9655313000549,1,1,0.41060609999112785,None,756.3987465000246,756.4066071000416,756.8990275000688,756.8899038999807,754.4589235999156,754.4660624999087,754.4660624999087,754.4660624999087,754.7658146999311,3,0.2944702999666333,None,755.7603434999473,755.7647092000116,755.7647092000116,755.7647092000116,755.7647092000116,756.3986883999314,2,1,0.627901199972257,None,756.8922143999953,756.8990275000688,756.8990275000688,756.8990275000688,757.1493736999109,2,0.24575739982537925,None,757.1494275000878,760.1402513999492,,,,,,,,,,,,,,,,,,,,,,,,,,,,205,1,short,A,2026-07-10_14h09.40.571,SBL_superimposed_retrieval,,2026.1.3,120.64399756275358,2026-07-10 14h09.40.973165 -0400,
2,16,16,0,stimuli/scenes/scene_U2.jpg,Undersea,Somar,stimuli/items/undersea_animal_6.png,Undersea,animal,sc,None,2,1,0.9551443001255393,None,3,0.5191829998511821,None,1,1,0.8842722000554204,None,3,0.4036546000279486,None,0,2,2,2,0,16,16,16,,,,,760.1680811999831,,,,,,,,,,,,,,,,,,,,,,,,,,,,,,,,,,,,,,,,,,,,760.1658674001228,760.1680811999831,764.1567174999509,None,767.1327067001257,768.1237862000708,765.1488685000222,765.156375200022,765.156375200022,765.156375200022,-0.0005160998553037643,766.1074320001062,2,1,0.9551443001255393,None,769.0241533000953,769.0318537000567,769.5248110999819,769.5155801000074,766.6017287999857,766.6086631000508,766.6086631000508,766.6086631000508,767.1326500999276,3,0.5191829998511821,None,768.1282639000565,768.1316174999811,768.1316174999811,768.1316174999811,768.1316174999811,769.0240901000798,1,1,0.8842722000554204,None,769.5179973000195,769.5248110999819,769.5248110999819,769.5248110999819,769.9326665999833,3,0.4036546000279486,None,769.9327215000521,772.9237546001095,,,,,,,,,,,,,,,,,,,,,,,,,,,,205,1,short,A,2026-07-10_14h09.40.571,SBL_superimposed_retrieval,,2026.1.3,120.64399756275358,2026-07-10 14h09.40.973165 -0400,
2,17,17,0,stimuli/scenes/scene_J1.jpg,Jungle,Negvi,stimuli/items/undersea_animal_1.png,Undersea,animal,si,None,1,1,0.3486279998905957,None,2,1.1287682999391109,None,1,0,1.0775462000165135,None,1,0.2768792000133544,None,0,2,2,2,0,17,17,17,,,,,772.9449418000877,,,,,,,,,,,,,,,,,,,,,,,,,,,,,,,,,,,,,,,,,,,,772.9427455000114,772.9449418000877,776.9321800000034,None,779.9159196000546,780.9073085000273,777.9244607000146,777.9317505999934,777.9317505999934,777.9317505999934,-0.0008054999634623528,778.2825170001015,1,1,0.3486279998905957,None,781.9993926999159,782.0068296000827,782.4996352000162,782.4902665999252,778.7761729001068,778.7831461001188,778.7831461001188,778.7831461001188,779.9158624999691,2,1.1287682999391109,None,780.9117630999535,780.9151435999665,780.9151435999665,780.9151435999665,780.9151435999665,781.9993332000449,1,0,1.0775462000165135,None,782.4926928000059,782.4996352000162,782.4996352000162,782.4996352000162,782.7830286999233,1,0.2768792000133544,None,782.7830815999769,785.7740360999014,776.9401940999087,,,,,,,,,,,,,,,,,,,,,,,,,,,205,1,short,A,2026-07-10_14h09.40.571,SBL_superimposed_retrieval,,2026.1.3,120.64399756275358,2026-07-10 14h09.40.973165 -0400,
2,18,18,0,stimuli/scenes/scene_U2.jpg,Undersea,Somar,stimuli/items/jungle_animal_19.png,Jungle,animal,si,None,2,1,0.3457213998772204,None,1,0.32653019996359944,None,2,0,1.2501706997863948,None,1,0.6427979001309723,None,0,2,2,2,0,18,18,18,,,,,785.8078896999359,,,,,,,,,,,,,,,,,,,,,,,,,,,,,,,,,,,,,,,,,,,,785.8055968000554,785.8078896999359,789.7905288001057,None,791.9664706001058,792.9577760000248,790.7832609999459,790.7901000001002,790.7901000001002,790.7901000001002,0.00022329995408654213,791.1329238999169,2,1,0.3457213998772204,None,794.2241130000912,794.2320139000658,794.7253288000356,794.7158159001265,791.6271627000533,791.634128500009,791.634128500009,791.634128500009,791.9664167000446,1,0.32653019996359944,None,792.9623400000855,792.9655915000476,792.9655915000476,792.9655915000476,792.9655915000476,794.2240524999797,2,0,1.2501706997863948,None,794.7182927001268,794.7253288000356,794.7253288000356,794.7253288000356,795.3748272000812,1,0.6427979001309723,None,795.374883200042,798.3660168000497,,,,,,,,,,,,,,,,,,,,,,,,,,,,205,1,short,A,2026-07-10_14h09.40.571,SBL_superimposed_retrieval,,2026.1.3,120.64399756275358,2026-07-10 14h09.40.973165 -0400,
2,19,19,0,stimuli/scenes/scene_J2.jpg,Jungle,Tulon,stimuli/items/undersea_object_8.png,Undersea,object,si,None,1,1,0.3701909000519663,None,2,0.4055618999991566,None,1,1,0.32644400000572205,None,2,0.34070620010606945,None,0,2,2,2,0,19,19,19,,,,,798.3855433999561,,,,,,,,,,,,,,,,,,,,,,,,,,,,,,,,,,,,,,,,,,,,798.3829576000571,798.3855433999561,802.3742965001147,None,804.6666500999127,805.6579956999049,803.366680300096,803.3736572999042,803.3736572999042,803.3736572999042,0.007231999887153506,803.7578561999835,1,1,0.3701909000519663,None,805.9996639001183,806.0070376000367,806.5000764001161,806.4908392000943,804.2521186999511,804.2590171999764,804.2590171999764,804.2590171999764,804.6665944000706,2,0.4055618999991566,None,805.6620517000556,805.6653943001293,805.6653943001293,805.6653943001293,805.6653943001293,805.9996082999278,1,1,0.32644400000572205,None,806.493162299972,806.5000764001161,806.5000764001161,806.5000764001161,806.8495917001273,2,0.34070620010606945,None,806.8496467000805,809.8408008001279,802.3822647000197,,,,,,,,,,,,,,,,,,,,,,,,,,,205,1,short,A,2026-07-10_14h09.40.571,SBL_superimposed_retrieval,,2026.1.3,120.64399756275358,2026-07-10 14h09.40.973165 -0400,
3,0,0,0,stimuli/scenes/scene_J2.jpg,Jungle,Tulon,stimuli/items/jungle_animal_4.png,Jungle,animal,sc,None,1,1,0.332638300023973,None,3,0.2837287001311779,None,2,0,1.639788700034842,None,1,0.4411683001089841,None,0,3,3,3,0,0,0,0,0,0,0,0,821.7460966000799,,,,,,,,,,,,,,,,,,,,,,,,,,,,,,,,,,,,,,,,,,821.7091707999352,821.7093994999304,821.7434495999478,821.7460966000799,825.7158415000886,None,827.8338488000445,828.8245795001276,826.7083312000614,826.7156974000391,826.7156974000391,826.7156974000391,0.006348499795421958,827.0498099999968,1,1,0.332638300023973,None,830.4750302999746,830.482801000122,830.9755476999562,830.9662049000617,827.5419326000847,827.5489318999462,827.5489318999462,827.5489318999462,827.8337914000731,3,0.2837287001311779,None,828.8250365999993,828.8324194001034,828.8324194001034,828.8324194001034,828.8324194001034,830.4749682999682,2,0,1.639788700034842,None,830.9687010000926,830.9755476999562,830.9755476999562,830.9755476999562,831.4254674999975,1,0.4411683001089841,None,831.425529200118,834.4167291999329,,,,,809.8433628999628,809.8435794999823,809.8437840000261,809.8486339000519,810.8406189999077,821.7082080999389,space,10.863569499924779,None,,,,,,,,,,,,,,,205,1,short,A,2026-07-10_14h09.40.571,SBL_superimposed_retrieval,,2026.1.3,120.64399756275358,2026-07-10 14h09.40.973165 -0400,
3,1,1,0,stimuli/scenes/scene_J1.jpg,Jungle,Negvi,stimuli/items/jungle_animal_11.png,Jungle,animal,sc,None,1,1,0.3261748000513762,None,3,0.31052500009536743,None,2,1,0.4177870999556035,None,3,0.26082069985568523,None,0,3,3,3,0,1,1,1,,,,,834.4606260999572,,,,,,,,,,,,,,,,,,,,,,,,,,,,,,,,,,,,,,,,,,,,834.45831919997,834.4606260999572,838.4330367001239,None,840.5754702999257,841.566911400063,839.425591800129,839.4328479999676,839.4328479999676,839.4328479999676,0.00010870001278817654,839.7583153001033,1,1,0.3261748000513762,None,842.0003021000884,842.0077821000014,842.4992356000002,842.491694000084,840.2510494000744,840.2578322999179,840.2578322999179,840.2578322999179,840.5754156000912,3,0.31052500009536743,None,841.567346900003,841.5746202999726,841.5746202999726,841.5746202999726,841.5746202999726,842.000240500085,2,1,0.4177870999556035,None,842.4925859000068,842.4992356000002,842.4992356000002,842.4992356000002,842.7669313000515,3,0.26082069985568523,None,842.7669915999286,845.7583111999556,,,,,,,,,,,,,,,,,,,,,,,,,,,,205,1,short,A,2026-07-10_14h09.40.571,SBL_superimposed_retrieval,,2026.1.3,120.64399756275358,2026-07-10 14h09.40.973165 -0400,
3,2,2,0,stimuli/scenes/scene_U2.jpg,Undersea,Somar,stimuli/items/undersea_object_18.png,Undersea,object,sc,None,2,1,0.2983609999064356,None,2,1.0959272000472993,None,2,0,1.2222466000821441,None,2,0.8713940000161529,None,0,3,3,3,0,2,2,2,,,,,845.7753300000913,,,,,,,,,,,,,,,,,,,,,,,,,,,,,,,,,,,,,,,,,,,,845.7729249000549,845.7753300000913,849.7583367000334,None,852.6671166999731,853.6581796999089,850.7506373000797,850.7579944001045,850.7579944001045,850.7579944001045,-0.0006719001103192568,851.0667852999177,2,1,0.2983609999064356,None,854.8922480999026,854.8996393000707,855.3928435000125,855.3833937000018,851.5610255999491,851.5679013000336,851.5679013000336,851.5679013000336,852.667057899991,2,1.0959272000472993,None,853.6627416000701,853.6660361001268,853.6660361001268,853.6660361001268,853.6660361001268,854.8921749999281,2,0,1.2222466000821441,None,855.3859047000296,855.3928435000125,855.3928435000125,855.3928435000125,856.2677047001198,2,0.8713940000161529,None,856.2677657001186,859.2585338000208,849.7661552999634,,,,,,,,,,,,,,,,,,,,,,,,,,,205,1,short,A,2026-07-10_14h09.40.571,SBL_superimposed_retrieval,,2026.1.3,120.64399756275358,2026-07-10 14h09.40.973165 -0400,
3,3,3,0,stimuli/scenes/scene_J2.jpg,Jungle,Tulon,stimuli/items/undersea_object_16.png,Undersea,object,si,None,1,1,0.32528639980591834,None,3,0.290639900136739,None,1,1,0.2875059999059886,None,3,0.29509030003100634,None,0,3,3,3,0,3,3,3,,,,,859.2804801999591,,,,,,,,,,,,,,,,,,,,,,,,,,,,,,,,,,,,,,,,,,,,859.2776198999491,859.2804801999591,863.2669659999665,None,865.4090575000737,866.4001678000204,864.2594173999969,864.2665901000146,864.2665901000146,864.2665901000146,0.007253000047057867,864.6088463000488,1,1,0.32528639980591834,None,866.7006125000771,866.7082142001018,867.201325800037,867.1916692999657,865.102646100102,865.1096610999666,865.1096610999666,865.1096610999666,865.4089979000855,3,0.290639900136739,None,866.4045953999739,866.4083056000527,866.4083056000527,866.4083056000527,866.4083056000527,866.7005469999276,1,1,0.2875059999059886,None,867.1942982000764,867.201325800037,867.201325800037,867.201325800037,867.5007265999448,3,0.29509030003100634,None,867.5007863999344,870.4919509999454,863.2746985999402,,,,,,,,,,,,,,,,,,,,,,,,,,,205,1,short,A,2026-07-10_14h09.40.571,SBL_superimposed_retrieval,,2026.1.3,120.64399756275358,2026-07-10 14h09.40.973165 -0400,
3,4,4,0,stimuli/scenes/scene_U1.jpg,Undersea,Malbow,stimuli/items/jungle_animal_1.png,Jungle,animal,si,None,2,1,0.3645878001116216,None,1,0.32729530008509755,None,1,0,1.0594246999826282,None,1,0.4043715998996049,None,0,3,3,3,0,4,4,4,,,,,870.5132955000736,,,,,,,,,,,,,,,,,,,,,,,,,,,,,,,,,,,,,,,,,,,,870.5109288999811,870.5132955000736,874.5001028000843,None,876.7009823999833,877.6921250000596,875.4925200999714,875.5000539000612,875.5000539000612,875.5000539000612,-0.0005687999073415995,875.8673340000678,2,1,0.3645878001116216,None,878.7676949000452,878.7749189999886,879.2679512000177,879.2586364001036,876.3620309999678,876.3691408000886,876.3691408000886,876.3691408000886,876.7009270999115,1,0.32729530008509755,None,877.6967394000385,877.7004702999257,877.7004702999257,877.7004702999257,877.7004702999257,878.76762960013,1,0,1.0594246999826282,None,879.2610647000838,879.2679512000177,879.2679512000177,879.2679512000177,879.6759131001309,1,0.4043715998996049,None,879.6759721001144,882.6676974999718,874.5081964000128,,,,,,,,,,,,,,,,,,,,,,,,,,,205,1,short,A,2026-07-10_14h09.40.571,SBL_superimposed_retrieval,,2026.1.3,120.64399756275358,2026-07-10 14h09.40.973165 -0400,
3,5,5,0,stimuli/scenes/scene_U1.jpg,Undersea,Malbow,stimuli/items/undersea_animal_7.png,Undersea,animal,sc,None,2,1,0.3006500001065433,None,3,0.5487054998520762,None,2,1,0.5991698999423534,None,3,0.28161470009945333,None,0,3,3,3,0,5,5,5,,,,,882.68700419995,,,,,,,,,,,,,,,,,,,,,,,,,,,,,,,,,,,,,,,,,,,,882.6847650001291,882.68700419995,886.675723399967,None,889.0346001000144,890.0253797001205,887.6679376000538,887.6751153001096,887.6751153001096,887.6751153001096,-0.0007785998750478029,887.9841813000385,2,1,0.3006500001065433,None,890.6346613999922,890.6420269999653,891.135045700008,891.125471000094,888.4763929999899,888.4833384999074,888.4833384999074,888.4833384999074,889.0345393000171,3,0.5487054998520762,None,890.025840099901,890.0334562999196,890.0334562999196,890.0334562999196,890.0334562999196,890.6345917000435,2,1,0.5991698999423534,None,891.1280509999488,891.135045700008,891.135045700008,891.135045700008,891.4178436999209,3,0.28161470009945333,None,891.4179038000293,894.4088707000483,886.6834992999211,,,,,,,,,,,,,,,,,,,,,,,,,,,205,1,short,A,2026-07-10_14h09.40.571,SBL_superimposed_retrieval,,2026.1.3,120.64399756275358,2026-07-10 14h09.40.973165 -0400,
3,6,6,0,stimuli/scenes/scene_J1.jpg,Jungle,Negvi,stimuli/items/jungle_animal_14.png,Jungle,animal,sc,None,1,1,0.5589097000192851,None,3,0.22678080014884472,None,2,1,0.6757251999806613,None,2,0.22651210008189082,None,0,3,3,3,0,6,6,6,,,,,894.433506899979,,,,,,,,,,,,,,,,,,,,,,,,,,,,,,,,,,,,,,,,,,,,894.4311589999124,894.433506899979,898.4173868000507,None,900.7179793000687,901.709012700012,899.4097400000319,899.4172670000698,899.4172670000698,899.4172670000698,-0.0004859000910073519,899.9851190000772,1,1,0.5589097000192851,None,902.4014550999273,902.4091093000025,902.9020952999126,902.892794100102,900.4786600999068,900.4855418999214,900.4855418999214,900.4855418999214,900.7179201999679,3,0.22678080014884472,None,901.7132596001029,901.7170400999021,901.7170400999021,901.7170400999021,901.7170400999021,902.4013910999056,2,1,0.6757251999806613,None,902.8952039999422,902.9020952999126,902.9020952999126,902.9020952999126,903.1346945001278,2,0.22651210008189082,None,903.1347493000794,906.1259180000052,898.425896700006,,,,,,,,,,,,,,,,,,,,,,,,,,,205,1,short,A,2026-07-10_14h09.40.571,SBL_superimposed_retrieval,,2026.1.3,120.64399756275358,2026-07-10 14h09.40.973165 -0400,
3,7,7,0,stimuli/scenes/scene_J1.jpg,Jungle,Negvi,stimuli/items/jungle_animal_9.png,Jungle,animal,sc,None,1,1,0.29737069993279874,None,3,0.3139436999335885,None,2,1,0.40566489985212684,None,3,0.23318169987760484,None,0,3,3,3,0,7,7,7,,,,,906.1753686999436,,,,,,,,,,,,,,,,,,,,,,,,,,,,,,,,,,,,,,,,,,,,906.1722222000826,906.1753686999436,910.1426033000462,None,912.2517864999827,913.242978299968,911.1348389000632,911.1425095000304,911.1425095000304,911.1425095000304,0.00013519986532628536,911.4351081000641,1,1,0.29737069993279874,None,913.6600122000091,913.6675621999893,914.1588590000756,914.1513441000134,911.9269564000424,911.9340510000475,911.9340510000475,911.9340510000475,912.25172940013,3,0.3139436999335885,None,913.2434372000862,913.2508415000048,913.2508415000048,913.2508415000048,913.2508415000048,913.6599532000255,2,1,0.40566489985212684,None,914.1523009000812,914.1588590000756,914.1588590000756,914.1588590000756,914.3932793999556,3,0.23318169987760484,None,914.3933355999179,917.3846581000835,,,,,,,,,,,,,,,,,,,,,,,,,,,,205,1,short,A,2026-07-10_14h09.40.571,SBL_superimposed_retrieval,,2026.1.3,120.64399756275358,2026-07-10 14h09.40.973165 -0400,
3,8,8,0,stimuli/scenes/scene_J2.jpg,Jungle,Tulon,stimuli/items/undersea_object_4.png,Undersea,object,si,None,1,1,0.4625262999907136,None,3,0.24911059997975826,None,1,1,0.8228084000293165,None,1,0.9045161998365074,None,0,3,3,3,0,8,8,8,,,,,917.4192041999195,,,,,,,,,,,,,,,,,,,,,,,,,,,,,,,,,,,,,,,,,,,,917.4168984999415,917.4192041999195,921.4013344000559,None,923.6100256000645,924.6011904999614,922.3939364999533,922.4010362999979,922.4010362999979,922.4010362999979,0.000644599786028266,922.8602066999301,1,1,0.4625262999907136,None,925.4348494999576,925.4427024000324,925.9361572000198,925.9266685999464,923.352160200011,923.3590482999571,923.3590482999571,923.3590482999571,923.6099696001038,3,0.24911059997975826,None,924.6016267000232,924.6090885000303,924.6090885000303,924.6090885000303,924.6090885000303,925.4347864999436,1,1,0.8228084000293165,None,925.929176799953,925.9361572000198,925.9361572000198,925.9361572000198,926.8437622999772,1,0.9045161998365074,None,926.8438214999624,929.835246700095,,,,,,,,,,,,,,,,,,,,,,,,,,,,205,1,short,A,2026-07-10_14h09.40.571,SBL_superimposed_retrieval,,2026.1.3,120.64399756275358,2026-07-10 14h09.40.973165 -0400,
3,9,9,0,stimuli/scenes/scene_U2.jpg,Undersea,Somar,stimuli/items/jungle_object_7.png,Jungle,object,si,None,2,1,0.3006884001661092,None,3,0.339648200199008,None,1,1,0.3115647998638451,None,2,0.22947899997234344,None,0,3,3,3,0,9,9,9,,,,,929.8606316000223,,,,,,,,,,,,,,,,,,,,,,,,,,,,,,,,,,,,,,,,,,,,929.858346800087,929.8606316000223,933.8436877001077,None,935.9937895999756,936.9848468001001,934.835617700126,934.8431218999904,934.8431218999904,934.8431218999904,-0.000534099992364645,935.1515359999612,2,1,0.3006884001661092,None,937.3105131001212,937.3178208000027,937.8112761999946,937.8018499000464,935.646166499937,935.6530051999725,935.6530051999725,935.6530051999725,935.9937243999448,3,0.339648200199008,None,936.9896267000586,936.9929239999037,936.9929239999037,936.9929239999037,936.9929239999037,937.31045310013,1,1,0.3115647998638451,None,937.8043146999553,937.8112761999946,937.8112761999946,937.8112761999946,938.0440255000722,2,0.22947899997234344,None,938.0440805999096,941.034788900055,933.8511332999915,,,,,,,,,,,,,,,,,,,,,,,,,,,205,1,short,A,2026-07-10_14h09.40.571,SBL_superimposed_retrieval,,2026.1.3,120.64399756275358,2026-07-10 14h09.40.973165 -0400,
3,10,10,0,stimuli/scenes/scene_U2.jpg,Undersea,Somar,stimuli/items/undersea_object_10.png,Undersea,object,sc,None,1,0,0.47609140002168715,None,3,0.2441908000037074,None,1,1,1.2842270999681205,None,3,0.2596845000516623,None,0,3,3,3,0,10,10,10,,,,,941.063738900004,,,,,,,,,,,,,,,,,,,,,,,,,,,,,,,,,,,,,,,,,,,,941.0613059001043,941.063738900004,945.0517198001035,None,947.2772363000549,948.2686817999929,946.0438069000375,946.0512357000262,946.0512357000262,946.0512357000262,-0.00022929999977350235,946.5274849999696,1,0,0.47609140002168715,None,949.5691378000192,949.5765587000642,950.068181599956,950.0603241999634,947.0207833999302,947.027657700004,947.027657700004,947.027657700004,947.277179799974,3,0.2441908000037074,None,948.2691083000973,948.2763793999329,948.2763793999329,948.2763793999329,948.2763793999329,949.5690753001254,1,1,1.2842270999681205,None,950.0612435000949,950.068181599956,950.068181599956,950.068181599956,950.3357857000083,3,0.2596845000516623,None,950.3358428000938,953.3269507000223,,,,,,,,,,,,,,,,,,,,,,,,,,,,205,1,short,A,2026-07-10_14h09.40.571,SBL_superimposed_retrieval,,2026.1.3,120.64399756275358,2026-07-10 14h09.40.973165 -0400,
3,11,11,0,stimuli/scenes/scene_J2.jpg,Jungle,Tulon,stimuli/items/jungle_object_15.png,Jungle,object,sc,None,1,1,0.4093635000754148,None,3,0.2924049000721425,None,1,1,0.27320339996367693,None,3,0.4244193001650274,None,0,3,3,3,0,11,11,11,,,,,953.3446188999806,,,,,,,,,,,,,,,,,,,,,,,,,,,,,,,,,,,,,,,,,,,,953.342414499959,953.3446188999806,957.3354746999685,None,959.552542099962,960.5440432000905,958.3278093000408,958.3349564999808,958.3349564999808,958.3349564999808,-0.0007297999691218138,958.7524083000608,1,1,0.4093635000754148,None,960.8272118000314,960.834847799968,961.3275709999725,961.3183929000515,959.2447228000965,959.2514984000009,959.2514984000009,959.2514984000009,959.5524852001108,3,0.2924049000721425,None,960.5481962000486,960.5513277999125,960.5513277999125,960.5513277999125,960.5513277999125,960.827154800063,1,1,0.27320339996367693,None,961.320718199946,961.3275709999725,961.3275709999725,961.3275709999725,961.7606166000478,3,0.4244193001650274,None,961.7606717001181,964.7518400999252,957.34336910001,,,,,,,,,,,,,,,,,,,,,,,,,,,205,1,short,A,2026-07-10_14h09.40.571,SBL_superimposed_retrieval,,2026.1.3,120.64399756275358,2026-07-10 14h09.40.973165 -0400,
3,12,12,0,stimuli/scenes/scene_U2.jpg,Undersea,Somar,stimuli/items/undersea_object_3.png,Undersea,object,sc,None,1,0,0.7135944999754429,None,1,0.6475623000878841,None,1,1,1.71786900004372,None,1,0.5150200999341905,None,0,3,3,3,0,12,12,12,,,,,964.7655064000282,,,,,,,,,,,,,,,,,,,,,,,,,,,,,,,,,,,,,,,,,,,,964.7633787000086,964.7655064000282,968.752230900107,None,971.6278810999356,972.6188823999837,969.7443651000503,969.7517919000238,969.7517919000238,969.7517919000238,-0.0004867999814450741,970.4774021001067,1,0,0.7135944999754429,None,974.3525616000406,974.3599916000385,974.8535643001087,974.844149600016,970.9697950999252,970.9764239001088,970.9764239001088,970.9764239001088,971.6278240000829,1,0.6475623000878841,None,972.6231788001023,972.6265152001288,972.6265152001288,972.6265152001288,972.6265152001288,974.3525012999307,1,1,1.71786900004372,None,974.8465796001256,974.8535643001087,974.8535643001087,974.8535643001087,975.3696067000274,1,0.5150200999341905,None,975.3696634999942,978.3610149000306,968.7602057000622,,,,,,,,,,,,,,,,,,,,,,,,,,,205,1,short,A,2026-07-10_14h09.40.571,SBL_superimposed_retrieval,,2026.1.3,120.64399756275358,2026-07-10 14h09.40.973165 -0400,
3,13,13,0,stimuli/scenes/scene_U2.jpg,Undersea,Somar,stimuli/items/jungle_animal_10.png,Jungle,animal,si,None,2,1,0.33427090011537075,None,2,0.2596324000041932,None,2,0,1.4748108999338,None,1,0.23489189986139536,None,0,3,3,3,0,13,13,13,,,,,978.4015790999401,,,,,,,,,,,,,,,,,,,,,,,,,,,,,,,,,,,,,,,,,,,,978.3993413001299,978.4015790999401,982.3772630000021,None,984.4781416999176,985.4692857000045,983.3696989000309,983.3769648000598,983.3769648000598,983.3769648000598,8.09000339359045e-05,983.7107478000689,2,1,0.33427090011537075,None,986.9530845999252,986.9603496000636,987.4537991001271,987.444189599948,984.2053483999334,984.2125689999666,984.2125689999666,984.2125689999666,984.4780846000649,2,0.2596324000041932,None,985.4697171999142,985.4772884000558,985.4772884000558,985.4772884000558,985.4772884000558,986.9530213000253,2,0,1.4748108999338,None,987.446741099935,987.4537991001271,987.4537991001271,987.4537991001271,987.6944752999116,1,0.23489189986139536,None,987.6945311001036,990.6859180000611,,,,,,,,,,,,,,,,,,,,,,,,,,,,205,1,short,A,2026-07-10_14h09.40.571,SBL_superimposed_retrieval,,2026.1.3,120.64399756275358,2026-07-10 14h09.40.973165 -0400,
3,14,14,0,stimuli/scenes/scene_U2.jpg,Undersea,Somar,stimuli/items/jungle_animal_7.png,Jungle,animal,si,None,2,1,0.2500971001572907,None,2,0.8354924998711795,None,1,1,1.5384316998533905,None,1,0.5981057998724282,None,0,3,3,3,0,14,14,14,,,,,990.7012384999543,,,,,,,,,,,,,,,,,,,,,,,,,,,,,,,,,,,,,,,,,,,,990.6986281999853,990.7012384999543,994.6859552999958,None,997.2951378000434,998.2861089999788,995.6783676000778,995.6854809001088,995.6854809001088,995.6854809001088,-0.00041600014083087444,995.9528813001234,2,1,0.2500971001572907,None,999.8362320000306,999.8439539999235,1000.3376643999945,1000.3279657999519,996.4451113999821,996.4523897999898,996.4523897999898,996.4523897999898,997.2950798000675,2,0.8354924998711795,None,998.2865303999279,998.293980800081,998.293980800081,998.293980800081,998.293980800081,999.8361702000257,1,1,1.5384316998533905,None,1000.3304377000313,1000.3376643999945,1000.3376643999945,1000.3376643999945,1000.9447961999103,1,0.5981057998724282,None,1000.9448558001313,1003.9358314999845,994.6937237000093,,,,,,,,,,,,,,,,,,,,,,,,,,,205,1,short,A,2026-07-10_14h09.40.571,SBL_superimposed_retrieval,,2026.1.3,120.64399756275358,2026-07-10 14h09.40.973165 -0400,
3,15,15,0,stimuli/scenes/scene_J2.jpg,Jungle,Tulon,stimuli/items/jungle_object_9.png,Jungle,object,sc,None,1,1,0.31099749985150993,None,3,0.2617174000479281,None,1,1,0.37253390019759536,None,3,0.20061579998582602,None,0,3,3,3,0,15,15,15,,,,,1003.9632923000026,,,,,,,,,,,,,,,,,,,,,,,,,,,,,,,,,,,,,,,,,,,,1003.9610504999291,1003.9632923000026,1007.9528471999802,None,1010.0287131001242,1011.0198236000724,1008.9450161000714,1008.9523376999423,1008.9523376999423,1008.9523376999423,0.00020579993724822998,1009.2616844999138,1,1,0.31099749985150993,None,1011.4033572000917,1011.4110536999069,1011.9033486000262,1011.8942778999917,1009.7552972999401,1009.7621112000197,1009.7621112000197,1009.7621112000197,1010.0286614000797,3,0.2617174000479281,None,1011.0239297000226,1011.0275431000628,1011.0275431000628,1011.0275431000628,1011.0275431000628,1011.403298899997,1,1,0.37253390019759536,None,1011.8965690999757,1011.9033486000262,1011.9033486000262,1011.9033486000262,1012.1117646000348,3,0.20061579998582602,None,1012.1118173999712,1015.103115899954,,,,,,,,,,,,,,,,,,,,,,,,,,,,205,1,short,A,2026-07-10_14h09.40.571,SBL_superimposed_retrieval,,2026.1.3,120.64399756275358,2026-07-10 14h09.40.973165 -0400,
3,16,16,0,stimuli/scenes/scene_J1.jpg,Jungle,Negvi,stimuli/items/undersea_object_5.png,Undersea,object,si,None,1,1,0.28015340003184974,None,3,0.29797939979471266,None,2,1,0.3896659000311047,None,2,0.216517599998042,None,0,3,3,3,0,16,16,16,,,,,1015.1594984999392,,,,,,,,,,,,,,,,,,,,,,,,,,,,,,,,,,,,,,,,,,,,1015.1569471000694,1015.1594984999392,1019.1196892000735,None,1021.1953050999437,1022.186765700113,1020.111789500108,1020.1192115000449,1020.1192115000449,1020.1192115000449,1.550000160932541e-05,1020.394921900006,1,1,0.28015340003184974,None,1022.5872792000882,1022.594467600109,1023.0874302000739,1023.0780122000724,1020.8872146001086,1020.8940894000698,1020.8940894000698,1020.8940894000698,1021.195250299992,3,0.29797939979471266,None,1022.1871720000636,1022.1943751000799,1022.1943751000799,1022.1943751000799,1022.1943751000799,1022.5872228001244,2,1,0.3896659000311047,None,1023.080385700101,1023.0874302000739,1023.0874302000739,1023.0874302000739,1023.3118427000009,2,0.216517599998042,None,1023.3118960000575,1026.3034119999502,,,,,,,,,,,,,,,,,,,,,,,,,,,,205,1,short,A,2026-07-10_14h09.40.571,SBL_superimposed_retrieval,,2026.1.3,120.64399756275358,2026-07-10 14h09.40.973165 -0400,
3,17,17,0,stimuli/scenes/scene_J1.jpg,Jungle,Negvi,stimuli/items/undersea_animal_11.png,Undersea,animal,si,None,1,1,0.44070479995571077,None,3,0.5717623000964522,None,2,1,0.4690561001189053,None,3,0.2132321000099182,None,0,3,3,3,0,17,17,17,,,,,1026.3287279000506,,,,,,,,,,,,,,,,,,,,,,,,,,,,,,,,,,,,,,,,,,,,1026.3264341000468,1026.3287279000506,1030.311806899961,None,1032.8290824999567,1033.820260999957,1031.303832900012,1031.3113017999567,1031.3113017999567,1031.3113017999567,-0.0004325998015701771,1031.7532667000778,1,1,0.44070479995571077,None,1034.3040517999325,1034.311090100091,1034.802750099916,1034.7952854000032,1032.2457918999717,1032.252586599905,1032.252586599905,1032.252586599905,1032.8290264001116,3,0.5717623000964522,None,1033.8206704000477,1033.8276984000113,1033.8276984000113,1033.8276984000113,1033.8276984000113,1034.3039943000767,2,1,0.4690561001189053,None,1034.796165500069,1034.802750099916,1034.802750099916,1034.802750099916,1035.0207189000212,3,0.2132321000099182,None,1035.0207714000717,1038.011848000111,1030.319366700016,,,,,,,,,,,,,,,,,,,,,,,,,,,205,1,short,A,2026-07-10_14h09.40.571,SBL_superimposed_retrieval,,2026.1.3,120.64399756275358,2026-07-10 14h09.40.973165 -0400,
3,18,18,0,stimuli/scenes/scene_U1.jpg,Undersea,Malbow,stimuli/items/jungle_object_4.png,Jungle,object,si,None,2,1,0.3164256999734789,None,3,0.28267670003697276,None,2,1,0.28864810010418296,None,3,0.18312439997680485,None,0,3,3,3,0,18,18,18,,,,,1038.0350826000795,,,,,,,,,,,,,,,,,,,,,,,,,,,,,,,,,,,,,,,,,,,,1038.0325712000486,1038.0350826000795,1042.0202603000216,None,1044.1289472999051,1045.1201581999194,1043.0125661999919,1043.0198043000419,1043.0198043000419,1043.0198043000419,-0.0008367998525500298,1043.3370691000018,2,1,0.3164256999734789,None,1045.4207343999296,1045.4279281001072,1045.9210854999255,1045.9119879000355,1043.8311229001265,1043.8380643001292,1043.8380643001292,1043.8380643001292,1044.1288910000585,3,0.28267670003697276,None,1045.1246791000012,1045.1280722999945,1045.1280722999945,1045.1280722999945,1045.1280722999945,1045.420668900013,2,1,0.28864810010418296,None,1045.9143755999394,1045.9210854999255,1045.9210854999255,1045.9210854999255,1046.1127524999902,3,0.18312439997680485,None,1046.1128048999235,1049.1035887000617,1042.0280023999512,,,,,,,,,,,,,,,,,,,,,,,,,,,205,1,short,A,2026-07-10_14h09.40.571,SBL_superimposed_retrieval,,2026.1.3,120.64399756275358,2026-07-10 14h09.40.973165 -0400,
3,19,19,0,stimuli/scenes/scene_U1.jpg,Undersea,Malbow,stimuli/items/jungle_animal_13.png,Jungle,animal,si,None,2,1,0.32748980005271733,None,1,0.23135589994490147,None,2,1,1.4617928999941796,None,1,0.43999599991366267,None,0,3,3,3,0,19,19,19,,,,,1049.132110600127,,,,,,,,,,,,,,,,,,,,,,,,,,,,,,,,,,,,,,,,,,,,1049.1295833000913,1049.132110600127,1053.1200335000176,None,1055.17913100007,1056.1706505001057,1054.1127305000555,1054.1201893000398,1054.1201893000398,1054.1201893000398,-3.0299881473183632e-05,1054.4457038000692,2,1,0.32748980005271733,None,1057.646119199926,1057.6535004999023,1058.144761600066,1058.1369620999321,1054.938368699979,1054.9450441000517,1054.9450441000517,1054.9450441000517,1055.1790781000163,1,0.23135589994490147,None,1056.1710636999924,1056.178523800103,1056.178523800103,1056.178523800103,1056.178523800103,1057.6460581999272,2,1,1.4617928999941796,None,1058.1378607000224,1058.144761600066,1058.144761600066,1058.144761600066,1058.5877672000788,1,0.43999599991366267,None,1058.5878278000746,1061.5787522001192,,,,,,,,,,,,,,,,,,,,,,,,,,,,205,1,short,A,2026-07-10_14h09.40.571,SBL_superimposed_retrieval,,2026.1.3,120.64399756275358,2026-07-10 14h09.40.973165 -0400,
,,,,,,,,,,,,,,,,,,,,,,,,,,,,,,,,,,,,,,,,,,,,,,,,,,,,,,,,,,,,,,,,,,,,,,,,,,,,,,,,,,,,,,,,,,,,,,,,,,,,,,,,,,,,,,,,,,,,,,,,,,,,,,,,,,,,,,1061.5813647999894,1061.5815830999054,,,,,,,,,,,,1061.5824293000624,1061.5868055000901,1061.5868055000901,1066.4460464001168,space,4.853496300056577,None,,,,205,1,short,A,2026-07-10_14h09.40.571,SBL_superimposed_retrieval,,2026.1.3,120.64399756275358,2026-07-10 14h09.40.973165 -0400,
,,,,,,,,,,,,,,,,,,,,,,,,,,,,,,,,,,,,,,,,,,,,,,,,,,,,,,,,,,,,,,,,,,,,,,,,,,,,,,,,,,,,,,,,,,,,,,,,,,,,,,,,,,,,,,,,,,,,,,,,,,,,,,,,,,,,,,,,,,,,,,,,,,,,,,,,,,1066.4517759000883,1066.454403199954,1066.454403199954,,,,,,,,,,,
