run,thisN,thisTrialN,thisRepN,scene_stimulus,scene_cat,scene_label,item_stimulus,item_cat,item_type,congruency,key_resp_remember.keys,key_resp_context.keys,key_resp_context.corr,key_resp_context.rt,key_resp_context.duration,key_resp_context_conf.keys,key_resp_context_conf.rt,key_resp_context_conf.duration,key_resp_scenes.keys,key_resp_scenes.corr,key_resp_scenes.rt,key_resp_scenes.duration,key_resp_scene_conf.keys,key_resp_scene_conf.rt,key_resp_scene_conf.duration,runs.thisRepN,runs.thisTrialN,runs.thisN,runs.thisIndex,trials.thisRepN,trials.thisTrialN,trials.thisN,trials.thisIndex,show_rest_screen.thisRepN,show_rest_screen.thisTrialN,show_rest_screen.thisN,show_rest_screen.thisIndex,thisRow.t,notes,piloting,subs_rand_vars.started,subs_rand_vars.stopped,set_instructions.started,set_instructions.stopped,ret_inst_scr.started,text_instructions.started,key_resp_start.started,ret_inst_scr.stopped,key_resp_start.keys,key_resp_start.rt,key_resp_start.duration,ret_inst2.started,text_instructions_2.started,key_resp_start_2.started,ret_inst2.stopped,key_resp_start_2.keys,key_resp_start_2.rt,key_resp_start_2.duration,scene_names_reminder.started,text_reminder.started,image1.started,image2.started,image3.started,image4.started,textbox1.started,textbox2.started,textbox3.started,textbox4.started,key_reminder.started,scene_names_reminder.stopped,key_reminder.keys,key_reminder.rt,key_reminder.duration,blank3000_2.started,text_3.started,text_3.stopped,blank3000_2.stopped,create_runs_stim_div.started,create_runs_stim_div.stopped,set_rows.started,set_rows.stopped,item_imagine_scene.started,item_cue.started,item_imagine_scene.stopped,trials.key_resp_remember.keys,blank1000.started,blank1000.stopped,select_context.started,text_context_headline.started,text_sea.started,text_jungle.started,key_resp_context.started,select_context.stopped,trials.key_resp_context.keys,trials.key_resp_context.corr,trials.key_resp_context.rt,trials.key_resp_context.duration,blank500.started,text_blank.started,text_blank.stopped,blank500.stopped,context_confidence.started,text_context_choice.started,slider_context_conf.started,key_resp_context_conf.started,context_confidence.stopped,trials.key_resp_context_conf.keys,trials.key_resp_context_conf.rt,trials.key_resp_context_conf.duration,select_scene_name.started,text_scene_headline.started,text_actual_context.started,text_q_scene.started,text_labels.started,select_scene_name.stopped,trials.key_resp_scenes.keys,trials.key_resp_scenes.corr,trials.key_resp_scenes.rt,trials.key_resp_scenes.duration,scene_confidence.started,text_chosen_scene.started,slider_scene_conf.started,key_resp_scene_conf.started,scene_confidence.stopped,trials.key_resp_scene_conf.keys,trials.key_resp_scene_conf.rt,trials.key_resp_scene_conf.duration,blank3000.started,blank3000.stopped,item_cue.stopped,text_chosen_scene.stopped,slider_scene_conf.stopped,key_resp_scene_conf.stopped,text_scene_headline.stopped,text_actual_context.stopped,text_q_scene.stopped,text_labels.stopped,is_last.started,is_last.stopped,rest_between_runs.started,text_run_rest.started,key_resp_run_rest.started,rest_between_runs.stopped,show_rest_screen.key_resp_run_rest.keys,show_rest_screen.key_resp_run_rest.rt,show_rest_screen.key_resp_run_rest.duration,ret_end_screen.started,text_endSet.started,key_resp_continue.started,text_endSet.stopped,key_resp_continue.stopped,ret_end_screen.stopped,key_resp_continue.keys,forked_instructions.started,text_end_inst.started,key_resp_end.started,participant,session,delay,group,date,expName,expVersion,psychopyVersion,frameRate,expStart,
,,,,,,,,,,,,,,,,,,,,,,,,,,,,,,,,,,,,,,,,False,0.023724599974229932,0.02406740002334118,,,,,,,,,,,,,,,,,,,,,,,,,,,,,,,,,,,,,,,,,,,,,,,,,,,,,,,,,,,,,,,,,,,,,,,,,,,,,,,,,,,,,,,,,,,,,,,,,,,,,,,,,,,,,,,,,,,206,1,short,A,2026-07-10_14h45.34.058,SBL_superimposed_retrieval,,2026.1.3,119.80782817506334,2026-07-10 14h45.34.455031 -0400,
,,,,,,,,,,,,,,,,,,,,,,,,,,,,,,,,,,,,,,,,,,,0.024099200032651424,0.02430869999807328,,,,,,,,,,,,,,,,,,,,,,,,,,,,,,,,,,,,,,,,,,,,,,,,,,,,,,,,,,,,,,,,,,,,,,,,,,,,,,,,,,,,,,,,,,,,,,,,,,,,,,,,,,,,,,,,,206,1,short,A,2026-07-10_14h45.34.058,SBL_superimposed_retrieval,,2026.1.3,119.80782817506334,2026-07-10 14h45.34.455031 -0400,
,,,,,,,,,,,,,,,,,,,,,,,,,,,,,,,,,,,,,,,,,,,,,0.02433059993200004,0.027257899986580014,1.023417399963364,14.919222799944691,space,13.882615100010298,None,,,,,,,,,,,,,,,,,,,,,,,,,,,,,,,,,,,,,,,,,,,,,,,,,,,,,,,,,,,,,,,,,,,,,,,,,,,,,,,,,,,,,,,,,,,,,,,,,,,,,,,,,,206,1,short,A,2026-07-10_14h45.34.058,SBL_superimposed_retrieval,,2026.1.3,119.80782817506334,2026-07-10 14h45.34.455031 -0400,
,,,,,,,,,,,,,,,,,,,,,,,,,,,,,,,,,,,,,,,,,,,,,,,,,,,,14.919266899931245,14.922315999981947,16.915269799996167,58.46626030001789,space,41.54252300004009,None,,,,,,,,,,,,,,,,,,,,,,,,,,,,,,,,,,,,,,,,,,,,,,,,,,,,,,,,,,,,,,,,,,,,,,,,,,,,,,,,,,,,,,,,,,,,,,,,,,,206,1,short,A,2026-07-10_14h45.34.058,SBL_superimposed_retrieval,,2026.1.3,119.80782817506334,2026-07-10 14h45.34.455031 -0400,
,,,,,,,,,,,,,,,,,,,,,,,,,,,,,,,,,,,,,,,,,,,,,,,,,,,,,,,,,,,58.57795349997468,58.64037569996435,58.64037569996435,58.64037569996435,58.64037569996435,58.64037569996435,58.64037569996435,58.64037569996435,58.64037569996435,58.64037569996435,60.45728380000219,117.88379929994699,space,57.42407089995686,None,,,,,,,,,,,,,,,,,,,,,,,,,,,,,,,,,,,,,,,,,,,,,,,,,,,,,,,,,,,,,,,,,,,,,,,,,,,,,,,,,,,,206,1,short,A,2026-07-10_14h45.34.058,SBL_superimposed_retrieval,,2026.1.3,119.80782817506334,2026-07-10 14h45.34.455031 -0400,
,,,,,,,,,,,,,,,,,,,,,,,,,,,,,,,,,,,,,,,,,,,,,,,,,,,,,,,,,,,,,,,,,,,,,,,,,,117.88384699996095,117.89125670003705,120.9269801999908,120.87554829998408,,,,,,,,,,,,,,,,,,,,,,,,,,,,,,,,,,,,,,,,,,,,,,,,,,,,,,,,,,,,,,,,,,,,,,,,,,,,,,,,206,1,short,A,2026-07-10_14h45.34.058,SBL_superimposed_retrieval,,2026.1.3,119.80782817506334,2026-07-10 14h45.34.455031 -0400,
,,,,,,,,,,,,,,,,,,,,,,,,,,,,,,,,,,,,,,,,,,,,,,,,,,,,,,,,,,,,,,,,,,,,,,,,,,,,,,120.8757701999275,120.87597129994538,,,,,,,,,,,,,,,,,,,,,,,,,,,,,,,,,,,,,,,,,,,,,,,,,,,,,,,,,,,,,,,,,,,,,,,,,,,,,,206,1,short,A,2026-07-10_14h45.34.058,SBL_superimposed_retrieval,,2026.1.3,119.80782817506334,2026-07-10 14h45.34.455031 -0400,
0,0,0,0,stimuli/scenes/scene_J1.jpg,Jungle,Negvi,stimuli/items/undersea_animal_6.png,Undersea,animal,si,None,2,1,0.517401700024493,None,2,0.6715260000200942,None,1,0,1.61516639997717,None,1,0.6490817000158131,None,0,0,0,0,0,0,0,0,,,,,120.9269801999908,,,,,,,,,,,,,,,,,,,,,,,,,,,,,,,,,,,,,,,,,,120.90224109997507,120.9024810999399,120.92377430002671,120.9269801999908,124.90837019996252,None,127.6178346000379,128.6085581999505,125.90764630003832,125.9115781999426,125.9115781999426,125.9115781999426,0.005184700014069676,126.4338565999642,2,1,0.517401700024493,None,130.2342287999345,130.24185099999886,130.73695329995826,130.72547329997178,126.92815749999136,126.9377484000288,126.9377484000288,126.9377484000288,127.61777360003907,2,0.6715260000200942,None,128.61405670002569,128.61821300000884,128.61821300000884,128.61821300000884,128.61821300000884,130.2341596999904,1,0,1.61516639997717,None,130.72794439992867,130.73695329995826,130.73695329995826,130.73695329995826,131.39262369996868,1,0.6490817000158131,None,131.39268769999035,134.3840108999284,,,,,,,,,,,,,,,,,,,,,,,,,,,,206,1,short,A,2026-07-10_14h45.34.058,SBL_superimposed_retrieval,,2026.1.3,119.80782817506334,2026-07-10 14h45.34.455031 -0400,
0,1,1,0,stimuli/scenes/scene_J1.jpg,Jungle,Negvi,stimuli/items/jungle_object_19.png,Jungle,object,sc,None,2,1,0.3931958000175655,None,3,0.5974728999426588,None,2,1,0.9333183999406174,None,2,0.9947362000821158,None,0,0,0,0,0,1,1,1,,,,,134.39563409995753,,,,,,,,,,,,,,,,,,,,,,,,,,,,,,,,,,,,,,,,,,,,134.39350609993562,134.39563409995753,138.38378179993015,None,140.89285659999587,141.8834698999999,139.37634630000684,139.38355060003232,139.38355060003232,139.38355060003232,-0.0006675999611616135,139.79242289997637,2,1,0.3931958000175655,None,142.83406309993006,142.84159460000228,143.33497119997628,143.32536509993952,140.28494869999122,140.29191839997657,140.29191839997657,140.29191839997657,140.89279329997953,3,0.5974728999426588,None,141.8839226999553,141.89200160000473,141.89200160000473,141.89200160000473,141.89200160000473,142.83399449998979,2,1,0.9333183999406174,None,143.32782749994658,143.33497119997628,143.33497119997628,143.33497119997628,144.33481179992668,2,0.9947362000821158,None,144.33487469993997,147.325827499968,138.39197699993383,,,,,,,,,,,,,,,,,,,,,,,,,,,206,1,short,A,2026-07-10_14h45.34.058,SBL_superimposed_retrieval,,2026.1.3,119.80782817506334,2026-07-10 14h45.34.455031 -0400,
0,2,2,0,stimuli/scenes/scene_J1.jpg,Jungle,Negvi,stimuli/items/undersea_object_9.png,Undersea,object,si,None,2,1,0.4437231000047177,None,2,0.6134806999471039,None,1,0,0.6771146000828594,None,2,0.5325777000980452,None,0,0,0,0,0,2,2,2,,,,,147.33847049996257,,,,,,,,,,,,,,,,,,,,,,,,,,,,,,,,,,,,,,,,,,,,147.33628509996925,147.33847049996257,151.325940300012,None,153.9012214000104,154.89205459994264,152.31817580002826,152.32529890001751,152.32529890001751,152.32529890001751,-0.000972700072452426,152.78442209993955,2,1,0.4437231000047177,None,155.58441609994043,155.59203079994768,156.08500329998787,156.0757040999597,153.27683799993247,153.28370569995604,153.28370569995604,153.28370569995604,153.9011553999735,2,0.6134806999471039,None,154.89250600000378,154.90012939996086,154.90012939996086,154.90012939996086,154.90012939996086,155.58435110002756,1,0,0.6771146000828594,None,156.07817250001244,156.08500329998787,156.08500329998787,156.08500329998787,156.62595349992625,2,0.5325777000980452,None,156.6260137000354,159.61730479996186,151.3334678999381,,,,,,,,,,,,,,,,,,,,,,,,,,,206,1,short,A,2026-07-10_14h45.34.058,SBL_superimposed_retrieval,,2026.1.3,119.80782817506334,2026-07-10 14h45.34.455031 -0400,
0,3,3,0,stimuli/scenes/scene_U2.jpg,Undersea,Malbow,stimuli/items/undersea_object_5.png,Undersea,object,sc,None,1,1,0.4719762000022456,None,3,0.4388430999824777,None,1,1,1.3985853999620304,None,2,1.736749600037001,None,0,0,0,0,0,3,3,3,,,,,159.63278210000135,,,,,,,,,,,,,,,,,,,,,,,,,,,,,,,,,,,,,,,,,,,,159.63022039993666,159.63278210000135,163.61801690002903,None,166.0433742000023,167.034180299961,164.61023170000408,164.6172367000254,164.6172367000254,164.6172367000254,-0.000530300079844892,165.1012448000256,1,1,0.4719762000022456,None,168.44302989996504,168.45053609996103,168.94449549994897,168.93466030003037,165.59536319994368,165.60236849996727,165.60236849996727,165.60236849996727,166.0433104999829,3,0.4388430999824777,None,167.03982800000813,167.04331119998824,167.04331119998824,167.04331119998824,167.04331119998824,168.44296320003923,1,1,1.3985853999620304,None,168.93727170000784,168.94449549994897,168.94449549994897,168.94449549994897,170.68513849994633,2,1.736749600037001,None,170.68520239996724,173.6756324999733,163.62545109994244,,,,,,,,,,,,,,,,,,,,,,,,,,,206,1,short,A,2026-07-10_14h45.34.058,SBL_superimposed_retrieval,,2026.1.3,119.80782817506334,2026-07-10 14h45.34.455031 -0400,
0,4,4,0,stimuli/scenes/scene_J2.jpg,Jungle,Somar,stimuli/items/undersea_animal_20.png,Undersea,animal,si,None,1,0,0.3728513000532985,None,2,0.5218249000608921,None,1,1,0.6449761000694707,None,1,0.5172656000358984,None,0,0,0,0,0,4,4,4,,,,,173.68891399994027,,,,,,,,,,,,,,,,,,,,,,,,,,,,,,,,,,,,,,,,,,,,173.68652300001122,173.68891399994027,177.6761695999885,None,180.09346809994895,181.08468780003022,178.66851119999774,178.68401560001075,178.68401560001075,178.68401560001075,0.007277299999259412,179.06798019993585,1,0,0.3728513000532985,None,181.74325529998168,181.7508382999804,182.24423199996818,182.2345498999348,179.56048670003656,179.56737950001843,179.56737950001843,179.56737950001843,180.09340549993794,2,0.5218249000608921,None,181.08930310001597,181.09269399999175,181.09269399999175,181.09269399999175,181.09269399999175,181.74318889994174,1,1,0.6449761000694707,None,182.23704030003864,182.24423199996818,182.24423199996818,182.24423199996818,182.76854710001498,1,0.5172656000358984,None,182.76860780001152,185.75986929994542,177.68378590000793,,,,,,,,,,,,,,,,,,,,,,,,,,,206,1,short,A,2026-07-10_14h45.34.058,SBL_superimposed_retrieval,,2026.1.3,119.80782817506334,2026-07-10 14h45.34.455031 -0400,
0,5,5,0,stimuli/scenes/scene_J2.jpg,Jungle,Somar,stimuli/items/jungle_object_2.png,Jungle,object,sc,None,2,1,0.45012090005911887,None,3,0.7769675001036376,None,1,1,0.7082868000725284,None,2,1.3727007999550551,None,0,0,0,0,0,5,5,5,,,,,185.77229799993802,,,,,,,,,,,,,,,,,,,,,,,,,,,,,,,,,,,,,,,,,,,,185.77008990000468,185.77229799993802,189.75947849999648,None,192.51002399995923,193.50135249993764,190.7521776999347,190.7593332999386,190.7593332999386,190.7593332999386,0.007321099983528256,191.22678969998378,2,1,0.45012090005911887,None,194.2184412999777,194.2257540000137,194.71751769992989,194.70975929999258,191.72100389993284,191.7282842999557,191.7282842999557,191.7282842999557,192.50996109994594,3,0.7769675001036376,None,193.5018019999843,193.509088999941,193.509088999941,193.509088999941,193.509088999941,194.21837210003287,1,1,0.7082868000725284,None,194.71067709999625,194.71751769992989,194.71751769992989,194.71751769992989,196.09378739993554,2,1.3727007999550551,None,196.09385209996253,199.08446649997495,189.76757779996842,,,,,,,,,,,,,,,,,,,,,,,,,,,206,1,short,A,2026-07-10_14h45.34.058,SBL_superimposed_retrieval,,2026.1.3,119.80782817506334,2026-07-10 14h45.34.455031 -0400,
0,6,6,0,stimuli/scenes/scene_J1.jpg,Jungle,Negvi,stimuli/items/jungle_animal_6.png,Jungle,animal,sc,None,2,1,0.36369329993613064,None,3,0.4582393999444321,None,1,0,0.5514462999999523,None,2,0.7900360999628901,None,0,0,0,0,0,6,6,6,,,,,199.11232359998394,,,,,,,,,,,,,,,,,,,,,,,,,,,,,,,,,,,,,,,,,,,,199.10990679997485,199.11232359998394,203.10158789996058,None,205.4189156999346,206.4098634000402,204.0938492999412,204.10072839993518,204.10072839993518,204.10072839993518,4.360009916126728e-05,204.46025400003418,2,1,0.36369329993613064,None,206.97693290002644,206.9842582999263,207.47583949996624,207.46799050003756,204.95203659997787,204.95936969993636,204.95936969993636,204.95936969993636,205.41885240003467,3,0.4582393999444321,None,206.4103269999614,206.41796799993608,206.41796799993608,206.41796799993608,206.41796799993608,206.97686409996822,1,0,0.5514462999999523,None,207.46892839996144,207.47583949996624,207.47583949996624,207.47583949996624,208.2688407000387,2,0.7900360999628901,None,208.26890349993482,211.25981309998315,,,,,,,,,,,,,,,,,,,,,,,,,,,,206,1,short,A,2026-07-10_14h45.34.058,SBL_superimposed_retrieval,,2026.1.3,119.80782817506334,2026-07-10 14h45.34.455031 -0400,
0,7,7,0,stimuli/scenes/scene_U2.jpg,Undersea,Malbow,stimuli/items/jungle_object_6.png,Jungle,object,si,None,1,1,0.5570895000128075,None,3,1.2412491999566555,None,1,1,1.6809019000502303,None,2,1.4964701000135392,None,0,0,0,0,0,7,7,7,,,,,211.2719863000093,,,,,,,,,,,,,,,,,,,,,,,,,,,,,,,,,,,,,,,,,,,,211.26954300003126,211.2719863000093,215.2600426999852,None,218.5774755999446,219.56858790002298,216.2523476999486,216.25937919993885,216.25937919993885,216.25937919993885,-0.0006852000951766968,216.82700329995714,1,1,0.5570895000128075,None,221.2604606000241,221.26823549997061,221.76172850001603,221.75188470003195,217.32115770003293,217.32847950002179,217.32847950002179,217.32847950002179,218.57741339993663,3,1.2412491999566555,None,219.57332940003835,219.57671369996388,219.57671369996388,219.57671369996388,219.57671369996388,221.26039309997577,1,1,1.6809019000502303,None,221.7544774999842,221.76172850001603,221.76172850001603,221.76172850001603,223.26070809992962,2,1.4964701000135392,None,223.260771799949,226.252051700023,215.2681891999673,,,,,,,,,,,,,,,,,,,,,,,,,,,206,1,short,A,2026-07-10_14h45.34.058,SBL_superimposed_retrieval,,2026.1.3,119.80782817506334,2026-07-10 14h45.34.455031 -0400,
0,8,8,0,stimuli/scenes/scene_J2.jpg,Jungle,Somar,stimuli/items/jungle_object_1.png,Jungle,object,sc,None,2,1,0.46119130006991327,None,3,0.3255883000092581,None,1,1,0.6263268000911921,None,2,1.4110293000703678,None,0,0,0,0,0,8,8,8,,,,,226.28028720000293,,,,,,,,,,,,,,,,,,,,,,,,,,,,,,,,,,,,,,,,,,,,226.27783329994418,226.28028720000293,230.26827390003018,None,232.56075339997187,233.55179900000803,231.26083119993564,231.26829599996563,231.26829599996563,231.26829599996563,0.0001039999770000577,231.72712739999406,2,1,0.46119130006991327,None,234.19354030000977,234.20155879994854,234.69473039999139,234.6850739000365,232.22129629994743,232.22843509993982,232.22843509993982,232.22843509993982,232.56069259997457,3,0.3255883000092581,None,233.55607309995685,233.5595129999565,233.5595129999565,233.5595129999565,233.5595129999565,234.19347609998658,1,1,0.6263268000911921,None,234.68754800001625,234.69473039999139,234.69473039999139,234.69473039999139,236.1110117000062,2,1.4110293000703678,None,236.1110756000271,239.10194770002272,,,,,,,,,,,,,,,,,,,,,,,,,,,,206,1,short,A,2026-07-10_14h45.34.058,SBL_superimposed_retrieval,,2026.1.3,119.80782817506334,2026-07-10 14h45.34.455031 -0400,
0,9,9,0,stimuli/scenes/scene_J1.jpg,Jungle,Negvi,stimuli/items/jungle_animal_4.png,Jungle,animal,sc,None,2,1,0.6181820998899639,None,2,0.9984531999798492,None,2,1,1.6704881000332534,None,2,0.8061578999040648,None,0,0,0,0,0,9,9,9,,,,,239.12828559998889,,,,,,,,,,,,,,,,,,,,,,,,,,,,,,,,,,,,,,,,,,,,239.1259693999309,239.12828559998889,243.11858909996226,None,246.23575540003367,247.22696150001138,244.11091839999426,244.11836620001122,244.11836620001122,244.11836620001122,-0.00011150003410875797,244.73556439997628,2,1,0.6181820998899639,None,248.9107040000381,248.9183605000144,249.4119010999566,249.40216399997007,245.2280807000352,245.23503410001285,245.23503410001285,245.23503410001285,246.23569300002418,2,0.9984531999798492,None,247.22742799995467,247.234985099989,247.234985099989,247.234985099989,247.234985099989,248.9106371999951,2,1,1.6704881000332534,None,249.40489749994595,249.4119010999566,249.4119010999566,249.4119010999566,250.21944090002216,2,0.8061578999040648,None,250.21950440004002,253.21070329996292,,,,,,,,,,,,,,,,,,,,,,,,,,,,206,1,short,A,2026-07-10_14h45.34.058,SBL_superimposed_retrieval,,2026.1.3,119.80782817506334,2026-07-10 14h45.34.455031 -0400,
0,10,10,0,stimuli/scenes/scene_U2.jpg,Undersea,Malbow,stimuli/items/undersea_object_19.png,Undersea,object,sc,None,1,1,0.35129959997721016,None,2,0.9146248999750242,None,1,1,1.5123119000345469,None,2,1.1421017999527976,None,0,0,0,0,0,10,10,10,,,,,253.22224070003722,,,,,,,,,,,,,,,,,,,,,,,,,,,,,,,,,,,,,,,,,,,,253.2200351000065,253.22224070003722,257.21077899995726,None,259.99465919996146,260.9857698000269,258.2026673000073,258.21850640000775,258.21850640000775,258.21850640000775,-0.0009278000798076391,258.5775202999357,1,1,0.35129959997721016,None,262.511038800003,262.51837179996073,263.01173619995825,263.0020291999681,259.0716208999511,259.0787632999709,259.0787632999709,259.0787632999709,259.9945953999413,2,0.9146248999750242,None,260.9905445999466,260.9939634000184,260.9939634000184,260.9939634000184,260.9939634000184,262.51097109995317,1,1,1.5123119000345469,None,263.0046771999914,263.01173619995825,263.01173619995825,263.01173619995825,264.1611278000055,2,1.1421017999527976,None,264.1611912000226,267.15266619995236,257.2185752999503,,,,,,,,,,,,,,,,,,,,,,,,,,,206,1,short,A,2026-07-10_14h45.34.058,SBL_superimposed_retrieval,,2026.1.3,119.80782817506334,2026-07-10 14h45.34.455031 -0400,
0,11,11,0,stimuli/scenes/scene_J2.jpg,Jungle,Somar,stimuli/items/jungle_object_11.png,Jungle,object,sc,None,2,1,0.4724012999795377,None,3,0.984599000075832,None,1,1,1.4111975999549031,None,2,0.6920781000517309,None,0,0,0,0,0,11,11,11,,,,,267.16534069995396,,,,,,,,,,,,,,,,,,,,,,,,,,,,,,,,,,,,,,,,,,,,267.16288570000324,267.16534069995396,271.15269599994645,None,274.12861629994586,275.11911259999033,272.1448172000237,272.15215420001186,272.15215420001186,272.15215420001186,-0.0003128000535070896,272.63619600003585,2,1,0.4724012999795377,None,276.54444149998017,276.5522559999954,277.04526769998483,277.03557189996354,273.129842299968,273.13689690001775,273.13689690001775,273.13689690001775,274.128552799928,3,0.984599000075832,None,275.123391799978,275.1268461999716,275.1268461999716,275.1268461999716,275.1268461999716,276.5443735999288,1,1,1.4111975999549031,None,277.03808720002417,277.04526769998483,277.04526769998483,277.04526769998483,277.7449095000047,2,0.6920781000517309,None,277.74497360002715,280.73606130003463,271.16087180003524,,,,,,,,,,,,,,,,,,,,,,,,,,,206,1,short,A,2026-07-10_14h45.34.058,SBL_superimposed_retrieval,,2026.1.3,119.80782817506334,2026-07-10 14h45.34.455031 -0400,
0,12,12,0,stimuli/scenes/scene_J1.jpg,Jungle,Negvi,stimuli/items/jungle_animal_16.png,Jungle,animal,sc,None,2,1,0.6657016000244766,None,3,0.6828132000518963,None,2,1,0.71164160000626,None,3,0.6456405000062659,None,0,0,0,0,0,12,12,12,,,,,280.748304800014,,,,,,,,,,,,,,,,,,,,,,,,,,,,,,,,,,,,,,,,,,,,280.74612539994996,280.748304800014,284.73618619993795,None,287.59488129999954,288.5862864999799,285.7283708000323,285.735630900017,285.735630900017,285.735630900017,-0.0005776999751105905,286.4110703000333,2,1,0.6657016000244766,None,289.3115689000115,289.3190324000316,289.81229989998974,289.8027369999327,286.9037661999464,286.91048630001023,286.91048630001023,286.91048630001023,287.5948200999992,3,0.6828132000518963,None,288.5867324999999,288.5938800999429,288.5938800999429,288.5938800999429,288.5938800999429,289.31150139996316,2,1,0.71164160000626,None,289.80543169996236,289.81229989998974,289.81229989998974,289.81229989998974,290.46182219998445,3,0.6456405000062659,None,290.461889600032,293.4527026999276,284.7440636999672,,,,,,,,,,,,,,,,,,,,,,,,,,,206,1,short,A,2026-07-10_14h45.34.058,SBL_superimposed_retrieval,,2026.1.3,119.80782817506334,2026-07-10 14h45.34.455031 -0400,
0,13,13,0,stimuli/scenes/scene_U2.jpg,Undersea,Malbow,stimuli/items/undersea_animal_15.png,Undersea,animal,sc,None,1,1,0.7242460999405012,None,3,0.5700563000282273,None,1,1,1.2531509000109509,None,None,,,0,0,0,0,0,13,13,13,,,,,293.46459160000086,,,,,,,,,,,,,,,,,,,,,,,,,,,,,,,,,,,,,,,,,,,,293.4624595999485,293.46459160000086,297.4528858999256,None,300.2704348999541,301.26096700003836,298.4452904999489,298.45250010001473,298.45250010001473,298.45250010001473,0.007539000012911856,299.19480499997735,1,1,0.7242460999405012,None,302.52856170001905,302.53592059994116,303.02957459993195,303.0196752999909,299.68866420001723,299.6957873000065,299.6957873000065,299.6957873000065,300.2703725999454,3,0.5700563000282273,None,301.2657292999793,301.2690170999849,301.2690170999849,301.2690170999849,301.2690170999849,302.528494499973,1,1,1.2531509000109509,None,303.02229480003007,303.02957459993195,303.02957459993195,303.02957459993195,305.0204433000181,None,,,305.02049279992934,308.0112388000125,297.46101680002175,305.0275089000352,305.0275089000352,305.0275089000352,,,,,,,,,,,,,,,,,,,,,,,,206,1,short,A,2026-07-10_14h45.34.058,SBL_superimposed_retrieval,,2026.1.3,119.80782817506334,2026-07-10 14h45.34.455031 -0400,
0,14,14,0,stimuli/scenes/scene_U1.jpg,Undersea,Tulon,stimuli/items/jungle_animal_5.png,Jungle,animal,si,None,2,0,0.5663569000316784,None,2,1.033349800040014,None,1,0,0.882047799997963,None,1,0.377637300058268,None,0,0,0,0,0,14,14,14,,,,,308.0410244000377,,,,,,,,,,,,,,,,,,,,,,,,,,,,,,,,,,,,,,,,,,,,308.0387906000251,308.0410244000377,312.0280515999766,None,315.13693000003695,316.1280109999934,313.0204654999543,313.0277941999957,313.0277941999957,313.0277941999957,-0.000645600026473403,313.59518730000127,2,0,0.5663569000316784,None,317.02024260000326,317.02792469994165,317.51981910003815,317.51174320001155,314.08900639996864,314.09613189997617,314.09613189997617,314.09613189997617,315.1368625999894,2,1.033349800040014,None,316.12847769993823,316.1358239999972,316.1358239999972,316.1358239999972,316.1358239999972,317.02017739997245,1,0,0.882047799997963,None,317.5126821999438,317.51981910003815,317.51981910003815,317.51981910003815,317.9041548999958,1,0.377637300058268,None,317.9042134999763,320.89471899997443,312.03580189996865,,,,,,,,,,,,,,,,,,,,,,,,,,,206,1,short,A,2026-07-10_14h45.34.058,SBL_superimposed_retrieval,,2026.1.3,119.80782817506334,2026-07-10 14h45.34.455031 -0400,
0,15,15,0,stimuli/scenes/scene_J2.jpg,Jungle,Somar,stimuli/items/jungle_animal_11.png,Jungle,animal,sc,None,1,0,0.39342480001505464,None,2,0.8213159999577329,None,None,0,,,1,0.20631829998455942,None,0,0,0,0,0,15,15,15,,,,,320.93761030002497,,,,,,,,,,,,,,,,,,,,,,,,,,,,,,,,,,,,,,,,,,,,320.93541249993723,320.93761030002497,324.91148130001966,None,327.6291835999582,328.61988399992697,325.9038087000372,325.91148050001357,325.91148050001357,325.91148050001357,-0.0003599999472498894,326.3038431999739,1,0,0.39342480001505464,None,331.1115215999307,331.1277834000066,331.6195998999756,331.61155030003283,326.7975101999473,326.80472799995914,326.80472799995914,326.80472799995914,327.62912189995404,2,0.8213159999577329,None,328.6243746000109,328.627751299995,328.627751299995,328.627751299995,328.627751299995,331.1114682999905,None,0,,,331.614579499932,331.6278850999661,331.6278850999661,331.6278850999661,331.8373381999554,1,0.20631829998455942,None,331.83739709993824,334.8282248999458,,,,,331.1194895999506,331.1194895999506,331.1194895999506,331.1194895999506,,,,,,,,,,,,,,,,,,,,206,1,short,A,2026-07-10_14h45.34.058,SBL_superimposed_retrieval,,2026.1.3,119.80782817506334,2026-07-10 14h45.34.455031 -0400,
0,16,16,0,stimuli/scenes/scene_U1.jpg,Undersea,Tulon,stimuli/items/undersea_object_4.png,Undersea,object,sc,None,1,1,0.5414944000076503,None,3,1.8350257000420243,None,1,0,1.26571690000128,None,2,1.257648600032553,None,0,0,0,0,0,16,16,16,,,,,334.84008679992985,,,,,,,,,,,,,,,,,,,,,,,,,,,,,,,,,,,,,,,,,,,,334.83782629994676,334.84008679992985,338.8288090999704,None,342.7209879999282,343.71209589997306,339.82093669997994,339.82798539998475,339.82798539998475,339.82798539998475,-0.0007347000064328313,340.37906289997045,1,1,0.5414944000076503,None,344.98736110003665,344.9948143999791,345.4882995999651,345.4785811000038,340.8713649000274,340.87828049995005,340.87828049995005,340.87828049995005,342.7209262000397,3,1.8350257000420243,None,343.71661330002826,343.719734699931,343.719734699931,343.719734699931,343.719734699931,344.98729509999976,1,0,1.26571690000128,None,345.48116900003515,345.4882995999651,345.4882995999651,345.4882995999651,346.7543525999645,2,1.257648600032553,None,346.75441479997244,349.7454333000351,338.8365640999982,,,,,,,,,,,,,,,,,,,,,,,,,,,206,1,short,A,2026-07-10_14h45.34.058,SBL_superimposed_retrieval,,2026.1.3,119.80782817506334,2026-07-10 14h45.34.455031 -0400,
0,17,17,0,stimuli/scenes/scene_J2.jpg,Jungle,Somar,stimuli/items/jungle_object_18.png,Jungle,object,sc,None,2,1,0.4390730999875814,None,3,0.4721843999577686,None,1,1,1.144209999940358,None,2,0.7874343999428675,None,0,0,0,0,0,17,17,17,,,,,349.77502259996254,,,,,,,,,,,,,,,,,,,,,,,,,,,,,,,,,,,,,,,,,,,,349.77219629997853,349.77502259996254,353.76194989995565,None,356.1709765000269,357.16203210002277,354.7544898999622,354.7615296000149,354.7615296000149,354.7615296000149,0.00012169999536126852,355.195391700021,2,1,0.4390730999875814,None,358.3206715999404,358.32844079995994,358.8218050999567,358.811967000016,355.6900921999477,355.697519899928,355.697519899928,355.697519899928,356.17091630003415,3,0.4721843999577686,None,357.1663682999788,357.1697430999484,357.1697430999484,357.1697430999484,357.1697430999484,358.32060760003515,1,1,1.144209999940358,None,358.8144414999988,358.8218050999567,358.8218050999567,358.8218050999567,359.61269540002104,2,0.7874343999428675,None,359.61275670002215,362.6037287999643,,,,,,,,,,,,,,,,,,,,,,,,,,,,206,1,short,A,2026-07-10_14h45.34.058,SBL_superimposed_retrieval,,2026.1.3,119.80782817506334,2026-07-10 14h45.34.455031 -0400,
0,18,18,0,stimuli/scenes/scene_U1.jpg,Undersea,Tulon,stimuli/items/undersea_object_20.png,Undersea,object,sc,None,1,1,0.5891713000601158,None,2,0.5517847000155598,None,2,1,0.8357349999714643,None,2,0.9162753999698907,None,0,0,0,0,0,18,18,18,,,,,362.61518820002675,,,,,,,,,,,,,,,,,,,,,,,,,,,,,,,,,,,,,,,,,,,,362.61267930001486,362.61518820002675,366.6037840000354,None,369.2629065000219,370.2537512999261,367.5966455999296,367.60351649997756,367.60351649997756,367.60351649997756,-0.0006636000471189618,368.20413930003997,1,1,0.5891713000601158,None,371.10416410001926,371.1122045000084,371.6055873000296,371.59585719997995,368.69866110000294,368.705661999993,368.705661999993,368.705661999993,369.26284300000407,2,0.5517847000155598,None,370.2582802999532,370.26173229992855,370.26173229992855,370.26173229992855,370.26173229992855,371.104099499993,2,1,0.8357349999714643,None,371.5984143000096,371.6055873000296,371.6055873000296,371.6055873000296,372.5295698000118,2,0.9162753999698907,None,372.52963080001064,375.52071009995416,366.6118862000294,,,,,,,,,,,,,,,,,,,,,,,,,,,206,1,short,A,2026-07-10_14h45.34.058,SBL_superimposed_retrieval,,2026.1.3,119.80782817506334,2026-07-10 14h45.34.455031 -0400,
0,19,19,0,stimuli/scenes/scene_U2.jpg,Undersea,Malbow,stimuli/items/jungle_object_20.png,Jungle,object,si,None,1,1,0.5845222000498325,None,3,0.8211051999824122,None,2,0,1.5087273999815807,None,2,1.132448000018485,None,0,0,0,0,0,19,19,19,,,,,375.5335696999682,,,,,,,,,,,,,,,,,,,,,,,,,,,,,,,,,,,,,,,,,,,,375.5312139999587,375.5335696999682,379.52089039993007,None,382.4468439000193,383.4376745999325,380.51311759999953,380.52023869997356,380.52023869997356,380.52023869997356,-0.0005927999736741185,381.1209557999391,1,1,0.5845222000498325,None,384.9548791999696,384.9619894999778,385.4536685999483,385.4458125999663,381.6135699999286,381.6203270999249,381.6203270999249,381.6203270999249,382.4467818000121,3,0.8211051999824122,None,383.4381188999396,383.4453380999621,383.4453380999621,383.4453380999621,383.4453380999621,384.9548125999281,2,0,1.5087273999815807,None,385.4467449999647,385.4536685999483,385.4536685999483,385.4536685999483,386.58798650000244,2,1.132448000018485,None,386.58804810000584,389.57926329993643,379.5286870999262,,,,,,,,,,,,,,,,,,,,,,,,,,,206,1,short,A,2026-07-10_14h45.34.058,SBL_superimposed_retrieval,,2026.1.3,119.80782817506334,2026-07-10 14h45.34.455031 -0400,
1,0,0,0,stimuli/scenes/scene_J1.jpg,Jungle,Negvi,stimuli/items/undersea_object_10.png,Undersea,object,si,None,2,1,0.7684163000667468,None,3,0.8840448999544606,None,1,0,1.5394355000462383,None,1,0.3107886000070721,None,0,1,1,1,0,0,0,0,0,0,0,0,399.338986299932,,,,,,,,,,,,,,,,,,,,,,,,,,,,,,,,,,,,,,,,,,399.31379689997993,399.31403849995695,399.3358811000362,399.338986299932,403.32068749994505,None,406.480061499984,407.47125589998905,404.3132634999929,404.3206617999822,404.3206617999822,404.3206617999822,-0.0007582000689581037,405.0881092000054,2,1,0.7684163000667468,None,409.02132039994467,409.02924730000086,409.5225195999956,409.51271679997444,405.5824506999925,405.5894961999729,405.5894961999729,405.5894961999729,406.4799998999806,3,0.8840448999544606,None,407.475458299974,407.4787621999858,407.4787621999858,407.4787621999858,407.4787621999858,409.0212513000006,1,0,1.5394355000462383,None,409.5152005000273,409.5225195999956,409.5225195999956,409.5225195999956,409.83869489992503,1,0.3107886000070721,None,409.8387545000296,412.8293333000038,,,,,,,,,389.58182359999046,389.58205149997957,389.5822530000005,389.58740149997175,390.57877969997935,399.312789699994,space,8.72646989999339,None,,,,,,,,,,,206,1,short,A,2026-07-10_14h45.34.058,SBL_superimposed_retrieval,,2026.1.3,119.80782817506334,2026-07-10 14h45.34.455031 -0400,
1,1,1,0,stimuli/scenes/scene_U1.jpg,Undersea,Tulon,stimuli/items/undersea_animal_18.png,Undersea,animal,sc,None,1,1,0.5960853999713436,None,3,0.6781042000511661,None,2,1,0.7406107999850065,None,2,0.6652331000659615,None,0,1,1,1,0,1,1,1,,,,,412.84177289996296,,,,,,,,,,,,,,,,,,,,,,,,,,,,,,,,,,,,,,,,,,,,412.83964779996313,412.84177289996296,416.82974499999546,None,419.63016379997134,420.62148850003723,417.82229779998306,417.8293648000108,417.8293648000108,417.8293648000108,0.007564599975012243,418.446506200009,1,1,0.5960853999713436,None,421.3714770999504,421.37942250003107,421.8727835000027,421.86314419994596,418.9408230999252,418.94799310003873,418.94799310003873,418.94799310003873,419.6301027999725,3,0.6781042000511661,None,420.62621509993915,420.62934979994316,420.62934979994316,420.62934979994316,420.62934979994316,421.37141010002233,2,1,0.7406107999850065,None,421.86565259995405,421.8727835000027,421.8727835000027,421.8727835000027,422.53913169994485,2,0.6652331000659615,None,422.5391953999642,425.52975290000904,416.8376877999399,,,,,,,,,,,,,,,,,,,,,,,,,,,206,1,short,A,2026-07-10_14h45.34.058,SBL_superimposed_retrieval,,2026.1.3,119.80782817506334,2026-07-10 14h45.34.455031 -0400,
1,2,2,0,stimuli/scenes/scene_J2.jpg,Jungle,Somar,stimuli/items/undersea_object_2.png,Undersea,object,si,None,2,1,0.5358202999923378,None,2,0.7075107999844477,None,1,1,1.2015140999574214,None,1,0.3224591000471264,None,0,1,1,1,0,2,2,2,,,,,425.5429898999864,,,,,,,,,,,,,,,,,,,,,,,,,,,,,,,,,,,,,,,,,,,,425.54075990000274,425.5429898999864,429.5300304000266,None,432.3058358000126,433.2968002000125,430.5224232999608,430.53775190003216,430.53775190003216,430.53775190003216,0.007175700040534139,431.0887214000104,2,1,0.5358202999923378,None,434.51393929996993,434.52120479999576,435.0148145999992,435.005077800015,431.58281839999836,431.5901288000168,431.5901288000168,431.5901288000168,432.30577400000766,2,0.7075107999844477,None,433.30100490001496,433.30436499998905,433.30436499998905,433.30436499998905,433.30436499998905,434.5138700000243,1,1,1.2015140999574214,None,435.0075856000185,435.0148145999992,435.0148145999992,435.0148145999992,435.33885009994265,1,0.3224591000471264,None,435.3389119999483,438.3298584999284,429.5376073999796,,,,,,,,,,,,,,,,,,,,,,,,,,,206,1,short,A,2026-07-10_14h45.34.058,SBL_superimposed_retrieval,,2026.1.3,119.80782817506334,2026-07-10 14h45.34.455031 -0400,
1,3,3,0,stimuli/scenes/scene_J2.jpg,Jungle,Somar,stimuli/items/undersea_animal_12.png,Undersea,animal,si,None,2,1,0.5592228999594226,None,3,1.3336005999008194,None,1,1,1.1919284999603406,None,2,0.8524699000408873,None,0,1,1,1,0,3,3,3,,,,,438.3420765999472,,,,,,,,,,,,,,,,,,,,,,,,,,,,,,,,,,,,,,,,,,,,438.3398498999886,438.3420765999472,442.32997870002873,None,445.73900009994395,446.7301494999556,443.3225724999793,443.3296236000024,443.3296236000024,443.3296236000024,-0.0009232000447809696,443.9053884999594,2,1,0.5592228999594226,None,447.938488899963,447.94629629992414,448.43765420001,448.42990749992896,444.39751010003965,444.4042249999475,444.4042249999475,444.4042249999475,445.7389370999299,3,1.3336005999008194,None,446.7306251999689,446.73788469994906,446.73788469994906,446.73788469994906,446.73788469994906,447.93842200003564,1,1,1.1919284999603406,None,448.43085370003246,448.43765420001,448.43765420001,448.43765420001,449.2971730999416,2,0.8524699000408873,None,449.2972358999541,452.2882195999846,442.3379016999388,,,,,,,,,,,,,,,,,,,,,,,,,,,206,1,short,A,2026-07-10_14h45.34.058,SBL_superimposed_retrieval,,2026.1.3,119.80782817506334,2026-07-10 14h45.34.455031 -0400,
1,4,4,0,stimuli/scenes/scene_U2.jpg,Undersea,Malbow,stimuli/items/jungle_object_8.png,Jungle,object,si,None,1,1,0.5213472000323236,None,2,1.3666291000554338,None,2,0,0.8487889999523759,None,2,0.5210399000206962,None,0,1,1,1,0,4,4,4,,,,,452.30194849998225,,,,,,,,,,,,,,,,,,,,,,,,,,,,,,,,,,,,,,,,,,,,452.29956950002816,452.30194849998225,456.28888260002714,None,459.6977640999248,460.6888367999345,457.280814299942,457.28814700001385,457.28814700001385,457.28814700001385,-0.0006182999350130558,457.82219869992696,1,1,0.5213472000323236,None,461.5473237999249,461.5548178999452,462.04846580000594,462.03875840001274,458.31649410002865,458.3235367999878,458.3235367999878,458.3235367999878,459.69770369993057,2,1.3666291000554338,None,460.69355039997026,460.6966965999454,460.6966965999454,460.6966965999454,460.6966965999454,461.547256299993,2,0,0.8487889999523759,None,462.04127859999426,462.04846580000594,462.04846580000594,462.04846580000594,462.572561900015,2,0.5210399000206962,None,462.57262410002295,465.5637585000368,456.2964255999541,,,,,,,,,,,,,,,,,,,,,,,,,,,206,1,short,A,2026-07-10_14h45.34.058,SBL_superimposed_retrieval,,2026.1.3,119.80782817506334,2026-07-10 14h45.34.455031 -0400,
1,5,5,0,stimuli/scenes/scene_U1.jpg,Undersea,Tulon,stimuli/items/undersea_animal_1.png,Undersea,animal,sc,None,1,1,0.5901842000894248,None,3,0.4099838000256568,None,2,1,1.1053653000853956,None,3,1.8494594000512734,None,0,1,1,1,0,5,5,5,,,,,465.58612420002464,,,,,,,,,,,,,,,,,,,,,,,,,,,,,,,,,,,,,,,,,,,,465.5836373999482,465.58612420002464,469.57229699997697,None,472.0809825999895,473.0725192000391,470.5645972000202,470.57174389995635,470.57174389995635,470.57174389995635,-0.0008015000494197011,471.16436399996746,1,1,0.5901842000894248,None,474.18894689995795,474.1964797000401,474.6884826000314,474.6807394999778,471.6565862999996,471.6635256999871,471.6635256999871,471.6635256999871,472.08092480001505,3,0.4099838000256568,None,473.07296559994575,473.0798630999634,473.0798630999634,473.0798630999634,473.0798630999634,474.1888831999386,2,1,1.1053653000853956,None,474.68169040000066,474.6884826000314,474.6884826000314,474.6884826000314,476.53952059999574,3,1.8494594000512734,None,476.5395844000159,479.53048640000634,469.5802480999846,,,,,,,,,,,,,,,,,,,,,,,,,,,206,1,short,A,2026-07-10_14h45.34.058,SBL_superimposed_retrieval,,2026.1.3,119.80782817506334,2026-07-10 14h45.34.455031 -0400,
1,6,6,0,stimuli/scenes/scene_J2.jpg,Jungle,Somar,stimuli/items/undersea_object_17.png,Undersea,object,si,None,2,1,0.5347085999092087,None,1,1.4745778000215068,None,2,0,1.7137858000351116,None,1,0.9038411000510678,None,0,1,1,1,0,6,6,6,,,,,479.5418434999883,,,,,,,,,,,,,,,,,,,,,,,,,,,,,,,,,,,,,,,,,,,,479.53957180003636,479.5418434999883,483.530627500033,None,487.0732653000159,488.06450059998315,484.5228405999951,484.5384953999892,484.5384953999892,484.5384953999892,0.007479100022464991,485.08911629999056,2,1,0.5347085999092087,None,489.7890849999385,489.7973289999645,490.2902989999857,490.28090090001933,485.58357130002696,485.59080709994305,485.59080709994305,485.59080709994305,487.0732058000285,1,1.4745778000215068,None,488.06898590002675,488.07230999995954,488.07230999995954,488.07230999995954,488.07230999995954,489.78901920001954,2,0,1.7137858000351116,None,490.2833009000169,490.2902989999857,490.2902989999857,490.2902989999857,491.19783369998913,1,0.9038411000510678,None,491.1978934999788,494.18934819998685,483.53832809999585,,,,,,,,,,,,,,,,,,,,,,,,,,,206,1,short,A,2026-07-10_14h45.34.058,SBL_superimposed_retrieval,,2026.1.3,119.80782817506334,2026-07-10 14h45.34.455031 -0400,
1,7,7,0,stimuli/scenes/scene_U2.jpg,Undersea,Malbow,stimuli/items/jungle_object_7.png,Jungle,object,si,None,1,1,0.3960009999573231,None,3,0.5823192000389099,None,1,1,1.6009102000389248,None,1,0.9311343000736088,None,0,1,1,1,0,7,7,7,,,,,494.2023353999248,,,,,,,,,,,,,,,,,,,,,,,,,,,,,,,,,,,,,,,,,,,,494.19989569997415,494.2023353999248,498.18926829996053,None,500.69009719998576,501.68085110001266,499.1817337999819,499.18892390001565,499.18892390001565,499.18892390001565,-0.0006364999571815133,499.59776109992526,1,1,0.3960009999573231,None,503.2984149999684,503.30578409996815,503.7985840999754,503.7889943999471,500.092100400012,500.0994664999889,500.0994664999889,500.0994664999889,500.69003880000673,3,0.5823192000389099,None,501.685262999963,501.688851099927,501.688851099927,501.688851099927,501.688851099927,503.298351299949,1,1,1.6009102000389248,None,503.7915617999388,503.7985840999754,503.7985840999754,503.7985840999754,504.7313434999669,1,0.9311343000736088,None,504.7314036999596,507.7225887000095,498.19699900003616,,,,,,,,,,,,,,,,,,,,,,,,,,,206,1,short,A,2026-07-10_14h45.34.058,SBL_superimposed_retrieval,,2026.1.3,119.80782817506334,2026-07-10 14h45.34.455031 -0400,
1,8,8,0,stimuli/scenes/scene_J2.jpg,Jungle,Somar,stimuli/items/jungle_animal_9.png,Jungle,animal,sc,None,2,1,0.5258511999854818,None,3,0.5314558999380097,None,1,1,0.848106799996458,None,2,1.1918600000208244,None,0,1,1,1,0,8,8,8,,,,,507.7741654999554,,,,,,,,,,,,,,,,,,,,,,,,,,,,,,,,,,,,,,,,,,,,507.77200300002005,507.7741654999554,511.7393335000379,None,514.3067570999265,515.2979010000126,512.7315961000277,512.739318799926,512.739318799926,512.739318799926,0.000237800064496696,513.2649498999817,2,1,0.5258511999854818,None,516.1564402999356,516.1642008000053,516.6574733000016,516.6476645999355,513.7589563999791,513.766491599963,513.766491599963,513.766491599963,514.3066987999482,3,0.5314558999380097,None,515.302211000002,515.3055411999812,515.3055411999812,515.3055411999812,515.3055411999812,516.1563758000266,1,1,0.848106799996458,None,516.6501380000263,516.6574733000016,516.6574733000016,516.6574733000016,517.856671400019,2,1.1918600000208244,None,517.856732300017,520.8476512000198,,,,,,,,,,,,,,,,,,,,,,,,,,,,206,1,short,A,2026-07-10_14h45.34.058,SBL_superimposed_retrieval,,2026.1.3,119.80782817506334,2026-07-10 14h45.34.455031 -0400,
1,9,9,0,stimuli/scenes/scene_J1.jpg,Jungle,Negvi,stimuli/items/jungle_animal_8.png,Jungle,animal,sc,None,2,1,0.6174755999818444,None,2,0.8528772999998182,None,1,0,0.4193885000422597,None,2,0.7895714999176562,None,0,1,1,1,0,9,9,9,,,,,520.8603138999315,,,,,,,,,,,,,,,,,,,,,,,,,,,,,,,,,,,,,,,,,,,,520.8580795000307,520.8603138999315,524.8479490999598,None,527.8408034000313,528.8312250999734,525.8403135000262,525.8474857999245,525.8474857999245,525.8474857999245,-0.0005316999740898609,526.4812218999723,2,1,0.6174755999818444,None,529.2651240000268,529.2726617000299,529.7640135999536,529.7562604999403,526.9735748999519,526.9806108999765,526.9806108999765,526.9806108999765,527.8407443999313,2,0.8528772999998182,None,528.8316747000208,528.8391613999847,528.8391613999847,528.8391613999847,528.8391613999847,529.2650596000021,1,0,0.4193885000422597,None,529.7571944999509,529.7640135999536,529.7640135999536,529.7640135999536,530.5568266999908,2,0.7895714999176562,None,530.5568858999759,533.5482169999741,524.8559844000265,,,,,,,,,,,,,,,,,,,,,,,,,,,206,1,short,A,2026-07-10_14h45.34.058,SBL_superimposed_retrieval,,2026.1.3,119.80782817506334,2026-07-10 14h45.34.455031 -0400,
1,10,10,0,stimuli/scenes/scene_J2.jpg,Jungle,Somar,stimuli/items/jungle_animal_12.png,Jungle,animal,sc,None,2,1,0.39643860002979636,None,2,0.8410427999915555,None,2,0,1.6566301999846473,None,2,0.39235960005316883,None,0,1,1,1,0,10,10,10,,,,,533.5879730000161,,,,,,,,,,,,,,,,,,,,,,,,,,,,,,,,,,,,,,,,,,,,533.5857084000017,533.5879730000161,537.5646214999724,None,540.2990194000304,541.289981000009,538.5572935999371,538.564441399998,538.564441399998,538.564441399998,0.0004539000801742077,538.957046699943,2,1,0.39643860002979636,None,542.957050499972,542.9644054999808,543.4577100999886,543.4483221999835,539.4491300999653,539.4563597999513,539.4563597999513,539.4563597999513,540.2989608999342,2,0.8410427999915555,None,541.2904374999925,541.2975779999979,541.2975779999979,541.2975779999979,541.2975779999979,542.956986199948,2,0,1.6566301999846473,None,543.4507950999541,543.4577100999886,543.4577100999886,543.4577100999886,543.8572750999592,2,0.39235960005316883,None,543.8573344999459,546.8485266999342,,,,,,,,,,,,,,,,,,,,,,,,,,,,206,1,short,A,2026-07-10_14h45.34.058,SBL_superimposed_retrieval,,2026.1.3,119.80782817506334,2026-07-10 14h45.34.455031 -0400,
1,11,11,0,stimuli/scenes/scene_U1.jpg,Undersea,Tulon,stimuli/items/undersea_animal_11.png,Undersea,animal,sc,None,1,1,0.5692441000137478,None,3,0.5484062000177801,None,2,1,1.2802567000035197,None,3,1.2866929000010714,None,0,1,1,1,0,11,11,11,,,,,546.8624750999734,,,,,,,,,,,,,,,,,,,,,,,,,,,,,,,,,,,,,,,,,,,,546.8602781000081,546.8624750999734,550.8482037000358,None,553.4907870999305,554.482023300021,551.840827499982,551.8480141999898,551.8480141999898,551.8480141999898,-0.0007328001083806157,552.4320969999535,1,1,0.5692441000137478,None,555.7733994999435,555.7815225999802,556.2750839999644,556.2651851000264,552.9264631000115,552.9335841999855,552.9335841999855,552.9335841999855,553.4907299999613,3,0.5484062000177801,None,554.4864721000195,554.4898320999928,554.4898320999928,554.4898320999928,554.4898320999928,555.7733350000344,2,1,1.2802567000035197,None,556.267765800003,556.2750839999644,556.2750839999644,556.2750839999644,557.5655608000234,3,1.2866929000010714,None,557.5656208000146,560.5565770999528,550.8564638999524,,,,,,,,,,,,,,,,,,,,,,,,,,,206,1,short,A,2026-07-10_14h45.34.058,SBL_superimposed_retrieval,,2026.1.3,119.80782817506334,2026-07-10 14h45.34.455031 -0400,
1,12,12,0,stimuli/scenes/scene_U2.jpg,Undersea,Malbow,stimuli/items/jungle_object_16.png,Jungle,object,si,None,1,1,0.605265999911353,None,3,1.080185699975118,None,1,1,1.1094690000172704,None,2,0.4342508999397978,None,0,1,1,1,0,12,12,12,,,,,560.57032910001,,,,,,,,,,,,,,,,,,,,,,,,,,,,,,,,,,,,,,,,,,,,560.5679279000033,560.57032910001,564.5568544999696,None,567.7576694999589,568.7483509000158,565.5493260000367,565.5564268999733,565.5564268999733,565.5564268999733,-0.0009073000401258469,566.1741443999344,1,1,0.605265999911353,None,569.8740195999853,569.8816013999749,570.3754107999848,570.3656861999771,566.6664652000181,566.6733317000326,566.6733317000326,566.6733317000326,567.7576102999737,3,1.080185699975118,None,568.7488160999492,568.7563164000167,568.7563164000167,568.7563164000167,568.7563164000167,569.8739552999614,1,1,1.1094690000172704,None,570.3682982999599,570.3754107999848,570.3754107999848,570.3754107999848,570.8158533000387,2,0.4342508999397978,None,570.8159180999501,573.8071454999736,564.564734900021,,,,,,,,,,,,,,,,,,,,,,,,,,,206,1,short,A,2026-07-10_14h45.34.058,SBL_superimposed_retrieval,,2026.1.3,119.80782817506334,2026-07-10 14h45.34.455031 -0400,
1,13,13,0,stimuli/scenes/scene_U1.jpg,Undersea,Tulon,stimuli/items/jungle_object_4.png,Jungle,object,si,None,1,1,0.5222945000277832,None,2,0.6017509000375867,None,2,1,1.4254119999241084,None,1,0.331466699950397,None,0,1,1,1,0,13,13,13,,,,,573.8193207000149,,,,,,,,,,,,,,,,,,,,,,,,,,,,,,,,,,,,,,,,,,,,573.8171325000003,573.8193207000149,577.80703669996,None,580.4497382999398,581.4403660999378,578.7992097999668,578.8064267999725,578.8064267999725,578.8064267999725,-0.0008934000506997108,579.340721399989,1,1,0.5222945000277832,None,582.8747908000369,582.8817640999332,583.3753632999724,583.365690400009,579.8330574999563,579.8400160999736,579.8400160999736,579.8400160999736,580.4496752999257,2,0.6017509000375867,None,581.4408170999959,581.4485039999709,581.4485039999709,581.4485039999709,581.4485039999709,582.8747256000061,2,1,1.4254119999241084,None,583.3682247999823,583.3753632999724,583.3753632999724,583.3753632999724,583.707919599954,1,0.331466699950397,None,583.7079768000403,586.6990985999582,577.8147710999474,,,,,,,,,,,,,,,,,,,,,,,,,,,206,1,short,A,2026-07-10_14h45.34.058,SBL_superimposed_retrieval,,2026.1.3,119.80782817506334,2026-07-10 14h45.34.455031 -0400,
1,14,14,0,stimuli/scenes/scene_J1.jpg,Jungle,Negvi,stimuli/items/undersea_object_18.png,Undersea,object,si,None,2,1,0.5582862000446767,None,2,0.4422038000775501,None,2,1,1.282239899970591,None,2,1.306014099973254,None,0,1,1,1,0,14,14,14,,,,,586.7114895000122,,,,,,,,,,,,,,,,,,,,,,,,,,,,,,,,,,,,,,,,,,,,586.7090062999632,586.7114895000122,590.6988835999509,None,593.2164415000007,594.2076627999777,591.6914437999949,591.6984904999845,591.6984904999845,591.6984904999845,-0.0007148000877350569,592.2663259999827,2,1,0.5582862000446767,None,595.4991717999801,595.506843799958,595.9997122000204,595.990355100017,592.7598346000304,592.7670314999996,592.7670314999996,592.7670314999996,593.2163815000094,2,0.4422038000775501,None,594.212104300037,594.2154403999448,594.2154403999448,594.2154403999448,594.2154403999448,595.4991077999584,2,1,1.282239899970591,None,595.9927491999697,595.9997122000204,595.9997122000204,595.9997122000204,597.3077789000235,2,1.306014099973254,None,597.307838400011,600.2992152000079,590.7071464000037,,,,,,,,,,,,,,,,,,,,,,,,,,,206,1,short,A,2026-07-10_14h45.34.058,SBL_superimposed_retrieval,,2026.1.3,119.80782817506334,2026-07-10 14h45.34.455031 -0400,
1,15,15,0,stimuli/scenes/scene_J2.jpg,Jungle,Somar,stimuli/items/undersea_object_13.png,Undersea,object,si,None,2,1,1.2617221999680623,None,1,0.4560756999999285,None,1,1,1.4622652000980452,None,1,0.37362029997166246,None,0,1,1,1,0,15,15,15,,,,,600.3376229000278,,,,,,,,,,,,,,,,,,,,,,,,,,,,,,,,,,,,,,,,,,,,600.3353492999449,600.3376229000278,604.3155873999931,None,607.5331354000373,608.5245607999386,605.3083037999459,605.3153812999371,605.3153812999371,605.3153812999371,0.0005108000477775931,606.5744180999463,2,1,1.2617221999680623,None,609.9997528999811,610.006872799946,610.5005013999762,610.4906929000281,607.0671142999781,607.073913399945,607.073913399945,607.073913399945,607.5330765999388,1,0.4560756999999285,None,608.5250088999746,608.5320108999731,608.5320108999731,608.5320108999731,608.5320108999731,609.9996883999556,1,1,1.4622652000980452,None,610.4935001999838,610.5005013999762,610.5005013999762,610.5005013999762,610.8828960999381,1,0.37362029997166246,None,610.8829563999316,613.8739687999478,,,,,,,,,,,,,,,,,,,,,,,,,,,,206,1,short,A,2026-07-10_14h45.34.058,SBL_superimposed_retrieval,,2026.1.3,119.80782817506334,2026-07-10 14h45.34.455031 -0400,
1,16,16,0,stimuli/scenes/scene_U1.jpg,Undersea,Tulon,stimuli/items/jungle_animal_3.png,Jungle,animal,si,None,1,1,0.6317492999369279,None,2,1.1117515000514686,None,2,1,2.021390200010501,None,2,0.8064557000761852,None,0,1,1,1,0,16,16,16,,,,,613.8887301000068,,,,,,,,,,,,,,,,,,,,,,,,,,,,,,,,,,,,,,,,,,,,613.8863802999258,613.8887301000068,617.874110099976,None,621.133581400034,622.1241845999612,618.866599699948,618.8739223999437,618.8739223999437,618.8739223999437,-0.0007658000104129314,619.5163602000102,1,1,0.6317492999369279,None,624.1583742999937,624.1655045000371,624.6589829999721,624.649212099961,620.0105557999341,620.0177685000235,620.0177685000235,620.0177685000235,621.1335210000398,2,1.1117515000514686,None,622.1286270000273,622.1319994999794,622.1319994999794,622.1319994999794,622.1319994999794,624.1582993000047,2,1,2.021390200010501,None,624.6517250000034,624.6589829999721,624.6589829999721,624.6589829999721,625.4667509000283,2,0.8064557000761852,None,625.4668124000309,628.4575736999977,617.8822589999763,,,,,,,,,,,,,,,,,,,,,,,,,,,206,1,short,A,2026-07-10_14h45.34.058,SBL_superimposed_retrieval,,2026.1.3,119.80782817506334,2026-07-10 14h45.34.455031 -0400,
1,17,17,0,stimuli/scenes/scene_U2.jpg,Undersea,Malbow,stimuli/items/jungle_animal_1.png,Jungle,animal,si,None,2,0,0.6874283000361174,None,2,1.2217939000111073,None,1,1,2.1357194000156596,None,None,,,0,1,1,1,0,17,17,17,,,,,628.4809788999846,,,,,,,,,,,,,,,,,,,,,,,,,,,,,,,,,,,,,,,,,,,,628.4785202000057,628.4809788999846,632.4661923999665,None,635.8835006000008,636.8745256999973,633.4583488999633,633.4657953999704,633.4657953999704,633.4657953999704,-0.0008523999713361263,634.1583651999244,2,0,0.6874283000361174,None,639.025061900029,639.0325000999728,639.5265068999724,639.5163131000008,634.652261900017,634.6594356999267,634.6594356999267,634.6594356999267,635.8834385999944,2,1.2217939000111073,None,636.8749869000167,636.8823091000086,636.8823091000086,636.8823091000086,636.8823091000086,639.0249977000058,1,1,2.1357194000156596,None,639.5191162999254,639.5265068999724,639.5265068999724,639.5265068999724,641.5170737999724,None,,,641.5171198999742,644.5081170999911,632.4744284999324,641.5244972000364,641.5244972000364,641.5244972000364,,,,,,,,,,,,,,,,,,,,,,,,206,1,short,A,2026-07-10_14h45.34.058,SBL_superimposed_retrieval,,2026.1.3,119.80782817506334,2026-07-10 14h45.34.455031 -0400,
1,18,18,0,stimuli/scenes/scene_J2.jpg,Jungle,Somar,stimuli/items/undersea_animal_16.png,Undersea,animal,si,None,1,0,0.8687860999489203,None,3,0.3883710999507457,None,1,1,2.1503609999781474,None,1,1.5232553000096232,None,0,1,1,1,0,18,18,18,,,,,644.5303353000199,,,,,,,,,,,,,,,,,,,,,,,,,,,,,,,,,,,,,,,,,,,,644.5277567999437,644.5303353000199,648.5161314000143,None,651.2920700999675,652.2836959999986,649.5090000999626,649.5160113000311,649.5160113000311,649.5160113000311,-0.0005648999940603971,650.400384599925,1,0,0.8687860999489203,None,654.4500501999864,654.457894799998,654.9508956000209,654.9412291999906,650.8945436000358,650.9017622999381,650.9017622999381,650.9017622999381,651.2920116999885,3,0.3883710999507457,None,652.2878592000343,652.2912024999969,652.2912024999969,652.2912024999969,652.2912024999969,654.4499870999716,1,1,2.1503609999781474,None,654.943706399994,654.9508956000209,654.9508956000209,654.9508956000209,656.4755608999403,1,1.5232553000096232,None,656.4756209999323,659.4667168000014,648.5244302999927,,,,,,,,,,,,,,,,,,,,,,,,,,,206,1,short,A,2026-07-10_14h45.34.058,SBL_superimposed_retrieval,,2026.1.3,119.80782817506334,2026-07-10 14h45.34.455031 -0400,
1,19,19,0,stimuli/scenes/scene_U2.jpg,Undersea,Malbow,stimuli/items/jungle_animal_19.png,Jungle,animal,si,None,1,1,0.5258388000074774,None,3,0.6461163000203669,None,None,0,,,1,0.7885538999689743,None,0,1,1,1,0,19,19,19,,,,,659.5388010999886,,,,,,,,,,,,,,,,,,,,,,,,,,,,,,,,,,,,,,,,,,,,659.5354418000206,659.5388010999886,663.4829939999618,None,666.1588819000171,667.1502863999922,664.4757287999382,664.482966599986,664.482966599986,664.482966599986,0.00015400000847876072,665.0089475000277,1,1,0.5258388000074774,None,669.6420378999319,669.6500292000128,670.1413423999911,670.1336751999334,665.500624999986,665.5076911000069,665.5076911000069,665.5076911000069,666.158822300029,3,0.6461163000203669,None,667.1547095000278,667.158112199977,667.158112199977,667.158112199977,667.158112199977,669.6419880000176,None,0,,,670.1366747999564,670.1495296999346,670.1495296999346,670.1495296999346,670.9424074999988,1,0.7885538999689743,None,670.9424707000144,673.9331877999939,,,,,669.6500292000128,669.6500292000128,669.6500292000128,669.6500292000128,,,,,,,,,,,,,,,,,,,,206,1,short,A,2026-07-10_14h45.34.058,SBL_superimposed_retrieval,,2026.1.3,119.80782817506334,2026-07-10 14h45.34.455031 -0400,
2,0,0,0,stimuli/scenes/scene_U2.jpg,Undersea,Malbow,stimuli/items/jungle_animal_13.png,Jungle,animal,si,None,2,0,0.6555207000346854,None,2,0.40719009994063526,None,1,1,1.5207045000279322,None,2,0.6295783999375999,None,0,2,2,2,0,0,0,0,0,0,0,0,696.49777789996,,,,,,,,,,,,,,,,,,,,,,,,,,,,,,,,,,,,,,,,,,696.4440388999647,696.444264199934,696.4952224999433,696.49777789996,700.4503527999623,None,703.0261235999642,704.0171964999754,701.4429561999859,701.4504283999559,701.4504283999559,701.4504283999559,0.006216899957507849,702.1095703999745,2,0,0.6555207000346854,None,705.5512204000261,705.5587008999428,706.051892700023,706.0421596999513,702.6036033999408,702.6107588999439,702.6107588999439,702.6107588999439,703.0260636999737,2,0.40719009994063526,None,704.0176590000046,704.0250113999937,704.0250113999937,704.0250113999937,704.0250113999937,705.5511565000052,1,1,1.5207045000279322,None,706.044738400029,706.051892700023,706.051892700023,706.051892700023,706.6845267999452,2,0.6295783999375999,None,706.6845859999303,709.6759394999826,,,,,,,,,673.9360009999946,673.9362418999663,673.936443899991,673.9414391999599,674.9329668999417,696.4430655000033,space,21.5092002999736,None,,,,,,,,,,,206,1,short,A,2026-07-10_14h45.34.058,SBL_superimposed_retrieval,,2026.1.3,119.80782817506334,2026-07-10 14h45.34.455031 -0400,
2,1,1,0,stimuli/scenes/scene_J1.jpg,Jungle,Negvi,stimuli/items/undersea_object_15.png,Undersea,object,si,None,2,1,0.39820159994997084,None,2,1.225477600004524,None,2,1,1.361218799953349,None,2,0.5008524000877514,None,0,2,2,2,0,1,1,1,,,,,709.6921829000348,,,,,,,,,,,,,,,,,,,,,,,,,,,,,,,,,,,,,,,,,,,,709.6895894999616,709.6921829000348,713.6756796999834,None,716.818369399989,717.8091310999589,714.6680568000302,714.6752998000011,714.6752998000011,714.6752998000011,-0.0008942000567913055,715.0843352000229,2,1,0.39820159994997084,None,719.1846576000098,719.1924785999581,719.6852974999929,719.6756631999742,715.5768178999424,715.5840692999773,715.5840692999773,715.5840692999773,716.8183098000009,2,1.225477600004524,None,717.8133722000057,717.8168472999241,717.8168472999241,717.8168472999241,717.8168472999241,719.1845937999897,2,1,1.361218799953349,None,719.6780787999742,719.6852974999929,719.6852974999929,719.6852974999929,720.1934410999529,2,0.5008524000877514,None,720.1935005999403,723.1841966999928,713.6835675999755,,,,,,,,,,,,,,,,,,,,,,,,,,,206,1,short,A,2026-07-10_14h45.34.058,SBL_superimposed_retrieval,,2026.1.3,119.80782817506334,2026-07-10 14h45.34.455031 -0400,
2,2,2,0,stimuli/scenes/scene_U2.jpg,Undersea,Malbow,stimuli/items/undersea_object_8.png,Undersea,object,sc,None,1,1,0.7046041999710724,None,3,0.4075928000966087,None,2,0,1.4565966000081971,None,3,0.7592141000786796,None,0,2,2,2,0,2,2,2,,,,,723.1963881999254,,,,,,,,,,,,,,,,,,,,,,,,,,,,,,,,,,,,,,,,,,,,723.1939489999786,723.1963881999254,727.1845826000208,None,729.8265548000345,730.8175828999374,728.1768794000382,728.1922691999935,728.1922691999935,728.1922691999935,0.007491099997423589,728.9095340999775,1,1,0.7046041999710724,None,732.2847061000066,732.2924291000236,732.7866005999967,732.7765814999584,729.4037765000248,729.4111691999715,729.4111691999715,729.4111691999715,729.8264962999383,3,0.4075928000966087,None,730.8222640999593,730.8255533999763,730.8255533999763,730.8255533999763,730.8255533999763,732.2846423999872,2,0,1.4565966000081971,None,732.7790511000203,732.7866005999967,732.7866005999967,732.7866005999967,733.5512849999359,3,0.7592141000786796,None,733.5513456999324,736.542575599975,727.1921913999831,,,,,,,,,,,,,,,,,,,,,,,,,,,206,1,short,A,2026-07-10_14h45.34.058,SBL_superimposed_retrieval,,2026.1.3,119.80782817506334,2026-07-10 14h45.34.455031 -0400,
2,3,3,0,stimuli/scenes/scene_U1.jpg,Undersea,Tulon,stimuli/items/jungle_animal_7.png,Jungle,animal,si,None,2,0,0.667208299972117,None,2,0.48147719993721694,None,1,0,1.1051774000516161,None,1,0.32549429999198765,None,0,2,2,2,0,3,3,3,,,,,736.5570908000227,,,,,,,,,,,,,,,,,,,,,,,,,,,,,,,,,,,,,,,,,,,,736.5544601000147,736.5570908000227,740.5428977999836,None,743.2185127999401,744.2097676999401,741.5351891999599,741.5422612000257,741.5422612000257,741.5422612000257,-0.00038780004251748323,742.2265687999316,2,0,0.667208299972117,None,745.3265850000316,745.334264599951,745.8278938999865,745.8180741999531,742.7206050000386,742.7281779999612,742.7281779999612,742.7281779999612,743.2184550999664,2,0.48147719993721694,None,744.2102214000188,744.2174918999663,744.2174918999663,744.2174918999663,744.2174918999663,745.3265203000046,1,0,1.1051774000516161,None,745.8206939999945,745.8278938999865,745.8278938999865,745.8278938999865,746.1603129999712,1,0.32549429999198765,None,746.1603713999502,749.1512781999772,740.5509175999323,,,,,,,,,,,,,,,,,,,,,,,,,,,206,1,short,A,2026-07-10_14h45.34.058,SBL_superimposed_retrieval,,2026.1.3,119.80782817506334,2026-07-10 14h45.34.455031 -0400,
2,4,4,0,stimuli/scenes/scene_J1.jpg,Jungle,Negvi,stimuli/items/jungle_object_9.png,Jungle,object,sc,None,2,1,0.6500090999761596,None,3,0.45148709998466074,None,2,1,0.8336734999902546,None,3,1.074529099976644,None,0,2,2,2,0,4,4,4,,,,,749.1645764999557,,,,,,,,,,,,,,,,,,,,,,,,,,,,,,,,,,,,,,,,,,,,749.1619005999528,749.1645764999557,753.1515481999377,None,755.7767915999284,756.7685929000145,754.1440563999349,754.1509322000202,754.1509322000202,754.1509322000202,-0.0006605999078601599,754.8181767000351,2,1,0.6500090999761596,None,757.6184517999645,757.6261612999951,758.1192873999244,758.1095693999669,755.3107244999846,755.3177846999606,755.3177846999606,755.3177846999606,755.7767319999402,3,0.45148709998466074,None,756.7730273000197,756.7763900000136,756.7763900000136,756.7763900000136,756.7763900000136,757.6183878999436,2,1,0.8336734999902546,None,758.1120848000282,758.1192873999244,758.1192873999244,758.1192873999244,759.2019963000203,3,1.074529099976644,None,759.2020554000046,762.1933134000283,753.1594506999245,,,,,,,,,,,,,,,,,,,,,,,,,,,206,1,short,A,2026-07-10_14h45.34.058,SBL_superimposed_retrieval,,2026.1.3,119.80782817506334,2026-07-10 14h45.34.455031 -0400,
2,5,5,0,stimuli/scenes/scene_J1.jpg,Jungle,Negvi,stimuli/items/undersea_animal_13.png,Undersea,animal,si,None,2,1,0.44030370004475117,None,2,0.8591533999424428,None,2,1,1.4239182999590412,None,2,0.6031097000231966,None,0,2,2,2,0,5,5,5,,,,,762.2062734999927,,,,,,,,,,,,,,,,,,,,,,,,,,,,,,,,,,,,,,,,,,,,762.2038379999576,762.2062734999927,766.1932583999587,None,769.010605199961,770.0016915999586,767.1853519999422,767.1929703999776,767.1929703999776,767.1929703999776,-0.000838699983432889,767.6433645000216,2,1,0.44030370004475117,None,771.4352232000092,771.4431459000334,771.9346307000378,771.926750499988,768.1356854999904,768.1426826999523,768.1426826999523,768.1426826999523,769.0105461999774,2,0.8591533999424428,None,770.0021526999772,770.0095647999551,770.0095647999551,770.0095647999551,770.0095647999551,771.4351593999891,2,1,1.4239182999590412,None,771.9276938999537,771.9346307000378,771.9346307000378,771.9346307000378,772.543868699926,2,0.6031097000231966,None,772.5439274000237,775.5346973999403,766.2012298000045,,,,,,,,,,,,,,,,,,,,,,,,,,,206,1,short,A,2026-07-10_14h45.34.058,SBL_superimposed_retrieval,,2026.1.3,119.80782817506334,2026-07-10 14h45.34.455031 -0400,
2,6,6,0,stimuli/scenes/scene_J2.jpg,Jungle,Somar,stimuli/items/jungle_object_3.png,Jungle,object,sc,None,2,1,0.7624086000723764,None,3,0.775774099980481,None,1,1,0.5920874999137595,None,3,0.755585000035353,None,0,2,2,2,0,6,6,6,,,,,775.5477612999966,,,,,,,,,,,,,,,,,,,,,,,,,,,,,,,,,,,,,,,,,,,,775.5455494000344,775.5477612999966,779.5349471999798,None,782.5939862999367,783.5848982000025,780.527498899959,780.5348974999506,780.5348974999506,780.5348974999506,-0.0009888000786304474,781.3102992000058,2,1,0.7624086000723764,None,784.1936740999809,784.2014623000287,784.6946228999877,784.6850154999411,781.8030380000127,781.8098363999743,781.8098363999743,781.8098363999743,782.5939270999515,3,0.775774099980481,None,783.585347199929,783.5932228999445,783.5932228999445,783.5932228999445,783.5932228999445,784.1936070999363,1,1,0.5920874999137595,None,784.6875254999613,784.6946228999877,784.6946228999877,784.6946228999877,785.4524898999371,3,0.755585000035353,None,785.452549999929,788.4439042999875,779.5432531000115,,,,,,,,,,,,,,,,,,,,,,,,,,,206,1,short,A,2026-07-10_14h45.34.058,SBL_superimposed_retrieval,,2026.1.3,119.80782817506334,2026-07-10 14h45.34.455031 -0400,
2,7,7,0,stimuli/scenes/scene_U1.jpg,Undersea,Tulon,stimuli/items/jungle_animal_17.png,Jungle,animal,si,None,1,1,0.6142744000535458,None,3,1.1108227000804618,None,1,0,1.6051148999249563,None,None,,,0,2,2,2,0,7,7,7,,,,,788.4555144000333,,,,,,,,,,,,,,,,,,,,,,,,,,,,,,,,,,,,,,,,,,,,788.4534037000267,788.4555144000333,792.4438488000305,None,795.6945196000161,796.6852337999735,793.4357742000138,793.451425199979,793.451425199979,793.451425199979,0.007605399936437607,794.0770357999718,1,1,0.6142744000535458,None,798.3028299999423,798.310042200028,798.803870499949,798.7938885999611,794.5716110999929,794.5789048000006,794.5789048000006,794.5789048000006,795.6944605000317,3,1.1108227000804618,None,796.6897382999305,796.6931781999301,796.6931781999301,796.6931781999301,796.6931781999301,798.3027646000264,1,0,1.6051148999249563,None,798.7964934000047,798.803870499949,798.803870499949,798.803870499949,800.7947279999498,None,,,800.7947746999562,803.7855771000031,792.4515782999806,800.8015225999989,800.8015225999989,800.8015225999989,,,,,,,,,,,,,,,,,,,,,,,,206,1,short,A,2026-07-10_14h45.34.058,SBL_superimposed_retrieval,,2026.1.3,119.80782817506334,2026-07-10 14h45.34.455031 -0400,
2,8,8,0,stimuli/scenes/scene_U2.jpg,Undersea,Malbow,stimuli/items/jungle_animal_10.png,Jungle,animal,si,None,1,1,0.7591633000411093,None,2,0.35691670002415776,None,1,1,1.5268019000068307,None,1,0.7582169000525028,None,0,2,2,2,0,8,8,8,,,,,803.8014315000037,,,,,,,,,,,,,,,,,,,,,,,,,,,,,,,,,,,,,,,,,,,,803.7992263999768,803.8014315000037,807.7855431999778,None,810.4278995000059,811.4189429000253,808.777751000016,808.7934002999682,808.7934002999682,808.7934002999682,-0.0005465000867843628,809.5693393999245,1,1,0.7591633000411093,None,812.9608377999393,812.9685595999472,813.4598846000154,813.4520514999749,810.0616189999273,810.0686919,810.0686919,810.0686919,810.4278405000223,2,0.35691670002415776,None,811.4194074999541,811.426804699935,811.426804699935,811.426804699935,811.426804699935,812.9607735000318,1,1,1.5268019000068307,None,813.452992000035,813.4598846000154,813.4598846000154,813.4598846000154,814.2194351999788,1,0.7582169000525028,None,814.2194982999936,817.2104693999281,807.7935595000163,,,,,,,,,,,,,,,,,,,,,,,,,,,206,1,short,A,2026-07-10_14h45.34.058,SBL_superimposed_retrieval,,2026.1.3,119.80782817506334,2026-07-10 14h45.34.455031 -0400,
2,9,9,0,stimuli/scenes/scene_J2.jpg,Jungle,Somar,stimuli/items/undersea_animal_5.png,Undersea,animal,si,None,2,1,0.6699943999992684,None,2,1.2221861999714747,None,1,1,1.5274323000339791,None,2,0.6432316000573337,None,0,2,2,2,0,9,9,9,,,,,817.2396595999599,,,,,,,,,,,,,,,,,,,,,,,,,,,,,,,,,,,,,,,,,,,,817.237413099967,817.2396595999599,821.2270213000011,None,824.6195098999888,825.6109617999755,822.2196509999922,822.2269657999277,822.2269657999277,822.2269657999277,0.00019859999883919954,822.8944606999867,2,1,0.6699943999992684,None,827.1531093999511,827.1602041999577,827.6540029000025,827.6442567999475,823.3880506999558,823.3953940999927,823.3953940999927,823.3953940999927,824.6194517000113,2,1.2221861999714747,None,825.6152407999616,825.6188074999955,825.6188074999955,825.6188074999955,825.6188074999955,827.1530443000374,1,1,1.5274323000339791,None,827.6467698999913,827.6540029000025,827.6540029000025,827.6540029000025,828.3031865999801,2,0.6432316000573337,None,828.3032501999987,831.2943496999796,,,,,,,,,,,,,,,,,,,,,,,,,,,,206,1,short,A,2026-07-10_14h45.34.058,SBL_superimposed_retrieval,,2026.1.3,119.80782817506334,2026-07-10 14h45.34.455031 -0400,
2,10,10,0,stimuli/scenes/scene_U1.jpg,Undersea,Tulon,stimuli/items/undersea_object_7.png,Undersea,object,sc,None,1,1,0.5393279000418261,None,3,1.047995299915783,None,2,1,1.2724830999504775,None,2,0.42234630009625107,None,0,2,2,2,0,10,10,10,,,,,831.3085894000251,,,,,,,,,,,,,,,,,,,,,,,,,,,,,,,,,,,,,,,,,,,,831.3061070999829,831.3085894000251,835.294390099938,None,838.3956067999825,839.3860369999893,836.2862392000388,836.3023881999543,836.3023881999543,836.3023881999543,-0.0007099999347701669,836.8442461999366,1,1,0.5393279000418261,None,840.669522000011,840.6775953000179,841.171532999957,841.1612763999728,837.3386268999893,837.3460856999736,837.3460856999736,837.3460856999736,838.395546099986,3,1.047995299915783,None,839.3905476999935,839.3938410999253,839.3938410999253,839.3938410999253,839.3938410999253,840.669458999997,2,1,1.2724830999504775,None,841.163806400029,841.171532999957,841.171532999957,841.171532999957,841.5951039999491,2,0.42234630009625107,None,841.5951639999403,844.5861124999356,835.302257000003,,,,,,,,,,,,,,,,,,,,,,,,,,,206,1,short,A,2026-07-10_14h45.34.058,SBL_superimposed_retrieval,,2026.1.3,119.80782817506334,2026-07-10 14h45.34.455031 -0400,
2,11,11,0,stimuli/scenes/scene_J1.jpg,Jungle,Negvi,stimuli/items/jungle_object_15.png,Jungle,object,sc,None,2,1,0.7035012000706047,None,3,0.7569517000811175,None,1,0,0.7201811999548227,None,3,0.3892317999852821,None,0,2,2,2,0,11,11,11,,,,,844.5971206999384,,,,,,,,,,,,,,,,,,,,,,,,,,,,,,,,,,,,,,,,,,,,844.5949066999601,844.5971206999384,848.5863804999972,None,851.5704003999708,852.5615299999481,849.5787002999568,849.5856710999506,849.5856710999506,849.5856710999506,-0.0007138000801205635,850.3031875999877,2,1,0.7035012000706047,None,853.2948809999507,853.3025370000396,853.7965633999556,853.7865694999928,850.7970232999651,850.8046554999892,850.8046554999892,850.8046554999892,851.5703406999819,3,0.7569517000811175,None,852.5659736000234,852.5691140999552,852.5691140999552,852.5691140999552,852.5691140999552,853.2948158000363,1,0,0.7201811999548227,None,853.7890388999367,853.7965633999556,853.7965633999556,853.7965633999556,854.1869675000198,3,0.3892317999852821,None,854.1870238999836,857.1777591999853,848.5940676999744,,,,,,,,,,,,,,,,,,,,,,,,,,,206,1,short,A,2026-07-10_14h45.34.058,SBL_superimposed_retrieval,,2026.1.3,119.80782817506334,2026-07-10 14h45.34.455031 -0400,
2,12,12,0,stimuli/scenes/scene_U1.jpg,Undersea,Tulon,stimuli/items/jungle_object_12.png,Jungle,object,si,None,1,1,0.4391849000239745,None,3,0.7436500999610871,None,2,1,1.443813499994576,None,3,0.8045820000115782,None,0,2,2,2,0,12,12,12,,,,,857.1932948000031,,,,,,,,,,,,,,,,,,,,,,,,,,,,,,,,,,,,,,,,,,,,857.1906981000211,857.1932948000031,861.1781096999766,None,863.8869218999753,864.8780389999738,862.1704143999377,862.1776278000325,862.1776278000325,862.1776278000325,0.007595899980515242,862.636651000008,1,1,0.4391849000239745,None,866.3370531999972,866.3444462999469,866.8376944999909,866.8281286000274,863.130782000022,863.1381384999258,863.1381384999258,863.1381384999258,863.8868627999909,3,0.7436500999610871,None,864.8825018999632,864.8862147999462,864.8862147999462,864.8862147999462,864.8862147999462,866.3369877999648,2,1,1.443813499994576,None,866.8306399999419,866.8376944999909,866.8376944999909,866.8376944999909,867.6452758000232,3,0.8045820000115782,None,867.6453357000137,870.6366282999516,861.1860164999962,,,,,,,,,,,,,,,,,,,,,,,,,,,206,1,short,A,2026-07-10_14h45.34.058,SBL_superimposed_retrieval,,2026.1.3,119.80782817506334,2026-07-10 14h45.34.455031 -0400,
2,13,13,0,stimuli/scenes/scene_J1.jpg,Jungle,Negvi,stimuli/items/jungle_object_14.png,Jungle,object,sc,None,2,1,0.5574437999166548,None,3,0.8575692999875173,None,1,0,1.7599504999816418,None,2,0.40343840001150966,None,0,2,2,2,0,13,13,13,,,,,870.6492794000078,,,,,,,,,,,,,,,,,,,,,,,,,,,,,,,,,,,,,,,,,,,,870.6466183000011,870.6492794000078,874.6367128000129,None,877.5708735999651,878.5617243000306,875.6289421999827,875.6361300999997,875.6361300999997,875.6361300999997,-0.0008841999806463718,876.2034303999972,2,1,0.5574437999166548,None,880.3367126999656,880.344436799991,880.8379632999422,880.8283265000209,876.6971998999361,876.704521699925,876.704521699925,876.704521699925,877.5708145999815,3,0.8575692999875173,None,878.5659635999473,878.5693058000179,878.5693058000179,878.5693058000179,878.5693058000179,880.3366468999302,1,0,1.7599504999816418,None,880.8307791999541,880.8379632999422,880.8379632999422,880.8379632999422,881.2456599000143,2,0.40343840001150966,None,881.2457182999933,884.236853200011,874.6447848000098,,,,,,,,,,,,,,,,,,,,,,,,,,,206,1,short,A,2026-07-10_14h45.34.058,SBL_superimposed_retrieval,,2026.1.3,119.80782817506334,2026-07-10 14h45.34.455031 -0400,
2,14,14,0,stimuli/scenes/scene_U2.jpg,Undersea,Malbow,stimuli/items/undersea_object_14.png,Undersea,object,sc,None,1,1,0.4132902000565082,None,3,0.39004309999290854,None,1,1,1.248393899993971,None,3,0.6645693000173196,None,0,2,2,2,0,14,14,14,,,,,884.2498013000004,,,,,,,,,,,,,,,,,,,,,,,,,,,,,,,,,,,,,,,,,,,,884.2476624000119,884.2498013000004,888.2369347999338,None,890.5625493000261,891.5536027000053,889.2293076999485,889.2364998999983,889.2364998999983,889.2364998999983,-0.000673100003041327,889.6619669999927,1,1,0.4132902000565082,None,892.8119735999499,892.8196887000231,893.3129465000238,893.3032651999965,890.156744799926,890.1638291999698,890.1638291999698,890.1638291999698,890.5624912999338,3,0.39004309999290854,None,891.5582743999548,891.5619517000159,891.5619517000159,891.5619517000159,891.5619517000159,892.8119090999244,1,1,1.248393899993971,None,893.3058525000233,893.3129465000238,893.3129465000238,893.3129465000238,893.9788390999893,3,0.6645693000173196,None,893.9788986999774,896.9702457999811,888.2446047000121,,,,,,,,,,,,,,,,,,,,,,,,,,,206,1,short,A,2026-07-10_14h45.34.058,SBL_superimposed_retrieval,,2026.1.3,119.80782817506334,2026-07-10 14h45.34.455031 -0400,
2,15,15,0,stimuli/scenes/scene_U2.jpg,Undersea,Malbow,stimuli/items/undersea_animal_19.png,Undersea,animal,sc,None,1,1,0.5584935999941081,None,3,1.0440922999987379,None,2,0,1.2344233999028802,None,2,0.37122550001367927,None,0,2,2,2,0,15,15,15,,,,,896.9975229999982,,,,,,,,,,,,,,,,,,,,,,,,,,,,,,,,,,,,,,,,,,,,896.9953226000071,896.9975229999982,900.9868647999829,None,904.0959673000034,905.0869819000363,901.9793539999519,901.986690199934,901.986690199934,901.986690199934,0.0005000000819563866,902.5457131000003,1,1,0.5584935999941081,None,906.3374600999523,906.3447215999477,906.8385191999841,906.8287895999383,903.038194200024,903.0451712999493,903.0451712999493,903.0451712999493,904.0959095000289,3,1.0440922999987379,None,905.0874338999856,905.0949041999411,905.0949041999411,905.0949041999411,905.0949041999411,906.3373902000021,2,0,1.2344233999028802,None,906.8313426999375,906.8385191999841,906.8385191999841,906.8385191999841,907.212655799929,2,0.37122550001367927,None,907.2127184999408,910.2037527000066,,,,,,,,,,,,,,,,,,,,,,,,,,,,206,1,short,A,2026-07-10_14h45.34.058,SBL_superimposed_retrieval,,2026.1.3,119.80782817506334,2026-07-10 14h45.34.455031 -0400,
2,16,16,0,stimuli/scenes/scene_J2.jpg,Jungle,Somar,stimuli/items/jungle_animal_14.png,Jungle,animal,sc,None,2,1,0.6535363000584766,None,3,0.6301277000457048,None,2,0,1.094403599970974,None,3,1.4122946000425145,None,0,2,2,2,0,16,16,16,,,,,910.2161459999625,,,,,,,,,,,,,,,,,,,,,,,,,,,,,,,,,,,,,,,,,,,,910.2135737999342,910.2161459999625,914.2040111999959,None,917.0041385999648,917.9956901000114,915.1963526000036,915.2034698999487,915.2034698999487,915.2034698999487,-0.0006073000840842724,915.87098649994,2,1,0.6535363000584766,None,919.1042122000363,919.1116716000251,919.6052939000074,919.5956711999606,916.364737899974,916.3719106999924,916.3719106999924,916.3719106999924,917.0040818999987,3,0.6301277000457048,None,917.9998936000047,918.0032619999256,918.0032619999256,918.0032619999256,918.0032619999256,919.1041494000237,2,0,1.094403599970974,None,919.5980970000383,919.6052939000074,919.6052939000074,919.6052939000074,921.0209152000025,3,1.4122946000425145,None,921.020973799983,924.0122722999658,914.211751600029,,,,,,,,,,,,,,,,,,,,,,,,,,,206,1,short,A,2026-07-10_14h45.34.058,SBL_superimposed_retrieval,,2026.1.3,119.80782817506334,2026-07-10 14h45.34.455031 -0400,
2,17,17,0,stimuli/scenes/scene_U1.jpg,Undersea,Tulon,stimuli/items/jungle_object_5.png,Jungle,object,si,None,1,1,0.5897341000381857,None,3,0.7115558999357745,None,2,1,1.413232099963352,None,2,0.6305824998999014,None,0,2,2,2,0,17,17,17,,,,,924.0242819000268,,,,,,,,,,,,,,,,,,,,,,,,,,,,,,,,,,,,,,,,,,,,924.0217952999519,924.0242819000268,928.0125417000381,None,930.8297266999725,931.8208192000166,929.004633900011,929.0122539999429,929.0122539999429,929.0122539999429,-0.0004564999835565686,929.6126753999852,1,1,0.5897341000381857,None,933.2464027999667,933.2537488000235,933.7470449999673,933.7372343000025,930.106964699924,930.1144900999498,930.1144900999498,930.1144900999498,930.829668499995,3,0.7115558999357745,None,931.8252979000099,931.8285047999816,931.8285047999816,931.8285047999816,931.8285047999816,933.2463395999512,2,1,1.413232099963352,None,933.7397455000319,933.7470449999673,933.7470449999673,933.7470449999673,934.3795382999815,2,0.6305824998999014,None,934.3796141999774,937.3706078999676,928.0201060000109,,,,,,,,,,,,,,,,,,,,,,,,,,,206,1,short,A,2026-07-10_14h45.34.058,SBL_superimposed_retrieval,,2026.1.3,119.80782817506334,2026-07-10 14h45.34.455031 -0400,
2,18,18,0,stimuli/scenes/scene_U1.jpg,Undersea,Tulon,stimuli/items/jungle_animal_18.png,Jungle,animal,si,None,2,0,0.8472659999970347,None,2,0.6314594000577927,None,None,0,,,None,,,0,2,2,2,0,18,18,18,,,,,937.3842966000084,,,,,,,,,,,,,,,,,,,,,,,,,,,,,,,,,,,,,,,,,,,,937.3819277000148,937.3842966000084,941.3707382000284,None,944.3633726999396,945.354407900013,942.3631351999938,942.3704281999962,942.3704281999962,942.3704281999962,-0.0008094999939203262,943.2300837000366,2,0,0.8472659999970347,None,947.846089300001,947.8624935999978,948.3539401999442,948.3457425000379,943.7236847999739,943.7306961999275,943.7306961999275,943.7306961999275,944.3633126999484,2,0.6314594000577927,None,945.3548932999838,945.3620895999484,945.3620895999484,945.3620895999484,945.3620895999484,947.8460393999703,None,0,,,948.349005099968,948.3619867999805,948.3619867999805,948.3619867999805,950.3465623999946,None,,,950.346609900007,953.3458821999375,941.378774199984,950.35402660002,950.35402660002,950.35402660002,947.8539716999512,947.8539716999512,947.8539716999512,947.8539716999512,,,,,,,,,,,,,,,,,,,,206,1,short,A,2026-07-10_14h45.34.058,SBL_superimposed_retrieval,,2026.1.3,119.80782817506334,2026-07-10 14h45.34.455031 -0400,
2,19,19,0,stimuli/scenes/scene_J1.jpg,Jungle,Negvi,stimuli/items/undersea_animal_9.png,Undersea,animal,si,None,1,0,0.4309417000040412,None,3,0.6154886999865994,None,1,0,1.857799099991098,None,1,1.369370499975048,None,0,2,2,2,0,19,19,19,,,,,953.3580993999494,,,,,,,,,,,,,,,,,,,,,,,,,,,,,,,,,,,,,,,,,,,,953.3561430999544,953.3625293000368,957.3461413999321,None,959.9216768000042,960.9128797999583,958.338507700013,958.3539109999547,958.3539109999547,958.3539109999547,-0.0004978000652045012,958.7967107000295,1,0,0.4309417000040412,None,962.7796244999627,962.7874733000062,963.280720599927,963.27104589995,959.290934199933,959.2979249999626,959.2979249999626,959.2979249999626,959.9216180000221,3,0.6154886999865994,None,960.9170457000146,960.9204122000374,960.9204122000374,960.9204122000374,960.9204122000374,962.779560099938,1,0,1.857799099991098,None,963.2735025000293,963.280720599927,963.280720599927,963.280720599927,964.6551935999887,1,1.369370499975048,None,964.6552526999731,967.6466569999466,957.3542633999605,,,,,,,,,,,,,,,,,,,,,,,,,,,206,1,short,A,2026-07-10_14h45.34.058,SBL_superimposed_retrieval,,2026.1.3,119.80782817506334,2026-07-10 14h45.34.455031 -0400,
3,0,0,0,stimuli/scenes/scene_J1.jpg,Jungle,Negvi,stimuli/items/jungle_object_13.png,Jungle,object,sc,None,2,1,0.7081616000505164,None,3,0.40327050001360476,None,1,0,1.9560669000493363,None,2,1.3067041999893263,None,0,3,3,3,0,0,0,0,0,0,0,0,982.4236203000182,,,,,,,,,,,,,,,,,,,,,,,,,,,,,,,,,,,,,,,,,,982.3975305999629,982.3977510000113,982.4209406999871,982.4236203000182,986.4047742999392,None,989.0225078000221,990.0135135999881,987.3974039999302,987.4043778999476,987.4043778999476,987.4043778999476,-0.00033189996611326933,988.1134689999744,2,1,0.7081616000505164,None,991.9801657999633,991.987753399997,992.4792376999976,992.471411400009,988.6074178999988,988.6146204000106,988.6146204000106,988.6146204000106,989.0224495999282,3,0.40327050001360476,None,990.0139642999275,990.0212844000198,990.0212844000198,990.0212844000198,990.0212844000198,991.9800983000314,1,0,1.9560669000493363,None,992.472367099952,992.4792376999976,992.4792376999976,992.4792376999976,993.7891006999416,2,1.3067041999893263,None,993.7891620999435,996.7799064000137,,,,,,,,,967.6491377999773,967.6493630999466,967.6495670999866,967.6544464000035,968.645865199971,982.3965580000076,space,13.74833229999058,None,,,,,,,,,,,206,1,short,A,2026-07-10_14h45.34.058,SBL_superimposed_retrieval,,2026.1.3,119.80782817506334,2026-07-10 14h45.34.455031 -0400,
3,1,1,0,stimuli/scenes/scene_U1.jpg,Undersea,Tulon,stimuli/items/undersea_object_16.png,Undersea,object,sc,None,1,1,0.42114029999356717,None,3,0.6305254999315366,None,2,1,1.862633500015363,None,2,0.9339951999718323,None,0,3,3,3,0,1,1,1,,,,,996.7933410999831,,,,,,,,,,,,,,,,,,,,,,,,,,,,,,,,,,,,,,,,,,,,996.7910275999457,996.7933410999831,1000.7801837000297,None,1003.3555563000264,1004.3471242999658,1001.7724963999353,1001.7797421999276,1001.7797421999276,1001.7797421999276,0.007375699933618307,1002.2221586999949,1,1,0.42114029999356717,None,1006.2222257000394,1006.2296719999285,1006.7238179999404,1006.7139973000158,1002.7163800999988,1002.7234222999541,1002.7234222999541,1002.7234222999541,1003.3554974999279,3,0.6305254999315366,None,1004.3515789000085,1004.3549693999812,1004.3549693999812,1004.3549693999812,1004.3549693999812,1006.2221623000223,2,1,1.862633500015363,None,1006.7165901999688,1006.7238179999404,1006.7238179999404,1006.7238179999404,1007.6638391999295,2,0.9339951999718323,None,1007.6638981000287,1010.6551250999328,1000.7880751999328,,,,,,,,,,,,,,,,,,,,,,,,,,,206,1,short,A,2026-07-10_14h45.34.058,SBL_superimposed_retrieval,,2026.1.3,119.80782817506334,2026-07-10 14h45.34.455031 -0400,
3,2,2,0,stimuli/scenes/scene_U2.jpg,Undersea,Malbow,stimuli/items/undersea_animal_4.png,Undersea,animal,sc,None,2,0,0.5690933000296354,None,2,0.32586260000243783,None,None,0,,,None,,,0,3,3,3,0,2,2,2,,,,,1010.6980391999241,,,,,,,,,,,,,,,,,,,,,,,,,,,,,,,,,,,,,,,,,,,,1010.6955142000224,1010.6980391999241,1014.671562399948,None,1017.0727188999299,1018.0636541999411,1015.6643219999969,1015.6715763999382,1015.6715763999382,1015.6715763999382,0.0004686999600380659,1016.238861199934,2,0,0.5690933000296354,None,1020.5553497000365,1020.5717868999345,1021.0632610999746,1021.0552811999805,1016.7331278999336,1016.7402701999526,1016.7402701999526,1016.7402701999526,1017.0726638999768,2,0.32586260000243783,None,1018.0641301999567,1018.0716266999952,1018.0716266999952,1018.0716266999952,1018.0716266999952,1020.5552996000042,None,0,,,1021.0582666000118,1021.0714560999768,1021.0714560999768,1021.0714560999768,1023.0560329,None,,,1023.0560770999873,1026.0472507999511,,1023.0635450999252,1023.0635450999252,1023.0635450999252,1020.5635620999383,1020.5635620999383,1020.5635620999383,1020.5635620999383,,,,,,,,,,,,,,,,,,,,206,1,short,A,2026-07-10_14h45.34.058,SBL_superimposed_retrieval,,2026.1.3,119.80782817506334,2026-07-10 14h45.34.455031 -0400,
3,3,3,0,stimuli/scenes/scene_J2.jpg,Jungle,Somar,stimuli/items/undersea_animal_7.png,Undersea,animal,si,None,2,1,0.5860413999762386,None,3,0.3096791000571102,None,1,1,1.2495989999733865,None,2,1.0995526000624523,None,0,3,3,3,0,3,3,3,,,,,1026.0609993999824,,,,,,,,,,,,,,,,,,,,,,,,,,,,,,,,,,,,,,,,,,,,1026.0594107999932,1026.0631304000271,1030.0476609999314,None,1032.4809159999713,1033.471891199937,1031.047912799986,1031.0636093999492,1031.0636093999492,1031.0636093999492,-0.0007482999935746193,1031.664364999975,2,1,0.5860413999762386,None,1034.7312767000403,1034.7383722999366,1035.231655600015,1035.2220720000332,1032.1568531999364,1032.16360910004,1032.16360910004,1032.16360910004,1032.4808604000136,3,0.3096791000571102,None,1033.4761197000043,1033.4798334999941,1033.4798334999941,1033.4798334999941,1033.4798334999941,1034.731207899982,1,1,1.2495989999733865,None,1035.2245240999619,1035.231655600015,1035.231655600015,1035.231655600015,1036.3394267000258,2,1.0995526000624523,None,1036.339486300014,1039.3309639999643,1030.0552567000268,,,,,,,,,,,,,,,,,,,,,,,,,,,206,1,short,A,2026-07-10_14h45.34.058,SBL_superimposed_retrieval,,2026.1.3,119.80782817506334,2026-07-10 14h45.34.455031 -0400,
3,4,4,0,stimuli/scenes/scene_U1.jpg,Undersea,Tulon,stimuli/items/undersea_object_1.png,Undersea,object,sc,None,2,0,0.6306103999959305,None,2,0.5541139000561088,None,1,0,1.859389099990949,None,2,1.105919499997981,None,0,3,3,3,0,4,4,4,,,,,1039.4767861999571,,,,,,,,,,,,,,,,,,,,,,,,,,,,,,,,,,,,,,,,,,,,1039.4715488000074,1039.4767861999571,1043.3473735000007,None,1046.0314138999674,1047.0225882999366,1044.339511499973,1044.347284700023,1044.347284700023,1044.347284700023,7.109995931386948e-05,1044.9725585000124,2,0,0.6306103999959305,None,1048.8981678999262,1048.9053689999273,1049.3993294000393,1049.3894066000357,1045.4652180999983,1045.4720383000094,1045.4720383000094,1045.4720383000094,1046.031354799983,2,0.5541139000561088,None,1047.0271952999756,1047.0302849999862,1047.0302849999862,1047.0302849999862,1047.0302849999862,1048.8981046000263,1,0,1.859389099990949,None,1049.3920472000027,1049.3993294000393,1049.3993294000393,1049.3993294000393,1050.506590600009,2,1.105919499997981,None,1050.5066558000399,1053.497916399967,,,,,,,,,,,,,,,,,,,,,,,,,,,,206,1,short,A,2026-07-10_14h45.34.058,SBL_superimposed_retrieval,,2026.1.3,119.80782817506334,2026-07-10 14h45.34.455031 -0400,
3,5,5,0,stimuli/scenes/scene_U1.jpg,Undersea,Tulon,stimuli/items/undersea_animal_14.png,Undersea,animal,sc,None,2,0,0.5277888999553397,None,2,0.9836419998900965,None,1,0,1.8798945000162348,None,2,0.9517049000132829,None,0,3,3,3,0,5,5,5,,,,,1053.6826380999992,,,,,,,,,,,,,,,,,,,,,,,,,,,,,,,,,,,,,,,,,,,,1053.6769742999459,1053.6826380999992,1057.513954999973,None,1060.5234197999816,1061.5141150000272,1058.506335999933,1058.5137917000102,1058.5137917000102,1058.5137917000102,-0.00027139997109770775,1059.0392492000246,2,0,0.5277888999553397,None,1063.4066317999968,1063.4140750999795,1063.9057176000206,1063.8976217999589,1059.5316233999329,1059.5385360999499,1059.5385360999499,1059.5385360999499,1060.5233584999805,2,0.9836419998900965,None,1061.5145776999416,1061.5222853999585,1061.5222853999585,1061.5222853999585,1061.5222853999585,1063.4065698999912,1,0,1.8798945000162348,None,1063.8985585999908,1063.9057176000206,1063.9057176000206,1063.9057176000206,1064.8653683000011,2,0.9517049000132829,None,1064.8654300000053,1067.856188799953,,,,,,,,,,,,,,,,,,,,,,,,,,,,206,1,short,A,2026-07-10_14h45.34.058,SBL_superimposed_retrieval,,2026.1.3,119.80782817506334,2026-07-10 14h45.34.455031 -0400,
3,6,6,0,stimuli/scenes/scene_J1.jpg,Jungle,Negvi,stimuli/items/undersea_animal_10.png,Undersea,animal,si,None,2,1,0.601067200070247,None,3,0.5173649999778718,None,2,1,1.2322652000002563,None,3,0.5692131000105292,None,0,3,3,3,0,6,6,6,,,,,1067.9150974999648,,,,,,,,,,,,,,,,,,,,,,,,,,,,,,,,,,,,,,,,,,,,1067.912677199929,1067.9150974999648,1071.8728399999673,None,1074.4983569999458,1075.4892569000367,1072.865056199953,1072.872326200013,1072.872326200013,1072.872326200013,-0.0003290999447926879,1073.4733818999957,2,1,0.601067200070247,None,1076.7317260999698,1076.7389939000132,1077.232455899939,1077.2228621999966,1073.9654348000186,1073.9724044000031,1073.9724044000031,1073.9724044000031,1074.4982989999698,3,0.5173649999778718,None,1075.4936054999707,1075.497108199983,1075.497108199983,1075.497108199983,1075.497108199983,1076.7316609999398,2,1,1.2322652000002563,None,1077.2252876999555,1077.232455899939,1077.232455899939,1077.232455899939,1077.8071213000221,3,0.5692131000105292,None,1077.807179800002,1080.7977667000378,,,,,,,,,,,,,,,,,,,,,,,,,,,,206,1,short,A,2026-07-10_14h45.34.058,SBL_superimposed_retrieval,,2026.1.3,119.80782817506334,2026-07-10 14h45.34.455031 -0400,
3,7,7,0,stimuli/scenes/scene_J1.jpg,Jungle,Negvi,stimuli/items/jungle_animal_20.png,Jungle,animal,sc,None,2,1,0.7466676000040025,None,3,0.6019688999513164,None,2,1,0.961813599918969,None,3,0.7110770000144839,None,0,3,3,3,0,7,7,7,,,,,1080.8607715999242,,,,,,,,,,,,,,,,,,,,,,,,,,,,,,,,,,,,,,,,,,,,1080.8569928000215,1080.8607715999242,1084.8145516000222,None,1087.665567399934,1088.656364299939,1085.8072131000226,1085.8145762999775,1085.8145762999775,1085.8145762999775,7.740000728517771e-05,1086.5565695000114,2,1,0.7466676000040025,None,1089.6317568999948,1089.6392027999973,1090.1309847999364,1090.1231498999987,1087.0487687999848,1087.05579699995,1087.05579699995,1087.05579699995,1087.6655092999572,3,0.6019688999513164,None,1088.656810699962,1088.664298699936,1088.664298699936,1088.664298699936,1088.664298699936,1089.6316804999951,2,1,0.961813599918969,None,1090.1240882999264,1090.1309847999364,1090.1309847999364,1090.1309847999364,1090.8486848999746,3,0.7110770000144839,None,1090.848742699949,1093.8395749999909,,,,,,,,,,,,,,,,,,,,,,,,,,,,206,1,short,A,2026-07-10_14h45.34.058,SBL_superimposed_retrieval,,2026.1.3,119.80782817506334,2026-07-10 14h45.34.455031 -0400,
3,8,8,0,stimuli/scenes/scene_U2.jpg,Undersea,Malbow,stimuli/items/jungle_animal_15.png,Jungle,animal,si,None,1,1,0.8081936000380665,None,2,0.8826502000447363,None,1,1,1.201872600009665,None,2,0.4032522001070902,None,0,3,3,3,0,8,8,8,,,,,1093.8767977999523,,,,,,,,,,,,,,,,,,,,,,,,,,,,,,,,,,,,,,,,,,,,1093.8745826999657,1093.8767977999523,1097.8566709000152,None,1101.057577700005,1102.0481588999974,1098.8489737999626,1098.8562491999473,1098.8562491999473,1098.8562491999473,0.0002747999969869852,1099.6654993999982,1,1,0.8081936000380665,None,1103.2655579999555,1103.2730499999598,1103.7660672999918,1103.7565623000264,1100.1597595999483,1100.1667992000002,1100.1667992000002,1100.1667992000002,1101.0575190000236,2,0.8826502000447363,None,1102.0528549000155,1102.0562019000063,1102.0562019000063,1102.0562019000063,1102.0562019000063,1103.2654953999445,1,1,1.201872600009665,None,1103.7590839000186,1103.7660672999918,1103.7660672999918,1103.7660672999918,1104.17434649996,2,0.4032522001070902,None,1104.1744049999397,1107.1650625999318,,,,,,,,,,,,,,,,,,,,,,,,,,,,206,1,short,A,2026-07-10_14h45.34.058,SBL_superimposed_retrieval,,2026.1.3,119.80782817506334,2026-07-10 14h45.34.455031 -0400,
3,9,9,0,stimuli/scenes/scene_J2.jpg,Jungle,Somar,stimuli/items/jungle_animal_2.png,Jungle,animal,sc,None,2,1,0.6513440000126138,None,2,0.4689953000051901,None,1,1,1.4441427999408916,None,2,0.5644103999948129,None,0,3,3,3,0,9,9,9,,,,,1107.1995848999359,,,,,,,,,,,,,,,,,,,,,,,,,,,,,,,,,,,,,,,,,,,,1107.197366300039,1107.1995848999359,1111.1814668999286,None,1113.8074692999944,1114.7981593000004,1112.174248300027,1112.1813779999502,1112.1813779999502,1112.1813779999502,-0.00011310004629194736,1112.8322273000376,2,1,0.6513440000126138,None,1116.2574501000345,1116.2649111000355,1116.7577743999427,1116.7482847999781,1113.3258534999331,1113.3330784999998,1113.3330784999998,1113.3330784999998,1113.80741020001,2,0.4689953000051901,None,1114.8023931999924,1114.8061124000233,1114.8061124000233,1114.8061124000233,1114.8061124000233,1116.2573854000075,1,1,1.4441427999408916,None,1116.750724399928,1116.7577743999427,1116.7577743999427,1116.7577743999427,1117.3240390999708,2,0.5644103999948129,None,1117.3240970999468,1120.3149250999559,,,,,,,,,,,,,,,,,,,,,,,,,,,,206,1,short,A,2026-07-10_14h45.34.058,SBL_superimposed_retrieval,,2026.1.3,119.80782817506334,2026-07-10 14h45.34.455031 -0400,
3,10,10,0,stimuli/scenes/scene_J2.jpg,Jungle,Somar,stimuli/items/undersea_object_12.png,Undersea,object,si,None,2,1,0.6690424000844359,None,2,1.2075912000145763,None,1,1,1.303584499983117,None,2,0.8389060000190511,None,0,3,3,3,0,10,10,10,,,,,1120.3642514999956,,,,,,,,,,,,,,,,,,,,,,,,,,,,,,,,,,,,,,,,,,,,1120.3616165999556,1120.3642514999956,1124.3317417999497,None,1127.7077128000092,1128.698753900011,1125.3245024000062,1125.3315002999734,1125.3315002999734,1125.3315002999734,0.00045059993863105774,1125.9991038999287,2,1,0.6690424000844359,None,1130.015917600016,1130.0234649999766,1130.5148162000114,1130.5069300000323,1126.4910924999276,1126.498003399931,1126.498003399931,1126.498003399931,1127.7076521000126,2,1.2075912000145763,None,1128.6992036999436,1128.706467699958,1128.706467699958,1128.706467699958,1128.706467699958,1130.0158554000081,1,1,1.303584499983117,None,1130.5078744000057,1130.5148162000114,1130.5148162000114,1130.5148162000114,1131.3578667999245,2,0.8389060000190511,None,1131.3579263000283,1134.3489242999349,,,,,,,,,,,,,,,,,,,,,,,,,,,,206,1,short,A,2026-07-10_14h45.34.058,SBL_superimposed_retrieval,,2026.1.3,119.80782817506334,2026-07-10 14h45.34.455031 -0400,
3,11,11,0,stimuli/scenes/scene_U2.jpg,Undersea,Malbow,stimuli/items/undersea_animal_3.png,Undersea,animal,sc,None,2,0,1.1649664000142366,None,2,0.6662855000467971,None,1,1,1.4797375000780448,None,2,0.6789433000376448,None,0,3,3,3,0,11,11,11,,,,,1134.361959300004,,,,,,,,,,,,,,,,,,,,,,,,,,,,,,,,,,,,,,,,,,,,1134.359437600011,1134.361959300004,1138.3487530000275,None,1141.6909935999429,1142.6824862000067,1139.340943499934,1139.3569061999442,1139.3569061999442,1139.3569061999442,-0.0009449999779462814,1140.5239390999777,2,0,1.1649664000142366,None,1144.1740804000292,1144.182117199991,1144.675044600037,1144.665348600014,1141.0165041999426,1141.02334970003,1141.02334970003,1141.02334970003,1141.6909352999646,2,0.6662855000467971,None,1142.687110699946,1142.690465599997,1142.690465599997,1142.690465599997,1142.690465599997,1144.1740152999992,1,1,1.4797375000780448,None,1144.667884800001,1144.675044600037,1144.675044600037,1144.675044600037,1145.3576988999266,2,0.6789433000376448,None,1145.3577562000137,1148.3491888999706,1138.3569204999367,,,,,,,,,,,,,,,,,,,,,,,,,,,206,1,short,A,2026-07-10_14h45.34.058,SBL_superimposed_retrieval,,2026.1.3,119.80782817506334,2026-07-10 14h45.34.455031 -0400,
3,12,12,0,stimuli/scenes/scene_U1.jpg,Undersea,Tulon,stimuli/items/undersea_animal_17.png,Undersea,animal,sc,None,1,1,0.44520019995979965,None,2,0.4516766000306234,None,1,0,1.5400659999577329,None,2,0.8900539000751451,None,0,3,3,3,0,12,12,12,,,,,1148.361866799998,,,,,,,,,,,,,,,,,,,,,,,,,,,,,,,,,,,,,,,,,,,,1148.3596879999386,1148.361866799998,1152.3492442999268,None,1154.7664984000148,1155.7571864000056,1153.341319900006,1153.3486988999648,1153.3486988999648,1153.3486988999648,-0.0007206000154837966,1153.8079335000366,1,1,0.44520019995979965,None,1157.3075918999966,1157.3155672999565,1157.8074502999661,1157.79931329994,1154.3020732000005,1154.3095937999897,1154.3095937999897,1154.3095937999897,1154.766438200022,2,0.4516766000306234,None,1155.7576566999778,1155.7653829000192,1155.7653829000192,1155.7653829000192,1155.7653829000192,1157.3075293999864,1,0,1.5400659999577329,None,1157.8002787999576,1157.8074502999661,1157.8074502999661,1157.8074502999661,1158.699844299932,2,0.8900539000751451,None,1158.699903300032,1161.6909718000097,1152.3569149000105,,,,,,,,,,,,,,,,,,,,,,,,,,,206,1,short,A,2026-07-10_14h45.34.058,SBL_superimposed_retrieval,,2026.1.3,119.80782817506334,2026-07-10 14h45.34.455031 -0400,
3,13,13,0,stimuli/scenes/scene_U1.jpg,Undersea,Tulon,stimuli/items/jungle_object_10.png,Jungle,object,si,None,1,1,0.5733580000232905,None,2,0.8280883999541402,None,1,0,1.603189899935387,None,2,0.6143215000629425,None,0,3,3,3,0,13,13,13,,,,,1161.726305600023,,,,,,,,,,,,,,,,,,,,,,,,,,,,,,,,,,,,,,,,,,,,1161.7241236999398,1161.726305600023,1165.7075557999779,None,1168.6079899999313,1169.5990976999747,1166.7001463000197,1166.707302600029,1166.707302600029,1166.707302600029,0.00028879998717457056,1167.2745964999776,1,1,0.5733580000232905,None,1171.2165003999835,1171.2238003000384,1171.7154907999793,1171.7076828000136,1167.7669437000295,1167.7737475000322,1167.7737475000322,1167.7737475000322,1168.6079297999386,2,0.8280883999541402,None,1169.5995601000031,1169.6070513000013,1169.6070513000013,1169.6070513000013,1169.6070513000013,1171.21643879998,1,0,1.603189899935387,None,1171.7086196999298,1171.7154907999793,1171.7154907999793,1171.7154907999793,1172.3330335000064,2,0.6143215000629425,None,1172.3330917999847,1175.3245215000352,,,,,,,,,,,,,,,,,,,,,,,,,,,,206,1,short,A,2026-07-10_14h45.34.058,SBL_superimposed_retrieval,,2026.1.3,119.80782817506334,2026-07-10 14h45.34.455031 -0400,
3,14,14,0,stimuli/scenes/scene_U2.jpg,Undersea,Malbow,stimuli/items/undersea_object_11.png,Undersea,object,sc,None,1,1,0.6528232999844477,None,2,0.5670134000247344,None,2,0,1.2483792999992147,None,2,0.5036271999124438,None,0,3,3,3,0,14,14,14,,,,,1175.3374300999567,,,,,,,,,,,,,,,,,,,,,,,,,,,,,,,,,,,,,,,,,,,,1175.3349838999566,1175.3374300999567,1179.3246344999643,None,1182.0665789999766,1183.058070500032,1180.3169440999627,1180.3241134999553,1180.3241134999553,1180.3241134999553,-0.0005246999207884073,1180.9915116999764,1,1,0.6528232999844477,None,1184.316259299987,1184.323968600016,1184.8176930999616,1184.8076750999317,1181.483844100032,1181.4907801999943,1181.4907801999943,1181.4907801999943,1182.0665200999938,2,0.5670134000247344,None,1183.0585304999258,1183.0658130999655,1183.0658130999655,1183.0658130999655,1183.0658130999655,1184.316194999963,2,0,1.2483792999992147,None,1184.8105179999257,1184.8176930999616,1184.8176930999616,1184.8176930999616,1185.325320099946,2,0.5036271999124438,None,1185.3253792999312,1188.3165718000382,1179.3322587999282,,,,,,,,,,,,,,,,,,,,,,,,,,,206,1,short,A,2026-07-10_14h45.34.058,SBL_superimposed_retrieval,,2026.1.3,119.80782817506334,2026-07-10 14h45.34.455031 -0400,
3,15,15,0,stimuli/scenes/scene_U2.jpg,Undersea,Malbow,stimuli/items/undersea_animal_8.png,Undersea,animal,sc,None,1,1,0.6451081000268459,None,3,0.4229613000061363,None,2,0,1.2224063999019563,None,3,0.5533118000021204,None,0,3,3,3,0,15,15,15,,,,,1188.3295806000242,,,,,,,,,,,,,,,,,,,,,,,,,,,,,,,,,,,,,,,,,,,,1188.327439500019,1188.3295806000242,1192.3161247000098,None,1194.9086102999281,1195.8998478000285,1193.3086054000305,1193.324116999982,1193.324116999982,1193.324116999982,0.00733229995239526,1193.983318099985,1,1,0.6451081000268459,None,1197.1334671999793,1197.141135099926,1197.632523600012,1197.6246866999427,1194.4757456999505,1194.4830303000053,1194.4830303000053,1194.4830303000053,1194.9085517999483,3,0.4229613000061363,None,1195.9003127999604,1195.9077282999642,1195.9077282999642,1195.9077282999642,1195.9077282999642,1197.133403899963,2,0,1.2224063999019563,None,1197.6256325999275,1197.632523600012,1197.632523600012,1197.632523600012,1198.1919666000176,3,0.5533118000021204,None,1198.1920245999936,1201.1832943999907,1192.324241299997,,,,,,,,,,,,,,,,,,,,,,,,,,,206,1,short,A,2026-07-10_14h45.34.058,SBL_superimposed_retrieval,,2026.1.3,119.80782817506334,2026-07-10 14h45.34.455031 -0400,
3,16,16,0,stimuli/scenes/scene_J1.jpg,Jungle,Negvi,stimuli/items/undersea_object_3.png,Undersea,object,si,None,2,1,0.6188057999825105,None,2,0.6115205000387505,None,2,1,1.717389400000684,None,2,0.4499452000018209,None,0,3,3,3,0,16,16,16,,,,,1201.19650239998,,,,,,,,,,,,,,,,,,,,,,,,,,,,,,,,,,,,,,,,,,,,1201.1940479000332,1201.19650239998,1205.1831164000323,None,1207.93380410003,1208.9251117999665,1206.1756233000197,1206.1827604999999,1206.1827604999999,1206.1827604999999,-0.0005662000039592385,1206.8170668999664,2,1,0.6188057999825105,None,1210.6590714999475,1210.6661366999615,1211.1600545999827,1211.1501575999428,1207.310896400013,1207.3181122000096,1207.3181122000096,1207.3181122000096,1207.933745599934,2,0.6115205000387505,None,1208.929587499937,1208.9328289999394,1208.9328289999394,1208.9328289999394,1208.9328289999394,1210.6590072999243,2,1,1.717389400000684,None,1211.1525944999885,1211.1600545999827,1211.1600545999827,1211.1600545999827,1211.6171010000398,2,0.4499452000018209,None,1211.6171608000295,1214.6082181000384,1205.1913435999304,,,,,,,,,,,,,,,,,,,,,,,,,,,206,1,short,A,2026-07-10_14h45.34.058,SBL_superimposed_retrieval,,2026.1.3,119.80782817506334,2026-07-10 14h45.34.455031 -0400,
3,17,17,0,stimuli/scenes/scene_J2.jpg,Jungle,Somar,stimuli/items/undersea_object_6.png,Undersea,object,si,None,2,1,0.5523993000388145,None,3,0.35906450008042157,None,1,1,0.9918787999777123,None,3,1.0274653000524268,None,0,3,3,3,0,17,17,17,,,,,1215.17082140001,,,,,,,,,,,,,,,,,,,,,,,,,,,,,,,,,,,,,,,,,,,,1215.164949500002,1215.17082140001,1218.6248033000156,None,1221.0428496999666,1222.033249399974,1219.6170372000197,1219.6245382999768,1219.6245382999768,1219.6245382999768,-7.750000804662704e-05,1220.175695599988,2,1,0.5523993000388145,None,1223.0423115999438,1223.0501696999418,1223.5427269999636,1223.5332746999338,1220.6676634999458,1220.6745207000058,1220.6745207000058,1220.6745207000058,1221.0427922999952,3,0.35906450008042157,None,1222.033700900036,1222.0413914000383,1222.0413914000383,1222.0413914000383,1222.0413914000383,1223.0422485999297,1,1,0.9918787999777123,None,1223.5357238999568,1223.5427269999636,1223.5427269999636,1223.5427269999636,1224.5754358000122,3,1.0274653000524268,None,1224.5754980000202,1227.5664515999379,,,,,,,,,,,,,,,,,,,,,,,,,,,,206,1,short,A,2026-07-10_14h45.34.058,SBL_superimposed_retrieval,,2026.1.3,119.80782817506334,2026-07-10 14h45.34.455031 -0400,
3,18,18,0,stimuli/scenes/scene_J1.jpg,Jungle,Negvi,stimuli/items/undersea_animal_2.png,Undersea,animal,si,None,2,1,0.6176131999818608,None,2,0.6454300999175757,None,1,0,1.1562644999939948,None,2,0.6010562999872491,None,0,3,3,3,0,18,18,18,,,,,1227.6448507999303,,,,,,,,,,,,,,,,,,,,,,,,,,,,,,,,,,,,,,,,,,,,1227.641234699986,1227.6448507999303,1231.5831681999844,None,1234.3509344999911,1235.3415979000274,1232.5757053999696,1232.5828651000047,1232.5828651000047,1232.5828651000047,0.0002552999649196863,1233.200736299972,2,1,0.6176131999818608,None,1236.509171999991,1236.516540099983,1237.008279099944,1237.0001386000076,1233.6930082000326,1233.699927299982,1233.699927299982,1233.699927299982,1234.3508767000167,2,0.6454300999175757,None,1235.3420574000338,1235.3499745000154,1235.3499745000154,1235.3499745000154,1235.3499745000154,1236.5091064999579,1,0,1.1562644999939948,None,1237.0010741000297,1237.008279099944,1237.008279099944,1237.008279099944,1237.6176160000032,2,0.6010562999872491,None,1237.6176753999898,1240.6087898999685,,,,,,,,,,,,,,,,,,,,,,,,,,,,206,1,short,A,2026-07-10_14h45.34.058,SBL_superimposed_retrieval,,2026.1.3,119.80782817506334,2026-07-10 14h45.34.455031 -0400,
3,19,19,0,stimuli/scenes/scene_U1.jpg,Undersea,Tulon,stimuli/items/jungle_object_17.png,Jungle,object,si,None,1,1,0.8237803999800235,None,3,0.42560159997083247,None,2,1,0.7226194000104442,None,3,0.5994114000350237,None,0,3,3,3,0,19,19,19,,,,,1240.656074999948,,,,,,,,,,,,,,,,,,,,,,,,,,,,,,,,,,,,,,,,,,,,1240.6536105999257,1240.656074999948,1244.6249611999374,None,1247.3762106000213,1248.3673645999515,1245.6177001999458,1245.6248340000166,1245.6248340000166,1245.6248340000166,7.090007420629263e-05,1246.442457600031,1,1,0.8237803999800235,None,1249.100859099999,1249.108545199968,1249.6021892999997,1249.5924836000195,1246.9366637000348,1246.9438686999492,1246.9438686999492,1246.9438686999492,1247.3761522999266,3,0.42560159997083247,None,1248.3717969999416,1248.374903399963,1248.374903399963,1248.374903399963,1248.374903399963,1249.1007967999903,2,1,0.7226194000104442,None,1249.5949786999263,1249.6021892999997,1249.6021892999997,1249.6021892999997,1250.2096507999813,3,0.5994114000350237,None,1250.2097096999642,1253.200777699938,,,,,,,,,,,,,,,,,,,,,,,,,,,,206,1,short,A,2026-07-10_14h45.34.058,SBL_superimposed_retrieval,,2026.1.3,119.80782817506334,2026-07-10 14h45.34.455031 -0400,
,,,,,,,,,,,,,,,,,,,,,,,,,,,,,,,,,,,,,,,,,,,,,,,,,,,,,,,,,,,,,,,,,,,,,,,,,,,,,,,,,,,,,,,,,,,,,,,,,,,,,,,,,,,,,,,,,,,,,,,,,,,,,,,,,,,,,,,,,,1253.203304799972,1253.2035208999878,,,,,,,,1253.2046135999262,1253.2083351999754,1253.2083351999754,1258.2000037999824,1258.2000037999824,1258.1920395999914,None,,,,206,1,short,A,2026-07-10_14h45.34.058,SBL_superimposed_retrieval,,2026.1.3,119.80782817506334,2026-07-10 14h45.34.455031 -0400,
,,,,,,,,,,,,,,,,,,,,,,,,,,,,,,,,,,,,,,,,,,,,,,,,,,,,,,,,,,,,,,,,,,,,,,,,,,,,,,,,,,,,,,,,,,,,,,,,,,,,,,,,,,,,,,,,,,,,,,,,,,,,,,,,,,,,,,,,,,,,,,,,,,,,,,,,,,1258.1976291999454,1258.2000037999824,1258.2000037999824,,,,,,,,,,,
