run,thisN,thisTrialN,thisRepN,scene_stimulus,scene_cat,scene_label,item_stimulus,item_cat,item_type,congruency,key_resp_remember.keys,key_resp_context.keys,key_resp_context.corr,key_resp_context.rt,key_resp_context.duration,key_resp_context_conf.keys,key_resp_context_conf.rt,key_resp_context_conf.duration,key_resp_scenes.keys,key_resp_scenes.corr,key_resp_scenes.rt,key_resp_scenes.duration,key_resp_scene_conf.keys,key_resp_scene_conf.rt,key_resp_scene_conf.duration,runs.thisRepN,runs.thisTrialN,runs.thisN,runs.thisIndex,trials.thisRepN,trials.thisTrialN,trials.thisN,trials.thisIndex,show_rest_screen.thisRepN,show_rest_screen.thisTrialN,show_rest_screen.thisN,show_rest_screen.thisIndex,thisRow.t,notes,piloting,subs_rand_vars.started,subs_rand_vars.stopped,set_instructions.started,set_instructions.stopped,ret_inst_scr.started,text_instructions.started,key_resp_start.started,ret_inst_scr.stopped,key_resp_start.keys,key_resp_start.rt,key_resp_start.duration,ret_inst2.started,text_instructions_2.started,key_resp_start_2.started,ret_inst2.stopped,key_resp_start_2.keys,key_resp_start_2.rt,key_resp_start_2.duration,scene_names_reminder.started,text_reminder.started,image1.started,image2.started,image3.started,image4.started,textbox1.started,textbox2.started,textbox3.started,textbox4.started,key_reminder.started,scene_names_reminder.stopped,key_reminder.keys,key_reminder.rt,key_reminder.duration,blank3000_2.started,text_3.started,text_3.stopped,blank3000_2.stopped,create_runs_stim_div.started,create_runs_stim_div.stopped,set_rows.started,set_rows.stopped,item_imagine_scene.started,item_cue.started,item_imagine_scene.stopped,trials.key_resp_remember.keys,blank1000.started,blank1000.stopped,select_context.started,text_context_headline.started,text_sea.started,text_jungle.started,key_resp_context.started,select_context.stopped,trials.key_resp_context.keys,trials.key_resp_context.corr,trials.key_resp_context.rt,trials.key_resp_context.duration,blank500.started,text_blank.started,text_blank.stopped,blank500.stopped,context_confidence.started,text_context_choice.started,slider_context_conf.started,key_resp_context_conf.started,context_confidence.stopped,trials.key_resp_context_conf.keys,trials.key_resp_context_conf.rt,trials.key_resp_context_conf.duration,select_scene_name.started,text_scene_headline.started,text_actual_context.started,text_q_scene.started,text_labels.started,select_scene_name.stopped,trials.key_resp_scenes.keys,trials.key_resp_scenes.corr,trials.key_resp_scenes.rt,trials.key_resp_scenes.duration,scene_confidence.started,text_chosen_scene.started,slider_scene_conf.started,key_resp_scene_conf.started,scene_confidence.stopped,trials.key_resp_scene_conf.keys,trials.key_resp_scene_conf.rt,trials.key_resp_scene_conf.duration,blank3000.started,blank3000.stopped,item_cue.stopped,text_scene_headline.stopped,text_actual_context.stopped,text_q_scene.stopped,text_labels.stopped,is_last.started,is_last.stopped,rest_between_runs.started,text_run_rest.started,key_resp_run_rest.started,rest_between_runs.stopped,show_rest_screen.key_resp_run_rest.keys,show_rest_screen.key_resp_run_rest.rt,show_rest_screen.key_resp_run_rest.duration,ret_end_screen.started,text_endSet.started,key_resp_continue.started,ret_end_screen.stopped,key_resp_continue.keys,key_resp_continue.rt,key_resp_continue.duration,forked_instructions.started,text_end_inst.started,key_resp_end.started,participant,session,delay,group,date,expName,expVersion,psychopyVersion,frameRate,expStart,
,,,,,,,,,,,,,,,,,,,,,,,,,,,,,,,,,,,,,,,,False,0.029531799955293536,0.02986490004695952,,,,,,,,,,,,,,,,,,,,,,,,,,,,,,,,,,,,,,,,,,,,,,,,,,,,,,,,,,,,,,,,,,,,,,,,,,,,,,,,,,,,,,,,,,,,,,,,,,,,,,,,,,,,,,,,207,1,short,A,2026-07-13_10h02.54.628,SBL_superimposed_retrieval,,2026.1.3,120.14436544986286,2026-07-13 10h02.55.035585 -0400,
,,,,,,,,,,,,,,,,,,,,,,,,,,,,,,,,,,,,,,,,,,,0.029896500054746866,0.03010910004377365,,,,,,,,,,,,,,,,,,,,,,,,,,,,,,,,,,,,,,,,,,,,,,,,,,,,,,,,,,,,,,,,,,,,,,,,,,,,,,,,,,,,,,,,,,,,,,,,,,,,,,,,,,,,,,207,1,short,A,2026-07-13_10h02.54.628,SBL_superimposed_retrieval,,2026.1.3,120.14436544986286,2026-07-13 10h02.55.035585 -0400,
,,,,,,,,,,,,,,,,,,,,,,,,,,,,,,,,,,,,,,,,,,,,,0.030133400112390518,0.03316120011731982,1.0285797000396997,8.525499799987301,space,7.478917300002649,None,,,,,,,,,,,,,,,,,,,,,,,,,,,,,,,,,,,,,,,,,,,,,,,,,,,,,,,,,,,,,,,,,,,,,,,,,,,,,,,,,,,,,,,,,,,,,,,,,,,,,,,207,1,short,A,2026-07-13_10h02.54.628,SBL_superimposed_retrieval,,2026.1.3,120.14436544986286,2026-07-13 10h02.55.035585 -0400,
,,,,,,,,,,,,,,,,,,,,,,,,,,,,,,,,,,,,,,,,,,,,,,,,,,,,8.52554289996624,8.528207800118253,10.520532400114462,24.42944879992865,space,13.906304400181398,None,,,,,,,,,,,,,,,,,,,,,,,,,,,,,,,,,,,,,,,,,,,,,,,,,,,,,,,,,,,,,,,,,,,,,,,,,,,,,,,,,,,,,,,,,,,,,,,,207,1,short,A,2026-07-13_10h02.54.628,SBL_superimposed_retrieval,,2026.1.3,120.14436544986286,2026-07-13 10h02.55.035585 -0400,
,,,,,,,,,,,,,,,,,,,,,,,,,,,,,,,,,,,,,,,,,,,,,,,,,,,,,,,,,,,24.663379600038752,24.73972630011849,24.73972630011849,24.73972630011849,24.73972630011849,24.73972630011849,24.73972630011849,24.73972630011849,24.73972630011849,24.73972630011849,26.42063790000975,84.13118829997256,space,57.702809600159526,None,,,,,,,,,,,,,,,,,,,,,,,,,,,,,,,,,,,,,,,,,,,,,,,,,,,,,,,,,,,,,,,,,,,,,,,,,,,,,,,,,207,1,short,A,2026-07-13_10h02.54.628,SBL_superimposed_retrieval,,2026.1.3,120.14436544986286,2026-07-13 10h02.55.035585 -0400,
,,,,,,,,,,,,,,,,,,,,,,,,,,,,,,,,,,,,,,,,,,,,,,,,,,,,,,,,,,,,,,,,,,,,,,,,,,84.13123670010827,84.13793600001372,87.19271040009335,87.12180710001849,,,,,,,,,,,,,,,,,,,,,,,,,,,,,,,,,,,,,,,,,,,,,,,,,,,,,,,,,,,,,,,,,,,,,,,,,,,,,207,1,short,A,2026-07-13_10h02.54.628,SBL_superimposed_retrieval,,2026.1.3,120.14436544986286,2026-07-13 10h02.55.035585 -0400,
,,,,,,,,,,,,,,,,,,,,,,,,,,,,,,,,,,,,,,,,,,,,,,,,,,,,,,,,,,,,,,,,,,,,,,,,,,,,,,87.12206030008383,87.12229699990712,,,,,,,,,,,,,,,,,,,,,,,,,,,,,,,,,,,,,,,,,,,,,,,,,,,,,,,,,,,,,,,,,,,,,,,,,,,207,1,short,A,2026-07-13_10h02.54.628,SBL_superimposed_retrieval,,2026.1.3,120.14436544986286,2026-07-13 10h02.55.035585 -0400,
0,0,0,0,stimuli/scenes/scene_U1.jpg,Undersea,Somar,stimuli/items/jungle_object_11.png,Jungle,object,si,None,2,1,1.0564075999427587,None,3,0.9968234000261873,None,2,0,1.4071377001237124,None,2,0.450100899906829,None,0,0,0,0,0,0,0,0,,,,,87.19271040009335,,,,,,,,,,,,,,,,,,,,,,,,,,,,,,,,,,,,,,,,,,87.15150239993818,87.15174859995022,87.18782750004902,87.19271040009335,91.15497309993953,None,94.72274070000276,95.71381550002843,92.1543441999238,92.15836749994196,92.15836749994196,92.15836749994196,0.0026142001152038574,93.21442009997554,2,1,1.0564075999427587,None,97.13925209990703,97.14667590009049,97.64137639990076,97.63034970010631,93.70837590005249,93.7179388999939,93.7179388999939,93.7179388999939,94.72267749998719,3,0.9968234000261873,None,95.71938659995794,95.7240627000574,95.7240627000574,95.7240627000574,95.7240627000574,97.1391821000725,2,0,1.4071377001237124,None,97.63276740000583,97.64137639990076,97.64137639990076,97.64137639990076,98.09783559991047,2,0.450100899906829,None,98.0979001999367,101.08886440005153,,,,,,,,,,,,,,,,,,,,,,,,,207,1,short,A,2026-07-13_10h02.54.628,SBL_superimposed_retrieval,,2026.1.3,120.14436544986286,2026-07-13 10h02.55.035585 -0400,
0,1,1,0,stimuli/scenes/scene_J1.jpg,Jungle,Malbow,stimuli/items/jungle_animal_4.png,Jungle,animal,sc,None,1,1,0.47373609989881516,None,3,0.4894665000028908,None,2,1,1.0789540000259876,None,3,0.48697789991274476,None,0,0,0,0,0,1,1,1,,,,,101.12005049991421,,,,,,,,,,,,,,,,,,,,,,,,,,,,,,,,,,,,,,,,,,,,101.11779300007038,101.12005049991421,105.10550380009227,None,107.56479809992015,108.55581860011443,106.09777510003187,106.10513420007192,106.10513420007192,106.10513420007192,-8.050003089010715e-05,106.57243490009569,1,1,0.47373609989881516,None,109.64781409990974,109.65514219994657,110.1487489999272,110.1390746999532,107.06720459996723,107.0741868999321,107.0741868999321,107.0741868999321,107.56474009994417,3,0.4894665000028908,None,108.5612848000601,108.56444579991512,108.56444579991512,108.56444579991512,108.56444579991512,109.64774710009806,2,1,1.0789540000259876,None,110.14165319991298,110.1487489999272,110.1487489999272,110.1487489999272,110.64016439998522,3,0.48697789991274476,None,110.64022479997948,113.63094040006399,,,,,,,,,,,,,,,,,,,,,,,,,207,1,short,A,2026-07-13_10h02.54.628,SBL_superimposed_retrieval,,2026.1.3,120.14436544986286,2026-07-13 10h02.55.035585 -0400,
0,2,2,0,stimuli/scenes/scene_U2.jpg,Undersea,Negvi,stimuli/items/jungle_object_14.png,Jungle,object,si,None,2,1,0.8202257000375539,None,3,0.2940770999994129,None,2,1,1.3788099999073893,None,1,0.3420987001154572,None,0,0,0,0,0,2,2,2,,,,,113.64873109990731,,,,,,,,,,,,,,,,,,,,,,,,,,,,,,,,,,,,,,,,,,,,113.64644060004503,113.64873109990731,117.63937260000966,None,120.27349320007488,121.2641143000219,118.63133400003426,118.63886890001595,118.63886890001595,118.63886890001595,0.006982599850744009,119.47287179995328,2,1,0.8202257000375539,None,122.65609880001284,122.66369970003143,123.15745340008289,123.1477638001088,119.96654439996928,119.97342039993964,119.97342039993964,119.97342039993964,120.27342929993756,3,0.2940770999994129,None,121.26874889992177,121.27247880003415,121.27247880003415,121.27247880003415,121.27247880003415,122.65603190008551,2,1,1.3788099999073893,None,123.15023020002991,123.15745340008289,123.15745340008289,123.15745340008289,123.50634750002064,1,0.3420987001154572,None,123.50640760012902,126.49791070003994,117.64721329999156,,,,,,,,,,,,,,,,,,,,,,,,207,1,short,A,2026-07-13_10h02.54.628,SBL_superimposed_retrieval,,2026.1.3,120.14436544986286,2026-07-13 10h02.55.035585 -0400,
0,3,3,0,stimuli/scenes/scene_U2.jpg,Undersea,Negvi,stimuli/items/jungle_object_1.png,Jungle,object,si,None,2,1,0.744745200034231,None,3,0.27944299997761846,None,1,0,2.180616700090468,None,1,0.5672810999676585,None,0,0,0,0,0,3,3,3,,,,,126.52345549990423,,,,,,,,,,,,,,,,,,,,,,,,,,,,,,,,,,,,,,,,,,,,126.52125489991158,126.52345549990423,130.5140446999576,None,133.04033640003763,134.03105530003086,131.5067877001129,131.51409889990464,131.51409889990464,131.51409889990464,0.0004251000937074423,132.25639689993113,2,1,0.744745200034231,None,136.22338810004294,136.23077069991268,136.7240850001108,136.71469280007295,132.74846999999136,132.75537470006384,132.75537470006384,132.75537470006384,133.04027580004185,3,0.27944299997761846,None,134.03150240005925,134.03889580001123,134.03889580001123,134.03889580001123,134.03889580001123,136.22332009999081,1,0,2.180616700090468,None,136.71713329991326,136.7240850001108,136.7240850001108,136.7240850001108,137.29864490008913,1,0.5672810999676585,None,137.29870850010775,140.28970630001277,,,,,,,,,,,,,,,,,,,,,,,,,207,1,short,A,2026-07-13_10h02.54.628,SBL_superimposed_retrieval,,2026.1.3,120.14436544986286,2026-07-13 10h02.55.035585 -0400,
0,4,4,0,stimuli/scenes/scene_J2.jpg,Jungle,Tulon,stimuli/items/undersea_object_17.png,Undersea,object,si,None,1,1,0.47353520011529326,None,3,0.3444777999538928,None,2,0,1.8286588001064956,None,2,0.26173920021392405,None,0,0,0,0,0,4,4,4,,,,,140.31004219991155,,,,,,,,,,,,,,,,,,,,,,,,,,,,,,,,,,,,,,,,,,,,140.30784019990824,140.31004219991155,144.2979945000261,None,146.62388500012457,147.6146354000084,145.29080610000528,145.29799000010826,145.29799000010826,145.29799000010826,-0.0006394998636096716,145.7730749999173,1,1,0.47353520011529326,None,149.45670300000347,149.4645583999809,149.95765780005604,149.9479986000806,146.26788039994426,146.274999700021,146.274999700021,146.274999700021,146.62382430001162,3,0.3444777999538928,None,147.61893200012855,147.62238620012067,147.62238620012067,147.62238620012067,147.62238620012067,149.45663530007005,2,0,1.8286588001064956,None,149.95065769995563,149.95765780005604,149.95765780005604,149.95765780005604,150.2237321001012,2,0.26173920021392405,None,150.22379410010763,153.21486070007086,144.30583279998973,,,,,,,,,,,,,,,,,,,,,,,,207,1,short,A,2026-07-13_10h02.54.628,SBL_superimposed_retrieval,,2026.1.3,120.14436544986286,2026-07-13 10h02.55.035585 -0400,
0,5,5,0,stimuli/scenes/scene_J1.jpg,Jungle,Malbow,stimuli/items/undersea_animal_3.png,Undersea,animal,si,None,1,1,0.9236469999887049,None,2,0.955698800040409,None,2,1,2.357314599910751,None,2,0.25071280007250607,None,0,0,0,0,0,5,5,5,,,,,153.26065549999475,,,,,,,,,,,,,,,,,,,,,,,,,,,,,,,,,,,,,,,,,,,,153.25842249998823,153.26065549999475,157.23168969992548,None,160.607049100101,161.59830179996789,158.22367330011912,158.23119650012814,158.23119650012814,158.23119650012814,-7.499987259507179e-05,159.14841410005465,1,1,0.9236469999887049,None,163.9650216998998,163.972665600013,164.46434019994922,164.45658140000887,159.6410109999124,159.64780970010906,159.64780970010906,159.64780970010906,160.60698939999565,2,0.955698800040409,None,161.59873649990186,161.60614549997263,161.60614549997263,161.60614549997263,161.60614549997263,163.96495339996181,2,1,2.357314599910751,None,164.45750520005822,164.46434019994922,164.46434019994922,164.46434019994922,164.72398700006306,2,0.25071280007250607,None,164.72404700005427,167.71488910005428,,,,,,,,,,,,,,,,,,,,,,,,,207,1,short,A,2026-07-13_10h02.54.628,SBL_superimposed_retrieval,,2026.1.3,120.14436544986286,2026-07-13 10h02.55.035585 -0400,
0,6,6,0,stimuli/scenes/scene_J2.jpg,Jungle,Tulon,stimuli/items/undersea_object_12.png,Undersea,object,si,None,1,1,0.5029308998491615,None,3,0.29579520015977323,None,1,1,1.61994759994559,None,1,0.3082895001862198,None,0,0,0,0,0,6,6,6,,,,,167.75804960005917,,,,,,,,,,,,,,,,,,,,,,,,,,,,,,,,,,,,,,,,,,,,167.75549319991842,167.75804960005917,171.73140679998323,None,174.0323536999058,175.02331570000388,172.72438209992833,172.73151000007056,172.73151000007056,172.73151000007056,0.00037979986518621445,173.2322712999303,1,1,0.5029308998491615,None,176.6572531000711,176.66467109997757,177.1585844999645,177.14883029996417,173.72451679990627,173.73125590011477,173.73125590011477,173.73125590011477,174.03229010012,3,0.29579520015977323,None,175.0237696999684,175.03132730000652,175.03132730000652,175.03132730000652,175.03132730000652,176.6571867999155,1,1,1.61994759994559,None,177.15141299995594,177.1585844999645,177.1585844999645,177.1585844999645,177.47390220011584,1,0.3082895001862198,None,177.47396129998378,180.46504899999127,,,,,,,,,,,,,,,,,,,,,,,,,207,1,short,A,2026-07-13_10h02.54.628,SBL_superimposed_retrieval,,2026.1.3,120.14436544986286,2026-07-13 10h02.55.035585 -0400,
0,7,7,0,stimuli/scenes/scene_J2.jpg,Jungle,Tulon,stimuli/items/undersea_animal_19.png,Undersea,animal,si,None,1,1,0.28188559995032847,None,3,0.23502460005693138,None,2,0,1.2165262999478728,None,1,0.506658700061962,None,0,0,0,0,0,7,7,7,,,,,180.4803913999349,,,,,,,,,,,,,,,,,,,,,,,,,,,,,,,,,,,,,,,,,,,,180.47755989991128,180.4803913999349,184.46525710006244,None,186.49951429991052,187.49057090003043,185.45746860001236,185.46512200008146,185.46512200008146,185.46512200008146,-0.00037400005385279655,185.75716040004045,1,1,0.28188559995032847,None,188.71554560004734,188.72340340004303,189.2168960000854,189.20710609992966,186.2496656998992,186.2565134000033,186.2565134000033,186.2565134000033,186.49945140001364,3,0.23502460005693138,None,187.49100959999487,187.49827180011198,187.49827180011198,187.49827180011198,187.49827180011198,188.71547850011848,2,0,1.2165262999478728,None,189.2097293001134,189.2168960000854,189.2168960000854,189.2168960000854,189.72459300002083,1,0.506658700061962,None,189.72465059999377,192.71548469993286,184.4736353000626,,,,,,,,,,,,,,,,,,,,,,,,207,1,short,A,2026-07-13_10h02.54.628,SBL_superimposed_retrieval,,2026.1.3,120.14436544986286,2026-07-13 10h02.55.035585 -0400,
0,8,8,0,stimuli/scenes/scene_U1.jpg,Undersea,Somar,stimuli/items/undersea_object_11.png,Undersea,object,sc,None,2,1,0.4463874998036772,None,3,0.24766430002637208,None,1,1,1.2720117000862956,None,3,0.19902139995247126,None,0,0,0,0,0,8,8,8,,,,,192.752260300098,,,,,,,,,,,,,,,,,,,,,,,,,,,,,,,,,,,,,,,,,,,,192.74967140005901,192.752260300098,196.73183459998108,None,198.92434670007788,199.9154926999472,197.7247089999728,197.7318718000315,197.7318718000315,197.7318718000315,0.00010269996710121632,198.17420209990814,2,1,0.4463874998036772,None,201.19943840010092,201.2070687999949,201.70025369990617,201.69073679996654,198.66812100005336,198.67533469991758,198.67533469991758,198.67533469991758,198.92428699997254,3,0.24766430002637208,None,199.92004829994403,199.9234150000848,199.9234150000848,199.9234150000848,199.9234150000848,201.19937169994228,1,1,1.2720117000862956,None,201.6932330999989,201.70025369990617,201.70025369990617,201.70025369990617,201.90789139992557,3,0.19902139995247126,None,201.9079468001146,204.89900920004584,,,,,,,,,,,,,,,,,,,,,,,,,207,1,short,A,2026-07-13_10h02.54.628,SBL_superimposed_retrieval,,2026.1.3,120.14436544986286,2026-07-13 10h02.55.035585 -0400,
0,9,9,0,stimuli/scenes/scene_J1.jpg,Jungle,Malbow,stimuli/items/undersea_animal_14.png,Undersea,animal,si,None,1,1,0.5510418000631034,None,2,0.2759714999701828,None,1,0,2.178853599820286,None,1,0.5014357999898493,None,0,0,0,0,0,9,9,9,,,,,204.92800309997983,,,,,,,,,,,,,,,,,,,,,,,,,,,,,,,,,,,,,,,,,,,,204.92550530005246,204.92800309997983,208.91556870006025,None,211.24967340007424,212.2407873000484,209.90803429996595,209.91538939997554,209.91538939997554,209.91538939997554,0.0001314000692218542,210.46614370006137,1,1,0.5510418000631034,None,214.43298120005056,214.44045319990255,214.93417209992185,214.92442420008592,210.96028929995373,210.96752989990637,210.96752989990637,210.96752989990637,211.24961300008,2,0.2759714999701828,None,212.24532240000553,212.2486399000045,212.2486399000045,212.2486399000045,212.2486399000045,214.43291480001062,1,0,2.178853599820286,None,214.92693610000424,214.93417209992185,214.93417209992185,214.93417209992185,215.44173300010152,1,0.5014357999898493,None,215.44179489999078,218.43249820009805,,,,,,,,,,,,,,,,,,,,,,,,,207,1,short,A,2026-07-13_10h02.54.628,SBL_superimposed_retrieval,,2026.1.3,120.14436544986286,2026-07-13 10h02.55.035585 -0400,
0,10,10,0,stimuli/scenes/scene_U1.jpg,Undersea,Somar,stimuli/items/undersea_animal_6.png,Undersea,animal,sc,None,2,1,0.3451330999378115,None,3,0.24645900004543364,None,1,1,0.6306896000169218,None,2,0.2955935001373291,None,0,0,0,0,0,10,10,10,,,,,218.460022599902,,,,,,,,,,,,,,,,,,,,,,,,,,,,,,,,,,,,,,,,,,,,218.45776750007644,218.460022599902,222.44919249997474,None,224.54163930006325,225.53268159995787,223.44166520005092,223.44872400001623,223.44872400001623,223.44872400001623,-8.559995330870152e-05,223.79150109994225,2,1,0.3451330999378115,None,226.17462659999728,226.18265189998783,226.67589240008965,226.6662459000945,224.28572540008463,224.29273419990204,224.29273419990204,224.29273419990204,224.54158079996705,3,0.24645900004543364,None,225.5371226000134,225.54043930000626,225.54043930000626,225.54043930000626,225.54043930000626,226.17455870006233,1,1,0.6306896000169218,None,226.66871590004303,226.67589240008965,226.67589240008965,226.67589240008965,226.9749269001186,2,0.2955935001373291,None,226.97498390008695,229.9661501001101,,,,,,,,,,,,,,,,,,,,,,,,,207,1,short,A,2026-07-13_10h02.54.628,SBL_superimposed_retrieval,,2026.1.3,120.14436544986286,2026-07-13 10h02.55.035585 -0400,
0,11,11,0,stimuli/scenes/scene_J1.jpg,Jungle,Malbow,stimuli/items/jungle_animal_16.png,Jungle,animal,sc,None,1,1,0.7647894998081028,None,2,0.47337180003523827,None,2,1,1.6078180000185966,None,2,0.20124199986457825,None,0,0,0,0,0,11,11,11,,,,,229.9914708000142,,,,,,,,,,,,,,,,,,,,,,,,,,,,,,,,,,,,,,,,,,,,229.9889670999255,229.9914708000142,233.97435420006514,None,236.7168930999469,237.7082875999622,234.96694139996544,234.9742930000648,234.9742930000648,234.9742930000648,-0.000522000016644597,235.74153020000085,1,1,0.7647894998081028,None,239.32493530004285,239.33262669993564,239.82638050010428,239.81685249996372,236.23554169991985,236.24244800000452,236.24244800000452,236.24244800000452,236.7168340999633,2,0.47337180003523827,None,237.71261489996687,237.71596790011972,237.71596790011972,237.71596790011972,237.71596790011972,239.3248690001201,2,1,1.6078180000185966,None,239.8194035999477,239.82638050010428,239.82638050010428,239.82638050010428,240.03356050001457,2,0.20124199986457825,None,240.03364729997702,243.0250456999056,233.98249790002592,,,,,,,,,,,,,,,,,,,,,,,,207,1,short,A,2026-07-13_10h02.54.628,SBL_superimposed_retrieval,,2026.1.3,120.14436544986286,2026-07-13 10h02.55.035585 -0400,
0,12,12,0,stimuli/scenes/scene_U1.jpg,Undersea,Somar,stimuli/items/jungle_animal_10.png,Jungle,animal,si,None,2,1,0.6493629000615329,None,3,0.24195179995149374,None,2,0,1.8589667999185622,None,1,0.22607069998048246,None,0,0,0,0,0,12,12,12,,,,,243.0921281001065,,,,,,,,,,,,,,,,,,,,,,,,,,,,,,,,,,,,,,,,,,,,243.0882113999687,243.0921281001065,247.0415070001036,None,249.44189499993809,250.4331841999665,248.0337589001283,248.04118290008046,248.04118290008046,248.04118290008046,0.00015789992175996304,248.69143799995072,2,1,0.6493629000615329,None,252.30825260002166,252.3159642999526,252.80954409996048,252.7997183999978,249.18565179989673,249.1928594999481,249.1928594999481,249.1928594999481,249.44183919997886,3,0.24195179995149374,None,250.43759609991685,250.4409310000483,250.4409310000483,250.4409310000483,250.4409310000483,252.30818559997715,2,0,1.8589667999185622,None,252.8022092001047,252.80954409996048,252.80954409996048,252.80954409996048,253.0423415999394,1,0.22607069998048246,None,253.04240019991994,256.03316359990276,,,,,,,,,,,,,,,,,,,,,,,,,207,1,short,A,2026-07-13_10h02.54.628,SBL_superimposed_retrieval,,2026.1.3,120.14436544986286,2026-07-13 10h02.55.035585 -0400,
0,13,13,0,stimuli/scenes/scene_J2.jpg,Jungle,Tulon,stimuli/items/undersea_object_10.png,Undersea,object,si,None,1,1,0.44100599992088974,None,3,0.23497579991817474,None,None,0,,,1,0.53862370015122,None,0,0,0,0,0,13,13,13,,,,,256.06516420003027,,,,,,,,,,,,,,,,,,,,,,,,,,,,,,,,,,,,,,,,,,,,256.06299980008043,256.06516420003027,260.0499873000663,None,262.2257819001097,263.2171605001204,261.0423103000503,261.0493834000081,261.0493834000081,261.0493834000081,-4.469999112188816e-05,261.48408919991925,1,1,0.44100599992088974,None,265.70825119991787,265.72444840008393,266.2161308999639,266.2081293000374,261.97738640010357,261.98442939994857,261.98442939994857,261.98442939994857,262.2257209001109,3,0.23497579991817474,None,263.22176300012507,263.2251512000803,263.2251512000803,263.2251512000803,263.2251512000803,265.70820079999976,None,0,,,266.21118009998463,266.22443230007775,266.22443230007775,266.22443230007775,266.7671547001228,1,0.53862370015122,None,266.76721840002574,269.7582555001136,,265.71610850002617,265.71610850002617,265.71610850002617,265.71610850002617,,,,,,,,,,,,,,,,,,,,207,1,short,A,2026-07-13_10h02.54.628,SBL_superimposed_retrieval,,2026.1.3,120.14436544986286,2026-07-13 10h02.55.035585 -0400,
0,14,14,0,stimuli/scenes/scene_U1.jpg,Undersea,Somar,stimuli/items/undersea_animal_9.png,Undersea,animal,sc,None,2,1,0.2838791001122445,None,2,0.1783539999742061,None,2,0,1.4138104000594467,None,1,0.24712940002791584,None,0,0,0,0,0,14,14,14,,,,,269.78679669997655,,,,,,,,,,,,,,,,,,,,,,,,,,,,,,,,,,,,,,,,,,,,269.7843589000404,269.78679669997655,273.7748452001251,None,275.7424900000915,276.7333833000157,274.76733870012686,274.77469950006343,274.77469950006343,274.77469950006343,0.0001672001089900732,275.059062999906,2,1,0.2838791001122445,None,278.15876729995944,278.16629229998216,278.66005080007017,278.650255799992,275.55338390008546,275.5609246001113,275.5609246001113,275.5609246001113,275.7424264999572,2,0.1783539999742061,None,276.73790549999103,276.7413474000059,276.7413474000059,276.7413474000059,276.7413474000059,278.15869980002753,2,0,1.4138104000594467,None,278.6528123000171,278.66005080007017,278.66005080007017,278.66005080007017,278.9092073000502,1,0.24712940002791584,None,278.9092731999699,281.90015010000207,,,,,,,,,,,,,,,,,,,,,,,,,207,1,short,A,2026-07-13_10h02.54.628,SBL_superimposed_retrieval,,2026.1.3,120.14436544986286,2026-07-13 10h02.55.035585 -0400,
0,15,15,0,stimuli/scenes/scene_J1.jpg,Jungle,Malbow,stimuli/items/jungle_animal_8.png,Jungle,animal,sc,None,1,1,0.270413399906829,None,3,0.2132619998883456,None,2,1,1.9277694998309016,None,1,0.7884331999812275,None,0,0,0,0,0,15,15,15,,,,,283.53105790005066,,,,,,,,,,,,,,,,,,,,,,,,,,,,,,,,,,,,,,,,,,,,283.52658089995384,283.53105790005066,285.9166222999338,None,287.9009469000157,288.8918848000467,286.9092065000441,286.9165723999031,286.9165723999031,286.9165723999031,-1.810002140700817e-05,287.1839674001094,1,1,0.270413399906829,None,290.83415189990774,290.8416311000474,291.3348403000273,291.3252187001053,287.6782430000603,287.6854441999458,287.6854441999458,287.6854441999458,287.9008851000108,3,0.2132619998883456,None,288.89614450000226,288.89984819991514,288.89984819991514,288.89984819991514,288.89984819991514,290.8340859001037,2,1,1.9277694998309016,None,291.32784539996646,291.3348403000273,291.3348403000273,291.3348403000273,292.1259262000676,1,0.7884331999812275,None,292.12599000008777,295.11700599989854,,,,,,,,,,,,,,,,,,,,,,,,,207,1,short,A,2026-07-13_10h02.54.628,SBL_superimposed_retrieval,,2026.1.3,120.14436544986286,2026-07-13 10h02.55.035585 -0400,
0,16,16,0,stimuli/scenes/scene_U2.jpg,Undersea,Negvi,stimuli/items/jungle_animal_7.png,Jungle,animal,si,None,1,0,0.30233340011909604,None,3,0.24556950014084578,None,None,0,,,1,0.49958990002050996,None,0,0,0,0,0,16,16,16,,,,,295.13256120006554,,,,,,,,,,,,,,,,,,,,,,,,,,,,,,,,,,,,,,,,,,,,295.1299016000703,295.13256120006554,299.1171087999828,None,301.18441689992324,302.17561120004393,300.1094224001281,300.1167568000965,300.1167568000965,300.1167568000965,-0.0008865001145750284,300.43404660001397,1,0,0.30233340011909604,None,304.6673133999575,304.67519149999134,305.16688559995964,305.15894170012325,300.92633430007845,300.9333959000651,300.9333959000651,300.9333959000651,301.1843586000614,3,0.24556950014084578,None,302.1801183000207,302.1834758000914,302.1834758000914,302.1834758000914,302.1834758000914,304.6672620999161,None,0,,,305.16194940009154,305.1753664999269,305.1753664999269,305.1753664999269,305.676369599998,1,0.49958990002050996,None,305.67644009995274,308.6674307999201,299.12523690005764,304.67519149999134,304.67519149999134,304.67519149999134,304.67519149999134,,,,,,,,,,,,,,,,,,,,207,1,short,A,2026-07-13_10h02.54.628,SBL_superimposed_retrieval,,2026.1.3,120.14436544986286,2026-07-13 10h02.55.035585 -0400,
0,17,17,0,stimuli/scenes/scene_J1.jpg,Jungle,Malbow,stimuli/items/undersea_animal_18.png,Undersea,animal,si,None,1,1,0.28688719985075295,None,3,0.3119775000959635,None,2,1,0.7714312002062798,None,2,0.18302099988795817,None,0,0,0,0,0,17,17,17,,,,,308.7214816000778,,,,,,,,,,,,,,,,,,,,,,,,,,,,,,,,,,,,,,,,,,,,308.7191771999933,308.7214816000778,312.68374010012485,None,314.78484659991227,315.7756404001266,313.67645139992237,313.6836699999403,313.6836699999403,313.6836699999403,5.9300102293491364e-05,313.9676526999101,1,1,0.28688719985075295,None,316.5598689999897,316.567061400041,317.06064169993624,317.0508149000816,314.45995829999447,314.46687119989656,314.46687119989656,314.46687119989656,314.7847831000108,3,0.3119775000959635,None,315.77994769997895,315.7837606999092,315.7837606999092,315.7837606999092,315.7837606999092,316.55980090005323,2,1,0.7714312002062798,None,317.0534338001162,317.06064169993624,317.06064169993624,317.06064169993624,317.2514383001253,2,0.18302099988795817,None,317.25149960001,320.2429758000653,,,,,,,,,,,,,,,,,,,,,,,,,207,1,short,A,2026-07-13_10h02.54.628,SBL_superimposed_retrieval,,2026.1.3,120.14436544986286,2026-07-13 10h02.55.035585 -0400,
0,18,18,0,stimuli/scenes/scene_U1.jpg,Undersea,Somar,stimuli/items/jungle_object_3.png,Jungle,object,si,None,2,1,0.5512981000356376,None,3,0.22817769995890558,None,1,1,0.7094807999674231,None,3,0.3539733998477459,None,0,0,0,0,0,18,18,18,,,,,320.2734163000714,,,,,,,,,,,,,,,,,,,,,,,,,,,,,,,,,,,,,,,,,,,,320.27078730007634,320.2734163000714,324.2594187001232,None,326.5436952000018,327.5344223000575,325.2522229999304,325.2591655999422,325.2591655999422,325.2591655999422,0.0007674000225961208,325.8101387000643,2,1,0.5512981000356376,None,328.2599798999727,328.26729029999115,328.7609910001047,328.7514055999927,326.30383690004237,326.3110253000632,326.3110253000632,326.3110253000632,326.5436364999041,3,0.22817769995890558,None,327.53904250008054,327.5422044999432,327.5422044999432,327.5422044999432,327.5422044999432,328.25991609995253,1,1,0.7094807999674231,None,328.7538972001057,328.7609910001047,328.7609910001047,328.7609910001047,329.118428299902,3,0.3539733998477459,None,329.1184878000058,332.1094992000144,,,,,,,,,,,,,,,,,,,,,,,,,207,1,short,A,2026-07-13_10h02.54.628,SBL_superimposed_retrieval,,2026.1.3,120.14436544986286,2026-07-13 10h02.55.035585 -0400,
0,19,19,0,stimuli/scenes/scene_U1.jpg,Undersea,Somar,stimuli/items/jungle_object_9.png,Jungle,object,si,None,2,1,0.5884007001295686,None,3,0.21753780008293688,None,2,0,0.6413082999642938,None,1,0.20150230010040104,None,0,0,0,0,0,19,19,19,,,,,332.13994099991396,,,,,,,,,,,,,,,,,,,,,,,,,,,,,,,,,,,,,,,,,,,,332.13770950003527,332.13994099991396,336.12578999996185,None,338.4352545000147,339.42625880008563,337.11860030004755,337.12586840009317,337.12586840009317,337.12586840009317,0.00015780003741383553,337.71009259996936,2,1,0.5884007001295686,None,340.0765809000004,340.0845651999116,340.5781729000155,340.56834920006804,338.20240360009484,338.2093277000822,338.2093277000822,338.2093277000822,338.43519930006005,3,0.21753780008293688,None,339.42669959994964,339.4343574999366,339.4343574999366,339.4343574999366,339.4343574999366,340.0765172999818,2,0,0.6413082999642938,None,340.57083109999076,340.5781729000155,340.5781729000155,340.5781729000155,340.78521279990673,1,0.20150230010040104,None,340.7852686000988,343.7766901999712,,,,,,,,,,,,,,,,,,,,,,,,,207,1,short,A,2026-07-13_10h02.54.628,SBL_superimposed_retrieval,,2026.1.3,120.14436544986286,2026-07-13 10h02.55.035585 -0400,
1,0,0,0,stimuli/scenes/scene_J2.jpg,Jungle,Tulon,stimuli/items/jungle_object_5.png,Jungle,object,sc,None,1,1,0.35272839991375804,None,3,0.24515259987674654,None,2,0,0.6451612999662757,None,2,0.24423460010439157,None,0,1,1,1,0,0,0,0,0,0,0,0,357.8544908000622,,,,,,,,,,,,,,,,,,,,,,,,,,,,,,,,,,,,,,,,,,357.81108639994636,357.811365300091,357.8517126000952,357.8544908000622,361.8184736999683,None,363.9195745999459,364.91061119991355,362.81072940002196,362.81811790005304,362.81811790005304,362.81811790005304,-0.0006212999578565359,363.16921689989977,1,1,0.35272839991375804,None,365.5691516001243,365.57646750006825,366.0705576001201,366.06043320009485,363.6632652999833,363.6703675999306,363.6703675999306,363.6703675999306,363.91951890010387,3,0.24515259987674654,None,364.91515109990723,364.9184858999215,364.9184858999215,364.9184858999215,364.9184858999215,365.5690864000935,2,0,0.6451612999662757,None,366.0630306999665,366.0705576001201,366.0705576001201,366.0705576001201,366.31936500011943,2,0.24423460010439157,None,366.3194216999691,369.310243899934,,,,,,343.779291999992,343.77950909989886,343.7797113000415,343.7844793999102,344.77615060005337,357.8100775000639,space,13.026840699836612,None,,,,,,,,,,,207,1,short,A,2026-07-13_10h02.54.628,SBL_superimposed_retrieval,,2026.1.3,120.14436544986286,2026-07-13 10h02.55.035585 -0400,
1,1,1,0,stimuli/scenes/scene_J2.jpg,Jungle,Tulon,stimuli/items/jungle_object_12.png,Jungle,object,sc,None,1,1,0.2765981999691576,None,3,0.29312220006249845,None,2,0,1.217097100103274,None,2,0.34865049994550645,None,0,1,1,1,0,1,1,1,,,,,369.3292966999579,,,,,,,,,,,,,,,,,,,,,,,,,,,,,,,,,,,,,,,,,,,,369.32707990007475,369.3292966999579,373.31889200001024,None,375.41078329994343,376.4022917000111,374.31121760001406,374.31819309992716,374.31819309992716,374.31819309992716,0.007462000008672476,374.61121160001494,1,1,0.2765981999691576,None,377.6277815999929,377.63514870009385,378.12652819999494,378.1189546000678,375.1030474998988,375.1097770000342,375.1097770000342,375.1097770000342,375.4107280001044,3,0.29312220006249845,None,376.40273709991015,376.4099147999659,376.4099147999659,376.4099147999659,376.4099147999659,377.6277165999636,2,0,1.217097100103274,None,378.1198704999406,378.12652819999494,378.12652819999494,378.12652819999494,378.47745359991677,2,0.34865049994550645,None,378.4775120001286,381.4687264999375,373.3265204001218,,,,,,,,,,,,,,,,,,,,,,,,207,1,short,A,2026-07-13_10h02.54.628,SBL_superimposed_retrieval,,2026.1.3,120.14436544986286,2026-07-13 10h02.55.035585 -0400,
1,2,2,0,stimuli/scenes/scene_U1.jpg,Undersea,Somar,stimuli/items/undersea_object_1.png,Undersea,object,sc,None,1,0,0.30258530005812645,None,3,0.3102237998973578,None,None,0,,,1,0.40201180009171367,None,0,1,1,1,0,2,2,2,,,,,381.48790580010973,,,,,,,,,,,,,,,,,,,,,,,,,,,,,,,,,,,,,,,,,,,,381.48559920000844,381.48790580010973,385.4771376999561,None,387.60291710007004,388.5936791000422,386.4697259000968,386.476789599983,386.476789599983,386.476789599983,-0.0006420998834073544,386.78606449998915,1,0,0.30258530005812645,None,391.0859185999725,391.0939092000481,391.5853226000909,391.57697089994326,387.27798140002415,387.2849658001214,387.2849658001214,387.2849658001214,387.6028591999784,3,0.3102237998973578,None,388.59813380008563,388.60159400012344,388.60159400012344,388.60159400012344,388.60159400012344,391.08586769993417,None,0,,,391.57998019992374,391.59351580007933,391.59351580007933,391.59351580007933,392.0028315000236,1,0.40201180009171367,None,392.0028917999007,394.99385609989986,385.484987600008,391.0939092000481,391.0939092000481,391.0939092000481,391.0939092000481,,,,,,,,,,,,,,,,,,,,207,1,short,A,2026-07-13_10h02.54.628,SBL_superimposed_retrieval,,2026.1.3,120.14436544986286,2026-07-13 10h02.55.035585 -0400,
1,3,3,0,stimuli/scenes/scene_U2.jpg,Undersea,Negvi,stimuli/items/undersea_object_16.png,Undersea,object,sc,None,2,1,0.5994605999439955,None,3,0.33901400002650917,None,2,1,0.8871607999317348,None,3,0.3901056998874992,None,0,1,1,1,0,3,3,3,,,,,395.0219898999203,,,,,,,,,,,,,,,,,,,,,,,,,,,,,,,,,,,,,,,,,,,,395.01945629995316,395.0219898999203,399.0107903999742,None,401.45335309999064,402.4440772999078,400.003297700081,400.01041639992036,400.01041639992036,400.01041639992036,0.0004508998245000839,400.6111333000008,2,1,0.5994605999439955,None,403.3446259999182,403.35221750009805,403.8452169999946,403.8357178000733,401.1049760999158,401.1120668000076,401.1120668000076,401.1120668000076,401.4532969999127,3,0.33901400002650917,None,402.4445448999759,402.4520970999729,402.4520970999729,402.4520970999729,402.4520970999729,403.3445625999011,2,1,0.8871607999317348,None,403.83823020011187,403.8452169999946,403.8452169999946,403.8452169999946,404.23641179990955,3,0.3901056998874992,None,404.2364807999693,407.22747600008734,,,,,,,,,,,,,,,,,,,,,,,,,207,1,short,A,2026-07-13_10h02.54.628,SBL_superimposed_retrieval,,2026.1.3,120.14436544986286,2026-07-13 10h02.55.035585 -0400,
1,4,4,0,stimuli/scenes/scene_J1.jpg,Jungle,Malbow,stimuli/items/jungle_animal_6.png,Jungle,animal,sc,None,1,1,0.2864536999259144,None,3,0.30962080019526184,None,2,1,1.379642599960789,None,3,0.5184197002090514,None,0,1,1,1,0,4,4,4,,,,,407.2929273999762,,,,,,,,,,,,,,,,,,,,,,,,,,,,,,,,,,,,,,,,,,,,407.2888583999593,407.2929273999762,411.2444698000327,None,413.34510429995134,414.33600730006583,412.23685250012204,412.24410709994845,412.24410709994845,412.24410709994845,0.00041760015301406384,412.52785640000366,1,1,0.2864536999259144,None,415.7282108999789,415.73574139992706,416.2290491000749,416.21934569999576,413.0224727001041,413.0295490999706,413.0295490999706,413.0295490999706,413.34504900011234,3,0.30962080019526184,None,414.34051369992085,414.3438097999897,414.3438097999897,414.3438097999897,414.3438097999897,415.7281460999511,2,1,1.379642599960789,None,416.2219616000075,416.2290491000749,416.2290491000749,416.2290491000749,416.75325420009904,3,0.5184197002090514,None,416.75331440009177,419.74439350003377,,,,,,,,,,,,,,,,,,,,,,,,,207,1,short,A,2026-07-13_10h02.54.628,SBL_superimposed_retrieval,,2026.1.3,120.14436544986286,2026-07-13 10h02.55.035585 -0400,
1,5,5,0,stimuli/scenes/scene_J1.jpg,Jungle,Malbow,stimuli/items/jungle_object_10.png,Jungle,object,sc,None,1,1,0.281326100230217,None,3,0.20359460008330643,None,2,1,0.4508932000026107,None,2,0.420666899997741,None,0,1,1,1,0,5,5,5,,,,,419.77332479995675,,,,,,,,,,,,,,,,,,,,,,,,,,,,,,,,,,,,,,,,,,,,419.77077460009605,419.77332479995675,423.7608392999973,None,425.74508969997987,426.73629130003974,424.75353020010516,424.7611903999932,424.7611903999932,424.7611903999932,0.00026020011864602566,425.03640790004283,1,1,0.281326100230217,None,427.20323870005086,427.21073610009626,427.7023595001083,427.6943548999261,425.5290191001259,425.5359082000796,425.5359082000796,425.5359082000796,425.74503310001455,3,0.20359460008330643,None,426.7367247999646,426.74440370011143,426.74440370011143,426.74440370011143,426.74440370011143,427.2031789000612,2,1,0.4508932000026107,None,427.69529870012775,427.7023595001083,427.7023595001083,427.7023595001083,428.1288582000416,2,0.420666899997741,None,428.12891520000994,431.1194593999535,,,,,,,,,,,,,,,,,,,,,,,,,207,1,short,A,2026-07-13_10h02.54.628,SBL_superimposed_retrieval,,2026.1.3,120.14436544986286,2026-07-13 10h02.55.035585 -0400,
1,6,6,0,stimuli/scenes/scene_J1.jpg,Jungle,Malbow,stimuli/items/jungle_object_20.png,Jungle,object,sc,None,1,1,0.2818515000399202,None,3,0.18738769995979965,None,2,1,0.5645131000783294,None,3,0.23379660001955926,None,0,1,1,1,0,6,6,6,,,,,431.1486152000725,,,,,,,,,,,,,,,,,,,,,,,,,,,,,,,,,,,,,,,,,,,,431.14644469995983,431.1486152000725,435.1360414000228,None,437.1039589000866,438.0948918000795,436.12925100000575,436.13593619992025,436.13593619992025,436.13593619992025,0.0003798999823629856,436.4118608001154,1,1,0.2818515000399202,None,438.67016680003144,438.677812699927,439.16974990000017,439.16203760006465,436.90452240011655,436.91143499989994,436.91143499989994,436.91143499989994,437.10390489990823,3,0.18738769995979965,None,438.09534620004706,438.1027750999201,438.1027750999201,438.1027750999201,438.1027750999201,438.67010099999607,2,1,0.5645131000783294,None,439.1629562000744,439.16974990000017,439.16974990000017,439.16974990000017,439.41226990008727,3,0.23379660001955926,None,439.4123241000343,442.4034698999021,,,,,,,,,,,,,,,,,,,,,,,,,207,1,short,A,2026-07-13_10h02.54.628,SBL_superimposed_retrieval,,2026.1.3,120.14436544986286,2026-07-13 10h02.55.035585 -0400,
1,7,7,0,stimuli/scenes/scene_J2.jpg,Jungle,Tulon,stimuli/items/jungle_animal_20.png,Jungle,animal,sc,None,1,1,0.36020120000466704,None,3,0.2295323999132961,None,2,0,1.0115648999344558,None,2,0.18395290011540055,None,0,1,1,1,0,7,7,7,,,,,442.4264986999333,,,,,,,,,,,,,,,,,,,,,,,,,,,,,,,,,,,,,,,,,,,,442.4238716000691,442.4264986999333,446.4121097999159,None,448.5125571999233,449.50359020009637,447.4039187000599,447.4115472000558,447.4115472000558,447.4115472000558,-0.0006997999735176563,447.77854280010797,1,1,0.36020120000466704,None,450.5288056000136,450.53638170007616,451.0277583999559,451.0198810000438,448.2710617999546,448.2780454000458,448.2780454000458,448.2780454000458,448.5125001000706,3,0.2295323999132961,None,449.50403110007755,449.5115145999007,449.5115145999007,449.5115145999007,449.5115145999007,450.5287421999965,2,0,1.0115648999344558,None,451.020828000037,451.0277583999559,451.0277583999559,451.0277583999559,451.21265610004775,2,0.18395290011540055,None,451.2127096001059,454.203189099906,446.4194612998981,,,,,,,,,,,,,,,,,,,,,,,,207,1,short,A,2026-07-13_10h02.54.628,SBL_superimposed_retrieval,,2026.1.3,120.14436544986286,2026-07-13 10h02.55.035585 -0400,
1,8,8,0,stimuli/scenes/scene_J2.jpg,Jungle,Tulon,stimuli/items/undersea_animal_8.png,Undersea,animal,si,None,1,1,0.44643609994091094,None,2,0.28259030007757246,None,2,0,1.3824461000040174,None,2,0.2192293000407517,None,0,1,1,1,0,8,8,8,,,,,454.2361979999114,,,,,,,,,,,,,,,,,,,,,,,,,,,,,,,,,,,,,,,,,,,,454.2336190000642,454.2361979999114,458.2200943999924,None,460.4459518000949,461.4368441000115,459.21229960001074,459.2199142999016,459.2199142999016,459.2199142999016,-0.00036690011620521545,459.66201269999146,1,1,0.44643609994091094,None,462.8288126999978,462.8366497999523,463.327979600057,463.3202096000314,460.1542211000342,460.1612750000786,460.1612750000786,460.1612750000786,460.44589790003374,2,0.28259030007757246,None,461.4372829000931,461.4452218001243,461.4452218001243,461.4452218001243,461.4452218001243,462.8287496000994,2,0,1.3824461000040174,None,463.32112400000915,463.327979600057,463.327979600057,463.327979600057,463.5543621999677,2,0.2192293000407517,None,463.55441719992086,466.5452425999101,,,,,,,,,,,,,,,,,,,,,,,,,207,1,short,A,2026-07-13_10h02.54.628,SBL_superimposed_retrieval,,2026.1.3,120.14436544986286,2026-07-13 10h02.55.035585 -0400,
1,9,9,0,stimuli/scenes/scene_J1.jpg,Jungle,Malbow,stimuli/items/undersea_animal_15.png,Undersea,animal,si,None,1,1,0.4243662999942899,None,3,0.24485399993136525,None,2,1,0.3868464999832213,None,3,0.2790336001198739,None,0,1,1,1,0,9,9,9,,,,,466.57883609994315,,,,,,,,,,,,,,,,,,,,,,,,,,,,,,,,,,,,,,,,,,,,466.5765665001236,466.57883609994315,470.56210119999014,None,472.73756340006366,473.7287127999589,471.55470960005186,471.56176750012673,471.56176750012673,471.56176750012673,0.0003370000049471855,471.9871660999488,1,1,0.4243662999942899,None,474.1291873001028,474.13671629992314,474.62846500007436,474.620530199958,472.4797871001065,472.48661080002785,472.48661080002785,472.48661080002785,472.73750680009834,3,0.24485399993136525,None,473.7291763999965,473.73682289989665,473.73682289989665,473.73682289989665,473.73682289989665,474.12912499997765,2,1,0.3868464999832213,None,474.6214644999709,474.62846500007436,474.62846500007436,474.62846500007436,474.91259510000236,3,0.2790336001198739,None,474.9126514000818,477.90388490003534,,,,,,,,,,,,,,,,,,,,,,,,,207,1,short,A,2026-07-13_10h02.54.628,SBL_superimposed_retrieval,,2026.1.3,120.14436544986286,2026-07-13 10h02.55.035585 -0400,
1,10,10,0,stimuli/scenes/scene_U1.jpg,Undersea,Somar,stimuli/items/jungle_animal_5.png,Jungle,animal,si,None,1,0,0.4260195998940617,None,1,0.19869180000387132,None,2,0,1.5578383000101894,None,2,0.3777548000216484,None,0,1,1,1,0,10,10,10,,,,,477.9410298001021,,,,,,,,,,,,,,,,,,,,,,,,,,,,,,,,,,,,,,,,,,,,477.9388699999545,477.9410298001021,481.92017529997975,None,484.0464916001074,485.0371089000255,482.9131678000558,482.920084200101,482.920084200101,482.920084200101,0.0005596000701189041,483.3461704000365,1,0,0.4260195998940617,None,486.6046595000662,486.611943700118,487.10536070005037,487.09578400012106,483.838136699982,483.84493150003254,483.84493150003254,483.84493150003254,484.04643599991687,1,0.19869180000387132,None,485.04178810003214,485.0450049000792,485.0450049000792,485.0450049000792,485.0450049000792,486.604595300043,2,0,1.5578383000101894,None,487.0982331999112,487.10536070005037,487.10536070005037,487.10536070005037,487.4878146001138,2,0.3777548000216484,None,487.4878724999726,490.4792285999283,,,,,,,,,,,,,,,,,,,,,,,,,207,1,short,A,2026-07-13_10h02.54.628,SBL_superimposed_retrieval,,2026.1.3,120.14436544986286,2026-07-13 10h02.55.035585 -0400,
1,11,11,0,stimuli/scenes/scene_U1.jpg,Undersea,Somar,stimuli/items/jungle_object_19.png,Jungle,object,si,None,2,1,0.26790260011330247,None,3,0.24324420001357794,None,1,1,1.1232674000784755,None,1,0.34496610006317496,None,0,1,1,1,0,11,11,11,,,,,490.5044909999706,,,,,,,,,,,,,,,,,,,,,,,,,,,,,,,,,,,,,,,,,,,,490.50229789991863,490.5044909999706,494.48761620000005,None,496.51340760011226,497.50437010009773,495.4799699001014,495.4870674998965,495.4870674998965,495.4870674998965,-0.000725800171494484,495.76328049995936,2,1,0.26790260011330247,None,498.63799099996686,498.6456186999567,499.1385075999424,499.1291561999824,496.25676889996976,496.2638942000922,496.2638942000922,496.2638942000922,496.51335350004956,3,0.24324420001357794,None,497.50481549999677,497.5119515999686,497.5119515999686,497.5119515999686,497.5119515999686,498.6379267000593,1,1,1.1232674000784755,None,499.131593399914,499.1385075999424,499.1385075999424,499.1385075999424,499.4885309000965,1,0.34496610006317496,None,499.48858799994923,502.4792647000868,494.4955174000934,,,,,,,,,,,,,,,,,,,,,,,,207,1,short,A,2026-07-13_10h02.54.628,SBL_superimposed_retrieval,,2026.1.3,120.14436544986286,2026-07-13 10h02.55.035585 -0400,
1,12,12,0,stimuli/scenes/scene_U1.jpg,Undersea,Somar,stimuli/items/jungle_animal_3.png,Jungle,animal,si,None,2,1,0.3792632999829948,None,1,0.31256279977969825,None,2,0,1.0754354000091553,None,1,0.48246570001356304,None,0,1,1,1,0,12,12,12,,,,,502.51280239992775,,,,,,,,,,,,,,,,,,,,,,,,,,,,,,,,,,,,,,,,,,,,502.51054039993323,502.51280239992775,506.4960902999155,None,508.6888329000212,509.6797619999852,507.488386800047,507.49568850011565,507.49568850011565,507.49568850011565,-0.00015629990957677364,507.87127420003526,2,1,0.3792632999829948,None,510.77142990007997,510.77881920011714,511.27226349990815,511.2628405999858,508.3638019999489,508.3705128999427,508.3705128999427,508.3705128999427,508.688778599957,1,0.31256279977969825,None,509.68020100006834,509.6874454000499,509.6874454000499,509.6874454000499,509.6874454000499,510.77136519993655,2,0,1.0754354000091553,None,511.26531130005606,511.27226349990815,511.27226349990815,511.27226349990815,511.76309740007855,1,0.48246570001356304,None,511.76315629994497,514.7543097999878,,,,,,,,,,,,,,,,,,,,,,,,,207,1,short,A,2026-07-13_10h02.54.628,SBL_superimposed_retrieval,,2026.1.3,120.14436544986286,2026-07-13 10h02.55.035585 -0400,
1,13,13,0,stimuli/scenes/scene_J1.jpg,Jungle,Malbow,stimuli/items/jungle_animal_11.png,Jungle,animal,sc,None,1,1,0.29620850016362965,None,3,0.6147937001660466,None,2,1,0.9361815999727696,None,3,0.3243465998675674,None,0,1,1,1,0,13,13,13,,,,,514.8045391999185,,,,,,,,,,,,,,,,,,,,,,,,,,,,,,,,,,,,,,,,,,,,514.8022278000135,514.8045391999185,518.7707380999345,None,521.1801632998977,522.171099799918,519.7632981999777,519.7706909999251,519.7706909999251,519.7706909999251,0.00018570013344287872,520.0634286000859,1,1,0.29620850016362965,None,523.1216315999627,523.129059900064,523.6225328999572,523.6128611001186,520.5569724000525,520.56408130005,520.56408130005,520.56408130005,521.1801022998989,3,0.6147937001660466,None,522.1756098000333,522.1794811999425,522.1794811999425,522.1794811999425,522.1794811999425,523.1215574000962,2,1,0.9361815999727696,None,523.6154308000114,523.6225328999572,523.6225328999572,523.6225328999572,523.9554467999842,3,0.3243465998675674,None,523.9555065000895,526.9461372001097,,,,,,,,,,,,,,,,,,,,,,,,,207,1,short,A,2026-07-13_10h02.54.628,SBL_superimposed_retrieval,,2026.1.3,120.14436544986286,2026-07-13 10h02.55.035585 -0400,
1,14,14,0,stimuli/scenes/scene_U1.jpg,Undersea,Somar,stimuli/items/undersea_animal_12.png,Undersea,animal,sc,None,2,1,0.2806340998504311,None,3,0.26352469995617867,None,2,0,0.8390238001011312,None,2,0.408086100127548,None,0,1,1,1,0,14,14,14,,,,,526.9703567000106,,,,,,,,,,,,,,,,,,,,,,,,,,,,,,,,,,,,,,,,,,,,526.9681609999388,526.9703567000106,530.9548378000036,None,533.005604499951,533.996797000058,531.9474088998977,531.9546435999218,531.9546435999218,531.9546435999218,-0.0007105001714080572,532.2383916999679,2,1,0.2806340998504311,None,534.8469380000606,534.854442199925,535.3475798000582,535.3379931000527,532.7323042000644,532.739288300043,532.739288300043,532.739288300043,533.0055472000968,3,0.26352469995617867,None,534.0013993999455,534.0048330000136,534.0048330000136,534.0048330000136,534.0048330000136,534.8468734999187,2,0,0.8390238001011312,None,535.3404314001091,535.3475798000582,535.3475798000582,535.3475798000582,535.7637060999405,2,0.408086100127548,None,535.7637664000504,538.7546498999,530.9626295999624,,,,,,,,,,,,,,,,,,,,,,,,207,1,short,A,2026-07-13_10h02.54.628,SBL_superimposed_retrieval,,2026.1.3,120.14436544986286,2026-07-13 10h02.55.035585 -0400,
1,15,15,0,stimuli/scenes/scene_U2.jpg,Undersea,Negvi,stimuli/items/undersea_object_14.png,Undersea,object,sc,None,2,1,0.4886767999269068,None,3,0.3930376002099365,None,2,1,0.5612882999703288,None,3,0.23026590002700686,None,0,1,1,1,0,15,15,15,,,,,538.7799454000778,,,,,,,,,,,,,,,,,,,,,,,,,,,,,,,,,,,,,,,,,,,,538.777685899986,538.7799454000778,542.763237999985,None,545.1560065001249,546.1472305001225,543.7555833999068,543.7626990000717,543.7626990000717,543.7626990000717,-0.0009854999370872974,544.2552793999203,2,1,0.4886767999269068,None,546.7222937999759,546.7298024999909,547.2214009999298,547.2137366000097,544.7477702000178,544.7545139000285,544.7545139000285,544.7545139000285,545.1559494000394,3,0.3930376002099365,None,546.147675300017,546.1544711000752,546.1544711000752,546.1544711000752,546.1544711000752,546.7222309999634,2,1,0.5612882999703288,None,547.2146562000271,547.2214009999298,547.2214009999298,547.2214009999298,547.4556082999334,3,0.23026590002700686,None,547.455671499949,550.4470736999065,542.7711340999231,,,,,,,,,,,,,,,,,,,,,,,,207,1,short,A,2026-07-13_10h02.54.628,SBL_superimposed_retrieval,,2026.1.3,120.14436544986286,2026-07-13 10h02.55.035585 -0400,
1,16,16,0,stimuli/scenes/scene_U2.jpg,Undersea,Negvi,stimuli/items/jungle_object_2.png,Jungle,object,si,None,2,1,0.2842539001721889,None,3,0.2766641001217067,None,1,0,0.6894050999544561,None,1,0.3277114999946207,None,0,1,1,1,0,16,16,16,,,,,550.4685893000569,,,,,,,,,,,,,,,,,,,,,,,,,,,,,,,,,,,,,,,,,,,,550.4663434999529,550.4685893000569,554.4552217000164,None,556.5307948999107,557.522208099952,555.4478607999627,555.4549100000877,555.4549100000877,555.4549100000877,-0.000681400066241622,555.74726990005,2,1,0.2842539001721889,None,558.2227457999252,558.2300613999832,558.7233609000687,558.713892800035,556.2392710000277,556.2463895000983,556.2463895000983,556.2463895000983,556.530735099921,3,0.2766641001217067,None,557.5226714001037,557.529936300125,557.529936300125,557.529936300125,557.529936300125,558.2226823000237,1,0,0.6894050999544561,None,558.7163849000353,558.7233609000687,558.7233609000687,558.7233609000687,559.0558720000554,1,0.3277114999946207,None,559.0559310999233,562.0466440001037,554.4630328000057,,,,,,,,,,,,,,,,,,,,,,,,207,1,short,A,2026-07-13_10h02.54.628,SBL_superimposed_retrieval,,2026.1.3,120.14436544986286,2026-07-13 10h02.55.035585 -0400,
1,17,17,0,stimuli/scenes/scene_J2.jpg,Jungle,Tulon,stimuli/items/jungle_animal_12.png,Jungle,animal,sc,None,1,1,0.28258009999990463,None,3,0.227108099963516,None,2,0,1.091418200172484,None,2,0.21783209987916052,None,0,1,1,1,0,17,17,17,,,,,562.0740658000577,,,,,,,,,,,,,,,,,,,,,,,,,,,,,,,,,,,,,,,,,,,,562.0716675000731,562.0740658000577,566.0636601999868,None,568.0814436001237,569.07219909993,567.0562050999142,567.0634570999537,567.0634570999537,567.0634570999537,0.0003190001007169485,567.3475307000335,1,1,0.28258009999990463,None,570.1723919999786,570.179957699962,570.6733095999807,570.6635565001052,567.8410302998964,567.8483541999012,567.8483541999012,567.8483541999012,568.081375000067,3,0.227108099963516,None,569.0767413000576,569.0800495999865,569.0800495999865,569.0800495999865,569.0800495999865,570.1723281999584,2,0,1.091418200172484,None,570.6661851999816,570.6733095999807,570.6733095999807,570.6733095999807,570.8976006000303,2,0.21783209987916052,None,570.8976624999195,573.8887042999268,,,,,,,,,,,,,,,,,,,,,,,,,207,1,short,A,2026-07-13_10h02.54.628,SBL_superimposed_retrieval,,2026.1.3,120.14436544986286,2026-07-13 10h02.55.035585 -0400,
1,18,18,0,stimuli/scenes/scene_U1.jpg,Undersea,Somar,stimuli/items/undersea_animal_5.png,Undersea,animal,sc,None,2,1,0.2666265999432653,None,2,0.23289030021987855,None,1,1,1.2982876999303699,None,2,0.13551280018873513,None,0,1,1,1,0,18,18,18,,,,,573.9090688999277,,,,,,,,,,,,,,,,,,,,,,,,,,,,,,,,,,,,,,,,,,,,573.9065183000639,573.9090688999277,577.8970900001004,None,579.906106099952,580.8972980000544,578.8892713999376,578.8967709001154,578.8967709001154,578.8967709001154,-0.0008058999665081501,579.1643012000713,2,1,0.2666265999432653,None,582.2061155999545,582.2137706000358,582.7073470000178,582.6976983000059,579.6587710999884,579.6658938999753,579.6658938999753,579.6658938999753,579.9060478000902,2,0.23289030021987855,None,580.9019615999423,580.9053811000194,580.9053811000194,580.9053811000194,580.9053811000194,582.2060511999298,1,1,1.2982876999303699,None,582.7001676000655,582.7073470000178,582.7073470000178,582.7073470000178,582.848033499904,2,0.13551280018873513,None,582.8480899001006,585.8388517999556,577.9051767000929,,,,,,,,,,,,,,,,,,,,,,,,207,1,short,A,2026-07-13_10h02.54.628,SBL_superimposed_retrieval,,2026.1.3,120.14436544986286,2026-07-13 10h02.55.035585 -0400,
1,19,19,0,stimuli/scenes/scene_U2.jpg,Undersea,Negvi,stimuli/items/jungle_object_15.png,Jungle,object,si,None,2,1,0.8358617001213133,None,3,0.214434000197798,None,2,1,0.4852053001523018,None,2,0.19534710003063083,None,0,1,1,1,0,19,19,19,,,,,585.8642398000229,,,,,,,,,,,,,,,,,,,,,,,,,,,,,,,,,,,,,,,,,,,,585.8619826999493,585.8642398000229,589.8473147000186,None,592.4148488999344,593.4057535000611,590.8396630999632,590.8469467000104,590.8469467000104,590.8469467000104,0.007308200001716614,591.6980149000883,2,1,0.8358617001213133,None,593.9060829000082,593.914163300069,594.4075597000774,594.3978774999268,592.1899512999225,592.1972352999728,592.1972352999728,592.1972352999728,592.414795299992,3,0.214434000197798,None,593.4062014999799,593.413954900112,593.413954900112,593.413954900112,593.413954900112,593.9060192999896,2,1,0.4852053001523018,None,594.4003475001082,594.4075597000774,594.4075597000774,594.4075597000774,594.6065563999582,2,0.19534710003063083,None,594.60661170003,597.5979635000695,589.8552526000421,,,,,,,,,,,,,,,,,,,,,,,,207,1,short,A,2026-07-13_10h02.54.628,SBL_superimposed_retrieval,,2026.1.3,120.14436544986286,2026-07-13 10h02.55.035585 -0400,
2,0,0,0,stimuli/scenes/scene_U2.jpg,Undersea,Negvi,stimuli/items/undersea_animal_16.png,Undersea,animal,sc,None,2,1,0.4814627000596374,None,3,0.3473122001159936,None,2,1,0.9174452000297606,None,2,0.17994319996796548,None,0,2,2,2,0,0,0,0,0,0,0,0,602.5537092001177,,,,,,,,,,,,,,,,,,,,,,,,,,,,,,,,,,,,,,,,,,602.4824026999995,602.4826229999308,602.5492785000242,602.5537092001177,606.4892222001217,None,608.8149502000306,609.8062013001181,607.4817311000079,607.4889440999832,607.4889440999832,607.4889440999832,-0.0008757000323385,607.9646427999251,2,1,0.4814627000596374,None,610.7403883999214,610.7477732000407,611.2395965000615,611.2314383001067,608.4569002999924,608.4640154000372,608.4640154000372,608.4640154000372,608.8148956999648,3,0.3473122001159936,None,609.8066599001177,609.814155299915,609.814155299915,609.814155299915,609.814155299915,610.740326100029,2,1,0.9174452000297606,None,611.2323682000861,611.2395965000615,611.2395965000615,611.2395965000615,611.4237371000927,2,0.17994319996796548,None,611.4237947000656,614.4150964999571,,,,,,597.6005335000809,597.6007737999316,597.6009802001063,597.6055193000939,598.597462200094,602.4814285999164,space,3.877991999965161,None,,,,,,,,,,,207,1,short,A,2026-07-13_10h02.54.628,SBL_superimposed_retrieval,,2026.1.3,120.14436544986286,2026-07-13 10h02.55.035585 -0400,
2,1,1,0,stimuli/scenes/scene_J2.jpg,Jungle,Tulon,stimuli/items/undersea_animal_17.png,Undersea,animal,si,None,2,0,0.260239299852401,None,1,0.32596939988434315,None,1,1,0.8806420001201332,None,1,0.8235899999272078,None,0,2,2,2,0,1,1,1,,,,,614.4382186001167,,,,,,,,,,,,,,,,,,,,,,,,,,,,,,,,,,,,,,,,,,,,614.4359752999153,614.4382186001167,618.4230740000494,None,620.5320749999955,621.5228746000212,619.4155419999734,619.4224827000871,619.4224827000871,619.4224827000871,0.007194300182163715,619.6984441999812,2,0,0.260239299852401,None,622.4152146000415,622.4227324000094,622.9159305999056,622.9062375999056,620.1905384000856,620.197429999942,620.197429999942,620.197429999942,620.5320178000256,1,0.32596939988434315,None,621.5271527001169,621.5309053999372,621.5309053999372,621.5309053999372,621.5309053999372,622.4151512000244,1,1,0.8806420001201332,None,622.9087841000874,622.9159305999056,622.9159305999056,622.9159305999056,623.7407082999125,1,0.8235899999272078,None,623.7407684000209,626.7318412999157,618.4310896999668,,,,,,,,,,,,,,,,,,,,,,,,207,1,short,A,2026-07-13_10h02.54.628,SBL_superimposed_retrieval,,2026.1.3,120.14436544986286,2026-07-13 10h02.55.035585 -0400,
2,2,2,0,stimuli/scenes/scene_U2.jpg,Undersea,Negvi,stimuli/items/jungle_animal_1.png,Jungle,animal,si,None,1,0,0.27089019981212914,None,2,0.19823410012759268,None,1,0,0.7356475999113172,None,1,0.5805256001185626,None,0,2,2,2,0,2,2,2,,,,,626.7766378000379,,,,,,,,,,,,,,,,,,,,,,,,,,,,,,,,,,,,,,,,,,,,626.774136699969,626.7766378000379,630.74789280002,None,632.7589531999547,633.7482789000496,631.7408964999486,631.7477979001123,631.7477979001123,631.7477979001123,0.00017330003902316093,632.0153954001144,1,0,0.27089019981212914,None,634.4984953000676,634.5063368000556,634.9991454000119,634.9896939001046,632.5098947999068,632.5169418998994,632.5169418998994,632.5169418998994,632.7588953000959,2,0.19823410012759268,None,633.7526565999724,633.756066699978,633.756066699978,633.756066699978,633.756066699978,634.4984329000581,1,0,0.7356475999113172,None,634.9921460000332,634.9991454000119,634.9991454000119,634.9991454000119,635.5819328001235,1,0.5805256001185626,None,635.5819904999807,638.5732009001076,,,,,,,,,,,,,,,,,,,,,,,,,207,1,short,A,2026-07-13_10h02.54.628,SBL_superimposed_retrieval,,2026.1.3,120.14436544986286,2026-07-13 10h02.55.035585 -0400,
2,3,3,0,stimuli/scenes/scene_J2.jpg,Jungle,Tulon,stimuli/items/jungle_animal_9.png,Jungle,animal,sc,None,2,0,0.23737579979933798,None,1,0.16621990012936294,None,1,1,0.6887916000559926,None,1,0.35976350004784763,None,0,2,2,2,0,3,3,3,,,,,638.6225620000623,,,,,,,,,,,,,,,,,,,,,,,,,,,,,,,,,,,,,,,,,,,,638.6203850000165,638.6225620000623,642.5900044001173,None,644.4988979999907,645.4907418000512,643.5822952999733,643.5896052001044,643.5896052001044,643.5896052001044,0.0003486000932753086,643.8240787999239,2,0,0.23737579979933798,None,646.1907818000764,646.1982676000334,646.6914339000359,646.6817821001168,644.3181823000778,644.3253166000359,644.3253166000359,644.3253166000359,644.498846200062,1,0.16621990012936294,None,645.4950421999674,645.4985152001027,645.4985152001027,645.4985152001027,645.4985152001027,646.1907180000562,1,1,0.6887916000559926,None,646.6843038999941,646.6914339000359,646.6914339000359,646.6914339000359,647.0575637000147,1,0.35976350004784763,None,647.0576237000059,650.0486490000039,,,,,,,,,,,,,,,,,,,,,,,,,207,1,short,A,2026-07-13_10h02.54.628,SBL_superimposed_retrieval,,2026.1.3,120.14436544986286,2026-07-13 10h02.55.035585 -0400,
2,4,4,0,stimuli/scenes/scene_U2.jpg,Undersea,Negvi,stimuli/items/undersea_object_8.png,Undersea,object,sc,None,2,1,0.3621236998587847,None,3,0.3442063999827951,None,2,1,1.2824242000933737,None,3,0.23296749987639487,None,0,2,2,2,0,4,4,4,,,,,650.0786794000305,,,,,,,,,,,,,,,,,,,,,,,,,,,,,,,,,,,,,,,,,,,,650.0761728000361,650.0786794000305,654.0648592999205,None,656.2741330999415,657.2650019999128,655.0573098999448,655.0651132999919,655.0651132999919,655.0651132999919,-0.0002709000837057829,655.424352500122,2,1,0.3621236998587847,None,658.5575214000419,658.5651138999965,659.058111099992,659.0485314999241,655.9163587000221,655.9233381000813,655.9233381000813,655.9233381000813,656.2740768000949,3,0.3442063999827951,None,657.2693988000974,657.2731226000469,657.2731226000469,657.2731226000469,657.2731226000469,658.557455400005,2,1,1.2824242000933737,None,659.0510138999671,659.058111099992,659.058111099992,659.058111099992,659.2990832000505,3,0.23296749987639487,None,659.2991406000219,662.290547600016,,,,,,,,,,,,,,,,,,,,,,,,,207,1,short,A,2026-07-13_10h02.54.628,SBL_superimposed_retrieval,,2026.1.3,120.14436544986286,2026-07-13 10h02.55.035585 -0400,
2,5,5,0,stimuli/scenes/scene_J1.jpg,Jungle,Malbow,stimuli/items/undersea_object_9.png,Undersea,object,si,None,1,1,0.3274578999262303,None,2,0.21314609982073307,None,2,1,0.6159698001574725,None,2,0.2643913000356406,None,0,2,2,2,0,5,5,5,,,,,662.3244962999597,,,,,,,,,,,,,,,,,,,,,,,,,,,,,,,,,,,,,,,,,,,,662.3222394001205,662.3244962999597,666.3068445001263,None,668.3493202000391,669.3404121000785,667.2997642001137,667.3067727999296,667.3067727999296,667.3067727999296,0.0006667999550700188,667.6326077999547,1,1,0.3274578999262303,None,669.9661976001225,669.9734666000586,670.4671493999194,670.4573472999036,668.1270606999751,668.1340874999296,668.1340874999296,668.1340874999296,668.3492660999764,2,0.21314609982073307,None,669.3447598000057,669.3483877000399,669.3483877000399,669.3483877000399,669.3483877000399,669.9661397999153,2,1,0.6159698001574725,None,670.4598727999255,670.4671493999194,670.4671493999194,670.4671493999194,670.7331864999142,2,0.2643913000356406,None,670.7332421001047,673.7237790999934,,,,,,,,,,,,,,,,,,,,,,,,,207,1,short,A,2026-07-13_10h02.54.628,SBL_superimposed_retrieval,,2026.1.3,120.14436544986286,2026-07-13 10h02.55.035585 -0400,
2,6,6,0,stimuli/scenes/scene_J2.jpg,Jungle,Tulon,stimuli/items/jungle_animal_2.png,Jungle,animal,sc,None,1,1,0.27854570001363754,None,2,0.5361428998876363,None,2,0,0.865836099954322,None,2,0.7791435001417994,None,0,2,2,2,0,6,6,6,,,,,673.741083699977,,,,,,,,,,,,,,,,,,,,,,,,,,,,,,,,,,,,,,,,,,,,673.7381583000533,673.741083699977,677.7242064999882,None,680.0663056001067,681.057615299942,678.7166808000766,678.7320393999107,678.7320393999107,678.7320393999107,0.007409800076857209,679.0244593999814,1,1,0.27854570001363754,None,681.9328886999283,681.940638900036,682.4318699000869,682.4239235999994,679.5166742999572,679.5234872000292,679.5234872000292,679.5234872000292,680.0662462001201,2,0.5361428998876363,None,681.058069099905,681.0652131000534,681.0652131000534,681.0652131000534,681.0652131000534,681.9328254999127,2,0,0.865836099954322,None,682.424865799956,682.4318699000869,682.4318699000869,682.4318699000869,683.2166865000036,2,0.7791435001417994,None,683.2167452999856,686.2076467999723,677.7323006999213,,,,,,,,,,,,,,,,,,,,,,,,207,1,short,A,2026-07-13_10h02.54.628,SBL_superimposed_retrieval,,2026.1.3,120.14436544986286,2026-07-13 10h02.55.035585 -0400,
2,7,7,0,stimuli/scenes/scene_J1.jpg,Jungle,Malbow,stimuli/items/jungle_object_4.png,Jungle,object,sc,None,1,1,0.2430831000674516,None,3,0.1970474999397993,None,2,1,1.0934026001486927,None,2,0.22894169995561242,None,0,2,2,2,0,7,7,7,,,,,686.2263921000995,,,,,,,,,,,,,,,,,,,,,,,,,,,,,,,,,,,,,,,,,,,,686.2240750000346,686.2263921000995,690.2158832000569,None,692.17537000007,693.1660573000554,691.2080854000524,691.2153753000312,691.2153753000312,691.2153753000312,0.007217800011858344,691.474571299972,1,1,0.2430831000674516,None,694.2749987000134,694.2821029999759,694.7741320999339,694.7664471999742,691.967222899897,691.9741696000565,691.9741696000565,691.9741696000565,692.1753126000986,3,0.1970474999397993,None,693.1665066999849,693.1740465001203,693.1740465001203,693.1740465001203,693.1740465001203,694.2749348999932,2,1,1.0934026001486927,None,694.7673871999141,694.7741320999339,694.7741320999339,694.7741320999339,695.0080866001081,2,0.22894169995561242,None,695.0081424999516,697.9992792999838,690.2236844999716,,,,,,,,,,,,,,,,,,,,,,,,207,1,short,A,2026-07-13_10h02.54.628,SBL_superimposed_retrieval,,2026.1.3,120.14436544986286,2026-07-13 10h02.55.035585 -0400,
2,8,8,0,stimuli/scenes/scene_J2.jpg,Jungle,Tulon,stimuli/items/jungle_object_17.png,Jungle,object,sc,None,1,1,0.2671109000220895,None,3,0.21274210000410676,None,2,0,0.6446038000285625,None,2,0.19866569992154837,None,0,2,2,2,0,8,8,8,,,,,698.0384539999068,,,,,,,,,,,,,,,,,,,,,,,,,,,,,,,,,,,,,,,,,,,,698.0360314999707,698.0384539999068,702.0158633999527,None,704.0004763999023,704.9914857000113,703.008283500094,703.0156576998997,703.0156576998997,703.0156576998997,0.00018480001017451286,703.2833320999052,1,1,0.2671109000220895,None,705.6500542999711,705.6577862000559,706.1489619000349,706.1411463001277,703.7753502000123,703.7827111999504,703.7827111999504,703.7827111999504,704.0004082000814,3,0.21274210000410676,None,704.9919278000016,704.9992319000885,704.9992319000885,704.9992319000885,704.9992319000885,705.6499920999631,2,0,0.6446038000285625,None,706.1420873999596,706.1489619000349,706.1489619000349,706.1489619000349,706.3500403000508,2,0.19866569992154837,None,706.3500971000176,709.3414102001116,,,,,,,,,,,,,,,,,,,,,,,,,207,1,short,A,2026-07-13_10h02.54.628,SBL_superimposed_retrieval,,2026.1.3,120.14436544986286,2026-07-13 10h02.55.035585 -0400,
2,9,9,0,stimuli/scenes/scene_U2.jpg,Undersea,Negvi,stimuli/items/undersea_animal_2.png,Undersea,animal,sc,None,2,1,0.3162793000228703,None,3,0.16309499996714294,None,1,0,0.8863297000061721,None,2,0.2295022001489997,None,0,2,2,2,0,9,9,9,,,,,709.3746702999342,,,,,,,,,,,,,,,,,,,,,,,,,,,,,,,,,,,,,,,,,,,,709.3725072001107,709.3746702999342,713.357625399949,None,715.3421090000775,716.3331236999948,714.3508305998985,714.3580153000075,714.3580153000075,714.3580153000075,0.000777499983087182,714.6753636999056,2,1,0.3162793000228703,None,717.233713200083,717.2411627001129,717.7344025999773,717.7246785000898,715.1691101999022,715.1762322001159,715.1762322001159,715.1762322001159,715.3420553999022,3,0.16309499996714294,None,716.3375101999845,716.3408943999093,716.3408943999093,716.3408943999093,716.3408943999093,717.2336486999411,1,0,0.8863297000061721,None,717.7273576001171,717.7344025999773,717.7344025999773,717.7344025999773,717.9670178999659,2,0.2295022001489997,None,717.9670744000468,720.958390600048,,,,,,,,,,,,,,,,,,,,,,,,,207,1,short,A,2026-07-13_10h02.54.628,SBL_superimposed_retrieval,,2026.1.3,120.14436544986286,2026-07-13 10h02.55.035585 -0400,
2,10,10,0,stimuli/scenes/scene_J2.jpg,Jungle,Tulon,stimuli/items/undersea_animal_1.png,Undersea,animal,si,None,1,1,0.28379459981806576,None,3,0.17897469992749393,None,2,0,0.9981802999973297,None,2,0.5364614001009613,None,0,2,2,2,0,10,10,10,,,,,720.9861940001138,,,,,,,,,,,,,,,,,,,,,,,,,,,,,,,,,,,,,,,,,,,,720.9839383999351,720.9861940001138,724.9747077999637,None,726.9425043999217,727.9333355999552,725.9674631999806,725.9744607000612,725.9744607000612,725.9744607000612,0.00043249991722404957,726.2586588000413,1,1,0.28379459981806576,None,728.9423720000777,728.9497875000816,729.443181599956,729.4334674000274,726.7527459000703,726.7600605001207,726.7600605001207,726.7600605001207,726.942452599993,3,0.17897469992749393,None,727.9375756999943,727.941000699997,727.941000699997,727.941000699997,727.941000699997,728.9423066999298,2,0,0.9981802999973297,None,729.4360330000054,729.443181599956,729.443181599956,729.443181599956,729.9840667999815,2,0.5364614001009613,None,729.9841253000777,732.9748786999844,,,,,,,,,,,,,,,,,,,,,,,,,207,1,short,A,2026-07-13_10h02.54.628,SBL_superimposed_retrieval,,2026.1.3,120.14436544986286,2026-07-13 10h02.55.035585 -0400,
2,11,11,0,stimuli/scenes/scene_U1.jpg,Undersea,Somar,stimuli/items/undersea_animal_10.png,Undersea,animal,sc,None,2,1,0.2360420001205057,None,2,0.19590559997595847,None,1,1,1.3663994998205453,None,2,0.6025852998718619,None,0,2,2,2,0,11,11,11,,,,,732.9951224001125,,,,,,,,,,,,,,,,,,,,,,,,,,,,,,,,,,,,,,,,,,,,732.992578299949,732.9951224001125,736.9832872999832,None,738.925665799994,739.9170256000943,737.9757866999134,737.9831807999872,737.9831807999872,737.9831807999872,-0.00077960011549294,738.2253570000175,2,1,0.2360420001205057,None,741.2924389000982,741.2996328999288,741.7932049999945,741.7835353999399,738.719703800045,738.7271277999971,738.7271277999971,738.7271277999971,738.9256126000546,2,0.19590559997595847,None,739.9214085000567,739.9247697999235,739.9247697999235,739.9247697999235,739.9247697999235,741.2923747999594,1,1,1.3663994998205453,None,741.7860586000606,741.7932049999945,741.7932049999945,741.7932049999945,742.4011101000942,2,0.6025852998718619,None,742.4011687000748,745.3920404000673,736.9915330999065,,,,,,,,,,,,,,,,,,,,,,,,207,1,short,A,2026-07-13_10h02.54.628,SBL_superimposed_retrieval,,2026.1.3,120.14436544986286,2026-07-13 10h02.55.035585 -0400,
2,12,12,0,stimuli/scenes/scene_J1.jpg,Jungle,Malbow,stimuli/items/undersea_object_2.png,Undersea,object,si,None,1,1,0.4422381001058966,None,3,0.2912214999087155,None,2,1,0.5452310000546277,None,3,0.5497622999828309,None,0,2,2,2,0,12,12,12,,,,,745.4229953000322,,,,,,,,,,,,,,,,,,,,,,,,,,,,,,,,,,,,,,,,,,,,745.4204363001045,745.4229953000322,749.4086434999481,None,751.6513527999632,752.6420094999485,750.401306200074,750.4082424999215,750.4082424999215,750.4082424999215,0.000184300122782588,750.8505748000462,1,1,0.4422381001058966,None,753.2008060999215,753.2084419000894,753.7019627001137,753.6923863999546,751.3448517001234,751.3518711999059,751.3518711999059,751.3518711999059,751.6512971001212,3,0.2912214999087155,None,752.6465288999025,752.6498825000599,752.6498825000599,752.6498825000599,752.6498825000599,753.200742200017,2,1,0.5452310000546277,None,753.6949215000495,753.7019627001137,753.7019627001137,753.7019627001137,754.259199900087,3,0.5497622999828309,None,754.259259799961,757.2503655999899,,,,,,,,,,,,,,,,,,,,,,,,,207,1,short,A,2026-07-13_10h02.54.628,SBL_superimposed_retrieval,,2026.1.3,120.14436544986286,2026-07-13 10h02.55.035585 -0400,
2,13,13,0,stimuli/scenes/scene_J2.jpg,Jungle,Tulon,stimuli/items/jungle_object_7.png,Jungle,object,sc,None,1,1,0.2792881999630481,None,3,0.4890558999031782,None,2,0,0.4213064000941813,None,2,0.1372420999687165,None,0,2,2,2,0,13,13,13,,,,,757.2814106999431,,,,,,,,,,,,,,,,,,,,,,,,,,,,,,,,,,,,,,,,,,,,757.2791931999382,757.2814106999431,761.2671962000895,None,763.5347706999164,764.5259110000916,762.259841900086,762.266972299898,762.266972299898,762.266972299898,0.0006271000020205975,762.542447200045,1,1,0.2792881999630481,None,764.9596130000427,764.9669947999064,765.4585237000138,765.4507462000474,763.0348559999838,763.0422749998979,763.0422749998979,763.0422749998979,763.534712899942,3,0.4890558999031782,None,764.52637029998,764.5337968000676,764.5337968000676,764.5337968000676,764.5337968000676,764.9595510000363,2,0,0.4213064000941813,None,765.4516718999948,765.4585237000138,765.4585237000138,765.4585237000138,765.6010877001099,2,0.1372420999687165,None,765.6011423999444,768.5921700000763,,,,,,,,,,,,,,,,,,,,,,,,,207,1,short,A,2026-07-13_10h02.54.628,SBL_superimposed_retrieval,,2026.1.3,120.14436544986286,2026-07-13 10h02.55.035585 -0400,
2,14,14,0,stimuli/scenes/scene_J1.jpg,Jungle,Malbow,stimuli/items/undersea_object_6.png,Undersea,object,si,None,1,1,0.2658046002034098,None,3,0.25984800001606345,None,2,1,0.656950700096786,None,2,0.18669830006547272,None,0,2,2,2,0,14,14,14,,,,,768.6233683999162,,,,,,,,,,,,,,,,,,,,,,,,,,,,,,,,,,,,,,,,,,,,768.6210811000783,768.6233683999162,772.6087813000195,None,774.6429616000969,775.6340721000452,773.6016226001084,773.608706299914,773.608706299914,773.608706299914,0.0005234000273048878,773.8763510000426,1,1,0.2658046002034098,None,776.3012006999925,776.3088038999122,776.8001476000063,776.7923814000096,774.3686244001146,774.3756025999319,774.3756025999319,774.3756025999319,774.6429077000357,3,0.25984800001606345,None,775.6345347000752,775.6419822999742,775.6419822999742,775.6419822999742,775.6419822999742,776.3011370000895,2,1,0.656950700096786,None,776.7932796999812,776.8001476000063,776.8001476000063,776.8001476000063,776.9931461999658,2,0.18669830006547272,None,776.9932035999373,779.9842270999216,,,,,,,,,,,,,,,,,,,,,,,,,207,1,short,A,2026-07-13_10h02.54.628,SBL_superimposed_retrieval,,2026.1.3,120.14436544986286,2026-07-13 10h02.55.035585 -0400,
2,15,15,0,stimuli/scenes/scene_J2.jpg,Jungle,Tulon,stimuli/items/undersea_object_3.png,Undersea,object,si,None,1,1,0.22725779982283711,None,3,0.1169960000552237,None,2,0,0.6810846000444144,None,1,0.20148699986748397,None,0,2,2,2,0,15,15,15,,,,,779.9978336999193,,,,,,,,,,,,,,,,,,,,,,,,,,,,,,,,,,,,,,,,,,,,779.9956368999556,779.9978336999193,783.9842840000056,None,785.8519973000512,786.8428891999647,784.976739600068,784.9838332000654,784.9838332000654,784.9838332000654,0.007342300144955516,785.2346149999648,1,1,0.22725779982283711,None,787.5347553999163,787.5424198999535,788.0337110001128,788.025787099963,785.7272203001194,785.7339945998974,785.7339945998974,785.7339945998974,785.8519443999976,3,0.1169960000552237,None,786.8433419999201,786.8506767000072,786.8506767000072,786.8506767000072,786.8506767000072,787.5346826000605,2,0,0.6810846000444144,None,788.02675119997,788.0337110001128,788.0337110001128,788.0337110001128,788.2430497999303,1,0.20148699986748397,None,788.2431089000311,791.2342427999247,783.9922561000567,,,,,,,,,,,,,,,,,,,,,,,,207,1,short,A,2026-07-13_10h02.54.628,SBL_superimposed_retrieval,,2026.1.3,120.14436544986286,2026-07-13 10h02.55.035585 -0400,
2,16,16,0,stimuli/scenes/scene_U1.jpg,Undersea,Somar,stimuli/items/undersea_object_4.png,Undersea,object,sc,None,2,1,0.3278790998738259,None,3,0.2132759999949485,None,1,1,0.6626083999872208,None,3,0.26187939988449216,None,0,2,2,2,0,16,16,16,,,,,791.2647426000331,,,,,,,,,,,,,,,,,,,,,,,,,,,,,,,,,,,,,,,,,,,,791.2622978000436,791.2647426000331,795.2511805000249,None,797.2937433000188,798.2843973001,796.243502000114,796.2509397999384,796.2509397999384,796.2509397999384,0.0004374999552965164,796.5764792999253,2,1,0.3278790998738259,None,798.9600194001105,798.9677790000569,799.4610536999535,799.4511287999339,797.07054840005,797.0776976000052,797.0776976000052,797.0776976000052,797.2936859000474,3,0.2132759999949485,None,798.2890145001002,798.2924138999078,798.2924138999078,798.2924138999078,798.2924138999078,798.9599588001147,1,1,0.6626083999872208,None,799.4536242000759,799.4610536999535,799.4610536999535,799.4610536999535,799.7268469000701,3,0.26187939988449216,None,799.7269039000385,802.717781699961,,,,,,,,,,,,,,,,,,,,,,,,,207,1,short,A,2026-07-13_10h02.54.628,SBL_superimposed_retrieval,,2026.1.3,120.14436544986286,2026-07-13 10h02.55.035585 -0400,
2,17,17,0,stimuli/scenes/scene_J1.jpg,Jungle,Malbow,stimuli/items/jungle_object_16.png,Jungle,object,sc,None,1,1,0.41244699992239475,None,3,0.3586397999897599,None,2,1,0.3859041999094188,None,3,0.21295269997790456,None,0,2,2,2,0,17,17,17,,,,,802.7453827999998,,,,,,,,,,,,,,,,,,,,,,,,,,,,,,,,,,,,,,,,,,,,802.7431030999869,802.7453827999998,806.734658200061,None,809.0103031999897,810.0017220000736,807.72706439998,807.7341863999609,807.7341863999609,807.7341863999609,0.00020430004224181175,808.1433375999331,1,1,0.41244699992239475,None,810.4022751001175,810.409418300027,810.9026762999129,810.8930037999526,808.637293000007,808.6444522999227,808.6444522999227,808.6444522999227,809.0102494999301,3,0.3586397999897599,None,810.0062164000701,810.0094437999651,810.0094437999651,810.0094437999651,810.0094437999651,810.4022103999741,2,1,0.3859041999094188,None,810.8956126000267,810.9026762999129,810.9026762999129,810.9026762999129,811.1186254001223,3,0.21295269997790456,None,811.1186834000982,814.1098980999086,,,,,,,,,,,,,,,,,,,,,,,,,207,1,short,A,2026-07-13_10h02.54.628,SBL_superimposed_retrieval,,2026.1.3,120.14436544986286,2026-07-13 10h02.55.035585 -0400,
2,18,18,0,stimuli/scenes/scene_U2.jpg,Undersea,Negvi,stimuli/items/jungle_animal_18.png,Jungle,animal,si,None,2,1,0.3165551000274718,None,2,0.29038550006225705,None,1,0,1.3128400000277907,None,2,0.23053840012289584,None,0,2,2,2,0,18,18,18,,,,,814.1440664001275,,,,,,,,,,,,,,,,,,,,,,,,,,,,,,,,,,,,,,,,,,,,814.1418590000831,814.1440664001275,818.1264937000815,None,820.2437042999081,821.2346924999729,819.1189109999686,819.126549599925,819.126549599925,819.126549599925,0.00027229986153542995,819.443620899925,2,1,0.3165551000274718,None,822.5604189999867,822.5677869999781,823.0612586999778,823.0518573999871,819.9379505000543,819.9449863000773,819.9449863000773,819.9449863000773,820.2436478999443,2,0.29038550006225705,None,821.2390360001009,821.242727200035,821.242727200035,821.242727200035,821.242727200035,822.5603561999742,1,0,1.3128400000277907,None,823.0542804999277,823.0612586999778,823.0612586999778,823.0612586999778,823.2939095001202,2,0.23053840012289584,None,823.293971600011,826.2852570000105,,,,,,,,,,,,,,,,,,,,,,,,,207,1,short,A,2026-07-13_10h02.54.628,SBL_superimposed_retrieval,,2026.1.3,120.14436544986286,2026-07-13 10h02.55.035585 -0400,
2,19,19,0,stimuli/scenes/scene_U1.jpg,Undersea,Somar,stimuli/items/jungle_object_18.png,Jungle,object,si,None,2,1,0.23668490001000464,None,3,0.2008023001253605,None,1,1,1.1048248000442982,None,2,0.13579910015687346,None,0,2,2,2,0,19,19,19,,,,,826.3120446000248,,,,,,,,,,,,,,,,,,,,,,,,,,,,,,,,,,,,,,,,,,,,826.3098275999073,826.3120446000248,830.3015523001086,None,832.2438628999516,833.2349320000503,831.2943790000863,831.3013661999721,831.3013661999721,831.3013661999721,0.0004523000679910183,831.5356785000768,2,1,0.23668490001000464,None,834.3524047001265,834.3598275999539,834.8515453999862,834.8437675999012,832.0280063999817,832.0347168000881,832.0347168000881,832.0347168000881,832.2438062999863,3,0.2008023001253605,None,833.2353858000133,833.2429319999646,833.2429319999646,833.2429319999646,833.2429319999646,834.3523427001201,1,1,1.1048248000442982,None,834.8447235999629,834.8515453999862,834.8515453999862,834.8515453999862,834.9942916000728,2,0.13579910015687346,None,834.994347800035,837.9853451000527,,,,,,,,,,,,,,,,,,,,,,,,,207,1,short,A,2026-07-13_10h02.54.628,SBL_superimposed_retrieval,,2026.1.3,120.14436544986286,2026-07-13 10h02.55.035585 -0400,
3,0,0,0,stimuli/scenes/scene_J1.jpg,Jungle,Malbow,stimuli/items/undersea_object_13.png,Undersea,object,si,None,1,1,0.2959476001560688,None,3,0.2460904000326991,None,2,1,0.5329585999716073,None,3,0.2343469001352787,None,0,3,3,3,0,0,0,0,0,0,0,0,841.483777299989,,,,,,,,,,,,,,,,,,,,,,,,,,,,,,,,,,,,,,,,,,841.4535386001226,841.4537601999473,841.4810806999449,841.483777299989,845.4601712001022,None,847.5027832000051,848.4941930000205,846.4528727999423,846.4600740999449,846.4600740999449,846.4600740999449,-0.0008720001205801964,846.752325899899,1,1,0.2959476001560688,None,849.0359581999946,849.043783799978,849.5374251001049,849.5277277000714,847.2463243000675,847.2532562999986,847.2532562999986,847.2532562999986,847.5027298000641,3,0.2460904000326991,None,848.4986847999971,848.5021798000671,848.5021798000671,848.5021798000671,848.5021798000671,849.0358957999852,2,1,0.5329585999716073,None,849.530291199917,849.5374251001049,849.5374251001049,849.5374251001049,849.7778819999658,3,0.2343469001352787,None,849.7779413999524,852.769068100024,,,,,,837.98814209993,837.9883640001062,837.98856540001,837.9931801999919,838.9850635000039,841.4525804000441,space,2.466579500120133,None,,,,,,,,,,,207,1,short,A,2026-07-13_10h02.54.628,SBL_superimposed_retrieval,,2026.1.3,120.14436544986286,2026-07-13 10h02.55.035585 -0400,
3,1,1,0,stimuli/scenes/scene_J2.jpg,Jungle,Tulon,stimuli/items/jungle_object_8.png,Jungle,object,sc,None,1,1,0.29731090017594397,None,3,0.714622100116685,None,1,1,0.4375211000442505,None,2,0.2140657000709325,None,0,3,3,3,0,1,1,1,,,,,852.8282242999412,,,,,,,,,,,,,,,,,,,,,,,,,,,,,,,,,,,,,,,,,,,,852.8259074001107,852.8282242999412,856.7853262000717,None,859.2943500000983,860.2853854999412,857.7780313999392,857.7853554000612,857.7853554000612,857.7853554000612,0.00013360008597373962,858.0774928000756,1,1,0.29731090017594397,None,860.7360308999196,860.7436202000827,861.237441400066,861.2277299000416,858.5698462000582,858.5766769000329,858.5766769000329,858.5766769000329,859.2942832999397,3,0.714622100116685,None,860.2858402000275,860.2935093000997,860.2935093000997,860.2935093000997,860.2935093000997,860.7359672000166,1,1,0.4375211000442505,None,861.2303194000851,861.237441400066,861.237441400066,861.237441400066,861.4533085001167,2,0.2140657000709325,None,861.4533716998994,864.4439695999026,,,,,,,,,,,,,,,,,,,,,,,,,207,1,short,A,2026-07-13_10h02.54.628,SBL_superimposed_retrieval,,2026.1.3,120.14436544986286,2026-07-13 10h02.55.035585 -0400,
3,2,2,0,stimuli/scenes/scene_U1.jpg,Undersea,Somar,stimuli/items/undersea_object_5.png,Undersea,object,sc,None,2,1,0.25383489998057485,None,3,0.19841589988209307,None,1,1,1.184113600058481,None,3,0.19485540012829006,None,0,3,3,3,0,2,2,2,,,,,864.5049795000814,,,,,,,,,,,,,,,,,,,,,,,,,,,,,,,,,,,,,,,,,,,,864.5024021998979,864.5049795000814,868.4607915999368,None,870.4199246999342,871.4111754000187,869.4535064999945,869.4605475999415,869.4605475999415,869.4605475999415,0.00018279999494552612,869.7113336999901,2,1,0.25383489998057485,None,872.6115667999256,872.618663799949,873.1122467000969,873.1022377999034,870.2055303999223,870.2125951999333,870.2125951999333,870.2125951999333,870.4198672000784,3,0.19841589988209307,None,871.4155965999234,871.4189754000399,871.4189754000399,871.4189754000399,871.4189754000399,872.6115021000151,1,1,1.184113600058481,None,873.1047533999663,873.1122467000969,873.1122467000969,873.1122467000969,873.3114362000488,3,0.19485540012829006,None,873.3114970000461,876.3025271000806,,,,,,,,,,,,,,,,,,,,,,,,,207,1,short,A,2026-07-13_10h02.54.628,SBL_superimposed_retrieval,,2026.1.3,120.14436544986286,2026-07-13 10h02.55.035585 -0400,
3,3,3,0,stimuli/scenes/scene_J2.jpg,Jungle,Tulon,stimuli/items/undersea_animal_11.png,Undersea,animal,si,None,1,1,0.3157615000382066,None,1,0.20203040004707873,None,1,1,1.7309942999854684,None,1,0.2161598999518901,None,0,3,3,3,0,3,3,3,,,,,876.3588946999516,,,,,,,,,,,,,,,,,,,,,,,,,,,,,,,,,,,,,,,,,,,,876.3563224000391,876.3588946999516,880.3189030999783,None,882.3366555001121,883.327570399968,881.3116289000027,881.3187744999304,881.3187744999304,881.3187744999304,0.00017630006186664104,881.6283088999335,1,1,0.3157615000382066,None,885.0698740000371,885.0774328999687,885.5708536000457,885.5611258998979,882.122278700117,882.1294325001072,882.1294325001072,882.1294325001072,882.3365958000068,1,0.20203040004707873,None,883.3328581000678,883.3363510000054,883.3363510000054,883.3363510000054,883.3363510000054,885.069810200017,1,1,1.7309942999854684,None,885.5636515999213,885.5708536000457,885.5708536000457,885.5708536000457,885.7949588999618,1,0.2161598999518901,None,885.7950283000246,888.7859346999321,,,,,,,,,,,,,,,,,,,,,,,,,207,1,short,A,2026-07-13_10h02.54.628,SBL_superimposed_retrieval,,2026.1.3,120.14436544986286,2026-07-13 10h02.55.035585 -0400,
3,4,4,0,stimuli/scenes/scene_J1.jpg,Jungle,Malbow,stimuli/items/undersea_object_15.png,Undersea,object,si,None,1,1,0.2479528000112623,None,2,0.09093519998714328,None,2,1,1.239578700158745,None,2,0.3119435999542475,None,0,3,3,3,0,4,4,4,,,,,888.8321855999529,,,,,,,,,,,,,,,,,,,,,,,,,,,,,,,,,,,,,,,,,,,,888.8300296000671,888.8321855999529,892.8026519000996,None,894.6370389999356,895.6281558999326,893.7952841001097,893.8024498999584,893.8024498999584,893.8024498999584,0.000300699844956398,894.045168899931,1,1,0.2479528000112623,None,896.8785971999168,896.8860935999546,897.3794424999505,897.3696493001189,894.537304900121,894.5442385999486,894.5442385999486,894.5442385999486,894.6369859999977,2,0.09093519998714328,None,895.6285999000538,895.6360253000166,895.6360253000166,895.6360253000166,895.6360253000166,896.8785226000473,2,1,1.239578700158745,None,897.37238169997,897.3794424999505,897.3794424999505,897.3794424999505,897.6956563000567,2,0.3119435999542475,None,897.6957147000358,900.6865868999157,,,,,,,,,,,,,,,,,,,,,,,,,207,1,short,A,2026-07-13_10h02.54.628,SBL_superimposed_retrieval,,2026.1.3,120.14436544986286,2026-07-13 10h02.55.035585 -0400,
3,5,5,0,stimuli/scenes/scene_J1.jpg,Jungle,Malbow,stimuli/items/jungle_object_6.png,Jungle,object,sc,None,1,1,0.42774069984443486,None,3,0.36026819981634617,None,2,1,0.49662659992463887,None,3,0.3761479000095278,None,0,3,3,3,0,5,5,5,,,,,900.7226996999234,,,,,,,,,,,,,,,,,,,,,,,,,,,,,,,,,,,,,,,,,,,,900.7204301001038,900.7226996999234,904.7031099000014,None,906.9952841000631,907.9868129000533,905.6955289999023,905.7027984000742,905.7027984000742,905.7027984000742,-0.0001401999033987522,906.1282701001037,1,1,0.42774069984443486,None,908.4949537001085,908.5026116999798,908.9950240000617,908.9867046000436,906.6207042001188,906.6275230001193,906.6275230001193,906.6275230001193,906.9952285001054,3,0.36026819981634617,None,907.9872731000651,907.9946363000199,907.9946363000199,907.9946363000199,907.9946363000199,908.4948909999803,2,1,0.49662659992463887,None,908.9876300001051,908.9950240000617,908.9950240000617,908.9950240000617,909.3785574999638,3,0.3761479000095278,None,909.378616400063,912.3697168000508,,,,,,,,,,,,,,,,,,,,,,,,,207,1,short,A,2026-07-13_10h02.54.628,SBL_superimposed_retrieval,,2026.1.3,120.14436544986286,2026-07-13 10h02.55.035585 -0400,
3,6,6,0,stimuli/scenes/scene_U2.jpg,Undersea,Negvi,stimuli/items/undersea_animal_7.png,Undersea,animal,sc,None,2,1,0.3457041000947356,None,3,0.22910029999911785,None,1,0,0.8702748999930918,None,3,0.3571895998902619,None,0,3,3,3,0,6,6,6,,,,,912.3924362000544,,,,,,,,,,,,,,,,,,,,,,,,,,,,,,,,,,,,,,,,,,,,912.3900367000606,912.3924362000544,916.3785451001022,None,918.4624433000572,919.4532351999078,917.3704152000137,917.3778643999249,917.3778643999249,917.3778643999249,-0.0006712998729199171,917.7286581001244,2,1,0.3457041000947356,None,920.336868399987,920.3446349999867,920.8379369000904,920.8283987999894,918.2230791000184,918.2300674999133,918.2300674999133,918.2300674999133,918.4623867000919,3,0.22910029999911785,None,919.4576030999888,919.4611472999677,919.4611472999677,919.4611472999677,919.4611472999677,920.3368057000916,1,0,0.8702748999930918,None,920.8308419000823,920.8379369000904,920.8379369000904,920.8379369000904,921.2039822000079,3,0.3571895998902619,None,921.2040381999686,924.1948667000979,916.3862159999553,,,,,,,,,,,,,,,,,,,,,,,,207,1,short,A,2026-07-13_10h02.54.628,SBL_superimposed_retrieval,,2026.1.3,120.14436544986286,2026-07-13 10h02.55.035585 -0400,
3,7,7,0,stimuli/scenes/scene_U2.jpg,Undersea,Negvi,stimuli/items/undersea_object_19.png,Undersea,object,sc,None,2,1,0.23050639987923205,None,3,0.21909669996239245,None,1,0,0.9302916000597179,None,3,0.20024879998527467,None,0,3,3,3,0,7,7,7,,,,,924.2332484999206,,,,,,,,,,,,,,,,,,,,,,,,,,,,,,,,,,,,,,,,,,,,924.2310081000905,924.2332484999206,928.2117254999466,None,930.1626729001291,931.1536709000356,929.2044164999388,929.2115458000917,929.2115458000917,929.2115458000917,0.00042399996891617775,929.4371835000347,2,1,0.23050639987923205,None,932.0957134999335,932.1033288999461,932.595074800076,932.5872231000103,929.9293144999538,929.9364285001066,929.9364285001066,929.9364285001066,930.1626200000755,3,0.21909669996239245,None,931.1541124999058,931.1614298999775,931.1614298999775,931.1614298999775,931.1614298999775,932.0956502999179,1,0,0.9302916000597179,None,932.5881632000674,932.595074800076,932.595074800076,932.595074800076,932.8040466001257,3,0.20024879998527467,None,932.8041036999784,935.7954130999278,,,,,,,,,,,,,,,,,,,,,,,,,207,1,short,A,2026-07-13_10h02.54.628,SBL_superimposed_retrieval,,2026.1.3,120.14436544986286,2026-07-13 10h02.55.035585 -0400,
3,8,8,0,stimuli/scenes/scene_J2.jpg,Jungle,Tulon,stimuli/items/undersea_object_18.png,Undersea,object,si,None,1,1,0.2626332000363618,None,2,0.3594362000003457,None,1,1,1.2344126999378204,None,2,0.3705283999443054,None,0,3,3,3,0,8,8,8,,,,,935.8286385000683,,,,,,,,,,,,,,,,,,,,,,,,,,,,,,,,,,,,,,,,,,,,935.8262078000698,935.8286385000683,939.811761100078,None,941.9380334001034,942.9290342999157,940.804601599928,940.8116645999253,940.8116645999253,940.8116645999253,0.0005423999391496181,941.0711600999348,1,1,0.2626332000363618,None,944.178828000091,944.1867500999942,944.6805747000035,944.6708404000383,941.5645157000981,941.5715665000025,941.5715665000025,941.5715665000025,941.9379736999981,2,0.3594362000003457,None,942.933242799947,942.9366053999402,942.9366053999402,942.9366053999402,942.9366053999402,944.1787654999644,1,1,1.2344126999378204,None,944.6733687999658,944.6805747000035,944.6805747000035,944.6805747000035,945.0545201001223,2,0.3705283999443054,None,945.0545779999811,948.045653300127,,,,,,,,,,,,,,,,,,,,,,,,,207,1,short,A,2026-07-13_10h02.54.628,SBL_superimposed_retrieval,,2026.1.3,120.14436544986286,2026-07-13 10h02.55.035585 -0400,
3,9,9,0,stimuli/scenes/scene_J1.jpg,Jungle,Malbow,stimuli/items/undersea_animal_4.png,Undersea,animal,si,None,1,1,0.26837949990294874,None,3,0.19913480011746287,None,1,0,1.1586878998205066,None,1,0.8202904001809657,None,0,3,3,3,0,9,9,9,,,,,948.0726372001227,,,,,,,,,,,,,,,,,,,,,,,,,,,,,,,,,,,,,,,,,,,,948.0702734999359,948.0726372001227,952.0618753999006,None,954.0298973000608,955.0209753999952,953.0544839999638,953.061896200059,953.061896200059,953.061896200059,-4.910002462565899e-05,953.3296318000648,1,1,0.26837949990294874,None,956.1958818000276,956.2038412000984,956.6950769000687,956.6873067999259,953.8218086999841,953.8287051001098,953.8287051001098,953.8287051001098,954.0298413001001,3,0.19913480011746287,None,955.0214309000876,955.0285336999223,955.0285336999223,955.0285336999223,955.0285336999223,956.1958198000211,1,0,1.1586878998205066,None,956.6882112999447,956.6950769000687,956.6950769000687,956.6950769000687,957.5214831000194,1,0.8202904001809657,None,957.5215423000045,960.5124641999137,,,,,,,,,,,,,,,,,,,,,,,,,207,1,short,A,2026-07-13_10h02.54.628,SBL_superimposed_retrieval,,2026.1.3,120.14436544986286,2026-07-13 10h02.55.035585 -0400,
3,10,10,0,stimuli/scenes/scene_U2.jpg,Undersea,Negvi,stimuli/items/jungle_object_13.png,Jungle,object,si,None,2,1,0.2827055000234395,None,3,0.18527529994025826,None,1,0,0.8202537000179291,None,2,0.21317280014045537,None,0,3,3,3,0,10,10,10,,,,,960.5311110999901,,,,,,,,,,,,,,,,,,,,,,,,,,,,,,,,,,,,,,,,,,,,960.5288917000871,960.5311110999901,964.5211591001134,None,966.496361900121,967.4874287999701,965.5131681999192,965.5207261999603,965.5207261999603,965.5207261999603,-0.000654200091958046,965.8053226000629,2,1,0.2827055000234395,None,968.3215521001257,968.328834899934,968.8224078000057,968.8127941000275,966.298670399934,966.3056401999202,966.3056401999202,966.3056401999202,966.4963040999137,3,0.18527529994025826,None,967.491758499993,967.4953711000271,967.4953711000271,967.4953711000271,967.4953711000271,968.3214891001116,1,0,0.8202537000179291,None,968.8152443000581,968.8224078000057,968.8224078000057,968.8224078000057,969.0380842001177,2,0.21317280014045537,None,969.038140800083,972.0296799000353,964.5290266000666,,,,,,,,,,,,,,,,,,,,,,,,207,1,short,A,2026-07-13_10h02.54.628,SBL_superimposed_retrieval,,2026.1.3,120.14436544986286,2026-07-13 10h02.55.035585 -0400,
3,11,11,0,stimuli/scenes/scene_U2.jpg,Undersea,Negvi,stimuli/items/undersea_animal_13.png,Undersea,animal,sc,None,2,1,0.573644099989906,None,1,0.21916149999015033,None,2,1,1.2815115000121295,None,1,0.16843090020120144,None,0,3,3,3,0,11,11,11,,,,,972.0511304000393,,,,,,,,,,,,,,,,,,,,,,,,,,,,,,,,,,,,,,,,,,,,972.04883720004,972.0511304000393,976.0377134000883,None,978.3383585999254,979.3292247999925,977.0300247000996,977.0375367000233,977.0375367000233,977.0375367000233,-0.0004493000451475382,977.6135992000345,2,1,0.573644099989906,None,980.6215295000002,980.6293375000823,981.1230854000896,981.1132608000189,978.1053446999285,978.1121300000232,978.1121300000232,978.1121300000232,978.3383045999799,1,0.21916149999015033,None,979.3296711000148,979.3375468999147,979.3375468999147,979.3375468999147,979.3375468999147,980.6214670001063,2,1,1.2815115000121295,None,981.1157782000955,981.1230854000896,981.1230854000896,981.1230854000896,981.2967246999033,1,0.16843090020120144,None,981.2967771999538,984.2878312000539,976.0456687000114,,,,,,,,,,,,,,,,,,,,,,,,207,1,short,A,2026-07-13_10h02.54.628,SBL_superimposed_retrieval,,2026.1.3,120.14436544986286,2026-07-13 10h02.55.035585 -0400,
3,12,12,0,stimuli/scenes/scene_U2.jpg,Undersea,Negvi,stimuli/items/undersea_animal_20.png,Undersea,animal,sc,None,2,1,0.2826802998315543,None,2,0.3635730999521911,None,2,1,0.9496132000349462,None,1,0.21930760005488992,None,0,3,3,3,0,12,12,12,,,,,984.3530170999002,,,,,,,,,,,,,,,,,,,,,,,,,,,,,,,,,,,,,,,,,,,,984.3490112000145,984.3530170999002,988.304485199973,None,990.4469157999847,991.4378871000372,989.2969162999652,989.3041346999817,989.3041346999817,989.3041346999817,0.0001830998808145523,989.5802829000168,2,1,0.2826802998315543,None,992.3970707000699,992.4044542999472,992.8958370999899,992.8879056998994,990.072366700042,990.079582599923,990.079582599923,990.079582599923,990.4468606999144,2,0.3635730999521911,None,991.4383686000947,991.4461946000811,991.4461946000811,991.4461946000811,991.4461946000811,992.3970067000482,2,1,0.9496132000349462,None,992.8888467999641,992.8958370999899,992.8958370999899,992.8958370999899,993.1219838999677,1,0.21930760005488992,None,993.1220392000396,996.1134419001173,,,,,,,,,,,,,,,,,,,,,,,,,207,1,short,A,2026-07-13_10h02.54.628,SBL_superimposed_retrieval,,2026.1.3,120.14436544986286,2026-07-13 10h02.55.035585 -0400,
3,13,13,0,stimuli/scenes/scene_U1.jpg,Undersea,Somar,stimuli/items/jungle_animal_17.png,Jungle,animal,si,None,2,1,0.6834215999115258,None,3,0.15473069995641708,None,1,1,0.8362021001521498,None,3,0.484954799991101,None,0,3,3,3,0,13,13,13,,,,,996.1371563998982,,,,,,,,,,,,,,,,,,,,,,,,,,,,,,,,,,,,,,,,,,,,996.1346734999679,996.1371563998982,1000.1213972000405,None,1002.4639598000795,1003.4548595999368,1001.1137262000702,1001.1211510000285,1001.1211510000285,1001.1211510000285,-0.0007195000071078539,1001.8054500001017,2,1,0.6834215999115258,None,1004.3052620999515,1004.3130866000429,1004.8061182000674,1004.7966092999559,1002.2973972999025,1002.3045840000268,1002.3045840000268,1002.3045840000268,1002.4639081999194,3,0.15473069995641708,None,1003.4553112001158,1003.4629997999873,1003.4629997999873,1003.4629997999873,1003.4629997999873,1004.3051988000516,1,1,0.8362021001521498,None,1004.7991017999593,1004.8061182000674,1004.8061182000674,1004.8061182000674,1005.2971381000243,3,0.484954799991101,None,1005.2971956999972,1008.2883033999242,1000.1294563000556,,,,,,,,,,,,,,,,,,,,,,,,207,1,short,A,2026-07-13_10h02.54.628,SBL_superimposed_retrieval,,2026.1.3,120.14436544986286,2026-07-13 10h02.55.035585 -0400,
3,14,14,0,stimuli/scenes/scene_U1.jpg,Undersea,Somar,stimuli/items/jungle_animal_19.png,Jungle,animal,si,None,1,0,0.26542020007036626,None,1,0.17816570005379617,None,2,0,1.3328256998211145,None,1,0.08941460005007684,None,0,3,3,3,0,14,14,14,,,,,1008.3476954000071,,,,,,,,,,,,,,,,,,,,,,,,,,,,,,,,,,,,,,,,,,,,1008.3450577000622,1008.3476954000071,1012.3053220000584,None,1014.2559124000836,1015.2469601000194,1013.2977015001234,1013.3045882000588,1013.3045882000588,1013.3045882000588,0.0005508000031113625,1013.571691500023,1,0,0.26542020007036626,None,1016.5888159999158,1016.5962592000142,1017.089664600091,1017.0800920000765,1014.0658488001209,1014.0730079999194,1014.0730079999194,1014.0730079999194,1014.2558597000316,1,0.17816570005379617,None,1015.2474054999184,1015.2546810999047,1015.2546810999047,1015.2546810999047,1015.2546810999047,1016.5887516001239,2,0,1.3328256998211145,None,1017.0825195000507,1017.089664600091,1017.089664600091,1017.089664600091,1017.1809847000986,1,0.08941460005007684,None,1017.1810381999239,1020.1718782999087,,,,,,,,,,,,,,,,,,,,,,,,,207,1,short,A,2026-07-13_10h02.54.628,SBL_superimposed_retrieval,,2026.1.3,120.14436544986286,2026-07-13 10h02.55.035585 -0400,
3,15,15,0,stimuli/scenes/scene_U2.jpg,Undersea,Negvi,stimuli/items/undersea_object_7.png,Undersea,object,sc,None,2,1,0.23915840010158718,None,2,0.21583150001242757,None,2,1,0.8007700999733061,None,3,0.1491459000390023,None,0,3,3,3,0,15,15,15,,,,,1020.1953100000974,,,,,,,,,,,,,,,,,,,,,,,,,,,,,,,,,,,,,,,,,,,,1020.1931795999408,1020.1953100000974,1024.1805662999395,None,1026.1477135999594,1027.138791800011,1025.1726369000971,1025.1798857999966,1025.1798857999966,1025.1798857999966,-0.0009798998944461346,1025.4221419000532,2,1,0.23915840010158718,None,1027.9558333000168,1027.9633659000974,1028.4547427000944,1028.4470168999396,1025.9165582000278,1025.9236953000072,1025.9236953000072,1025.9236953000072,1026.1476596000139,2,0.21583150001242757,None,1027.1392437999602,1027.1467091001105,1027.1467091001105,1027.1467091001105,1027.1467091001105,1027.955771600129,2,1,0.8007700999733061,None,1028.4479447000194,1028.4547427000944,1028.4547427000944,1028.4547427000944,1028.6058533999603,3,0.1491459000390023,None,1028.6059111000504,1031.597005699994,1024.1883338999469,,,,,,,,,,,,,,,,,,,,,,,,207,1,short,A,2026-07-13_10h02.54.628,SBL_superimposed_retrieval,,2026.1.3,120.14436544986286,2026-07-13 10h02.55.035585 -0400,
3,16,16,0,stimuli/scenes/scene_J2.jpg,Jungle,Tulon,stimuli/items/jungle_animal_14.png,Jungle,animal,sc,None,1,1,0.4942645002156496,None,3,0.21232259995304048,None,1,1,0.7737390999682248,None,2,0.24916500016115606,None,0,3,3,3,0,16,16,16,,,,,1031.62069780007,,,,,,,,,,,,,,,,,,,,,,,,,,,,,,,,,,,,,,,,,,,,1031.6182993999682,1031.62069780007,1035.6052063000388,None,1037.822584199952,1038.8140036999248,1036.5975746000186,1036.604941900121,1036.604941900121,1036.604941900121,-0.0008865999989211559,1037.1057683001272,1,1,0.4942645002156496,None,1039.597404200118,1039.605051399907,1040.098625899991,1040.0890263000038,1037.5997552000917,1037.6065932000056,1037.6065932000056,1037.6065932000056,1037.8225283999927,3,0.21232259995304048,None,1038.818468600046,1038.821755199926,1038.821755199926,1038.821755199926,1038.821755199926,1039.597341600107,1,1,0.7737390999682248,None,1040.0915342001244,1040.098625899991,1040.098625899991,1040.098625899991,1040.356080400059,2,0.24916500016115606,None,1040.3561370000243,1043.3472289999481,1035.613304400118,,,,,,,,,,,,,,,,,,,,,,,,207,1,short,A,2026-07-13_10h02.54.628,SBL_superimposed_retrieval,,2026.1.3,120.14436544986286,2026-07-13 10h02.55.035585 -0400,
3,17,17,0,stimuli/scenes/scene_U2.jpg,Undersea,Negvi,stimuli/items/jungle_animal_15.png,Jungle,animal,si,None,2,1,0.2949099000543356,None,3,0.48555799992755055,None,1,0,1.1569531001150608,None,2,0.42400829982943833,None,0,3,3,3,0,17,17,17,,,,,1043.3882832000963,,,,,,,,,,,,,,,,,,,,,,,,,,,,,,,,,,,,,,,,,,,,1043.3860154000577,1043.3882832000963,1047.3638983999845,None,1049.648049700074,1050.6390247000381,1048.3564375001006,1048.3636078999843,1048.3636078999843,1048.3636078999843,0.00034479983150959015,1048.6561247000936,2,1,0.2949099000543356,None,1051.8065271999221,1051.813686300069,1052.307278299937,1052.2978972001001,1049.1504120000172,1049.1574846000876,1049.1574846000876,1049.1574846000876,1049.6479895000812,3,0.48555799992755055,None,1050.6434738999233,1050.6468287000898,1050.6468287000898,1050.6468287000898,1050.6468287000898,1051.8064633000176,1,0,1.1569531001150608,None,1052.3002921000589,1052.307278299937,1052.307278299937,1052.307278299937,1052.739802800119,2,0.42400829982943833,None,1052.7398610999808,1055.7309761000797,,,,,,,,,,,,,,,,,,,,,,,,,207,1,short,A,2026-07-13_10h02.54.628,SBL_superimposed_retrieval,,2026.1.3,120.14436544986286,2026-07-13 10h02.55.035585 -0400,
3,18,18,0,stimuli/scenes/scene_U2.jpg,Undersea,Negvi,stimuli/items/jungle_animal_13.png,Jungle,animal,si,None,1,0,0.3746839000377804,None,2,0.2281740999314934,None,2,1,1.3958264000248164,None,1,0.1344632999971509,None,0,3,3,3,0,18,18,18,,,,,1055.7616673000157,,,,,,,,,,,,,,,,,,,,,,,,,,,,,,,,,,,,,,,,,,,,1055.758883900009,1055.7616673000157,1059.7472244999371,None,1061.8566062001046,1062.8478294999804,1060.7401286000386,1060.747325600125,1060.747325600125,1060.747325600125,0.00031170016154646873,1061.1227404000238,1,0,0.3746839000377804,None,1064.256559500005,1064.2638125000522,1064.7570414000656,1064.747656099964,1061.6165702000726,1061.623655400006,1061.623655400006,1061.623655400006,1061.8565499999095,2,0.2281740999314934,None,1062.848279299913,1062.8556522999424,1062.8556522999424,1062.8556522999424,1062.8556522999424,1064.2564930999652,2,1,1.3958264000248164,None,1064.7501372001134,1064.7570414000656,1064.7570414000656,1064.7570414000656,1064.8981069000438,1,0.1344632999971509,None,1064.8981604999863,1067.8892779999878,,,,,,,,,,,,,,,,,,,,,,,,,207,1,short,A,2026-07-13_10h02.54.628,SBL_superimposed_retrieval,,2026.1.3,120.14436544986286,2026-07-13 10h02.55.035585 -0400,
3,19,19,0,stimuli/scenes/scene_U1.jpg,Undersea,Somar,stimuli/items/undersea_object_20.png,Undersea,object,sc,None,2,1,0.2813758000265807,None,3,0.07310810009948909,None,1,1,0.5190409000497311,None,3,0.3404469999950379,None,0,3,3,3,0,19,19,19,,,,,1067.9165207999758,,,,,,,,,,,,,,,,,,,,,,,,,,,,,,,,,,,,,,,,,,,,1067.91400479991,1067.9165207999758,1071.906056100037,None,1073.7568753000814,1074.7478765000124,1072.898423000006,1072.9058044999838,1072.9058044999838,1072.9058044999838,0.0003066000062972307,1073.1814270000905,2,1,0.2813758000265807,None,1075.2818875999656,1075.2894594001118,1075.782736599911,1075.7727731000632,1073.6754759999458,1073.6826659000944,1073.6826659000944,1073.6826659000944,1073.7568206998985,3,0.07310810009948909,None,1074.7483437000774,1074.7558997999877,1074.7558997999877,1074.7558997999877,1074.7558997999877,1075.2818263000809,1,1,0.5190409000497311,None,1075.7757093999535,1075.782736599911,1075.782736599911,1075.782736599911,1076.1318888000678,3,0.3404469999950379,None,1076.131945299916,1079.1228881001007,,,,,,,,,,,,,,,,,,,,,,,,,207,1,short,A,2026-07-13_10h02.54.628,SBL_superimposed_retrieval,,2026.1.3,120.14436544986286,2026-07-13 10h02.55.035585 -0400,
,,,,,,,,,,,,,,,,,,,,,,,,,,,,,,,,,,,,,,,,,,,,,,,,,,,,,,,,,,,,,,,,,,,,,,,,,,,,,,,,,,,,,,,,,,,,,,,,,,,,,,,,,,,,,,,,,,,,,,,,,,,,,,,,,,,,,,,1079.125779400114,1079.125995799899,,,,,,,,1079.1268448999617,1079.130807599984,1079.130807599984,1081.0230896999128,space,1.8891535000875592,None,,,,207,1,short,A,2026-07-13_10h02.54.628,SBL_superimposed_retrieval,,2026.1.3,120.14436544986286,2026-07-13 10h02.55.035585 -0400,
,,,,,,,,,,,,,,,,,,,,,,,,,,,,,,,,,,,,,,,,,,,,,,,,,,,,,,,,,,,,,,,,,,,,,,,,,,,,,,,,,,,,,,,,,,,,,,,,,,,,,,,,,,,,,,,,,,,,,,,,,,,,,,,,,,,,,,,,,,,,,,,,,,,,,,,1081.0291110000107,1081.0318020998966,1081.0318020998966,,,,,,,,,,,
