run,thisN,thisTrialN,thisRepN,scene_stimulus,scene_cat,scene_label,item_stimulus,item_cat,item_type,congruency,key_resp_remember.keys,key_resp_context.keys,key_resp_context.corr,key_resp_context.rt,key_resp_context.duration,key_resp_context_conf.keys,key_resp_context_conf.rt,key_resp_context_conf.duration,key_resp_scenes.keys,key_resp_scenes.corr,key_resp_scenes.rt,key_resp_scenes.duration,key_resp_scene_conf.keys,key_resp_scene_conf.rt,key_resp_scene_conf.duration,runs.thisRepN,runs.thisTrialN,runs.thisN,runs.thisIndex,trials.thisRepN,trials.thisTrialN,trials.thisN,trials.thisIndex,show_rest_screen.thisRepN,show_rest_screen.thisTrialN,show_rest_screen.thisN,show_rest_screen.thisIndex,thisRow.t,notes,piloting,subs_rand_vars.started,subs_rand_vars.stopped,set_instructions.started,set_instructions.stopped,ret_inst_scr.started,text_instructions.started,key_resp_start.started,ret_inst_scr.stopped,key_resp_start.keys,key_resp_start.rt,key_resp_start.duration,ret_inst2.started,text_instructions_2.started,key_resp_start_2.started,ret_inst2.stopped,key_resp_start_2.keys,key_resp_start_2.rt,key_resp_start_2.duration,scene_names_reminder.started,text_reminder.started,image1.started,image2.started,image3.started,image4.started,textbox1.started,textbox2.started,textbox3.started,textbox4.started,key_reminder.started,scene_names_reminder.stopped,key_reminder.keys,key_reminder.rt,key_reminder.duration,blank3000_2.started,text_3.started,text_3.stopped,blank3000_2.stopped,create_runs_stim_div.started,create_runs_stim_div.stopped,set_rows.started,set_rows.stopped,item_imagine_scene.started,item_cue.started,item_imagine_scene.stopped,trials.key_resp_remember.keys,blank1000.started,blank1000.stopped,select_context.started,text_context_headline.started,text_sea.started,text_jungle.started,key_resp_context.started,select_context.stopped,trials.key_resp_context.keys,trials.key_resp_context.corr,trials.key_resp_context.rt,trials.key_resp_context.duration,blank500.started,text_blank.started,text_blank.stopped,blank500.stopped,context_confidence.started,text_context_choice.started,slider_context_conf.started,key_resp_context_conf.started,context_confidence.stopped,trials.key_resp_context_conf.keys,trials.key_resp_context_conf.rt,trials.key_resp_context_conf.duration,select_scene_name.started,text_scene_headline.started,text_actual_context.started,text_q_scene.started,text_labels.started,select_scene_name.stopped,trials.key_resp_scenes.keys,trials.key_resp_scenes.corr,trials.key_resp_scenes.rt,trials.key_resp_scenes.duration,scene_confidence.started,text_chosen_scene.started,slider_scene_conf.started,key_resp_scene_conf.started,scene_confidence.stopped,trials.key_resp_scene_conf.keys,trials.key_resp_scene_conf.rt,trials.key_resp_scene_conf.duration,blank3000.started,blank3000.stopped,item_cue.stopped,text_chosen_scene.stopped,slider_scene_conf.stopped,key_resp_scene_conf.stopped,text_scene_headline.stopped,text_actual_context.stopped,text_q_scene.stopped,text_labels.stopped,is_last.started,is_last.stopped,rest_between_runs.started,text_run_rest.started,key_resp_run_rest.started,rest_between_runs.stopped,show_rest_screen.key_resp_run_rest.keys,show_rest_screen.key_resp_run_rest.rt,show_rest_screen.key_resp_run_rest.duration,text_context_choice.stopped,slider_context_conf.stopped,key_resp_context_conf.stopped,ret_end_screen.started,text_endSet.started,key_resp_continue.started,ret_end_screen.stopped,key_resp_continue.keys,key_resp_continue.rt,key_resp_continue.duration,forked_instructions.started,text_end_inst.started,key_resp_end.started,participant,session,delay,group,date,expName,expVersion,psychopyVersion,frameRate,expStart,
,,,,,,,,,,,,,,,,,,,,,,,,,,,,,,,,,,,,,,,,False,0.04326860001310706,0.04362170002423227,,,,,,,,,,,,,,,,,,,,,,,,,,,,,,,,,,,,,,,,,,,,,,,,,,,,,,,,,,,,,,,,,,,,,,,,,,,,,,,,,,,,,,,,,,,,,,,,,,,,,,,,,,,,,,,,,,,,,,208,1,short,A,2026-07-13_10h18.39.155,SBL_superimposed_retrieval,,2026.1.3,119.73782213132802,2026-07-13 10h18.39.559582 -0400,
,,,,,,,,,,,,,,,,,,,,,,,,,,,,,,,,,,,,,,,,,,,0.04365240002516657,0.04386620002333075,,,,,,,,,,,,,,,,,,,,,,,,,,,,,,,,,,,,,,,,,,,,,,,,,,,,,,,,,,,,,,,,,,,,,,,,,,,,,,,,,,,,,,,,,,,,,,,,,,,,,,,,,,,,,,,,,,,,208,1,short,A,2026-07-13_10h18.39.155,SBL_superimposed_retrieval,,2026.1.3,119.73782213132802,2026-07-13 10h18.39.559582 -0400,
,,,,,,,,,,,,,,,,,,,,,,,,,,,,,,,,,,,,,,,,,,,,,0.04388999997172505,0.04684229998383671,1.0381480000214651,6.925330900005065,space,5.86944320006296,None,,,,,,,,,,,,,,,,,,,,,,,,,,,,,,,,,,,,,,,,,,,,,,,,,,,,,,,,,,,,,,,,,,,,,,,,,,,,,,,,,,,,,,,,,,,,,,,,,,,,,,,,,,,,,208,1,short,A,2026-07-13_10h18.39.155,SBL_superimposed_retrieval,,2026.1.3,119.73782213132802,2026-07-13 10h18.39.559582 -0400,
,,,,,,,,,,,,,,,,,,,,,,,,,,,,,,,,,,,,,,,,,,,,,,,,,,,,6.925374899990857,6.928027900052257,8.921933199977502,14.547403099946678,space,5.61686169996392,None,,,,,,,,,,,,,,,,,,,,,,,,,,,,,,,,,,,,,,,,,,,,,,,,,,,,,,,,,,,,,,,,,,,,,,,,,,,,,,,,,,,,,,,,,,,,,,,,,,,,,,208,1,short,A,2026-07-13_10h18.39.155,SBL_superimposed_retrieval,,2026.1.3,119.73782213132802,2026-07-13 10h18.39.559582 -0400,
,,,,,,,,,,,,,,,,,,,,,,,,,,,,,,,,,,,,,,,,,,,,,,,,,,,,,,,,,,,14.673232599976473,14.741243100026622,14.741243100026622,14.741243100026622,14.741243100026622,14.741243100026622,14.741243100026622,14.741243100026622,14.741243100026622,14.741243100026622,16.538239300018176,86.33179510000627,space,69.79275039990898,None,,,,,,,,,,,,,,,,,,,,,,,,,,,,,,,,,,,,,,,,,,,,,,,,,,,,,,,,,,,,,,,,,,,,,,,,,,,,,,,,,,,,,,,208,1,short,A,2026-07-13_10h18.39.155,SBL_superimposed_retrieval,,2026.1.3,119.73782213132802,2026-07-13 10h18.39.559582 -0400,
,,,,,,,,,,,,,,,,,,,,,,,,,,,,,,,,,,,,,,,,,,,,,,,,,,,,,,,,,,,,,,,,,,,,,,,,,,86.3318455000408,86.33935619995464,89.39575310004875,89.32294740004,,,,,,,,,,,,,,,,,,,,,,,,,,,,,,,,,,,,,,,,,,,,,,,,,,,,,,,,,,,,,,,,,,,,,,,,,,,,,,,,,,,208,1,short,A,2026-07-13_10h18.39.155,SBL_superimposed_retrieval,,2026.1.3,119.73782213132802,2026-07-13 10h18.39.559582 -0400,
,,,,,,,,,,,,,,,,,,,,,,,,,,,,,,,,,,,,,,,,,,,,,,,,,,,,,,,,,,,,,,,,,,,,,,,,,,,,,,89.32316629996058,89.32336379995104,,,,,,,,,,,,,,,,,,,,,,,,,,,,,,,,,,,,,,,,,,,,,,,,,,,,,,,,,,,,,,,,,,,,,,,,,,,,,,,,,208,1,short,A,2026-07-13_10h18.39.155,SBL_superimposed_retrieval,,2026.1.3,119.73782213132802,2026-07-13 10h18.39.559582 -0400,
0,0,0,0,stimuli/scenes/scene_U2.jpg,Undersea,Negvi,stimuli/items/undersea_animal_15.png,Undersea,animal,sc,None,1,1,1.0531266999896616,None,3,1.108685600105673,None,1,0,0.8814790999749675,None,3,0.8898536999477074,None,0,0,0,0,0,0,0,0,,,,,89.39575310004875,,,,,,,,,,,,,,,,,,,,,,,,,,,,,,,,,,,,,,,,,,89.36438899999484,89.36462939996272,89.39131610002369,89.39575310004875,93.36482749995776,None,97.04068380000535,98.0315513999667,94.36338610004168,94.36674279998988,94.36674279998988,94.36674279998988,0.00216599996201694,95.42363660002593,1,1,1.0531266999896616,None,98.92378940002527,98.93106890004128,99.42546699999366,99.41469170001801,95.91788219998125,95.92707780003548,95.92707780003548,95.92707780003548,97.04062490002252,3,1.108685600105673,None,98.03720859996974,98.04141940001864,98.04141940001864,98.04141940001864,98.04141940001864,98.92372189997695,1,0,0.8814790999749675,None,99.41705539997201,99.42546699999366,99.42546699999366,99.42546699999366,100.32358379999641,3,0.8898536999477074,None,100.32364630000666,103.31482970004436,,,,,,,,,,,,,,,,,,,,,,,,,,,,,,,208,1,short,A,2026-07-13_10h18.39.155,SBL_superimposed_retrieval,,2026.1.3,119.73782213132802,2026-07-13 10h18.39.559582 -0400,
0,1,1,0,stimuli/scenes/scene_U1.jpg,Undersea,Somar,stimuli/items/jungle_object_15.png,Jungle,object,si,None,1,1,0.6645486000925303,None,2,1.1456488999538124,None,1,1,2.0192657000152394,None,None,,,0,0,0,0,0,1,1,1,,,,,103.32607469998766,,,,,,,,,,,,,,,,,,,,,,,,,,,,,,,,,,,,,,,,,,,,103.32380210002884,103.32607469998766,107.3152133000549,None,110.6408171999501,111.6318908999674,108.30719149997458,108.31450630002655,108.31450630002655,108.31450630002655,-0.0006609000265598297,108.99004629999399,1,1,0.6645486000925303,None,113.66555699997116,113.67295889998786,114.16431260004174,114.15649900003336,109.48228979995474,109.4892740000505,109.4892740000505,109.4892740000505,110.64075619995128,2,1.1456488999538124,None,111.63232069998048,111.63965280004777,111.63965280004777,111.63965280004777,111.63965280004777,113.66549080004916,1,1,2.0192657000152394,None,114.15741620003246,114.16431260004174,114.16431260004174,114.16431260004174,116.14904930000193,None,,,116.14909540000372,119.1402928000316,107.32295800000429,116.15629880002234,116.15629880002234,116.15629880002234,,,,,,,,,,,,,,,,,,,,,,,,,,,208,1,short,A,2026-07-13_10h18.39.155,SBL_superimposed_retrieval,,2026.1.3,119.73782213132802,2026-07-13 10h18.39.559582 -0400,
0,2,2,0,stimuli/scenes/scene_U1.jpg,Undersea,Somar,stimuli/items/undersea_object_6.png,Undersea,object,sc,None,1,1,0.34225460002198815,None,3,0.7564842000138015,None,1,1,0.7747806999832392,None,3,0.5715180999832228,None,0,0,0,0,0,2,2,2,,,,,119.15533960005268,,,,,,,,,,,,,,,,,,,,,,,,,,,,,,,,,,,,,,,,,,,,119.15332939999644,119.15801330003887,123.14860279997811,None,125.7742278999649,126.76531519996934,124.14087140001357,124.15634450002108,124.15634450002108,124.15634450002108,-0.0007313999813050032,124.5158800999634,1,1,0.34225460002198815,None,127.54880919994321,127.5567542000208,128.0479266999755,128.04023030004464,125.00826060003601,125.01492380001582,125.01492380001582,125.01492380001582,125.77416859997902,3,0.7564842000138015,None,126.76574199995957,126.77301180001814,126.77301180001814,126.77301180001814,126.77301180001814,127.54874320002273,1,1,0.7747806999832392,None,128.04116350004915,128.0479266999755,128.0479266999755,128.0479266999755,128.62464459997136,3,0.5715180999832228,None,128.62470389995724,131.6155455999542,123.15638619998936,,,,,,,,,,,,,,,,,,,,,,,,,,,,,,208,1,short,A,2026-07-13_10h18.39.155,SBL_superimposed_retrieval,,2026.1.3,119.73782213132802,2026-07-13 10h18.39.559582 -0400,
0,3,3,0,stimuli/scenes/scene_U1.jpg,Undersea,Somar,stimuli/items/undersea_object_18.png,Undersea,object,sc,None,1,1,0.2433970000129193,None,2,0.6938590999925509,None,1,1,0.4175038000103086,None,2,0.46875110000837594,None,0,0,0,0,0,3,3,3,,,,,131.62847049999982,,,,,,,,,,,,,,,,,,,,,,,,,,,,,,,,,,,,,,,,,,,,131.62628970004153,131.62847049999982,135.61594339995645,None,138.08250380004756,139.0735859000124,136.60759619995952,136.62310309999157,136.62310309999157,136.62310309999157,0.007006699917837977,136.8821877000155,1,1,0.2433970000129193,None,139.507462700014,139.51499659998808,140.00637610000558,139.99863889999688,137.37431999994442,137.38127080001868,137.38127080001868,137.38127080001868,138.08243920002133,2,0.6938590999925509,None,139.07402579998598,139.08163749997038,139.08163749997038,139.08163749997038,139.08163749997038,139.50739369995426,1,1,0.4175038000103086,None,139.99959649995435,140.00637610000558,140.00637610000558,140.00637610000558,140.48251340002753,2,0.46875110000837594,None,140.48257750004996,143.47361220000312,135.62356740003452,,,,,,,,,,,,,,,,,,,,,,,,,,,,,,208,1,short,A,2026-07-13_10h18.39.155,SBL_superimposed_retrieval,,2026.1.3,119.73782213132802,2026-07-13 10h18.39.559582 -0400,
0,4,4,0,stimuli/scenes/scene_U2.jpg,Undersea,Negvi,stimuli/items/jungle_object_13.png,Jungle,object,si,None,1,1,0.6175363999791443,None,2,0.453129900037311,None,2,1,0.9299954000161961,None,2,0.9029826000332832,None,0,0,0,0,0,4,4,4,,,,,143.48670779995155,,,,,,,,,,,,,,,,,,,,,,,,,,,,,,,,,,,,,,,,,,,,143.48442580003757,143.48670779995155,147.47366689995397,None,150.06585629994515,151.05723230005242,148.4661358000012,148.47319199994672,148.47319199994672,148.47319199994672,-0.000699999975040555,149.10731019999366,1,1,0.6175363999791443,None,151.99951909994707,152.00697340001352,152.50006009999197,152.4904418999795,149.59972469997592,149.60651720000897,149.60651720000897,149.60651720000897,150.0657953999471,2,0.453129900037311,None,151.0576806999743,151.06503619998693,151.06503619998693,151.06503619998693,151.06503619998693,151.9994317999808,2,1,0.9299954000161961,None,152.49296269996557,152.50006009999197,152.50006009999197,152.50006009999197,153.40771509998012,2,0.9029826000332832,None,153.40777759999037,156.39873470005114,147.48178070003632,,,,,,,,,,,,,,,,,,,,,,,,,,,,,,208,1,short,A,2026-07-13_10h18.39.155,SBL_superimposed_retrieval,,2026.1.3,119.73782213132802,2026-07-13 10h18.39.559582 -0400,
0,5,5,0,stimuli/scenes/scene_U2.jpg,Undersea,Negvi,stimuli/items/undersea_object_12.png,Undersea,object,sc,None,1,1,1.3709616999840364,None,2,0.8417144999839365,None,2,1,0.47124350001104176,None,2,0.45648569997865707,None,0,0,0,0,0,5,5,5,,,,,156.5485085999826,,,,,,,,,,,,,,,,,,,,,,,,,,,,,,,,,,,,,,,,,,,,156.54270959994756,156.5485085999826,160.4151675000321,None,164.12475039996207,165.11608159996103,161.4078372999793,161.41538579994813,161.41538579994813,161.41538579994813,0.00010489998385310173,162.78266260004602,1,1,1.3709616999840364,None,165.59909999999218,165.60707250004634,166.09844930004328,166.0906747999834,163.2749936999753,163.28182919998653,163.28182919998653,163.28182919998653,164.12468699994497,2,0.8417144999839365,None,165.11651630001143,165.12369379994925,165.12369379994925,165.12369379994925,165.12369379994925,165.5990323999431,2,1,0.47124350001104176,None,166.0915855000494,166.09844930004328,166.09844930004328,166.09844930004328,166.55818000005092,2,0.45648569997865707,None,166.55824160005432,169.54924159997609,,,,,,,,,,,,,,,,,,,,,,,,,,,,,,,208,1,short,A,2026-07-13_10h18.39.155,SBL_superimposed_retrieval,,2026.1.3,119.73782213132802,2026-07-13 10h18.39.559582 -0400,
0,6,6,0,stimuli/scenes/scene_J1.jpg,Jungle,Malbow,stimuli/items/undersea_animal_9.png,Undersea,animal,si,None,2,1,0.5417953999713063,None,3,1.755347599973902,None,None,0,,,None,,,0,0,0,0,0,6,6,6,,,,,169.56451669998933,,,,,,,,,,,,,,,,,,,,,,,,,,,,,,,,,,,,,,,,,,,,169.56178780004848,169.56451669998933,173.54943160002586,None,177.3580609000055,178.34951690002345,174.54139739996754,174.55723899998702,174.55723899998702,174.55723899998702,-0.0009217000333592296,175.09984030004125,2,1,0.5417953999713063,None,180.84972689999267,180.85719929996412,181.351241700002,181.34109899995383,175.59347560000606,175.60041730001103,175.60041730001103,175.60041730001103,177.35799980000593,3,1.755347599973902,None,178.35502160002943,178.35837379994337,178.35837379994337,178.35837379994337,178.35837379994337,180.84967400005553,None,0,,,181.34409060003236,181.351241700002,181.351241700002,181.351241700002,183.3414084999822,None,,,183.34145659999922,186.33306390000507,173.5575330000138,183.34911189996637,183.34911189996637,183.34911189996637,180.85719929996412,180.85719929996412,180.85719929996412,180.85719929996412,,,,,,,,,,,,,,,,,,,,,,,208,1,short,A,2026-07-13_10h18.39.155,SBL_superimposed_retrieval,,2026.1.3,119.73782213132802,2026-07-13 10h18.39.559582 -0400,
0,7,7,0,stimuli/scenes/scene_J1.jpg,Jungle,Malbow,stimuli/items/undersea_object_16.png,Undersea,object,si,None,2,1,0.5093269000062719,None,3,0.7418332000961527,None,2,1,0.8393252999521792,None,3,0.21619240008294582,None,0,0,0,0,0,7,7,7,,,,,186.34963019995485,,,,,,,,,,,,,,,,,,,,,,,,,,,,,,,,,,,,,,,,,,,,186.3479908000445,186.3578135999851,190.34136500000022,None,193.11694800003897,194.10810549999587,191.33362110005692,191.34922039997764,191.34922039997764,191.34922039997764,-0.0001431000418961048,191.8747091999976,2,1,0.5093269000062719,None,194.9586893999949,194.96607490000315,195.4595084999455,195.44965189998038,192.36738710000645,192.37396310002077,192.37396310002077,192.37396310002077,193.11688650003634,3,0.7418332000961527,None,194.10853890003636,194.1159786999924,194.1159786999924,194.1159786999924,194.1159786999924,194.95862379996106,2,1,0.8393252999521792,None,195.45236909994856,195.4595084999455,195.4595084999455,195.4595084999455,195.68349460000172,3,0.21619240008294582,None,195.68355710001197,198.6748986999737,190.34897529997397,,,,,,,,,,,,,,,,,,,,,,,,,,,,,,208,1,short,A,2026-07-13_10h18.39.155,SBL_superimposed_retrieval,,2026.1.3,119.73782213132802,2026-07-13 10h18.39.559582 -0400,
0,8,8,0,stimuli/scenes/scene_U2.jpg,Undersea,Negvi,stimuli/items/jungle_object_19.png,Jungle,object,si,None,1,1,1.4968775999732316,None,3,1.2874837000854313,None,2,1,0.7736768000759184,None,3,0.9521723999641836,None,0,0,0,0,0,8,8,8,,,,,198.68771820003167,,,,,,,,,,,,,,,,,,,,,,,,,,,,,,,,,,,,,,,,,,,,198.68559869995806,198.68771820003167,202.6745501999976,None,206.9753218999831,207.96619569999166,203.66712160001043,203.67459249997046,203.67459249997046,203.67459249997046,-0.0006500999443233013,205.18378920003306,1,1,1.4968775999732316,None,208.75055849994533,208.75779089995194,209.2511406999547,209.24168730003294,205.67716660001315,205.68415400001686,205.68415400001686,205.68415400001686,206.97526019997895,3,1.2874837000854313,None,207.97085879999213,207.9741949000163,207.9741949000163,207.9741949000163,207.9741949000163,208.75049090001266,2,1,0.7736768000759184,None,209.2441052000504,209.2511406999547,209.2511406999547,209.2511406999547,210.20894509996288,3,0.9521723999641836,None,210.20900629996322,213.19985480001196,202.68247180001345,,,,,,,,,,,,,,,,,,,,,,,,,,,,,,208,1,short,A,2026-07-13_10h18.39.155,SBL_superimposed_retrieval,,2026.1.3,119.73782213132802,2026-07-13 10h18.39.559582 -0400,
0,9,9,0,stimuli/scenes/scene_J2.jpg,Jungle,Tulon,stimuli/items/jungle_object_7.png,Jungle,object,sc,None,2,1,0.8183102000039071,None,2,1.5403680999297649,None,1,1,1.81671839999035,None,2,0.30599469994194806,None,0,0,0,0,0,9,9,9,,,,,213.21419560001232,,,,,,,,,,,,,,,,,,,,,,,,,,,,,,,,,,,,,,,,,,,,213.21145329996943,213.21419560001232,217.19976450002287,None,221.08438400004525,222.07522170001175,218.1923756999895,218.19948700000532,218.19948700000532,218.19948700000532,0.007439700071699917,219.04156949999742,2,1,0.8183102000039071,None,223.90849229996093,223.9161476000445,224.40934120002203,224.3997407000279,219.53581280005164,219.542805199977,219.542805199977,219.542805199977,221.0843228000449,2,1.5403680999297649,None,222.0797009000089,222.08296290005092,222.08296290005092,222.08296290005092,222.08296290005092,223.9084259000374,1,1,1.81671839999035,None,224.40226050000638,224.40934120002203,224.40934120002203,224.40934120002203,224.71700269996654,2,0.30599469994194806,None,224.71706789999735,227.70873559999745,217.20781269995496,,,,,,,,,,,,,,,,,,,,,,,,,,,,,,208,1,short,A,2026-07-13_10h18.39.155,SBL_superimposed_retrieval,,2026.1.3,119.73782213132802,2026-07-13 10h18.39.559582 -0400,
0,10,10,0,stimuli/scenes/scene_U1.jpg,Undersea,Somar,stimuli/items/jungle_object_3.png,Jungle,object,si,None,1,1,1.3589080000529066,None,3,1.6498807000461966,None,1,1,0.7864577999571338,None,3,0.24490189994685352,None,0,0,0,0,0,10,10,10,,,,,227.72375330002978,,,,,,,,,,,,,,,,,,,,,,,,,,,,,,,,,,,,,,,,,,,,227.72111180005595,227.72375330002978,231.70867680001538,None,236.24293890001718,237.2335475999862,232.70091789995786,232.70816359994933,232.70816359994933,232.70816359994933,-0.0005289999535307288,234.08367900003213,1,1,1.3589080000529066,None,238.034026099951,238.04156659997534,238.53452830004971,238.5253231000388,234.5783765000524,234.58530989999417,234.58530989999417,234.58530989999417,236.24287640000694,3,1.6498807000461966,None,237.23788479994982,237.24124620005023,237.24124620005023,237.24124620005023,237.24124620005023,238.03396220004652,1,1,0.7864577999571338,None,238.52768119995017,238.53452830004971,238.53452830004971,238.53452830004971,238.7841515999753,3,0.24490189994685352,None,238.78420939994976,241.77543369994964,231.71643060003407,,,,,,,,,,,,,,,,,,,,,,,,,,,,,,208,1,short,A,2026-07-13_10h18.39.155,SBL_superimposed_retrieval,,2026.1.3,119.73782213132802,2026-07-13 10h18.39.559582 -0400,
0,11,11,0,stimuli/scenes/scene_J2.jpg,Jungle,Tulon,stimuli/items/undersea_object_5.png,Undersea,object,si,None,2,1,0.6999995999503881,None,2,1.5222318000160158,None,2,0,1.142573899938725,None,3,0.19482730003073812,None,0,0,0,0,0,11,11,11,,,,,241.7930605999427,,,,,,,,,,,,,,,,,,,,,,,,,,,,,,,,,,,,,,,,,,,,241.79053600004409,241.7930605999427,245.7834167999681,None,249.51746929995716,250.50843879999593,246.77572010003496,246.7832669999916,246.7832669999916,246.7832669999916,-0.0008611000375822186,247.49236100004055,2,1,0.6999995999503881,None,251.66760249994695,251.67494129994884,252.16860850004014,252.15875519998372,247.98602069995832,247.99306989996694,247.99306989996694,247.99306989996694,249.51740799995605,2,1.5222318000160158,None,250.51276429998688,250.5162919999566,250.5162919999566,250.5162919999566,250.5162919999566,251.66753680002876,2,0,1.142573899938725,None,252.1613349999534,252.16860850004014,252.16860850004014,252.16860850004014,252.3675704000052,3,0.19482730003073812,None,252.36762829998042,255.35918959998526,245.7916769000003,,,,,,,,,,,,,,,,,,,,,,,,,,,,,,208,1,short,A,2026-07-13_10h18.39.155,SBL_superimposed_retrieval,,2026.1.3,119.73782213132802,2026-07-13 10h18.39.559582 -0400,
0,12,12,0,stimuli/scenes/scene_U2.jpg,Undersea,Negvi,stimuli/items/jungle_object_2.png,Jungle,object,si,None,1,1,0.636661900090985,None,2,1.492449300014414,None,2,1,1.2989328999537975,None,1,0.5051198999863118,None,0,0,0,0,0,12,12,12,,,,,255.37291629996616,,,,,,,,,,,,,,,,,,,,,,,,,,,,,,,,,,,,,,,,,,,,255.37078100000508,255.37291629996616,259.358733400004,None,263.0096037000185,264.0007814000128,260.35147260001395,260.35867400001734,260.35867400001734,260.35867400001734,-0.0005186999915167689,261.00913370004855,1,1,0.636661900090985,None,265.30942439998034,265.3169646000024,265.8100314999465,265.8007975999499,261.5033689000411,261.510505800019,261.510505800019,261.510505800019,263.00954330002423,2,1.492449300014414,None,264.005329299951,264.00868870003615,264.00868870003615,264.00868870003615,264.00868870003615,265.3093590999488,2,1,1.2989328999537975,None,265.80326329998206,265.8100314999465,265.8100314999465,265.8100314999465,266.31806019996293,1,0.5051198999863118,None,266.3181215999648,269.3093310999684,259.3666037999792,,,,,,,,,,,,,,,,,,,,,,,,,,,,,,208,1,short,A,2026-07-13_10h18.39.155,SBL_superimposed_retrieval,,2026.1.3,119.73782213132802,2026-07-13 10h18.39.559582 -0400,
0,13,13,0,stimuli/scenes/scene_U2.jpg,Undersea,Negvi,stimuli/items/undersea_object_15.png,Undersea,object,sc,None,1,1,1.2303104000166059,None,2,0.6170990000246093,None,2,1,1.791623399942182,None,2,0.25273250008467585,None,0,0,0,0,0,13,13,13,,,,,269.32850569998845,,,,,,,,,,,,,,,,,,,,,,,,,,,,,,,,,,,,,,,,,,,,269.3259452000493,269.32850569998845,273.31766689999495,None,276.6766407999676,277.66738700005226,274.3096705999924,274.3170885000145,274.3170885000145,274.3170885000145,-0.000902600004337728,275.55108200001996,1,1,1.2303104000166059,None,279.4682193000335,279.4753529999871,279.9669421999715,279.95936119998805,276.04356569994707,276.05046940001193,276.05046940001193,276.05046940001193,276.67658129998017,2,0.6170990000246093,None,277.6678280000342,277.67557149997447,277.67557149997447,277.67557149997447,277.67557149997447,279.4681535999989,2,1,1.791623399942182,None,279.96026860002894,279.9669421999715,279.9669421999715,279.9669421999715,280.2265595999779,2,0.25273250008467585,None,280.226616299944,283.2176201000111,273.32520510000177,,,,,,,,,,,,,,,,,,,,,,,,,,,,,,208,1,short,A,2026-07-13_10h18.39.155,SBL_superimposed_retrieval,,2026.1.3,119.73782213132802,2026-07-13 10h18.39.559582 -0400,
0,14,14,0,stimuli/scenes/scene_U1.jpg,Undersea,Somar,stimuli/items/undersea_animal_18.png,Undersea,animal,sc,None,1,1,0.7455708000343293,None,3,1.0155701000476256,None,1,1,0.7587545999558643,None,3,0.6680390000110492,None,0,0,0,0,0,14,14,14,,,,,283.2318040999817,,,,,,,,,,,,,,,,,,,,,,,,,,,,,,,,,,,,,,,,,,,,283.2297135000117,283.2318040999817,287.2175678999629,None,290.49349489994347,291.4840685999952,288.21019300003536,288.2173223999562,288.2173223999562,288.2173223999562,-0.0006212000735104084,288.97623120003846,1,1,0.7455708000343293,None,292.2518238000339,292.258938999963,292.7517782000359,292.74250119994394,289.46884169999976,289.47576910001226,289.47576910001226,289.47576910001226,290.4934339999454,3,1.0155701000476256,None,291.48451590002514,291.49222340004053,291.49222340004053,291.49222340004053,291.49222340004053,292.25175769999623,1,1,0.7587545999558643,None,292.7449667999754,292.7517782000359,292.7517782000359,292.7517782000359,293.42667580000125,3,0.6680390000110492,None,293.426738500013,296.41770680004265,287.2256295999978,,,,,,,,,,,,,,,,,,,,,,,,,,,,,,208,1,short,A,2026-07-13_10h18.39.155,SBL_superimposed_retrieval,,2026.1.3,119.73782213132802,2026-07-13 10h18.39.559582 -0400,
0,15,15,0,stimuli/scenes/scene_U1.jpg,Undersea,Somar,stimuli/items/jungle_animal_18.png,Jungle,animal,si,None,1,1,0.5854519000276923,None,3,1.5578273000428453,None,1,1,1.0796337000792846,None,3,0.2484010000480339,None,0,0,0,0,0,15,15,15,,,,,296.43206460005604,,,,,,,,,,,,,,,,,,,,,,,,,,,,,,,,,,,,,,,,,,,,296.42987500003073,296.43206460005604,300.4180770999519,None,304.0769309999887,305.06765680003446,301.41014759999234,301.41743669996504,301.41743669996504,301.41743669996504,-0.0007323999889194965,302.01809879997745,1,1,0.5854519000276923,None,306.159948799992,306.1673256000504,306.6588654000079,306.6513616000302,302.5101380000124,302.5171835999936,302.5171835999936,302.5171835999936,304.07686979998834,3,1.5578273000428453,None,305.06809279997833,305.07609410001896,305.07609410001896,305.07609410001896,305.07609410001896,306.15988289995585,1,1,1.0796337000792846,None,306.65226929995697,306.6588654000079,306.6588654000079,306.6588654000079,306.90992969996296,3,0.2484010000480339,None,306.90998899994884,309.90127609996125,300.4257993999636,,,,,,,,,,,,,,,,,,,,,,,,,,,,,,208,1,short,A,2026-07-13_10h18.39.155,SBL_superimposed_retrieval,,2026.1.3,119.73782213132802,2026-07-13 10h18.39.559582 -0400,
0,16,16,0,stimuli/scenes/scene_U1.jpg,Undersea,Somar,stimuli/items/jungle_object_1.png,Jungle,object,si,None,1,1,0.3177099999738857,None,2,0.5496767000295222,None,1,1,1.5744524000911042,None,2,0.5560071000363678,None,0,0,0,0,0,16,16,16,,,,,309.9153848999413,,,,,,,,,,,,,,,,,,,,,,,,,,,,,,,,,,,,,,,,,,,,309.9132410000311,309.9153848999413,313.9017101000063,None,316.2855363000417,317.2761564999819,314.8933923000004,314.9010803999845,314.9010803999845,314.9010803999845,-0.0006798000540584326,315.23499060003087,1,1,0.3177099999738857,None,318.8603859000141,318.86754849995486,319.35900129994843,319.35145269997884,315.7275841999799,315.7342594000511,315.7342594000511,315.7342594000511,316.28548109997064,2,0.5496767000295222,None,317.27657310001086,317.28447229997255,317.28447229997255,317.28447229997255,317.28447229997255,318.860322499997,1,1,1.5744524000911042,None,319.3523578000022,319.35900129994843,319.35900129994843,319.35900129994843,319.91887060005683,2,0.5560071000363678,None,319.9189418000169,322.909826099989,313.9095273000421,,,,,,,,,,,,,,,,,,,,,,,,,,,,,,208,1,short,A,2026-07-13_10h18.39.155,SBL_superimposed_retrieval,,2026.1.3,119.73782213132802,2026-07-13 10h18.39.559582 -0400,
0,17,17,0,stimuli/scenes/scene_U2.jpg,Undersea,Negvi,stimuli/items/jungle_animal_5.png,Jungle,animal,si,None,1,1,0.33273270004428923,None,2,0.3164767000125721,None,1,0,0.7756425000261515,None,2,1.0283694999525324,None,0,0,0,0,0,17,17,17,,,,,322.92378479999024,,,,,,,,,,,,,,,,,,,,,,,,,,,,,,,,,,,,,,,,,,,,322.9216191000305,322.92378479999024,326.9102940999437,None,329.0686609999975,330.06016360002104,327.90195029997267,327.91800249996595,327.91800249996595,327.91800249996595,-0.0008126000175252557,328.2518972000107,1,1,0.33273270004428923,None,330.8518941999646,330.8597950000549,331.35101930005476,331.3433681000024,328.74384240002837,328.7509106999496,328.7509106999496,328.7509106999496,329.06860660004895,2,0.3164767000125721,None,330.06059440004174,330.06769149994943,330.06769149994943,330.06769149994943,330.06769149994943,330.85183199995663,1,0,0.7756425000261515,None,331.34426289994735,331.35101930005476,331.35101930005476,331.35101930005476,332.38531549996696,2,1.0283694999525324,None,332.3853748999536,335.377070800052,326.91799969994463,,,,,,,,,,,,,,,,,,,,,,,,,,,,,,208,1,short,A,2026-07-13_10h18.39.155,SBL_superimposed_retrieval,,2026.1.3,119.73782213132802,2026-07-13 10h18.39.559582 -0400,
0,18,18,0,stimuli/scenes/scene_U1.jpg,Undersea,Somar,stimuli/items/undersea_animal_14.png,Undersea,animal,sc,None,1,1,0.23467919998802245,None,1,1.4132761999499053,None,1,1,0.3719103999901563,None,2,0.20116569998208433,None,0,0,0,0,0,18,18,18,,,,,335.39047710003797,,,,,,,,,,,,,,,,,,,,,,,,,,,,,,,,,,,,,,,,,,,,335.3882505999645,335.39047710003797,339.37648129998706,None,342.5444655000465,343.53481950005516,340.3692428000504,340.3761923999991,340.3761923999991,340.3761923999991,-0.0005265000509098172,340.62740029999986,1,1,0.23467919998802245,None,343.9189947999548,343.9261990999803,344.41770840005483,344.40995789994486,341.1194580999436,341.1261109999614,341.1261109999614,341.1261109999614,342.54440540005453,1,1.4132761999499053,None,343.5352258000057,343.5431568999775,343.5431568999775,343.5431568999775,343.5431568999775,343.91892119997647,1,1,0.3719103999901563,None,344.41087739996146,344.41770840005483,344.41770840005483,344.41770840005483,344.62731440004427,2,0.20116569998208433,None,344.62737160001416,347.61865069996566,339.3850624000188,,,,,,,,,,,,,,,,,,,,,,,,,,,,,,208,1,short,A,2026-07-13_10h18.39.155,SBL_superimposed_retrieval,,2026.1.3,119.73782213132802,2026-07-13 10h18.39.559582 -0400,
0,19,19,0,stimuli/scenes/scene_U1.jpg,Undersea,Somar,stimuli/items/undersea_animal_19.png,Undersea,animal,sc,None,1,1,0.5686850999481976,None,3,1.2059257000219077,None,1,1,0.6450256999814883,None,3,0.8877671000082046,None,0,0,0,0,0,19,19,19,,,,,347.63260929996613,,,,,,,,,,,,,,,,,,,,,,,,,,,,,,,,,,,,,,,,,,,,347.6301501999842,347.63260929996613,351.61839149997104,None,354.9113006000407,355.901782299974,352.61080559995025,352.61819279997144,352.61819279997144,352.61819279997144,-0.0007429999532178044,353.20254460000433,1,1,0.5686850999481976,None,356.5608588999603,356.5682746999664,357.0598623000551,357.05177000002004,353.6947187000187,353.70133319997694,353.70133319997694,353.70133319997694,354.9112425999483,3,1.2059257000219077,None,355.9022036000388,355.91004460002296,355.91004460002296,355.91004460002296,355.91004460002296,356.5607943000505,1,1,0.6450256999814883,None,357.05268870003056,357.0598623000551,357.0598623000551,357.0598623000551,357.9526638999814,3,0.8877671000082046,None,357.9527236999711,360.94345420005266,351.6265818000538,,,,,,,,,,,,,,,,,,,,,,,,,,,,,,208,1,short,A,2026-07-13_10h18.39.155,SBL_superimposed_retrieval,,2026.1.3,119.73782213132802,2026-07-13 10h18.39.559582 -0400,
1,0,0,0,stimuli/scenes/scene_J1.jpg,Jungle,Malbow,stimuli/items/undersea_object_14.png,Undersea,object,si,None,2,1,0.614897400024347,None,3,1.1129960000980645,None,None,0,,,None,,,0,1,1,1,0,0,0,0,0,0,0,0,380.0722137000412,,,,,,,,,,,,,,,,,,,,,,,,,,,,,,,,,,,,,,,,,,380.04520269995555,380.045420999988,380.06913069996517,380.0722137000412,384.0523263999494,None,387.27801140001975,388.2692532000365,385.0448308000341,385.0519806999946,385.0519806999946,385.0519806999946,-0.000574299949221313,385.66082680004183,2,1,0.614897400024347,None,390.7607195000164,390.77728050004225,391.27063669997733,391.26076680002734,386.15520929999184,386.16221219999716,386.16221219999716,386.16221219999716,387.27795270003844,3,1.1129960000980645,None,388.2737164000282,388.27697719994467,388.27697719994467,388.27697719994467,388.27697719994467,390.7606684999773,None,0,,,391.2636851000134,391.27063669997733,391.27063669997733,391.27063669997733,393.2619622000493,None,,,393.26200710004196,396.2527102000313,,393.2690947999945,393.2690947999945,393.2690947999945,390.7685212000506,390.7685212000506,390.7685212000506,390.7685212000506,360.9463867000304,360.9466065999586,360.9468070999719,360.9518796999473,361.943434100016,380.0442286999896,space,18.099679599981755,None,,,,,,,,,,,,,,208,1,short,A,2026-07-13_10h18.39.155,SBL_superimposed_retrieval,,2026.1.3,119.73782213132802,2026-07-13 10h18.39.559582 -0400,
1,1,1,0,stimuli/scenes/scene_U1.jpg,Undersea,Somar,stimuli/items/undersea_object_3.png,Undersea,object,sc,None,2,0,0.41415240010246634,None,2,0.8419221000513062,None,1,1,1.9830996000673622,None,None,,,0,1,1,1,0,1,1,1,,,,,396.26544820005074,,,,,,,,,,,,,,,,,,,,,,,,,,,,,,,,,,,,,,,,,,,,396.2638904999476,396.268926299992,400.2529189999914,None,403.04500239994377,404.03581609996036,401.25316049996763,401.268938299967,401.268938299967,401.268938299967,-0.0003092000260949135,401.69454059994314,2,0,0.41415240010246634,None,406.0282195999753,406.03546529996675,406.52840519999154,406.51923880004324,402.18725770001765,402.1938626000192,402.1938626000192,402.1938626000192,403.044944299967,2,0.8419221000513062,None,404.04030190000776,404.0440136999823,404.0440136999823,404.0440136999823,404.0440136999823,406.0281526000472,1,1,1.9830996000673622,None,406.52164439996704,406.52840519999154,406.52840519999154,406.52840519999154,408.51207049994264,None,,,408.51211600005627,411.50285309995525,400.2604177000467,408.5189955000533,408.5189955000533,408.5189955000533,,,,,,,,,,,,,,,,,,,,,,,,,,,208,1,short,A,2026-07-13_10h18.39.155,SBL_superimposed_retrieval,,2026.1.3,119.73782213132802,2026-07-13 10h18.39.559582 -0400,
1,2,2,0,stimuli/scenes/scene_J2.jpg,Jungle,Tulon,stimuli/items/jungle_animal_11.png,Jungle,animal,sc,None,2,1,0.3792177999857813,None,3,0.9369699000380933,None,1,1,1.4745480000274256,None,3,0.40991459996439517,None,0,1,1,1,0,2,2,2,,,,,411.5171091000084,,,,,,,,,,,,,,,,,,,,,,,,,,,,,,,,,,,,,,,,,,,,411.51526699995156,411.51958910003304,415.502876500017,None,418.35338069999125,419.3447344000451,416.50341350003146,416.51918099995237,416.51918099995237,416.51918099995237,-0.00042269995901733637,416.91121900000144,2,1,0.3792177999857813,None,420.82836140005384,420.8359006999526,421.3296767999418,421.31981180002913,417.40376689995173,417.4104758000467,417.4104758000467,417.4104758000467,418.35332170000765,3,0.9369699000380933,None,419.34905319998506,419.35244849999435,419.35244849999435,419.35244849999435,419.35244849999435,420.82829610002227,1,1,1.4745480000274256,None,421.32228409999516,421.3296767999418,421.3296767999418,421.3296767999418,421.7452535999473,3,0.40991459996439517,None,421.7453104000306,424.73653450002894,415.511180600035,,,,,,,,,,,,,,,,,,,,,,,,,,,,,,208,1,short,A,2026-07-13_10h18.39.155,SBL_superimposed_retrieval,,2026.1.3,119.73782213132802,2026-07-13 10h18.39.559582 -0400,
1,3,3,0,stimuli/scenes/scene_U1.jpg,Undersea,Somar,stimuli/items/jungle_animal_19.png,Jungle,animal,si,None,1,1,0.49124800006393343,None,2,1.6097599999047816,None,1,1,0.37077010003849864,None,2,0.2620242000557482,None,0,1,1,1,0,3,3,3,,,,,424.75349659996573,,,,,,,,,,,,,,,,,,,,,,,,,,,,,,,,,,,,,,,,,,,,424.75100970000494,424.75349659996573,428.73679450002965,None,432.35346839996055,433.3446632999694,429.72894389997236,429.73602419998497,429.73602419998497,429.73602419998497,-0.0008001000387594104,430.2367951000342,1,1,0.49124800006393343,None,433.7284776000306,433.73622189997695,434.229076800053,434.21993509994354,430.73084580001887,430.737615799997,430.737615799997,430.737615799997,432.35340909997467,2,1.6097599999047816,None,433.34918699995615,433.35246690001804,433.35246690001804,433.35246690001804,433.35246690001804,433.7284179000417,1,1,0.37077010003849864,None,434.2223113999935,434.229076800053,434.229076800053,434.229076800053,434.4959161999868,2,0.2620242000557482,None,434.4959713999415,437.48644210002385,428.7446631999919,,,,,,,,,,,,,,,,,,,,,,,,,,,,,,208,1,short,A,2026-07-13_10h18.39.155,SBL_superimposed_retrieval,,2026.1.3,119.73782213132802,2026-07-13 10h18.39.559582 -0400,
1,4,4,0,stimuli/scenes/scene_J1.jpg,Jungle,Malbow,stimuli/items/undersea_animal_7.png,Undersea,animal,si,None,1,0,0.7722992999479175,None,2,1.4179731999756768,None,1,0,2.304591999971308,None,2,1.5268838999327272,None,0,1,1,1,0,4,4,4,,,,,437.501077300054,,,,,,,,,,,,,,,,,,,,,,,,,,,,,,,,,,,,,,,,,,,,437.49861899996176,437.501077300054,441.4866664999863,None,445.2038455000147,446.19527100003324,442.47904540004674,442.49462590005714,442.49462590005714,442.49462590005714,0.0072787998942658305,443.27840880001895,1,0,0.7722992999479175,None,448.51210179994814,448.51985809998587,449.01250309997704,449.0033173999982,443.7708198999753,443.77755370002706,443.77755370002706,443.77755370002706,445.2037855000235,2,1.4179731999756768,None,446.19950190000236,446.2028872000519,446.2028872000519,446.2028872000519,446.2028872000519,448.5120375000406,1,0,2.304591999971308,None,449.00575160002336,449.01250309997704,449.01250309997704,449.01250309997704,450.5455600999994,2,1.5268838999327272,None,450.5456208999967,453.53652119997423,441.4946569999447,,,,,,,,,,,,,,,,,,,,,,,,,,,,,,208,1,short,A,2026-07-13_10h18.39.155,SBL_superimposed_retrieval,,2026.1.3,119.73782213132802,2026-07-13 10h18.39.559582 -0400,
1,5,5,0,stimuli/scenes/scene_J1.jpg,Jungle,Malbow,stimuli/items/undersea_object_7.png,Undersea,object,si,None,2,1,0.6177678999956697,None,2,1.6516410999465734,None,2,1,2.4503842999693006,None,2,1.2830535999964923,None,0,1,1,1,0,5,5,5,,,,,453.5519752999535,,,,,,,,,,,,,,,,,,,,,,,,,,,,,,,,,,,,,,,,,,,,453.5494828999508,453.5519752999535,457.53682329994626,None,461.3291658000089,462.3202153999591,458.5293361999793,458.53654730005655,458.53654730005655,458.53654730005655,-0.0006439000135287642,459.17041200003587,2,1,0.6177678999956697,None,464.78733980003744,464.79496129998006,465.2882234000135,465.2789082999807,459.6644251999678,459.67131749994587,459.67131749994587,459.67131749994587,461.3291069000261,2,1.6516410999465734,None,462.3206409000559,462.32847930002026,462.32847930002026,462.32847930002026,462.32847930002026,464.7872750000097,2,1,2.4503842999693006,None,465.28149179997854,465.2882234000135,465.2882234000135,465.2882234000135,466.5791267999448,2,1.2830535999964923,None,466.57918570004404,469.5702214000048,457.54474869999103,,,,,,,,,,,,,,,,,,,,,,,,,,,,,,208,1,short,A,2026-07-13_10h18.39.155,SBL_superimposed_retrieval,,2026.1.3,119.73782213132802,2026-07-13 10h18.39.559582 -0400,
1,6,6,0,stimuli/scenes/scene_J1.jpg,Jungle,Malbow,stimuli/items/jungle_animal_9.png,Jungle,animal,sc,None,2,1,0.23315280000679195,None,1,1.420139699941501,None,1,0,1.3459460999583825,None,3,1.2065964000066742,None,0,1,1,1,0,6,6,6,,,,,469.58679089997895,,,,,,,,,,,,,,,,,,,,,,,,,,,,,,,,,,,,,,,,,,,,469.58428800001275,469.58679089997895,473.5704174999846,None,476.73751560004894,477.72866629995406,474.56272389995866,474.570199699956,474.570199699956,474.570199699956,-0.00030830001924186945,474.81285560003016,2,1,0.23315280000679195,None,479.08770889998414,479.0951556999935,479.5885116000427,479.57871449994855,475.3046646999428,475.3114252999658,475.3114252999658,475.3114252999658,476.7374554000562,1,1.420139699941501,None,477.72910849994514,477.73708909994457,477.73708909994457,477.73708909994457,477.73708909994457,479.087645099964,1,0,1.3459460999583825,None,479.58153069997206,479.5885116000427,479.5885116000427,479.5885116000427,480.79637889994774,3,1.2065964000066742,None,480.796439299942,483.78749629994854,473.5787021999713,,,,,,,,,,,,,,,,,,,,,,,,,,,,,,208,1,short,A,2026-07-13_10h18.39.155,SBL_superimposed_retrieval,,2026.1.3,119.73782213132802,2026-07-13 10h18.39.559582 -0400,
1,7,7,0,stimuli/scenes/scene_J1.jpg,Jungle,Malbow,stimuli/items/undersea_animal_12.png,Undersea,animal,si,None,2,1,0.3669733999995515,None,3,1.813462799997069,None,2,1,1.636034099967219,None,1,1.1571657999884337,None,0,1,1,1,0,7,7,7,,,,,483.80257950001396,,,,,,,,,,,,,,,,,,,,,,,,,,,,,,,,,,,,,,,,,,,,483.7999744999688,483.80257950001396,487.78761070000473,None,491.4879680000013,492.47883599996567,488.7797612999566,488.7956872000359,488.7956872000359,488.7956872000359,-0.0005995000246912241,489.17104869999457,2,1,0.3669733999995515,None,494.12940680002794,494.1369989999803,494.63045689999126,494.62097749998793,489.6631545999553,489.6699089000467,489.6699089000467,489.6699089000467,491.48790780000854,3,1.813462799997069,None,492.47926349996123,492.4870755999582,492.4870755999582,492.4870755999582,492.4870755999582,494.1293427000055,2,1,1.636034099967219,None,494.6235614999896,494.63045689999126,494.63045689999126,494.63045689999126,495.7968534999527,1,1.1571657999884337,None,495.79691190004814,498.78739850001875,487.79538150003646,,,,,,,,,,,,,,,,,,,,,,,,,,,,,,208,1,short,A,2026-07-13_10h18.39.155,SBL_superimposed_retrieval,,2026.1.3,119.73782213132802,2026-07-13 10h18.39.559582 -0400,
1,8,8,0,stimuli/scenes/scene_U1.jpg,Undersea,Somar,stimuli/items/jungle_animal_1.png,Jungle,animal,si,None,2,0,0.8151634000241756,None,1,0.41044160001911223,None,None,0,,,1,1.3062666000332683,None,0,1,1,1,0,8,8,8,,,,,498.8029531999491,,,,,,,,,,,,,,,,,,,,,,,,,,,,,,,,,,,,,,,,,,,,498.79994459997397,498.8029531999491,502.7874168000417,None,505.5384369000094,506.529179199948,503.77992779994383,503.79565550002735,503.79565550002735,503.79565550002735,0.007182499975897372,504.6210099000018,2,0,0.8151634000241756,None,509.0210277000442,509.0375352000119,509.52901369996835,509.5207423999673,505.11364700004924,505.1204055000562,505.1204055000562,505.1204055000562,505.53838120005094,1,0.41044160001911223,None,506.53374680003617,506.5370260999771,506.5370260999771,506.5370260999771,506.5370260999771,509.02097820001654,None,0,,,509.5237359999446,509.537127800053,509.537127800053,509.537127800053,510.846882199985,1,1.3062666000332683,None,510.84694229997694,513.837741299998,502.7958204000024,,,,509.0291903000325,509.0291903000325,509.0291903000325,509.0291903000325,,,,,,,,,,,,,,,,,,,,,,,208,1,short,A,2026-07-13_10h18.39.155,SBL_superimposed_retrieval,,2026.1.3,119.73782213132802,2026-07-13 10h18.39.559582 -0400,
1,9,9,0,stimuli/scenes/scene_J1.jpg,Jungle,Malbow,stimuli/items/jungle_animal_8.png,Jungle,animal,sc,None,2,1,0.6774472000543028,None,3,0.9018776000011712,None,1,0,0.7062329000327736,None,3,0.4236280999612063,None,0,1,1,1,0,9,9,9,,,,,513.8519035000354,,,,,,,,,,,,,,,,,,,,,,,,,,,,,,,,,,,,,,,,,,,,513.8496031999821,513.8519035000354,517.8378889999585,None,520.9465045999968,521.9379530999577,518.8299909000052,518.8454669000348,518.8454669000348,518.8454669000348,0.007376700057648122,519.5385537999682,2,1,0.6774472000543028,None,522.6549521000125,522.6625159999821,523.1559119999874,523.1461952000391,520.0304727000184,520.0372428999981,520.0372428999981,520.0372428999981,520.9464483000338,3,0.9018776000011712,None,521.9422171999468,521.9455504999496,521.9455504999496,521.9455504999496,521.9455504999496,522.6548928000266,1,0,0.7062329000327736,None,523.148647199967,523.1559119999874,523.1559119999874,523.1559119999874,523.580634700018,3,0.4236280999612063,None,523.5806897999719,526.571360199945,517.8458057000535,,,,,,,,,,,,,,,,,,,,,,,,,,,,,,208,1,short,A,2026-07-13_10h18.39.155,SBL_superimposed_retrieval,,2026.1.3,119.73782213132802,2026-07-13 10h18.39.559582 -0400,
1,10,10,0,stimuli/scenes/scene_U2.jpg,Undersea,Negvi,stimuli/items/jungle_object_9.png,Jungle,object,si,None,1,1,0.7117601999780163,None,2,1.1085893000708893,None,2,1,1.6824566000141203,None,2,1.209722299943678,None,0,1,1,1,0,10,10,10,,,,,526.5856798000168,,,,,,,,,,,,,,,,,,,,,,,,,,,,,,,,,,,,,,,,,,,,526.5834637000225,526.5856798000168,530.5716599000152,None,533.9221645999933,534.9129585999763,531.5642536999658,531.571026999969,531.571026999969,531.571026999969,0.0073442000430077314,532.3052216999931,1,1,0.7117601999780163,None,536.6052296999842,536.6127510999795,537.105651000049,537.096443300019,532.7994467000244,532.8067700000247,532.8067700000247,532.8067700000247,533.9221071000211,2,1.1085893000708893,None,534.9172756000189,534.9207111999858,534.9207111999858,534.9207111999858,534.9207111999858,536.6051664999686,2,1,1.6824566000141203,None,537.0988509999588,537.105651000049,537.105651000049,537.105651000049,538.3221358000301,2,1.209722299943678,None,538.3221942000091,541.3133178000571,530.5793444999726,,,,,,,,,,,,,,,,,,,,,,,,,,,,,,208,1,short,A,2026-07-13_10h18.39.155,SBL_superimposed_retrieval,,2026.1.3,119.73782213132802,2026-07-13 10h18.39.559582 -0400,
1,11,11,0,stimuli/scenes/scene_J2.jpg,Jungle,Tulon,stimuli/items/jungle_animal_4.png,Jungle,animal,sc,None,2,1,0.2342190999770537,None,3,0.8192225999664515,None,1,1,1.0109693000558764,None,3,0.197224700008519,None,0,1,1,1,0,11,11,11,,,,,541.3276402000338,,,,,,,,,,,,,,,,,,,,,,,,,,,,,,,,,,,,,,,,,,,,541.3255035999464,541.3276402000338,545.3132662000135,None,547.8890516000101,548.8801521999994,546.3054443999426,546.3128364000004,546.3128364000004,546.3128364000004,-0.000992799992673099,546.5637508999789,2,1,0.2342190999770537,None,549.9051919999765,549.912973199971,550.4064124999568,550.3969631999498,547.0576496999711,547.0645911999745,547.0645911999745,547.0645911999745,547.8889946000418,3,0.8192225999664515,None,548.8846733999671,548.8880374999717,548.8880374999717,548.8880374999717,548.8880374999717,549.9051307999762,1,1,1.0109693000558764,None,550.399416100001,550.4064124999568,550.4064124999568,550.4064124999568,550.6052592999768,3,0.197224700008519,None,550.6053118000273,553.5965406999458,545.3210770000005,,,,,,,,,,,,,,,,,,,,,,,,,,,,,,208,1,short,A,2026-07-13_10h18.39.155,SBL_superimposed_retrieval,,2026.1.3,119.73782213132802,2026-07-13 10h18.39.559582 -0400,
1,12,12,0,stimuli/scenes/scene_J2.jpg,Jungle,Tulon,stimuli/items/undersea_object_1.png,Undersea,object,si,None,1,0,0.2225297000259161,None,2,1.3041921999538317,None,1,1,2.1496986999409273,None,1,1.2277430000249296,None,0,1,1,1,0,12,12,12,,,,,553.6105805999832,,,,,,,,,,,,,,,,,,,,,,,,,,,,,,,,,,,,,,,,,,,,553.6083872000454,553.6105805999832,557.5966174999485,None,560.6391417999985,561.6303823000053,558.5892385999905,558.5962986999657,558.5962986999657,558.5962986999657,-0.0003613999579101801,558.8307911000447,1,0,0.2225297000259161,None,563.7888703000499,563.7964540000539,564.287724899943,564.2801276999526,559.3242889000103,559.3311334999744,559.3311334999744,559.3311334999744,560.6390811000019,2,1.3041921999538317,None,561.6308029999491,561.6379871000536,561.6379871000536,561.6379871000536,561.6379871000536,563.7888062000275,1,1,2.1496986999409273,None,564.2810467999661,564.287724899943,564.287724899943,564.287724899943,565.522508700029,1,1.2277430000249296,None,565.5225674000103,568.5133311999962,557.6050393000478,,,,,,,,,,,,,,,,,,,,,,,,,,,,,,208,1,short,A,2026-07-13_10h18.39.155,SBL_superimposed_retrieval,,2026.1.3,119.73782213132802,2026-07-13 10h18.39.559582 -0400,
1,13,13,0,stimuli/scenes/scene_J1.jpg,Jungle,Malbow,stimuli/items/undersea_animal_10.png,Undersea,animal,si,None,2,1,0.5367915000533685,None,3,1.1908763999817893,None,2,1,1.3444335999665782,None,3,0.9156737000448629,None,0,1,1,1,0,13,13,13,,,,,568.5440381000517,,,,,,,,,,,,,,,,,,,,,,,,,,,,,,,,,,,,,,,,,,,,568.541518199956,568.5440381000517,572.5299189999932,None,575.7644790000049,576.7553758999566,573.5225481999805,573.5298680999549,573.5298680999549,573.5298680999549,2.529995981603861e-05,574.06380610005,2,1,0.5367915000533685,None,578.114259300055,578.1217858999735,578.6153195999796,578.6053960999707,574.5579146000091,574.564926699968,574.564926699968,574.564926699968,575.7644204000244,3,1.1908763999817893,None,576.7557946000015,576.7632434000261,576.7632434000261,576.7632434000261,576.7632434000261,578.1141963000409,2,1,1.3444335999665782,None,578.6079721000278,578.6153195999796,578.6153195999796,578.6153195999796,579.5389149000403,3,0.9156737000448629,None,579.5389749000315,582.5302865999984,,,,,,,,,,,,,,,,,,,,,,,,,,,,,,,208,1,short,A,2026-07-13_10h18.39.155,SBL_superimposed_retrieval,,2026.1.3,119.73782213132802,2026-07-13 10h18.39.559582 -0400,
1,14,14,0,stimuli/scenes/scene_J2.jpg,Jungle,Tulon,stimuli/items/jungle_object_12.png,Jungle,object,sc,None,2,1,0.2805309999966994,None,3,0.6020369000034407,None,1,1,1.1366111000534147,None,3,0.4863892999710515,None,0,1,1,1,0,14,14,14,,,,,582.5463550999993,,,,,,,,,,,,,,,,,,,,,,,,,,,,,,,,,,,,,,,,,,,,582.5439654999645,582.5463550999993,586.5302712999983,None,588.9312579999678,589.9223411000567,587.5227633999893,587.5301406000508,587.5301406000508,587.5301406000508,-0.0003695000195875764,587.8227295000106,2,1,0.2805309999966994,None,591.0727212999482,591.0801296000136,591.5729842999717,591.5636189000215,588.3146063999739,588.3213968999917,588.3213968999917,588.3213968999917,588.9312008999987,3,0.6020369000034407,None,589.9227933000075,589.9304422000423,589.9304422000423,589.9304422000423,589.9304422000423,591.0726375000086,1,1,1.1366111000534147,None,591.5661400000099,591.5729842999717,591.5729842999717,591.5729842999717,592.0645421999507,3,0.4863892999710515,None,592.0645966000156,595.0551761999959,586.5383838999551,,,,,,,,,,,,,,,,,,,,,,,,,,,,,,208,1,short,A,2026-07-13_10h18.39.155,SBL_superimposed_retrieval,,2026.1.3,119.73782213132802,2026-07-13 10h18.39.559582 -0400,
1,15,15,0,stimuli/scenes/scene_U1.jpg,Undersea,Somar,stimuli/items/undersea_object_9.png,Undersea,object,sc,None,1,1,1.6755175000289455,None,2,1.0582577000604942,None,1,1,2.145835499977693,None,1,1.509358000010252,None,0,1,1,1,0,15,15,15,,,,,595.0700362999924,,,,,,,,,,,,,,,,,,,,,,,,,,,,,,,,,,,,,,,,,,,,595.0678914999589,595.0700362999924,599.055801599985,None,603.3148670999799,604.3061285000294,600.0484209000133,600.0550553000066,600.0550553000066,600.0550553000066,-0.0008146000327542424,601.748041999992,1,1,1.6755175000289455,None,606.4646838000044,606.4720809999853,606.9655353999697,606.9560946000274,602.2420322999824,602.248936100048,602.248936100048,602.248936100048,603.3148089000024,2,1.0582577000604942,None,604.3104933999712,604.3137369999895,604.3137369999895,604.3137369999895,604.3137369999895,606.4646195999812,1,1,2.145835499977693,None,606.9585352999857,606.9655353999697,606.9655353999697,606.9655353999697,608.4814428000245,1,1.509358000010252,None,608.4815022000112,611.4724692000309,599.0638951000292,,,,,,,,,,,,,,,,,,,,,,,,,,,,,,208,1,short,A,2026-07-13_10h18.39.155,SBL_superimposed_retrieval,,2026.1.3,119.73782213132802,2026-07-13 10h18.39.559582 -0400,
1,16,16,0,stimuli/scenes/scene_J1.jpg,Jungle,Malbow,stimuli/items/jungle_animal_20.png,Jungle,animal,sc,None,2,1,0.3141922000795603,None,3,0.8569581999909133,None,2,1,1.1762950000120327,None,3,0.6743307000724599,None,0,1,1,1,0,16,16,16,,,,,611.4879856000189,,,,,,,,,,,,,,,,,,,,,,,,,,,,,,,,,,,,,,,,,,,,611.4855375000043,611.4879856000189,615.4727915000403,None,618.157113699941,619.147480100044,616.4647115999833,616.480638399953,616.480638399953,616.480638399953,-0.0006880000000819564,616.7977172000101,2,1,0.3141922000795603,None,620.3396954999771,620.3472741999431,620.840704399976,620.8312068999512,617.2922479000408,617.2990562999621,617.2990562999621,617.2990562999621,618.1570566999726,3,0.8569581999909133,None,619.1518829000415,619.1552949999459,619.1552949999459,619.1552949999459,619.1552949999459,620.3396332999691,2,1,1.1762950000120327,None,620.8337582000531,620.840704399976,620.840704399976,620.840704399976,621.5236832000082,3,0.6743307000724599,None,621.5237406999804,624.5143365999684,615.4808472000295,,,,,,,,,,,,,,,,,,,,,,,,,,,,,,208,1,short,A,2026-07-13_10h18.39.155,SBL_superimposed_retrieval,,2026.1.3,119.73782213132802,2026-07-13 10h18.39.559582 -0400,
1,17,17,0,stimuli/scenes/scene_J1.jpg,Jungle,Malbow,stimuli/items/jungle_object_20.png,Jungle,object,sc,None,2,1,0.33685089997015893,None,3,0.5671888999640942,None,2,1,0.3354185000061989,None,3,0.2785423999885097,None,0,1,1,1,0,17,17,17,,,,,624.529533999972,,,,,,,,,,,,,,,,,,,,,,,,,,,,,,,,,,,,,,,,,,,,624.5267402000027,624.529533999972,628.5148097999627,None,630.9486275999807,631.9395466999849,629.5069107000018,629.5224944000365,629.5224944000365,629.5224944000365,0.007159500033594668,629.8730451000156,2,1,0.33685089997015893,None,632.2899921999779,632.297395600006,632.7891612000531,632.7811671999516,630.3654674000572,630.372362599941,630.372362599941,630.372362599941,630.9485709000146,3,0.5671888999640942,None,631.9399679000489,631.9476538000163,631.9476538000163,631.9476538000163,631.9476538000163,632.2899322999874,2,1,0.3354185000061989,None,632.7820761000039,632.7891612000531,632.7891612000531,632.7891612000531,633.0735453000525,3,0.2785423999885097,None,633.0736001000041,636.0643556000432,628.522479300038,,,,,,,,,,,,,,,,,,,,,,,,,,,,,,208,1,short,A,2026-07-13_10h18.39.155,SBL_superimposed_retrieval,,2026.1.3,119.73782213132802,2026-07-13 10h18.39.559582 -0400,
1,18,18,0,stimuli/scenes/scene_J2.jpg,Jungle,Tulon,stimuli/items/undersea_animal_13.png,Undersea,animal,si,None,2,1,0.21866779995616525,None,1,0.9502489999867976,None,1,1,1.4160304999677464,None,1,1.321822899975814,None,0,1,1,1,0,18,18,18,,,,,636.0786980000557,,,,,,,,,,,,,,,,,,,,,,,,,,,,,,,,,,,,,,,,,,,,636.0764441000065,636.0786980000557,640.0648309000535,None,642.7486078999937,643.7398326999974,641.0570506999502,641.0643315999769,641.0643315999769,641.0643315999769,-0.0009704999392852187,641.2986703000497,2,1,0.21866779995616525,None,645.1650048999581,645.1726188999601,645.6659648000496,645.6564033000031,641.790487100021,641.7971796999918,641.7971796999918,641.7971796999918,642.7485509000253,1,0.9502489999867976,None,643.7402481000172,643.747644099989,643.747644099989,643.747644099989,643.747644099989,645.1649404000491,1,1,1.4160304999677464,None,645.6589999999851,645.6659648000496,645.6659648000496,645.6659648000496,646.9900412999559,1,1.321822899975814,None,646.9901003000559,649.9813790000044,640.0724319999572,,,,,,,,,,,,,,,,,,,,,,,,,,,,,,208,1,short,A,2026-07-13_10h18.39.155,SBL_superimposed_retrieval,,2026.1.3,119.73782213132802,2026-07-13 10h18.39.559582 -0400,
1,19,19,0,stimuli/scenes/scene_U1.jpg,Undersea,Somar,stimuli/items/undersea_object_17.png,Undersea,object,sc,None,1,1,0.3018891999963671,None,2,1.268222099984996,None,1,1,0.5791395999258384,None,2,0.7097953999182209,None,0,1,1,1,0,19,19,19,,,,,649.9947869000025,,,,,,,,,,,,,,,,,,,,,,,,,,,,,,,,,,,,,,,,,,,,649.9922888999572,649.9947869000025,653.9815246999497,None,657.073788800044,658.0650527999969,654.9739326999988,654.9811642999994,654.9811642999994,654.9811642999994,-0.0004069000715389848,655.2983633000404,1,1,0.3018891999963671,None,658.6571195999859,658.6644456000067,659.1571136000566,659.1479368000291,655.7923398000421,655.799197699991,655.799197699991,655.799197699991,657.0737319999607,2,1.268222099984996,None,658.0692570999963,658.07257389999,658.07257389999,658.07257389999,658.07257389999,658.6570605000015,1,1,0.5791395999258384,None,659.1502640000544,659.1571136000566,659.1571136000566,659.1571136000566,659.873960900004,2,0.7097953999182209,None,659.8740193999838,662.8648655000143,653.9892061999999,,,,,,,,,,,,,,,,,,,,,,,,,,,,,,208,1,short,A,2026-07-13_10h18.39.155,SBL_superimposed_retrieval,,2026.1.3,119.73782213132802,2026-07-13 10h18.39.559582 -0400,
2,0,0,0,stimuli/scenes/scene_J2.jpg,Jungle,Tulon,stimuli/items/jungle_object_10.png,Jungle,object,sc,None,2,1,0.3217545999214053,None,3,0.23161419993266463,None,1,1,0.6080180000280961,None,3,0.28166520001832396,None,0,2,2,2,0,0,0,0,0,0,0,0,665.1027953999583,,,,,,,,,,,,,,,,,,,,,,,,,,,,,,,,,,,,,,,,,,665.074463399942,665.0746846999973,665.1000050000148,665.1027953999583,669.0811823999975,None,671.1403337999946,672.1318699000403,670.0738480000291,670.0813558000373,670.0813558000373,670.0813558000373,-0.0008194999536499381,670.3989676999627,2,1,0.3217545999214053,None,672.7488133000443,672.756502800039,673.2492869000416,673.2399032999529,670.8928781000432,670.8999010999687,670.8999010999687,670.8999010999687,671.1402814999456,3,0.23161419993266463,None,672.1361945000244,672.1395086999983,672.1395086999983,672.1395086999983,672.1395086999983,672.7487538000569,1,1,0.6080180000280961,None,673.242317999946,673.2492869000416,673.2492869000416,673.2492869000416,673.5324405999854,3,0.28166520001832396,None,673.5324943000451,676.5234409000259,,,,,,,,,662.8673983999761,662.8676120999735,662.8678063000552,662.8729389000218,663.8644883000525,665.0735242000083,space,1.2030120000708848,None,,,,,,,,,,,,,,208,1,short,A,2026-07-13_10h18.39.155,SBL_superimposed_retrieval,,2026.1.3,119.73782213132802,2026-07-13 10h18.39.559582 -0400,
2,1,1,0,stimuli/scenes/scene_J1.jpg,Jungle,Malbow,stimuli/items/undersea_object_4.png,Undersea,object,si,None,2,1,0.6882650000043213,None,3,1.0479425999801606,None,1,0,1.0459551999811083,None,2,1.4643806000240147,None,0,2,2,2,0,1,1,1,,,,,676.5378433000296,,,,,,,,,,,,,,,,,,,,,,,,,,,,,,,,,,,,,,,,,,,,676.5353365000337,676.5378433000296,680.5234956999775,None,683.7740498000057,684.7656298000365,681.515883199987,681.5230812999653,681.5230812999653,681.5230812999653,-0.000966200022958219,682.2237547000404,2,1,0.6882650000043213,None,685.8241112000542,685.8314134000102,686.3231213999679,686.3156670000171,682.7164445000235,682.7231618999504,682.7231618999504,682.7231618999504,683.7739895000122,3,1.0479425999801606,None,684.766063899966,684.7733972000424,684.7733972000424,684.7733972000424,684.7733972000424,685.8240473000333,1,0,1.0459551999811083,None,686.3165517000016,686.3231213999679,686.3231213999679,686.3231213999679,687.7910412000492,2,1.4643806000240147,None,687.7911003000336,690.7822979999473,680.5314104000572,,,,,,,,,,,,,,,,,,,,,,,,,,,,,,208,1,short,A,2026-07-13_10h18.39.155,SBL_superimposed_retrieval,,2026.1.3,119.73782213132802,2026-07-13 10h18.39.559582 -0400,
2,2,2,0,stimuli/scenes/scene_J1.jpg,Jungle,Malbow,stimuli/items/jungle_object_6.png,Jungle,object,sc,None,2,1,0.25369080004747957,None,3,0.5837633999763057,None,2,1,0.9680876000784338,None,3,0.2741967000765726,None,0,2,2,2,0,2,2,2,,,,,690.7955289999954,,,,,,,,,,,,,,,,,,,,,,,,,,,,,,,,,,,,,,,,,,,,690.7932519000024,690.7955289999954,694.7825739999535,None,697.1330813999521,698.1236772000557,695.7745880000293,695.7815377999796,695.7815377999796,695.7815377999796,-0.0009224000386893749,696.0492857999634,2,1,0.25369080004747957,None,699.1076760999858,699.1149648999562,699.6091691999463,699.5991195000242,696.5414944000077,696.5481543999631,696.5481543999631,696.5481543999631,697.1330253999913,3,0.5837633999763057,None,698.1240929999622,698.1316075000213,698.1316075000213,698.1316075000213,698.1316075000213,699.1076019000029,2,1,0.9680876000784338,None,699.6018250000197,699.6091691999463,699.6091691999463,699.6091691999463,699.8911578999832,3,0.2741967000765726,None,699.8912134000566,702.8823510999791,694.7901364000281,,,,,,,,,,,,,,,,,,,,,,,,,,,,,,208,1,short,A,2026-07-13_10h18.39.155,SBL_superimposed_retrieval,,2026.1.3,119.73782213132802,2026-07-13 10h18.39.559582 -0400,
2,3,3,0,stimuli/scenes/scene_J1.jpg,Jungle,Malbow,stimuli/items/undersea_animal_2.png,Undersea,animal,si,None,1,0,0.9856908000074327,None,1,1.1231830000178888,None,1,0,2.3285721000283957,None,1,0.6451838999055326,None,0,2,2,2,0,3,3,3,,,,,702.8961362000555,,,,,,,,,,,,,,,,,,,,,,,,,,,,,,,,,,,,,,,,,,,,702.8937133,702.8961362000555,706.8827468999662,None,710.5081176999956,711.4986907000421,707.8745252999943,707.8819887000136,707.8819887000136,707.8819887000136,-0.0009985000360757113,708.8827009999659,1,0,0.9856908000074327,None,713.8412237999728,713.848525700043,714.3421129999915,714.332786199986,709.3765485000331,709.3837955000345,709.3837955000345,709.3837955000345,710.5080545999808,1,1.1231830000178888,None,711.4991121999919,711.5070780999959,711.5070780999959,711.5070780999959,711.5070780999959,713.8411598999519,1,0,2.3285721000283957,None,714.3352723000571,714.3421129999915,714.3421129999915,714.3421129999915,714.9914000999415,1,0.6451838999055326,None,714.9914572000271,717.9826799000148,706.8901574000483,,,,,,,,,,,,,,,,,,,,,,,,,,,,,,208,1,short,A,2026-07-13_10h18.39.155,SBL_superimposed_retrieval,,2026.1.3,119.73782213132802,2026-07-13 10h18.39.559582 -0400,
2,4,4,0,stimuli/scenes/scene_U1.jpg,Undersea,Somar,stimuli/items/jungle_animal_13.png,Jungle,animal,si,None,1,1,0.012210499960929155,None,None,,,1,1,0.8407431999221444,None,3,0.4740589000284672,None,0,2,2,2,0,4,4,4,,,,,717.9969887000043,,,,,,,,,,,,,,,,,,,,,,,,,,,,,,,,,,,,,,,,,,,,717.9948460999876,717.9969887000043,721.9827191999648,None,725.491582000046,726.4823223999701,722.9749300000258,722.9822300999658,722.9822300999658,722.9822300999658,-0.0007105000549927354,723.0077429000521,1,1,0.012210499960929155,None,727.3412220999599,727.3491516000358,727.8416911000386,727.8324391000206,723.5002694999566,723.5069991999771,723.5069991999771,723.5069991999771,725.4915380999446,None,,,726.4868666999973,726.4988482999615,726.4988482999615,726.4988482999615,726.4988482999615,727.3411605999572,1,1,0.8407431999221444,None,727.8348966999911,727.8416911000386,727.8416911000386,727.8416911000386,728.3168528999668,3,0.4740589000284672,None,728.31690970005,731.3074916000478,721.9907242000336,,,,,,,,,,,,,,,,,725.4989066000562,725.4989066000562,725.4989066000562,,,,,,,,,,,208,1,short,A,2026-07-13_10h18.39.155,SBL_superimposed_retrieval,,2026.1.3,119.73782213132802,2026-07-13 10h18.39.559582 -0400,
2,5,5,0,stimuli/scenes/scene_J2.jpg,Jungle,Tulon,stimuli/items/undersea_object_20.png,Undersea,object,si,None,1,0,0.3117688000202179,None,2,0.9986138999229297,None,2,0,1.015460400027223,None,1,1.512701499974355,None,0,2,2,2,0,5,5,5,,,,,731.3206888999557,,,,,,,,,,,,,,,,,,,,,,,,,,,,,,,,,,,,,,,,,,,,731.318186199991,731.3206888999557,735.307875599945,None,738.1413686999585,739.132875100011,736.2998537999811,736.3157228999771,736.3157228999771,736.3157228999771,0.007217400008812547,736.6411504000425,1,0,0.3117688000202179,None,740.1577721999492,740.1658184999833,740.6591245000018,740.6495277000358,737.1334794999566,737.1406389999902,737.1406389999902,737.1406389999902,738.1413107999833,2,0.9986138999229297,None,739.1370742999716,739.140387600055,739.140387600055,739.140387600055,739.140387600055,740.1577094000531,2,0,1.015460400027223,None,740.6520810000366,740.6591245000018,740.6591245000018,740.6591245000018,742.1748990999768,1,1.512701499974355,None,742.1749587999657,745.1665763000492,735.3158892999636,,,,,,,,,,,,,,,,,,,,,,,,,,,,,,208,1,short,A,2026-07-13_10h18.39.155,SBL_superimposed_retrieval,,2026.1.3,119.73782213132802,2026-07-13 10h18.39.559582 -0400,
2,6,6,0,stimuli/scenes/scene_J2.jpg,Jungle,Tulon,stimuli/items/undersea_animal_5.png,Undersea,animal,si,None,2,1,0.6686028999974951,None,3,0.6437817000551149,None,1,1,2.436436800053343,None,2,1.0294654000317678,None,0,2,2,2,0,6,6,6,,,,,745.180333300028,,,,,,,,,,,,,,,,,,,,,,,,,,,,,,,,,,,,,,,,,,,,745.1779078999534,745.180333300028,749.1666208000388,None,752.0000797000248,752.9915320000146,750.1584814999951,750.1658873000415,750.1658873000415,750.1658873000415,-0.00045409996528178453,750.8505779999541,2,1,0.6686028999974951,None,755.442170400056,755.4495285999728,755.9424024999607,755.9329340000404,751.3442847999977,751.3512191999471,751.3512191999471,751.3512191999471,752.0000224000541,3,0.6437817000551149,None,752.9919426999986,752.9992141999537,752.9992141999537,752.9992141999537,752.9992141999537,755.4421069000382,1,1,2.436436800053343,None,755.9354745999444,755.9424024999607,755.9424024999607,755.9424024999607,756.9753392999992,2,1.0294654000317678,None,756.9753962999675,759.9663366000168,749.1742783000227,,,,,,,,,,,,,,,,,,,,,,,,,,,,,,208,1,short,A,2026-07-13_10h18.39.155,SBL_superimposed_retrieval,,2026.1.3,119.73782213132802,2026-07-13 10h18.39.559582 -0400,
2,7,7,0,stimuli/scenes/scene_J2.jpg,Jungle,Tulon,stimuli/items/undersea_object_19.png,Undersea,object,si,None,1,0,1.8448701999150217,None,1,0.7248636999865994,None,2,0,0.7052491999929771,None,1,0.2955739999888465,None,0,2,2,2,0,7,7,7,,,,,759.9807977000019,,,,,,,,,,,,,,,,,,,,,,,,,,,,,,,,,,,,,,,,,,,,759.9784313000273,759.9807977000019,763.9666173999431,None,768.0672373999842,769.0584758999757,764.9593332000077,764.9660859999713,764.9660859999713,764.9660859999713,0.007673899992369115,766.8336940000299,1,0,1.8448701999150217,None,769.7752722000005,769.7830939999549,770.2757358000381,770.2662840000121,767.3273967000423,767.3344205999747,767.3344205999747,767.3344205999747,768.0671802000143,1,0.7248636999865994,None,769.0588950000238,769.0662926000077,769.0662926000077,769.0662926000077,769.0662926000077,769.7752105999971,2,0,0.7052491999929771,None,770.2688298999565,770.2757358000381,770.2757358000381,770.2757358000381,770.5754222000251,1,0.2955739999888465,None,770.5754769999767,773.566661800025,763.9744006999535,,,,,,,,,,,,,,,,,,,,,,,,,,,,,,208,1,short,A,2026-07-13_10h18.39.155,SBL_superimposed_retrieval,,2026.1.3,119.73782213132802,2026-07-13 10h18.39.559582 -0400,
2,8,8,0,stimuli/scenes/scene_U1.jpg,Undersea,Somar,stimuli/items/jungle_object_18.png,Jungle,object,si,None,1,1,0.09326240001246333,None,3,0.6601706000510603,None,1,1,0.37057960010133684,None,3,0.3418668999802321,None,0,2,2,2,0,8,8,8,,,,,773.5810387999518,,,,,,,,,,,,,,,,,,,,,,,,,,,,,,,,,,,,,,,,,,,,773.5788925000234,773.5810387999518,777.5669053000165,None,779.8421168000204,780.8331765000476,778.5589179999661,778.566338500008,778.566338500008,778.566338500008,-0.0008593999082222581,778.675607000012,1,1,0.09326240001246333,None,781.2172697000206,781.2247103999835,781.7179488999536,781.7085251000244,779.1680931999581,779.1748014000477,779.1748014000477,779.1748014000477,779.8420617999509,3,0.6601706000510603,None,780.8375391999725,780.8412645000499,780.8412645000499,780.8412645000499,780.8412645000499,781.2172120000469,1,1,0.37057960010133684,None,781.7108861999586,781.7179488999536,781.7179488999536,781.7179488999536,782.0674447000492,3,0.3418668999802321,None,782.0675010000123,785.0583649999462,777.5746481999522,,,,,,,,,,,,,,,,,,,,,,,,,,,,,,208,1,short,A,2026-07-13_10h18.39.155,SBL_superimposed_retrieval,,2026.1.3,119.73782213132802,2026-07-13 10h18.39.559582 -0400,
2,9,9,0,stimuli/scenes/scene_J2.jpg,Jungle,Tulon,stimuli/items/jungle_object_8.png,Jungle,object,sc,None,2,1,0.19263220007997006,None,3,0.691231400007382,None,1,1,1.0566510999342427,None,3,0.26394560001790524,None,0,2,2,2,0,9,9,9,,,,,785.0810007000109,,,,,,,,,,,,,,,,,,,,,,,,,,,,,,,,,,,,,,,,,,,,785.0786061000545,785.0810007000109,789.0672718000133,None,791.4756369000534,792.466875800048,790.0591161999619,790.0664063999429,790.0664063999429,790.0664063999429,0.007473899982869625,790.2756521999836,2,1,0.19263220007997006,None,793.5339108000044,793.5414315999951,794.0351520000258,794.0257424999727,790.7690892999526,790.7758693000069,790.7758693000069,790.7758693000069,791.4755793999648,3,0.691231400007382,None,792.4710730999941,792.4744611999486,792.4744611999486,792.4744611999486,792.4744611999486,793.5338483999949,1,1,1.0566510999342427,None,794.0281858999515,794.0351520000258,794.0351520000258,794.0351520000258,794.3008482999867,3,0.26394560001790524,None,794.3009026000509,797.2919634999707,789.0750240000198,,,,,,,,,,,,,,,,,,,,,,,,,,,,,,208,1,short,A,2026-07-13_10h18.39.155,SBL_superimposed_retrieval,,2026.1.3,119.73782213132802,2026-07-13 10h18.39.559582 -0400,
2,10,10,0,stimuli/scenes/scene_J2.jpg,Jungle,Tulon,stimuli/items/undersea_animal_16.png,Undersea,animal,si,None,2,1,0.22355619992595166,None,2,1.1787514000898227,None,2,0,1.6506599999265745,None,1,1.0267660999670625,None,0,2,2,2,0,10,10,10,,,,,797.3050787999528,,,,,,,,,,,,,,,,,,,,,,,,,,,,,,,,,,,,,,,,,,,,797.302613100037,797.3050787999528,801.2922649000539,None,804.2095810000319,805.2005302000325,802.2845283000497,802.2916418999666,802.2916418999666,802.2916418999666,-0.0007024999940767884,802.5257331000175,2,1,0.22355619992595166,None,806.8676877999678,806.8751465999521,807.3682415999938,807.3586915000342,803.0180229999823,803.0248133999994,803.0248133999994,803.0248133999994,804.20951960003,2,1.1787514000898227,None,805.2009564000182,805.208393799956,805.208393799956,805.208393799956,805.208393799956,806.8676253999583,2,0,1.6506599999265745,None,807.3612757000374,807.3682415999938,807.3682415999938,807.3682415999938,808.4008676999947,1,1.0267660999670625,None,808.4009268999798,811.3925873000408,801.300048999954,,,,,,,,,,,,,,,,,,,,,,,,,,,,,,208,1,short,A,2026-07-13_10h18.39.155,SBL_superimposed_retrieval,,2026.1.3,119.73782213132802,2026-07-13 10h18.39.559582 -0400,
2,11,11,0,stimuli/scenes/scene_J1.jpg,Jungle,Malbow,stimuli/items/undersea_object_8.png,Undersea,object,si,None,2,1,0.2989933000644669,None,2,1.6273668999783695,None,2,1,1.82601269998122,None,1,0.8040687000611797,None,0,2,2,2,0,11,11,11,,,,,811.40566639998,,,,,,,,,,,,,,,,,,,,,,,,,,,,,,,,,,,,,,,,,,,,811.4035929000238,811.40566639998,815.3922898999881,None,818.835068800021,819.8256640000036,816.384985200013,816.3920968000311,816.3920968000311,816.3920968000311,-0.0005443999543786049,816.7011197999818,2,1,0.2989933000644669,None,821.6680074000033,821.6752058999846,822.1669398000231,822.1592847999418,817.1930052000098,817.1998861000175,817.1998861000175,817.1998861000175,818.8350106000435,2,1.6273668999783695,None,819.8261137000518,819.8335875000339,819.8335875000339,819.8335875000339,819.8335875000339,821.6679436999839,2,1,1.82601269998122,None,822.16020449996,822.1669398000231,822.1669398000231,822.1669398000231,822.9761932999827,1,0.8040687000611797,None,822.9762524999678,825.9675813999493,815.4001114000566,,,,,,,,,,,,,,,,,,,,,,,,,,,,,,208,1,short,A,2026-07-13_10h18.39.155,SBL_superimposed_retrieval,,2026.1.3,119.73782213132802,2026-07-13 10h18.39.559582 -0400,
2,12,12,0,stimuli/scenes/scene_J2.jpg,Jungle,Tulon,stimuli/items/jungle_animal_12.png,Jungle,animal,sc,None,2,1,0.876475700060837,None,3,0.6763077999930829,None,1,1,1.5850148000754416,None,3,0.43577670003287494,None,0,2,2,2,0,12,12,12,,,,,825.983325200039,,,,,,,,,,,,,,,,,,,,,,,,,,,,,,,,,,,,,,,,,,,,825.9810979999602,825.983325200039,829.9674344999949,None,833.0432888000505,834.0342359000351,830.9597009000136,830.9671432999894,830.9671432999894,830.9671432999894,-0.0005928999744355679,831.8592878000345,2,1,0.876475700060837,None,835.634832700016,835.6422585999826,836.1353691000259,836.1259151999839,832.3515699000563,832.3586683999747,832.3586683999747,832.3586683999747,833.0432323999703,3,0.6763077999930829,None,834.0346788000315,834.0420627000276,834.0420627000276,834.0420627000276,834.0420627000276,835.6347696000012,1,1,1.5850148000754416,None,836.1284457000438,836.1353691000259,836.1353691000259,836.1353691000259,836.5764787000371,3,0.43577670003287494,None,836.5765361000085,839.5675259999698,829.9753820999758,,,,,,,,,,,,,,,,,,,,,,,,,,,,,,208,1,short,A,2026-07-13_10h18.39.155,SBL_superimposed_retrieval,,2026.1.3,119.73782213132802,2026-07-13 10h18.39.559582 -0400,
2,13,13,0,stimuli/scenes/scene_J1.jpg,Jungle,Malbow,stimuli/items/jungle_object_4.png,Jungle,object,sc,None,2,1,0.33109089999925345,None,3,0.6500305000226945,None,2,1,0.40801150002516806,None,3,0.3301955000497401,None,0,2,2,2,0,13,13,13,,,,,839.5801551999757,,,,,,,,,,,,,,,,,,,,,,,,,,,,,,,,,,,,,,,,,,,,839.5776072000153,839.5801551999757,843.5674397000112,None,846.060192200006,847.05099290004,844.5599563999567,844.5672489999561,844.5672489999561,844.5672489999561,-0.0005032999906688929,844.909705099999,2,1,0.33109089999925345,None,847.4683726000367,847.4759013999719,847.9689359000186,847.9594539999962,845.4022254999727,845.4089032999473,845.4089032999473,845.4089032999473,846.0601341000292,3,0.6500305000226945,None,847.0514380000532,847.0589708000189,847.0589708000189,847.0589708000189,847.0589708000189,847.4683114000363,2,1,0.40801150002516806,None,847.9620133000426,847.9689359000186,847.9689359000186,847.9689359000186,848.3016425999813,3,0.3301955000497401,None,848.3016984999413,851.2928481999552,843.5757056999719,,,,,,,,,,,,,,,,,,,,,,,,,,,,,,208,1,short,A,2026-07-13_10h18.39.155,SBL_superimposed_retrieval,,2026.1.3,119.73782213132802,2026-07-13 10h18.39.559582 -0400,
2,14,14,0,stimuli/scenes/scene_J1.jpg,Jungle,Malbow,stimuli/items/jungle_animal_16.png,Jungle,animal,sc,None,2,1,0.31023090006783605,None,3,1.5581824000691995,None,1,0,0.27879310003481805,None,1,0.3104491999838501,None,0,2,2,2,0,14,14,14,,,,,851.3146852999926,,,,,,,,,,,,,,,,,,,,,,,,,,,,,,,,,,,,,,,,,,,,851.3124628999503,851.3146852999926,855.3013345999643,None,858.6852869000286,859.676377799944,856.29356739996,856.3005085999612,856.3005085999612,856.3005085999612,0.007743199937976897,856.6264709000243,2,1,0.31023090006783605,None,859.9679746000329,859.9757958999835,860.468849399942,860.4592757000355,857.1186995999888,857.1254428999964,857.1254428999964,857.1254428999964,858.6852281000465,3,1.5581824000691995,None,859.6768122999929,859.6843484999845,859.6843484999845,859.6843484999845,859.6843484999845,859.9679119000211,1,0,0.27879310003481805,None,860.4619361000368,860.468849399942,860.468849399942,860.468849399942,860.7852204999654,1,0.3104491999838501,None,860.7852828999748,863.7761238999665,855.309184200014,,,,,,,,,,,,,,,,,,,,,,,,,,,,,,208,1,short,A,2026-07-13_10h18.39.155,SBL_superimposed_retrieval,,2026.1.3,119.73782213132802,2026-07-13 10h18.39.559582 -0400,
2,15,15,0,stimuli/scenes/scene_U2.jpg,Undersea,Negvi,stimuli/items/undersea_animal_11.png,Undersea,animal,sc,None,1,1,0.2674054999370128,None,3,0.673664000001736,None,2,1,1.0732072000391781,None,3,0.4726914999773726,None,0,2,2,2,0,15,15,15,,,,,863.7913897000253,,,,,,,,,,,,,,,,,,,,,,,,,,,,,,,,,,,,,,,,,,,,863.788856399944,863.7913897000253,867.776759600034,None,870.2436115000164,871.2348729999503,868.7688584000571,868.7760231000138,868.7760231000138,868.7760231000138,-0.0008107000030577183,869.0601505000377,1,1,0.2674054999370128,None,872.3183846999891,872.326142600039,872.8188066999428,872.8096193999518,869.5544354999438,869.561710500042,869.561710500042,869.561710500042,870.2435556000564,3,0.673664000001736,None,871.2396021999884,871.2427003999474,871.2427003999474,871.2427003999474,871.2427003999474,872.3183223999804,2,1,1.0732072000391781,None,872.8119831000222,872.8188066999428,872.8188066999428,872.8188066999428,873.293402899988,3,0.4726914999773726,None,873.2934594999533,876.2844979000511,867.7844118999783,,,,,,,,,,,,,,,,,,,,,,,,,,,,,,208,1,short,A,2026-07-13_10h18.39.155,SBL_superimposed_retrieval,,2026.1.3,119.73782213132802,2026-07-13 10h18.39.559582 -0400,
2,16,16,0,stimuli/scenes/scene_J2.jpg,Jungle,Tulon,stimuli/items/jungle_animal_14.png,Jungle,animal,sc,None,2,1,0.25453719997312874,None,3,0.7262012000428513,None,1,1,1.6194787999847904,None,3,0.2600877999793738,None,0,2,2,2,0,16,16,16,,,,,876.2980754999444,,,,,,,,,,,,,,,,,,,,,,,,,,,,,,,,,,,,,,,,,,,,876.2955187000334,876.2980754999444,880.2847799999872,None,882.7854947999585,883.7763126000063,881.2769279000349,881.284294800018,881.284294800018,881.284294800018,-0.0003981000045314431,881.5520999999717,2,1,0.25453719997312874,None,885.4105227000546,885.4181361000519,885.9110375000164,885.9017947999528,882.0460294999648,882.053135599941,882.053135599941,882.053135599941,882.7854370999848,3,0.7262012000428513,None,883.7806887000334,883.7842191000236,883.7842191000236,883.7842191000236,883.7842191000236,885.4104602000443,1,1,1.6194787999847904,None,885.9042051000288,885.9110375000164,885.9110375000164,885.9110375000164,886.1773731999565,3,0.2600877999793738,None,886.177429900039,889.1684021999827,880.2928584000329,,,,,,,,,,,,,,,,,,,,,,,,,,,,,,208,1,short,A,2026-07-13_10h18.39.155,SBL_superimposed_retrieval,,2026.1.3,119.73782213132802,2026-07-13 10h18.39.559582 -0400,
2,17,17,0,stimuli/scenes/scene_U1.jpg,Undersea,Somar,stimuli/items/undersea_animal_8.png,Undersea,animal,sc,None,1,1,0.30606339999940246,None,1,0.42532629997003824,None,2,0,1.4253800000296906,None,1,1.2750672000693157,None,0,2,2,2,0,17,17,17,,,,,889.1931038999464,,,,,,,,,,,,,,,,,,,,,,,,,,,,,,,,,,,,,,,,,,,,889.1906423999462,889.1931038999464,893.1765692000045,None,895.427257000003,896.4185199999483,894.1688457999844,894.1763015999459,894.1763015999459,894.1763015999459,0.007457099971361458,894.4938489999622,1,1,0.30606339999940246,None,897.8526965000201,897.8595683999592,898.3525732000126,898.3433389000129,894.9878872999689,894.9945069999667,894.9945069999667,894.9945069999667,895.4271958000027,1,0.42532629997003824,None,896.4227707999526,896.426484100055,896.426484100055,896.426484100055,896.426484100055,897.8526302999817,2,0,1.4253800000296906,None,898.345683200052,898.3525732000126,898.3525732000126,898.3525732000126,899.6358575000195,1,1.2750672000693157,None,899.6359157999977,902.6273679999867,893.1849808000261,,,,,,,,,,,,,,,,,,,,,,,,,,,,,,208,1,short,A,2026-07-13_10h18.39.155,SBL_superimposed_retrieval,,2026.1.3,119.73782213132802,2026-07-13 10h18.39.559582 -0400,
2,18,18,0,stimuli/scenes/scene_U2.jpg,Undersea,Negvi,stimuli/items/undersea_object_10.png,Undersea,object,sc,None,1,1,0.37534180004149675,None,3,0.6935076999943703,None,2,1,1.1685585000086576,None,3,0.2618573000654578,None,0,2,2,2,0,18,18,18,,,,,902.6553501000162,,,,,,,,,,,,,,,,,,,,,,,,,,,,,,,,,,,,,,,,,,,,902.6527974000201,902.6553501000162,906.6432484999532,None,909.2193453999935,910.2104548000498,907.6359555999516,907.6431417999556,907.6431417999556,907.6431417999556,8.410005830228329e-05,908.0187103999779,1,1,0.37534180004149675,None,911.3938058000058,911.4014945999952,911.8930585000198,911.8856410000008,908.5111126999836,908.5179300999735,908.5179300999735,908.5179300999735,909.2192892000312,3,0.6935076999943703,None,910.2108813000377,910.2183466999559,910.2183466999559,910.2183466999559,910.2183466999559,911.3937439000001,2,1,1.1685585000086576,None,911.8865422999952,911.8930585000198,911.8930585000198,911.8930585000198,912.1612000999739,3,0.2618573000654578,None,912.1612552000443,915.1521228000056,,,,,,,,,,,,,,,,,,,,,,,,,,,,,,,208,1,short,A,2026-07-13_10h18.39.155,SBL_superimposed_retrieval,,2026.1.3,119.73782213132802,2026-07-13 10h18.39.559582 -0400,
2,19,19,0,stimuli/scenes/scene_U1.jpg,Undersea,Somar,stimuli/items/undersea_animal_4.png,Undersea,animal,sc,None,1,1,0.5393902999348938,None,3,0.24959849996957928,None,1,1,1.063445399980992,None,3,0.183123099966906,None,0,2,2,2,0,19,19,19,,,,,915.1675248000538,,,,,,,,,,,,,,,,,,,,,,,,,,,,,,,,,,,,,,,,,,,,915.1646593000041,915.1675248000538,919.1523909999523,None,921.4525806000456,922.4437072000001,920.1442558000563,920.160241000005,920.160241000005,920.160241000005,-0.00086240004748106,920.7023206000449,1,1,0.5393902999348938,None,923.519290199969,923.5266402000561,924.0200312000234,924.0107235000469,921.1948202999774,921.2014803000493,921.2014803000493,921.2014803000493,921.4525181000354,3,0.24959849996957928,None,922.4441281999461,922.4517854000442,922.4517854000442,922.4517854000442,922.4517854000442,923.519227999961,1,1,1.063445399980992,None,924.0131599999731,924.0200312000234,924.0200312000234,924.0200312000234,924.2113152999664,3,0.183123099966906,None,924.2113716000458,927.2023368000519,919.1604581000283,,,,,,,,,,,,,,,,,,,,,,,,,,,,,,208,1,short,A,2026-07-13_10h18.39.155,SBL_superimposed_retrieval,,2026.1.3,119.73782213132802,2026-07-13 10h18.39.559582 -0400,
3,0,0,0,stimuli/scenes/scene_U2.jpg,Undersea,Negvi,stimuli/items/undersea_animal_3.png,Undersea,animal,sc,None,1,1,1.3005625000223517,None,1,1.1248049000278115,None,1,0,1.2241777000017464,None,2,0.2193641000194475,None,0,3,3,3,0,0,0,0,0,0,0,0,929.3608578999992,,,,,,,,,,,,,,,,,,,,,,,,,,,,,,,,,,,,,,,,,,929.3118015000364,929.3120199999539,929.35765609995,929.3608578999992,933.3190128999995,None,937.2446624999866,938.2358269999968,934.3112594999839,934.3189542000182,934.3189542000182,934.3189542000182,-0.0007457999745383859,935.6195799000561,1,1,1.3005625000223517,None,939.4695878999773,939.4773631000426,939.9683413000312,939.9606142999837,936.1115367000457,936.1183587999549,936.1183587999549,936.1183587999549,937.2446057000197,1,1.1248049000278115,None,938.236248799949,938.2436741000274,938.2436741000274,938.2436741000274,938.2436741000274,939.4695240999572,1,0,1.2241777000017464,None,939.9615527000278,939.9683413000312,939.9683413000312,939.9683413000312,940.1943911999697,2,0.2193641000194475,None,940.1944475000491,943.1858854000457,,,,,,,,,927.2048285000492,927.2050482999766,927.2052506000036,927.2103353999555,928.2019074000418,929.3108392000431,space,1.105867899954319,None,,,,,,,,,,,,,,208,1,short,A,2026-07-13_10h18.39.155,SBL_superimposed_retrieval,,2026.1.3,119.73782213132802,2026-07-13 10h18.39.559582 -0400,
3,1,1,0,stimuli/scenes/scene_J2.jpg,Jungle,Tulon,stimuli/items/jungle_animal_2.png,Jungle,animal,sc,None,2,1,0.5851191999390721,None,2,0.9006917000515386,None,1,1,2.433965599979274,None,3,0.8510861999820918,None,0,3,3,3,0,1,1,1,,,,,943.2020038999617,,,,,,,,,,,,,,,,,,,,,,,,,,,,,,,,,,,,,,,,,,,,943.1993756999727,943.2020038999617,947.1857577000046,None,950.1945833000354,951.1863815999823,948.1784416999435,948.1855708999792,948.1855708999792,948.1855708999792,-0.0003939000889658928,948.7861404999858,2,1,0.5851191999390721,None,953.6365962000564,953.6438204000005,954.1367768000346,954.1273049999727,949.2800697999774,949.286865000031,949.286865000031,949.286865000031,950.1945274999598,2,0.9006917000515386,None,951.1907083999831,951.193735399982,951.193735399982,951.193735399982,951.193735399982,953.6365348000545,1,1,2.433965599979274,None,954.1297535999911,954.1367768000346,954.1367768000346,954.1367768000346,954.9947305000387,3,0.8510861999820918,None,954.994787100004,957.9861960000126,947.1938496000366,,,,,,,,,,,,,,,,,,,,,,,,,,,,,,208,1,short,A,2026-07-13_10h18.39.155,SBL_superimposed_retrieval,,2026.1.3,119.73782213132802,2026-07-13 10h18.39.559582 -0400,
3,2,2,0,stimuli/scenes/scene_U2.jpg,Undersea,Negvi,stimuli/items/undersea_animal_17.png,Undersea,animal,sc,None,1,1,0.2650178999174386,None,3,0.34395989996846765,None,2,1,0.7249602000229061,None,3,0.2506155999144539,None,0,3,3,3,0,2,2,2,,,,,958.0006012000376,,,,,,,,,,,,,,,,,,,,,,,,,,,,,,,,,,,,,,,,,,,,957.9984691999853,958.0006012000376,961.9866701000137,None,964.1118262000382,965.1031295999419,962.9786086999811,962.9857814999996,962.9857814999996,962.9857814999996,-0.0005954999942332506,963.2617965999525,1,1,0.2650178999174386,None,965.836735400022,965.8441612999886,966.336955799954,966.327756499988,963.7561398999533,963.7629872000543,963.7629872000543,963.7629872000543,964.111772299977,3,0.34395989996846765,None,965.1075792999472,965.1108488000464,965.1108488000464,965.1108488000464,965.1108488000464,965.8366751000285,2,1,0.7249602000229061,None,966.3300623999676,966.336955799954,966.336955799954,966.336955799954,966.5952320999932,3,0.2506155999144539,None,966.5952863000566,969.5866342999507,961.9940344999777,,,,,,,,,,,,,,,,,,,,,,,,,,,,,,208,1,short,A,2026-07-13_10h18.39.155,SBL_superimposed_retrieval,,2026.1.3,119.73782213132802,2026-07-13 10h18.39.559582 -0400,
3,3,3,0,stimuli/scenes/scene_U2.jpg,Undersea,Negvi,stimuli/items/jungle_animal_3.png,Jungle,animal,si,None,2,0,0.873159300070256,None,1,0.24829030002001673,None,1,0,2.040390499983914,None,2,1.3373007000191137,None,0,3,3,3,0,3,3,3,,,,,969.6049182999413,,,,,,,,,,,,,,,,,,,,,,,,,,,,,,,,,,,,,,,,,,,,969.6022998000262,969.6049182999413,973.5947006000206,None,976.2207060999935,977.2116788000567,974.5869241999462,974.5944791999646,974.5944791999646,974.5944791999646,-0.0006451000226661563,975.46968129999,2,0,0.873159300070256,None,979.2617817999562,979.2695616000565,979.7625762999523,979.7528328000335,975.9642895000288,975.9712006000336,975.9712006000336,975.9712006000336,976.220649200026,1,0.24829030002001673,None,977.2121057000477,977.2193822000409,977.2193822000409,977.2193822000409,977.2193822000409,979.2617195999483,1,0,2.040390499983914,None,979.7554316000314,979.7625762999523,979.7625762999523,979.7625762999523,981.1036354999524,2,1.3373007000191137,None,981.103693800047,984.0950594999595,973.6025718000019,,,,,,,,,,,,,,,,,,,,,,,,,,,,,,208,1,short,A,2026-07-13_10h18.39.155,SBL_superimposed_retrieval,,2026.1.3,119.73782213132802,2026-07-13 10h18.39.559582 -0400,
3,4,4,0,stimuli/scenes/scene_U2.jpg,Undersea,Negvi,stimuli/items/jungle_object_11.png,Jungle,object,si,None,1,1,0.8596180999884382,None,3,1.8439849999267608,None,2,1,0.43558569997549057,None,3,0.21297079999931157,None,0,3,3,3,0,4,4,4,,,,,984.1299176999601,,,,,,,,,,,,,,,,,,,,,,,,,,,,,,,,,,,,,,,,,,,,984.1277209999971,984.1299176999601,988.1113205000293,None,992.3205879000016,993.3116280999966,989.1039724999573,989.1109965000069,989.1109965000069,989.1109965000069,0.0003233000170439482,989.9705157999415,1,1,0.8596180999884382,None,993.7618269999512,993.7696883999743,994.2624519000528,994.2534753000364,990.4642444000347,990.4710468000267,990.4710468000267,990.4710468000267,992.3205292000202,3,1.8439849999267608,None,993.3120379999746,993.3195492000086,993.3195492000086,993.3195492000086,993.3195492000086,993.7617686999729,2,1,0.43558569997549057,None,994.2558111000108,994.2624519000528,994.2624519000528,994.2624519000528,994.4786077999743,3,0.21297079999931157,None,994.4786605000263,997.4703670999734,,,,,,,,,,,,,,,,,,,,,,,,,,,,,,,208,1,short,A,2026-07-13_10h18.39.155,SBL_superimposed_retrieval,,2026.1.3,119.73782213132802,2026-07-13 10h18.39.559582 -0400,
3,5,5,0,stimuli/scenes/scene_J1.jpg,Jungle,Malbow,stimuli/items/jungle_object_17.png,Jungle,object,sc,None,2,1,0.3157573000062257,None,3,0.4824996000388637,None,2,1,0.5616246000863612,None,3,0.24479539995081723,None,0,3,3,3,0,5,5,5,,,,,997.4968351999996,,,,,,,,,,,,,,,,,,,,,,,,,,,,,,,,,,,,,,,,,,,,997.4946130999597,997.4968351999996,1001.4865609999979,None,1003.7960632999893,1004.7867017999524,1002.479257900035,1002.486330899992,1002.486330899992,1002.486330899992,0.0006400999845936894,1002.8039359999821,2,1,0.3157573000062257,None,1005.3621208999539,1005.3697531999787,1005.863074199995,1005.8533528000116,1003.2978347999742,1003.3046338999411,1003.3046338999411,1003.3046338999411,1003.7960087000392,3,0.4824996000388637,None,1004.791116300039,1004.7943080000114,1004.7943080000114,1004.7943080000114,1004.7943080000114,1005.3620614999672,2,1,0.5616246000863612,None,1005.8558444000082,1005.863074199995,1005.863074199995,1005.863074199995,1006.1120278999442,3,0.24479539995081723,None,1006.1120832000161,1009.1033578000497,,,,,,,,,,,,,,,,,,,,,,,,,,,,,,,208,1,short,A,2026-07-13_10h18.39.155,SBL_superimposed_retrieval,,2026.1.3,119.73782213132802,2026-07-13 10h18.39.559582 -0400,
3,6,6,0,stimuli/scenes/scene_U2.jpg,Undersea,Negvi,stimuli/items/jungle_animal_17.png,Jungle,animal,si,None,1,1,1.0993635000195354,None,2,0.8268575000111014,None,1,0,0.690664800000377,None,3,0.16932190000079572,None,0,3,3,3,0,6,6,6,,,,,1009.1161519000307,,,,,,,,,,,,,,,,,,,,,,,,,,,,,,,,,,,,,,,,,,,,1009.1140457999427,1009.1161519000307,1013.1036064999644,None,1016.546072899946,1017.5373488999903,1014.0962752000196,1014.1030275999801,1014.1030275999801,1014.1030275999801,-0.0004409999819472432,1015.2122715000296,1,1,1.0993635000195354,None,1018.2375568000134,1018.245052000042,1018.7376439999789,1018.7283335999819,1015.7060086999554,1015.7128817000194,1015.7128817000194,1015.7128817000194,1016.5460155999754,2,0.8268575000111014,None,1017.5416627000086,1017.5449492000043,1017.5449492000043,1017.5449492000043,1017.5449492000043,1018.2374921999872,1,0,0.690664800000377,None,1018.7307603999507,1018.7376439999789,1018.7376439999789,1018.7376439999789,1018.9124683999689,3,0.16932190000079572,None,1018.9125250000507,1021.9033902999945,1013.1116092000157,,,,,,,,,,,,,,,,,,,,,,,,,,,,,,208,1,short,A,2026-07-13_10h18.39.155,SBL_superimposed_retrieval,,2026.1.3,119.73782213132802,2026-07-13 10h18.39.559582 -0400,
3,7,7,0,stimuli/scenes/scene_U1.jpg,Undersea,Somar,stimuli/items/jungle_object_14.png,Jungle,object,si,None,1,1,0.2519658000674099,None,3,1.3177162000210956,None,1,1,0.5125019999686629,None,2,0.7273572999984026,None,0,3,3,3,0,7,7,7,,,,,1021.9266858999617,,,,,,,,,,,,,,,,,,,,,,,,,,,,,,,,,,,,,,,,,,,,1021.9244225999573,1021.9266858999617,1025.9124509999529,None,1028.9961748999776,1029.9873792999424,1026.9044117999729,1026.911626599962,1026.911626599962,1026.911626599962,-0.0008192000677809119,1027.170559899998,1,1,0.2519658000674099,None,1030.5126963000512,1030.5204369999701,1031.0116792999906,1031.003525899956,1027.6631935000187,1027.6699653000105,1027.6699653000105,1027.6699653000105,1028.9961159999948,3,1.3177162000210956,None,1029.9878222000552,1029.995046199998,1029.995046199998,1029.995046199998,1029.995046199998,1030.5126369999489,1,1,0.5125019999686629,None,1031.004426099942,1031.0116792999906,1031.0116792999906,1031.0116792999906,1031.745811700006,2,0.7273572999984026,None,1031.7458724000026,1034.736923199962,1025.9199508000165,,,,,,,,,,,,,,,,,,,,,,,,,,,,,,208,1,short,A,2026-07-13_10h18.39.155,SBL_superimposed_retrieval,,2026.1.3,119.73782213132802,2026-07-13 10h18.39.559582 -0400,
3,8,8,0,stimuli/scenes/scene_J2.jpg,Jungle,Tulon,stimuli/items/undersea_animal_6.png,Undersea,animal,si,None,2,1,0.2973809000104666,None,2,1.1770495999371633,None,2,0,0.6117325000232086,None,2,1.109064800082706,None,0,3,3,3,0,8,8,8,,,,,1034.7720376000507,,,,,,,,,,,,,,,,,,,,,,,,,,,,,,,,,,,,,,,,,,,,1034.7698365000542,1034.7720376000507,1038.7534434000263,None,1041.729337100056,1042.720406700042,1039.7459738999605,1039.7535386000527,1039.7535386000527,1039.7535386000527,0.00014690007083117962,1040.0456507999916,2,1,0.2973809000104666,None,1043.3463147999719,1043.3535479999846,1043.846774399979,1043.8374595999485,1040.539857900003,1040.5465918000555,1040.5465918000555,1040.5465918000555,1041.7292783999583,2,1.1770495999371633,None,1042.724641500041,1042.7281859000213,1042.7281859000213,1042.7281859000213,1042.7281859000213,1043.3462521999609,2,0,0.6117325000232086,None,1043.8399291000096,1043.846774399979,1043.846774399979,1043.846774399979,1044.9630538000492,2,1.109064800082706,None,1044.9631143000443,1047.9542383999797,,,,,,,,,,,,,,,,,,,,,,,,,,,,,,,208,1,short,A,2026-07-13_10h18.39.155,SBL_superimposed_retrieval,,2026.1.3,119.73782213132802,2026-07-13 10h18.39.559582 -0400,
3,9,9,0,stimuli/scenes/scene_J1.jpg,Jungle,Malbow,stimuli/items/jungle_object_5.png,Jungle,object,sc,None,2,1,0.7288031000643969,None,3,1.2722681000595912,None,1,0,1.7169070000527427,None,1,1.0831627999432385,None,0,3,3,3,0,9,9,9,,,,,1048.0240899999626,,,,,,,,,,,,,,,,,,,,,,,,,,,,,,,,,,,,,,,,,,,,1048.0206779999426,1048.0240899999626,1051.9703803999582,None,1055.4713805000065,1056.4624590999447,1052.9629476000555,1052.970664900029,1052.970664900029,1052.970664900029,-0.00012159999459981918,1053.696032500011,2,1,0.7288031000643969,None,1058.1880015999777,1058.1954762999667,1058.6886342000216,1058.678964599967,1054.1881671999581,1054.1952352999942,1054.1952352999942,1054.1952352999942,1055.4713218000252,3,1.2722681000595912,None,1056.4629035999533,1056.470296000014,1056.470296000014,1056.470296000014,1056.470296000014,1058.1879386999644,1,0,1.7169070000527427,None,1058.6814812000375,1058.6886342000216,1058.6886342000216,1058.6886342000216,1059.7795120000374,1,1.0831627999432385,None,1059.7795725000324,1062.7706510999706,,,,,,,,,,,,,,,,,,,,,,,,,,,,,,,208,1,short,A,2026-07-13_10h18.39.155,SBL_superimposed_retrieval,,2026.1.3,119.73782213132802,2026-07-13 10h18.39.559582 -0400,
3,10,10,0,stimuli/scenes/scene_U2.jpg,Undersea,Negvi,stimuli/items/undersea_object_13.png,Undersea,object,sc,None,1,1,0.31238770007621497,None,3,0.4695948999142274,None,2,1,1.23709950002376,None,3,0.24548359995242208,None,0,3,3,3,0,10,10,10,,,,,1062.7872379999608,,,,,,,,,,,,,,,,,,,,,,,,,,,,,,,,,,,,,,,,,,,,1062.7849331999896,1062.7872379999608,1066.770786399953,None,1069.0718816999579,1070.0625615000026,1067.76322730002,1067.7705469999928,1067.7705469999928,1067.7705469999928,-0.0007533000316470861,1068.096343699959,1,1,0.31238770007621497,None,1071.3132240000414,1071.3204846000299,1071.8138732999796,1071.8041040999815,1068.5904247999424,1068.5976160999853,1068.5976160999853,1068.5976160999853,1069.0718245999888,3,0.4695948999142274,None,1070.0671239000512,1070.0704887999455,1070.0704887999455,1070.0704887999455,1070.0704887999455,1071.3131615000311,2,1,1.23709950002376,None,1071.8064656000352,1071.8138732999796,1071.8138732999796,1071.8138732999796,1072.0631533999695,3,0.24548359995242208,None,1072.0632095000474,1075.0544831999578,1066.778750199941,,,,,,,,,,,,,,,,,,,,,,,,,,,,,,208,1,short,A,2026-07-13_10h18.39.155,SBL_superimposed_retrieval,,2026.1.3,119.73782213132802,2026-07-13 10h18.39.559582 -0400,
3,11,11,0,stimuli/scenes/scene_U1.jpg,Undersea,Somar,stimuli/items/jungle_animal_15.png,Jungle,animal,si,None,1,1,1.3248118000337854,None,1,0.411979699973017,None,2,0,1.9228803000878543,None,1,0.2658778000622988,None,0,3,3,3,0,11,11,11,,,,,1075.071508700028,,,,,,,,,,,,,,,,,,,,,,,,,,,,,,,,,,,,,,,,,,,,1075.06938120001,1075.071508700028,1079.054457499995,None,1082.3051456999965,1083.296544300043,1080.0470536999637,1080.054261000012,1080.054261000012,1080.054261000012,-0.0007108000572770834,1081.3884050999768,1,1,1.3248118000337854,None,1085.2299164000433,1085.2376052000327,1085.7293339000316,1085.7214325000532,1081.8808981999755,1081.887454199954,1081.887454199954,1081.887454199954,1082.3050895000342,1,0.411979699973017,None,1083.2969697000226,1083.304226599983,1083.304226599983,1083.304226599983,1083.304226599983,1085.2298546000384,2,0,1.9228803000878543,None,1085.7223464000272,1085.7293339000316,1085.7293339000316,1085.7293339000316,1085.9971228999784,1,0.2658778000622988,None,1085.9971808999544,1088.9877586000366,1079.062669100007,,,,,,,,,,,,,,,,,,,,,,,,,,,,,,208,1,short,A,2026-07-13_10h18.39.155,SBL_superimposed_retrieval,,2026.1.3,119.73782213132802,2026-07-13 10h18.39.559582 -0400,
3,12,12,0,stimuli/scenes/scene_U2.jpg,Undersea,Negvi,stimuli/items/undersea_object_2.png,Undersea,object,sc,None,2,0,0.3981659000273794,None,1,1.722081399988383,None,1,0,0.886152800056152,None,1,0.35665139998309314,None,0,3,3,3,0,12,12,12,,,,,1089.0260740000522,,,,,,,,,,,,,,,,,,,,,,,,,,,,,,,,,,,,,,,,,,,,1089.023827200057,1089.0260740000522,1093.0042864000425,None,1096.622084200033,1097.6130781000247,1093.9968116000528,1094.0042755999602,1094.0042755999602,1094.0042755999602,-0.00032130000181496143,1094.3967661999632,2,0,0.3981659000273794,None,1098.5137697999598,1098.5210651999805,1099.0144681000384,1099.0048892999766,1094.8903466999764,1094.8972363000503,1094.8972363000503,1094.8972363000503,1096.6220261000562,1,1.722081399988383,None,1097.6135044000112,1097.6208439000184,1097.6208439000184,1097.6208439000184,1097.6208439000184,1098.5137082999572,1,0,0.886152800056152,None,1099.0075578000396,1099.0144681000384,1099.0144681000384,1099.0144681000384,1099.3722252999432,1,0.35665139998309314,None,1099.3722808000166,1102.3631808999926,,,,,,,,,,,,,,,,,,,,,,,,,,,,,,,208,1,short,A,2026-07-13_10h18.39.155,SBL_superimposed_retrieval,,2026.1.3,119.73782213132802,2026-07-13 10h18.39.559582 -0400,
3,13,13,0,stimuli/scenes/scene_J2.jpg,Jungle,Tulon,stimuli/items/undersea_object_11.png,Undersea,object,si,None,2,1,0.3035684999777004,None,2,1.1764241000637412,None,2,0,1.2971455999650061,None,1,0.7101528999628499,None,0,3,3,3,0,13,13,13,,,,,1102.4044450999936,,,,,,,,,,,,,,,,,,,,,,,,,,,,,,,,,,,,,,,,,,,,1102.4021556000225,1102.4044450999936,1106.379817500012,None,1109.3640169999562,1110.3548747999594,1107.371987099992,1107.3796566999517,1107.3796566999517,1107.3796566999517,-0.00025020004250109196,1107.6802436000435,2,1,0.3035684999777004,None,1111.6639140000334,1111.6714561999543,1112.1649575999472,1112.155348100001,1108.1725607999833,1108.1793353999965,1108.1793353999965,1108.1793353999965,1109.3639588999795,2,1.1764241000637412,None,1110.3590404000133,1110.3626254999544,1110.3626254999544,1110.3626254999544,1110.3626254999544,1111.6638521000277,2,0,1.2971455999650061,None,1112.1579105999554,1112.1649575999472,1112.1649575999472,1112.1649575999472,1112.880409699981,1,0.7101528999628499,None,1112.8804680999601,1115.8714168999577,,,,,,,,,,,,,,,,,,,,,,,,,,,,,,,208,1,short,A,2026-07-13_10h18.39.155,SBL_superimposed_retrieval,,2026.1.3,119.73782213132802,2026-07-13 10h18.39.559582 -0400,
3,14,14,0,stimuli/scenes/scene_J2.jpg,Jungle,Tulon,stimuli/items/undersea_animal_20.png,Undersea,animal,si,None,2,1,0.9550808999920264,None,2,0.3617228999501094,None,2,0,1.9071011000778526,None,1,1.0667908999603242,None,0,3,3,3,0,14,14,14,,,,,1115.88817010005,,,,,,,,,,,,,,,,,,,,,,,,,,,,,,,,,,,,,,,,,,,,1115.8857124999631,1115.88817010005,1119.8716077000136,None,1122.7061551000224,1123.6967521000188,1120.8639708999544,1120.8712890000315,1120.8712890000315,1120.8712890000315,-0.00046770006883889437,1121.8387313999701,2,1,0.9550808999920264,None,1125.6135552000487,1125.621265499969,1126.1130360000534,1126.1054164000088,1122.3310280999867,1122.33781669999,1122.33781669999,1122.33781669999,1122.7061022999696,2,0.3617228999501094,None,1123.6971857999451,1123.704729399993,1123.704729399993,1123.704729399993,1123.704729399993,1125.6134911000263,2,0,1.9071011000778526,None,1126.106334400014,1126.1130360000534,1126.1130360000534,1126.1130360000534,1127.1810708000557,1,1.0667908999603242,None,1127.1811301000416,1130.1722957999445,1119.8796847000485,,,,,,,,,,,,,,,,,,,,,,,,,,,,,,208,1,short,A,2026-07-13_10h18.39.155,SBL_superimposed_retrieval,,2026.1.3,119.73782213132802,2026-07-13 10h18.39.559582 -0400,
3,15,15,0,stimuli/scenes/scene_J1.jpg,Jungle,Malbow,stimuli/items/jungle_animal_6.png,Jungle,animal,sc,None,2,1,0.4466157000279054,None,3,0.42517979990225285,None,2,1,0.44084539997857064,None,3,0.2353119000326842,None,0,3,3,3,0,15,15,15,,,,,1130.2293256999692,,,,,,,,,,,,,,,,,,,,,,,,,,,,,,,,,,,,,,,,,,,,1130.2271156000206,1130.2293256999692,1134.1883034999482,None,1136.5565175999654,1137.5474219999742,1135.1808733999496,1135.188238700037,1135.188238700037,1135.188238700037,-0.0002120999852195382,1135.6308508999646,2,1,0.4466157000279054,None,1137.997546599945,1138.0050294999965,1138.4965227999492,1138.4888248000061,1136.1234270000132,1136.1300866999663,1136.1300866999663,1136.1300866999663,1136.5564618000062,3,0.42517979990225285,None,1137.5478562000208,1137.555030300049,1137.555030300049,1137.555030300049,1137.555030300049,1137.9974858999485,2,1,0.44084539997857064,None,1138.4897364999633,1138.4965227999492,1138.4965227999492,1138.4965227999492,1138.7396020999877,3,0.2353119000326842,None,1138.7396576999454,1141.7303222999908,,,,,,,,,,,,,,,,,,,,,,,,,,,,,,,208,1,short,A,2026-07-13_10h18.39.155,SBL_superimposed_retrieval,,2026.1.3,119.73782213132802,2026-07-13 10h18.39.559582 -0400,
3,16,16,0,stimuli/scenes/scene_U2.jpg,Undersea,Negvi,stimuli/items/jungle_animal_10.png,Jungle,animal,si,None,2,0,0.9683458000654355,None,1,0.23055610002484173,None,1,0,2.0842995999846607,None,1,0.5800771999638528,None,0,3,3,3,0,16,16,16,,,,,1141.7941811999772,,,,,,,,,,,,,,,,,,,,,,,,,,,,,,,,,,,,,,,,,,,,1141.7907376999501,1141.7941811999772,1145.7473483999493,None,1148.4480345000047,1149.4387697000057,1146.7394440999487,1146.746807700023,1146.746807700023,1146.746807700023,-0.00016900000628083944,1147.713880599942,2,0,0.9683458000654355,None,1151.539163099951,1151.546807799954,1152.0398193999426,1152.0305474000052,1148.2066862999927,1148.2133595000487,1148.2133595000487,1148.2133595000487,1148.447980200057,1,0.23055610002484173,None,1149.4433153000427,1149.4466256999876,1149.4466256999876,1149.4466256999876,1149.4466256999876,1151.5390989000443,1,0,2.0842995999846607,None,1152.0330080999993,1152.0398193999426,1152.0398193999426,1152.0398193999426,1152.6225820999825,1,0.5800771999638528,None,1152.6226422999753,1155.6138612000505,,,,,,,,,,,,,,,,,,,,,,,,,,,,,,,208,1,short,A,2026-07-13_10h18.39.155,SBL_superimposed_retrieval,,2026.1.3,119.73782213132802,2026-07-13 10h18.39.559582 -0400,
3,17,17,0,stimuli/scenes/scene_U2.jpg,Undersea,Negvi,stimuli/items/jungle_animal_7.png,Jungle,animal,si,None,2,0,0.3014206000370905,None,1,0.18164500000420958,None,1,0,0.7735111999791116,None,1,0.20308649993967265,None,0,3,3,3,0,17,17,17,,,,,1155.6286827999866,,,,,,,,,,,,,,,,,,,,,,,,,,,,,,,,,,,,,,,,,,,,1155.6264690000098,1155.6286827999866,1159.6138549000025,None,1161.6147792000556,1162.6055427000392,1160.6064951999579,1160.6136396999937,1160.6136396999937,1160.6136396999937,-0.00044029997661709785,1160.931361499941,2,0,0.3014206000370905,None,1163.389358000015,1163.3971760000568,1163.8883721999591,1163.8805390000343,1161.4234005999751,1161.4300688999938,1161.4300688999938,1161.4300688999938,1161.6147273000097,1,0.18164500000420958,None,1162.6060038999422,1162.6138272000244,1162.6138272000244,1162.6138272000244,1162.6138272000244,1163.3892976000207,1,0,0.7735111999791116,None,1163.8814376000082,1163.8883721999591,1163.8883721999591,1163.8883721999591,1164.0983305999544,1,0.20308649993967265,None,1164.0983844000148,1167.0892790999496,1159.6221829999704,,,,,,,,,,,,,,,,,,,,,,,,,,,,,,208,1,short,A,2026-07-13_10h18.39.155,SBL_superimposed_retrieval,,2026.1.3,119.73782213132802,2026-07-13 10h18.39.559582 -0400,
3,18,18,0,stimuli/scenes/scene_J2.jpg,Jungle,Tulon,stimuli/items/jungle_object_16.png,Jungle,object,sc,None,2,1,0.2574824000475928,None,3,0.635965000023134,None,1,1,0.482426599948667,None,3,0.23335749993566424,None,0,3,3,3,0,18,18,18,,,,,1167.1119945000391,,,,,,,,,,,,,,,,,,,,,,,,,,,,,,,,,,,,,,,,,,,,1167.1094868000364,1167.1119945000391,1171.0975577000063,None,1173.5067760000238,1174.497801200021,1172.0895991999423,1172.097225000034,1172.097225000034,1172.097225000034,0.007332899956963956,1172.36489289999,2,1,0.2574824000475928,None,1174.9895821999526,1174.9972389000468,1175.4903584000422,1175.4808050999418,1172.8565506000305,1172.863533900003,1172.863533900003,1172.863533900003,1173.506718800054,3,0.635965000023134,None,1174.501991200028,1174.5053331999807,1174.5053331999807,1174.5053331999807,1174.5053331999807,1174.9895246999804,1,1,0.482426599948667,None,1175.48320040002,1175.4903584000422,1175.4903584000422,1175.4903584000422,1175.7314675999805,3,0.23335749993566424,None,1175.7315217000432,1178.7225146000274,1171.1056279999902,,,,,,,,,,,,,,,,,,,,,,,,,,,,,,208,1,short,A,2026-07-13_10h18.39.155,SBL_superimposed_retrieval,,2026.1.3,119.73782213132802,2026-07-13 10h18.39.559582 -0400,
3,19,19,0,stimuli/scenes/scene_U2.jpg,Undersea,Negvi,stimuli/items/undersea_animal_1.png,Undersea,animal,sc,None,1,1,0.23326789995189756,None,3,1.224994899937883,None,2,1,0.8181128998985514,None,3,0.33940389996860176,None,0,3,3,3,0,19,19,19,,,,,1178.7436420000158,,,,,,,,,,,,,,,,,,,,,,,,,,,,,,,,,,,,,,,,,,,,1178.741430599941,1178.7436420000158,1182.7311548000434,None,1185.6983365999768,1186.6892333000433,1183.7232896999922,1183.7304901999887,1183.7304901999887,1183.7304901999887,-0.0009444000897929072,1183.9648213000037,1,1,0.23326789995189756,None,1187.5232746000402,1187.5307532999432,1188.0240050000139,1188.0147419000277,1184.4593286999734,1184.4662823999533,1184.4662823999533,1184.4662823999533,1185.6982754999772,3,1.224994899937883,None,1186.693725900026,1186.6970541999908,1186.6970541999908,1186.6970541999908,1186.6970541999908,1187.523215400055,2,1,0.8181128998985514,None,1188.017111800029,1188.0240050000139,1188.0240050000139,1188.0240050000139,1188.365495200036,3,0.33940389996860176,None,1188.3655508999946,1191.356207099976,1182.738996500033,,,,,,,,,,,,,,,,,,,,,,,,,,,,,,208,1,short,A,2026-07-13_10h18.39.155,SBL_superimposed_retrieval,,2026.1.3,119.73782213132802,2026-07-13 10h18.39.559582 -0400,
,,,,,,,,,,,,,,,,,,,,,,,,,,,,,,,,,,,,,,,,,,,,,,,,,,,,,,,,,,,,,,,,,,,,,,,,,,,,,,,,,,,,,,,,,,,,,,,,,,,,,,,,,,,,,,,,,,,,,,,,,,,,,,,,,,,,,,,,,,1191.35877479997,1191.358990299981,,,,,,,,,,,1191.3598296999699,1191.3640337999677,1191.3640337999677,1193.964768899954,space,2.5998239000327885,None,,,,208,1,short,A,2026-07-13_10h18.39.155,SBL_superimposed_retrieval,,2026.1.3,119.73782213132802,2026-07-13 10h18.39.559582 -0400,
,,,,,,,,,,,,,,,,,,,,,,,,,,,,,,,,,,,,,,,,,,,,,,,,,,,,,,,,,,,,,,,,,,,,,,,,,,,,,,,,,,,,,,,,,,,,,,,,,,,,,,,,,,,,,,,,,,,,,,,,,,,,,,,,,,,,,,,,,,,,,,,,,,,,,,,,,,,,,1193.9705945999594,1193.9730286999838,1193.9730286999838,,,,,,,,,,,
